{"pos": [[0, 3], [7, 3], [0, 2], [7, 2], [0, 1], [7, 1], [0, 0], [7, 0], [1, 0], [7, 1], [1, 1], [6, 1], [1, 0], [6, 0], [1, 1], [6, 1], [1, 2], [6, 2], [1, 3], [6, 3], [1, 2], [6, 2], [1, 3], [6, 3], [1, 4], [6, 4], [1, 5], [6, 5], [1, 4], [6, 4], [1, 5], [6, 5], [1, 6], [6, 6], [1, 7], [5, 6], [1, 6], [6, 6], [0, 6], [7, 6], [0, 5], [7, 5], [0, 6], [6, 5], [0, 7], [6, 6], [1, 7], [6, 7], [2, 7], [6, 6], [3, 7], [6, 5], [3, 6], [6, 4], [2, 6], [6, 5], [3, 6], [6, 4], [2, 6], [6, 5], [2, 5], [6, 6], [2, 4], [5, 6], [2, 3], [4, 6], [2, 2], [4, 7], [2, 1], [4, 6], [2, 0], [5, 6], [3, 0], [5, 5], [4, 0], [5, 4], [5, 0], [5, 3], [6, 0], [5, 2]], "a_eggs_laid": [1, 1, 1, 1, 2, 2, 2, 2, 5, 5, 5, 5, 6, 6, 6, 6, 6, 6, 6, 6, 7, 7, 7, 7, 7, 7, 7, 7, 8, 8, 8, 8, 8, 8, 8, 8, 9, 9, 9, 9, 10, 10, 10, 10, 10, 10, 10, 10, 10, 10, 10, 10, 11, 11, 11, 11, 12, 12, 12, 12, 12, 12, 12, 12, 13, 13, 13, 13, 14, 14, 14, 14, 15, 15, 15, 15, 16, 16, 16, 16], "b_eggs_laid": [0, 1, 1, 1, 1, 2, 2, 2, 2, 5, 5, 5, 5, 6, 6, 6, 6, 6, 6, 6, 6, 7, 7, 7, 7, 7, 7, 7, 7, 8, 8, 8, 8, 8, 8, 8, 8, 9, 9, 9, 9, 10, 10, 10, 10, 10, 10, 10, 10, 11, 11, 11, 11, 11, 11, 11, 11, 11, 11, 11, 11, 11, 11, 11, 11, 11, 11, 11, 11, 12, 12, 12, 12, 12, 12, 12, 12, 13, 13, 13], "a_turds_left": [5, 5, 5, 5, 5, 5, 5, 5, 5, 5, 5, 5, 5, 5, 5, 5, 5, 5, 5, 5, 5, 5, 5, 5, 5, 5, 5, 5, 5, 5, 5, 5, 5, 5, 5, 5, 5, 5, 5, 5, 5, 5, 5, 5, 5, 5, 5, 5, 5, 5, 5, 5, 5, 5, 5, 5, 5, 5, 5, 5, 5, 5, 5, 5, 5, 5, 5, 5, 5, 5, 5, 5, 5, 5, 5, 5, 5, 5, 5, 5], "b_turds_left": [5, 5, 5, 5, 5, 5, 5, 5, 5, 5, 5, 5, 5, 5, 5, 5, 5, 5, 5, 5, 5, 5, 5, 5, 5, 5, 5, 5, 5, 5, 5, 5, 5, 5, 5, 5, 5, 5, 5, 5, 5, 5, 5, 5, 5, 5, 5, 5, 5, 5, 5, 5, 5, 5, 5, 5, 5, 5, 5, 5, 5, 5, 5, 5, 5, 5, 5, 5, 5, 5, 5, 5, 5, 5, 5, 5, 5, 5, 5, 5], "a_time_left": [359.9997673330072, 359.9997673330072, 359.9976235829963, 359.9976235829963, 359.99738375000015, 359.99738375000015, 359.99555650001275, 359.99555650001275, 359.99537458401755, 359.99537458401755, 359.9936481680197, 359.9936481680197, 359.993416627025, 359.993416627025, 359.9916893350164, 359.9916893350164, 359.9900851260172, 359.9900851260172, 359.9883841260307, 359.9883841260307, 359.98827333502413, 359.98827333502413, 359.9866255850211, 359.9866255850211, 359.9860120010271, 359.9860120010271, 359.9853982510249, 359.9853982510249, 359.9853259600204, 359.9853259600204, 359.98473112702777, 359.98473112702777, 359.98412812703464, 359.98412812703464, 359.98353016903275, 359.98353016903275, 359.9834547100327, 359.9834547100327, 359.9827868350403, 359.9827868350403, 359.982716543047, 359.982716543047, 359.98214891804673, 359.98214891804673, 359.9815811260487, 359.9815811260487, 359.9810149590485, 359.9810149590485, 359.98045804204594, 359.98045804204594, 359.9798916260479, 359.9798916260479, 359.97982050104474, 359.97982050104474, 359.9791455010418, 359.9791455010418, 359.97907879303966, 359.97907879303966, 359.9785403350397, 359.9785403350397, 359.9780135850451, 359.9780135850451, 359.97653221004293, 359.97653221004293, 359.97629225104174, 359.97629225104174, 359.97557579303975, 359.97557579303975, 359.9751960430294, 359.9751960430294, 359.9746261680266, 359.9746261680266, 359.97454308402666, 359.97454308402666, 359.9740195010236, 359.9740195010236, 359.9739490010252, 359.9739490010252, 359.97341416802374, 359.97341416802374], "b_time_left": [360, 359.9998190000042, 359.9998190000042, 359.9977837079932, 359.9977837079932, 359.9976321239956, 359.9976321239956, 359.9963265409897, 359.9963265409897, 359.9960650819994, 359.9960650819994, 359.9942968319956, 359.9942968319956, 359.993998416001, 359.993998416001, 359.99238283300656, 359.99238283300656, 359.9907411239983, 359.9907411239983, 359.98903670700383, 359.98903670700383, 359.98877408201224, 359.98877408201224, 359.9878179570078, 359.9878179570078, 359.987170916007, 359.987170916007, 359.9864985830063, 359.9864985830063, 359.98638904100517, 359.98638904100517, 359.9857900830102, 359.9857900830102, 359.98516854101035, 359.98516854101035, 359.98457829101244, 359.98457829101244, 359.98447641600796, 359.98447641600796, 359.9839051660092, 359.9839051660092, 359.98381137401157, 359.98381137401157, 359.9832707490132, 359.9832707490132, 359.98270316600974, 359.98270316600974, 359.9821556250099, 359.9821556250099, 359.98206020801445, 359.98206020801445, 359.98151137401874, 359.98151137401874, 359.9809924570145, 359.9809924570145, 359.98045254101453, 359.98045254101453, 359.979935957017, 359.979935957017, 359.9793623320147, 359.9793623320147, 359.97874687401054, 359.97874687401054, 359.97642849900876, 359.97642849900876, 359.9758352909994, 359.9758352909994, 359.9739910410135, 359.9739910410135, 359.97386608201487, 359.97386608201487, 359.9733262070222, 359.9733262070222, 359.9728927070246, 359.9728927070246, 359.9724124150234, 359.9724124150234, 359.97228316501423, 359.97228316501423, 359.9718127490196], "a_moves_left": [39, 39, 38, 38, 37, 37, 36, 36, 35, 35, 34, 34, 33, 33, 32, 32, 31, 31, 30, 30, 29, 29, 28, 28, 27, 27, 26, 26, 25, 25, 24, 24, 23, 23, 22, 22, 21, 21, 20, 20, 19, 19, 18, 18, 17, 17, 16, 16, 15, 15, 14, 14, 13, 13, 12, 12, 11, 11, 10, 10, 9, 9, 8, 8, 7, 7, 6, 6, 5, 5, 4, 4, 3, 3, 2, 2, 1, 1, 0, 0], "b_moves_left": [40, 39, 39, 38, 38, 37, 37, 36, 36, 35, 35, 34, 34, 33, 33, 32, 32, 31, 31, 30, 30, 29, 29, 28, 28, 27, 27, 26, 26, 25, 25, 24, 24, 23, 23, 22, 22, 21, 21, 20, 20, 19, 19, 18, 18, 17, 17, 16, 16, 15, 15, 14, 14, 13, 13, 12, 12, 11, 11, 10, 10, 9, 9, 8, 8, 7, 7, 6, 6, 5, 5, 4, 4, 3, 3, 2, 2, 1, 1, 0], "trapdoor_triggered": [0, 0, 0, 0, 0, 0, 0, 0, 0, 0, 0, 0, 0, 0, 0, 0, 0, 0, 0, 0, 0, 0, 0, 0, 0, 0, 0, 0, 0, 0, 0, 0, 0, 0, 0, 0, 0, 0, 0, 0, 0, 0, 0, 0, 0, 0, 0, 0, 0, 0, 0, 0, 0, 0, 0, 0, 0, 0, 0, 0, 0, 0, 0, 0, 0, 0, 0, 0, 0, 0, 0, 0, 0, 0, 0, 0, 0, 0, 0, 0], "left_behind": ["egg", "egg", "plain", "plain", "egg", "egg", "plain", "plain", "egg", "egg", "plain", "plain", "egg", "egg", "plain", "plain", "plain", "plain", "plain", "plain", "egg", "egg", "plain", "plain", "plain", "plain", "plain", "plain", "egg", "egg", "plain", "plain", "plain", "plain", "plain", "plain", "egg", "egg", "plain", "plain", "egg", "egg", "plain", "plain", "plain", "plain", "plain", "plain", "plain", "egg", "plain", "plain", "egg", "plain", "plain", "plain", "egg", "plain", "plain", "plain", "plain", "plain", "plain", "plain", "egg", "plain", "plain", "plain", "egg", "egg", "plain", "plain", "egg", "plain", "plain", "plain", "egg", "egg", "plain", "plain"], "errlog_a": "", "errlog_b": "", "start_time": 360, "start_moves": 40, "turn_count": 80, "result": 0, "reason": "EGGS_LAID", "trapdoors": [[4, 4], [4, 5]], "spawn_a": [0, 4], "spawn_b": [7, 4]}