{"pos": [[7, 4], [0, 4], [7, 5], [0, 3], [7, 6], [0, 2], [7, 7], [0, 1], [7, 6], [1, 1], [6, 6], [1, 0], [6, 5], [2, 0], [6, 6], [3, 0], [5, 6], [4, 0], [5, 7], [5, 0], [5, 6], [6, 0], [4, 6], [7, 0], [5, 6], [7, 1], [4, 6], [7, 2], [3, 6], [7, 1], [3, 7], [6, 1], [3, 6], [6, 2], [2, 6], [6, 3], [3, 6], [6, 2], [2, 6], [5, 2], [1, 6], [5, 1], [1, 7], [4, 1], [1, 6], [3, 1], [0, 6], [2, 1], [1, 6], [1, 1], [1, 5], [1, 2], [1, 4], [2, 2], [0, 4], [2, 3], [1, 4], [3, 3], [1, 5], [3, 2], [2, 5], [3, 3], [3, 5], [4, 3], [4, 5], [4, 4], [5, 5], [5, 4], [6, 5], [6, 4], [7, 5], [6, 5], [7, 4], [6, 4], [7, 3], [6, 3], [7, 4], [6, 2], [6, 4], [6, 1]], "a_eggs_laid": [1, 1, 1, 1, 1, 1, 1, 1, 4, 4, 4, 4, 5, 5, 5, 5, 5, 5, 5, 5, 6, 6, 6, 6, 7, 7, 7, 7, 7, 7, 7, 7, 8, 8, 8, 8, 9, 9, 9, 9, 9, 9, 9, 9, 10, 10, 10, 10, 11, 11, 11, 11, 12, 12, 12, 12, 13, 13, 13, 13, 13, 13, 13, 13, 14, 14, 14, 14, 15, 15, 15, 15, 15, 15, 15, 15, 16, 16, 16, 16], "b_eggs_laid": [0, 1, 1, 1, 1, 2, 2, 2, 2, 3, 3, 3, 3, 4, 4, 4, 4, 5, 5, 5, 5, 6, 6, 6, 6, 9, 9, 9, 9, 10, 10, 10, 10, 11, 11, 11, 11, 12, 12, 12, 12, 13, 13, 13, 13, 14, 14, 14, 14, 15, 15, 15, 15, 16, 16, 16, 16, 16, 16, 16, 16, 17, 17, 17, 17, 18, 18, 18, 18, 19, 19, 19, 19, 20, 20, 20, 20, 20, 20, 20], "a_turds_left": [5, 5, 5, 5, 5, 5, 5, 5, 5, 5, 5, 5, 5, 5, 5, 5, 5, 5, 5, 5, 5, 5, 5, 5, 5, 5, 5, 5, 5, 5, 5, 5, 5, 5, 5, 5, 5, 5, 5, 5, 5, 5, 5, 5, 5, 5, 5, 5, 5, 5, 5, 5, 5, 5, 5, 5, 5, 5, 5, 5, 5, 5, 5, 5, 5, 5, 5, 5, 5, 5, 5, 5, 5, 5, 5, 5, 5, 5, 5, 5], "b_turds_left": [5, 5, 5, 5, 5, 5, 5, 5, 5, 5, 5, 5, 5, 5, 5, 5, 5, 5, 5, 5, 5, 5, 5, 5, 5, 5, 5, 5, 5, 5, 5, 5, 5, 5, 5, 5, 5, 5, 5, 5, 5, 5, 5, 5, 5, 5, 5, 5, 5, 5, 5, 5, 5, 5, 5, 5, 5, 4, 4, 4, 4, 4, 4, 4, 4, 4, 4, 4, 4, 4, 4, 4, 4, 4, 4, 4, 4, 4, 4, 3], "a_time_left": [359.99973520901403, 359.99973520901403, 359.99893300101394, 359.99893300101394, 359.99716104302206, 359.99716104302206, 359.9953887100128, 359.9953887100128, 359.9952850850095, 359.9952850850095, 359.99454687701655, 359.99454687701655, 359.99440429401875, 359.99440429401875, 359.9937288350193, 359.9937288350193, 359.9931022520177, 359.9931022520177, 359.99246858501283, 359.99246858501283, 359.99237825202, 359.99237825202, 359.9917688360292, 359.9917688360292, 359.99168696101697, 359.99168696101697, 359.99103912801365, 359.99103912801365, 359.9904570450162, 359.9904570450162, 359.98983496101573, 359.98983496101573, 359.98975346100633, 359.98975346100633, 359.98918883601436, 359.98918883601436, 359.9891002520162, 359.9891002520162, 359.9885482100217, 359.9885482100217, 359.98802400201384, 359.98802400201384, 359.98748816901934, 359.98748816901934, 359.98741721101396, 359.98741721101396, 359.98690587801684, 359.98690587801684, 359.98684500301897, 359.98684500301897, 359.98633071102086, 359.98633071102086, 359.9862466690247, 359.9862466690247, 359.98577762802597, 359.98577762802597, 359.98572050302755, 359.98572050302755, 359.9853007120255, 359.9853007120255, 359.98490217003564, 359.98490217003564, 359.984474795041, 359.984474795041, 359.9843819620437, 359.9843819620437, 359.9839707120409, 359.9839707120409, 359.98390008704155, 359.98390008704155, 359.9835071290436, 359.9835071290436, 359.983130712033, 359.983130712033, 359.9827944620338, 359.9827944620338, 359.9827437540371, 359.9827437540371, 359.9824081290426, 359.9824081290426], "b_time_left": [360, 359.96045362499717, 359.96045362499717, 359.92672566599504, 359.92672566599504, 359.888585623994, 359.888585623994, 359.8733567899908, 359.8733567899908, 359.8489002069982, 359.8489002069982, 359.82138383199344, 359.82138383199344, 359.789117206994, 359.789117206994, 359.7795938739873, 359.7795938739873, 359.7376252909744, 359.7376252909744, 359.7225316659751, 359.7225316659751, 359.684203332974, 359.684203332974, 359.6649791249656, 359.6649791249656, 359.64225904096384, 359.64225904096384, 359.6324277909589, 359.6324277909589, 359.58928720696713, 359.58928720696713, 359.57590537396027, 359.57590537396027, 359.5211994579586, 359.5211994579586, 359.49419408295944, 359.49419408295944, 359.4411702079524, 359.4411702079524, 359.42871287395246, 359.42871287395246, 359.37916370795574, 359.37916370795574, 359.35977687494596, 359.35977687494596, 359.3203016669431, 359.3203016669431, 359.3054539589357, 359.3054539589357, 359.26364629293676, 359.26364629293676, 359.24343679293816, 359.24343679293816, 359.20756562692986, 359.20756562692986, 359.1975675019348, 359.1975675019348, 359.1680963769322, 359.1680963769322, 359.1477378359268, 359.1477378359268, 359.10261796093255, 359.10261796093255, 359.08094325293496, 359.08094325293496, 359.03769950293645, 359.03769950293645, 359.02184850294725, 359.02184850294725, 358.99863396194996, 358.99863396194996, 358.99265712893975, 358.99265712893975, 358.9907817539497, 358.9907817539497, 358.98844775394537, 358.98844775394537, 358.98567125394766, 358.98567125394766, 358.98506721295416], "a_moves_left": [39, 39, 38, 38, 37, 37, 36, 36, 35, 35, 34, 34, 33, 33, 32, 32, 31, 31, 30, 30, 29, 29, 28, 28, 27, 27, 26, 26, 25, 25, 24, 24, 23, 23, 22, 22, 21, 21, 20, 20, 19, 19, 18, 18, 17, 17, 16, 16, 15, 15, 14, 14, 13, 13, 12, 12, 11, 11, 10, 10, 9, 9, 8, 8, 7, 7, 6, 6, 5, 5, 4, 4, 3, 3, 2, 2, 1, 1, 0, 0], "b_moves_left": [40, 39, 39, 38, 38, 37, 37, 36, 36, 35, 35, 34, 34, 33, 33, 32, 32, 31, 31, 30, 30, 29, 29, 28, 28, 27, 27, 26, 26, 25, 25, 24, 24, 23, 23, 22, 22, 21, 21, 20, 20, 19, 19, 18, 18, 17, 17, 16, 16, 15, 15, 14, 14, 13, 13, 12, 12, 11, 11, 10, 10, 9, 9, 8, 8, 7, 7, 6, 6, 5, 5, 4, 4, 3, 3, 2, 2, 1, 1, 0], "trapdoor_triggered": [0, 0, 0, 0, 0, 0, 0, 0, 0, 0, 0, 0, 0, 0, 0, 0, 0, 0, 0, 0, 0, 0, 0, 0, 0, 0, 0, 0, 0, 0, 0, 0, 0, 0, 0, 0, 0, 0, 0, 0, 0, 0, 0, 0, 0, 0, 0, 0, 0, 0, 0, 0, 0, 0, 0, 0, 0, 0, 0, 0, 0, 0, 0, 0, 0, 0, 0, 0, 0, 0, 0, 0, 0, 0, 0, 0, 0, 0, 0, 0], "left_behind": ["egg", "egg", "plain", "plain", "plain", "egg", "plain", "plain", "egg", "egg", "plain", "plain", "egg", "egg", "plain", "plain", "plain", "egg", "plain", "plain", "egg", "egg", "plain", "plain", "egg", "egg", "plain", "plain", "plain", "egg", "plain", "plain", "egg", "egg", "plain", "plain", "egg", "egg", "plain", "plain", "plain", "egg", "plain", "plain", "egg", "egg", "plain", "plain", "egg", "egg", "plain", "plain", "egg", "egg", "plain", "plain", "egg", "turd", "plain", "plain", "plain", "egg", "plain", "plain", "egg", "egg", "plain", "plain", "egg", "egg", "plain", "plain", "plain", "egg", "plain", "plain", "egg", "plain", "plain", "turd"], "errlog_a": "", "errlog_b": "", "start_time": 360, "start_moves": 40, "turn_count": 80, "result": 1, "reason": "EGGS_LAID", "trapdoors": [[2, 4], [3, 4]], "spawn_a": [7, 5], "spawn_b": [0, 5]}