{"pos": [[0, 3], [7, 3], [0, 2], [7, 2], [0, 1], [7, 1], [0, 0], [7, 0], [1, 0], [7, 1], [1, 1], [6, 1], [1, 0], [6, 0], [1, 1], [6, 1], [1, 2], [6, 2], [1, 3], [6, 3], [1, 2], [6, 2], [1, 3], [6, 3], [1, 4], [6, 4], [1, 5], [6, 5], [1, 4], [6, 4], [1, 5], [6, 5], [1, 6], [6, 6], [1, 7], [5, 6], [1, 6], [6, 6], [0, 6], [7, 6], [0, 5], [7, 5], [0, 6], [6, 5], [0, 7], [6, 6], [1, 7], [6, 7], [2, 7], [6, 6], [3, 7], [6, 5], [3, 6], [6, 4], [3, 7], [6, 3], [4, 7], [6, 2], [5, 7], [6, 1], [4, 7], [5, 1], [4, 6], [5, 0], [4, 5], [6, 0], [4, 4], [5, 0], [4, 3], [4, 0], [4, 4], [3, 0], [4, 5], [4, 0], [3, 5], [3, 0], [4, 5], [2, 0], [3, 5], [1, 0]], "a_eggs_laid": [1, 1, 1, 1, 2, 2, 2, 2, 5, 5, 5, 5, 6, 6, 6, 6, 6, 6, 6, 6, 7, 7, 7, 7, 7, 7, 7, 7, 8, 8, 8, 8, 8, 8, 8, 8, 9, 9, 9, 9, 10, 10, 10, 10, 10, 10, 10, 10, 10, 10, 10, 10, 11, 11, 11, 11, 11, 11, 11, 11, 12, 12, 12, 12, 13, 13, 13, 13, 14, 14, 14, 14, 14, 14, 14, 14, 15, 15, 15, 15], "b_eggs_laid": [0, 1, 1, 1, 1, 2, 2, 2, 2, 5, 5, 5, 5, 6, 6, 6, 6, 6, 6, 6, 6, 7, 7, 7, 7, 7, 7, 7, 7, 8, 8, 8, 8, 8, 8, 8, 8, 9, 9, 9, 9, 10, 10, 10, 10, 10, 10, 10, 10, 11, 11, 11, 11, 11, 11, 11, 11, 11, 11, 11, 11, 11, 11, 11, 11, 12, 12, 12, 12, 12, 12, 12, 12, 13, 13, 13, 13, 13, 13, 13], "a_turds_left": [5, 5, 5, 5, 5, 5, 5, 5, 5, 5, 5, 5, 5, 5, 5, 5, 5, 5, 5, 5, 5, 5, 5, 5, 5, 5, 5, 5, 5, 5, 5, 5, 5, 5, 5, 5, 5, 5, 5, 5, 5, 5, 5, 5, 5, 5, 5, 5, 5, 5, 5, 5, 5, 5, 5, 5, 5, 5, 5, 5, 5, 5, 5, 5, 5, 5, 5, 5, 5, 5, 5, 5, 5, 5, 5, 5, 5, 5, 5, 5], "b_turds_left": [5, 5, 5, 5, 5, 5, 5, 5, 5, 5, 5, 5, 5, 5, 5, 5, 5, 5, 5, 5, 5, 5, 5, 5, 5, 5, 5, 5, 5, 5, 5, 5, 5, 5, 5, 5, 5, 5, 5, 5, 5, 5, 5, 5, 5, 5, 5, 5, 5, 5, 5, 5, 5, 5, 5, 5, 5, 5, 5, 5, 5, 5, 5, 5, 5, 5, 5, 5, 5, 5, 5, 5, 5, 5, 5, 5, 5, 5, 5, 5], "a_time_left": [359.9997051669925, 359.9997051669925, 359.99785858398536, 359.99785858398536, 359.9976514179871, 359.9976514179871, 359.9959098349791, 359.9959098349791, 359.99572820997855, 359.99572820997855, 359.9940239189891, 359.9940239189891, 359.9938196269941, 359.9938196269941, 359.9921995019977, 359.9921995019977, 359.9914960439928, 359.9914960439928, 359.99081241899694, 359.99081241899694, 359.99074008499156, 359.99074008499156, 359.9889451259951, 359.9889451259951, 359.98745383399364, 359.98745383399364, 359.98588324998855, 359.98588324998855, 359.9857869159896, 359.9857869159896, 359.98517829098273, 359.98517829098273, 359.98460858297767, 359.98460858297767, 359.9840256249736, 359.9840256249736, 359.9839551249752, 359.9839551249752, 359.98328812497493, 359.98328812497493, 359.983224666983, 359.983224666983, 359.9826759169955, 359.9826759169955, 359.9821396670013, 359.9821396670013, 359.98160050000297, 359.98160050000297, 359.98099904200353, 359.98099904200353, 359.9804653750034, 359.9804653750034, 359.98039020800206, 359.98039020800206, 359.9798239580123, 359.9798239580123, 359.97929854101676, 359.97929854101676, 359.97875304101035, 359.97875304101035, 359.9786944580119, 359.9786944580119, 359.9781204160099, 359.9781204160099, 359.9780582500098, 359.9780582500098, 359.9775399580103, 359.9775399580103, 359.97747475000506, 359.97747475000506, 359.97683495901583, 359.97683495901583, 359.9763214180275, 359.9763214180275, 359.97576550101803, 359.97576550101803, 359.9756995430216, 359.9756995430216, 359.97519766802725, 359.97519766802725], "b_time_left": [360, 359.99962825000694, 359.99962825000694, 359.9977246250055, 359.9977246250055, 359.9974573329964, 359.9974573329964, 359.9958419159957, 359.9958419159957, 359.99557191600616, 359.99557191600616, 359.9938252080028, 359.9938252080028, 359.99354154198954, 359.99354154198954, 359.9921048339893, 359.9921048339893, 359.9904769179848, 359.9904769179848, 359.9888253349927, 359.9888253349927, 359.9885699599836, 359.9885699599836, 359.9869881269842, 359.9869881269842, 359.9854467519908, 359.9854467519908, 359.98220237698115, 359.98220237698115, 359.98208237696963, 359.98208237696963, 359.98145916896465, 359.98145916896465, 359.98067091897246, 359.98067091897246, 359.9800598779693, 359.9800598779693, 359.97993983696506, 359.97993983696506, 359.97931608695944, 359.97931608695944, 359.97919921195717, 359.97919921195717, 359.97857412796293, 359.97857412796293, 359.9780297529651, 359.9780297529651, 359.97747471196635, 359.97747471196635, 359.9773839619593, 359.9773839619593, 359.97680975394906, 359.97680975394906, 359.9762652119389, 359.9762652119389, 359.9757187119394, 359.9757187119394, 359.9751669619436, 359.9751669619436, 359.9745660869521, 359.9745660869521, 359.9740507949464, 359.9740507949464, 359.9734765859466, 359.9734765859466, 359.97337129394873, 359.97337129394873, 359.9728673779464, 359.9728673779464, 359.9724070449447, 359.9724070449447, 359.97190587894875, 359.97190587894875, 359.97181208794063, 359.97181208794063, 359.9713012969296, 359.9713012969296, 359.97087917191675, 359.97087917191675, 359.970417380915], "a_moves_left": [39, 39, 38, 38, 37, 37, 36, 36, 35, 35, 34, 34, 33, 33, 32, 32, 31, 31, 30, 30, 29, 29, 28, 28, 27, 27, 26, 26, 25, 25, 24, 24, 23, 23, 22, 22, 21, 21, 20, 20, 19, 19, 18, 18, 17, 17, 16, 16, 15, 15, 14, 14, 13, 13, 12, 12, 11, 11, 10, 10, 9, 9, 8, 8, 7, 7, 6, 6, 5, 5, 4, 4, 3, 3, 2, 2, 1, 1, 0, 0], "b_moves_left": [40, 39, 39, 38, 38, 37, 37, 36, 36, 35, 35, 34, 34, 33, 33, 32, 32, 31, 31, 30, 30, 29, 29, 28, 28, 27, 27, 26, 26, 25, 25, 24, 24, 23, 23, 22, 22, 21, 21, 20, 20, 19, 19, 18, 18, 17, 17, 16, 16, 15, 15, 14, 14, 13, 13, 12, 12, 11, 11, 10, 10, 9, 9, 8, 8, 7, 7, 6, 6, 5, 5, 4, 4, 3, 3, 2, 2, 1, 1, 0], "trapdoor_triggered": [0, 0, 0, 0, 0, 0, 0, 0, 0, 0, 0, 0, 0, 0, 0, 0, 0, 0, 0, 0, 0, 0, 0, 0, 0, 0, 0, 0, 0, 0, 0, 0, 0, 0, 0, 0, 0, 0, 0, 0, 0, 0, 0, 0, 0, 0, 0, 0, 0, 0, 0, 0, 0, 0, 0, 0, 0, 0, 0, 0, 0, 0, 0, 0, 0, 0, 0, 0, 0, 0, 0, 0, 0, 0, 0, 0, 0, 0, 0, 0], "left_behind": ["egg", "egg", "plain", "plain", "egg", "egg", "plain", "plain", "egg", "egg", "plain", "plain", "egg", "egg", "plain", "plain", "plain", "plain", "plain", "plain", "egg", "egg", "plain", "plain", "plain", "plain", "plain", "plain", "egg", "egg", "plain", "plain", "plain", "plain", "plain", "plain", "egg", "egg", "plain", "plain", "egg", "egg", "plain", "plain", "plain", "plain", "plain", "plain", "plain", "egg", "plain", "plain", "egg", "plain", "plain", "plain", "plain", "plain", "plain", "plain", "egg", "plain", "plain", "plain", "egg", "egg", "plain", "plain", "egg", "plain", "plain", "plain", "plain", "egg", "plain", "plain", "egg", "plain", "plain", "plain"], "errlog_a": "", "errlog_b": "", "start_time": 360, "start_moves": 40, "turn_count": 80, "result": 0, "reason": "EGGS_LAID", "trapdoors": [[2, 2], [3, 4]], "spawn_a": [0, 4], "spawn_b": [7, 4]}