{"pos": [[0, 1], [7, 1], [0, 0], [7, 0], [1, 0], [7, 1], [1, 1], [6, 1], [1, 0], [6, 0], [1, 1], [6, 1], [1, 2], [6, 2], [1, 3], [6, 3], [1, 2], [6, 2], [1, 3], [6, 3], [1, 4], [6, 4], [1, 5], [6, 5], [1, 4], [6, 4], [1, 5], [6, 5], [1, 6], [6, 4], [1, 7], [7, 4], [1, 6], [7, 3], [1, 7], [6, 3], [2, 7], [6, 4], [3, 7], [6, 5], [3, 6], [6, 6], [3, 7], [5, 6], [4, 7], [6, 6], [5, 7], [5, 6], [6, 7], [4, 6], [7, 7], [3, 6], [7, 6], [3, 5], [7, 5], [2, 5], [7, 6], [2, 4], [6, 6], [1, 4], [7, 6], [2, 4], [6, 6], [1, 4], [6, 7], [0, 4], [5, 7], [0, 5], [4, 7], [0, 4], [3, 7], [0, 5], [2, 7], [0, 6], [1, 7], [0, 7], [1, 6], [0, 6], [1, 5], [1, 6]], "a_eggs_laid": [1, 1, 1, 1, 4, 4, 4, 4, 5, 5, 5, 5, 5, 5, 5, 5, 6, 6, 6, 6, 6, 6, 6, 6, 7, 7, 7, 7, 7, 7, 7, 7, 8, 8, 8, 8, 8, 8, 8, 8, 9, 9, 9, 9, 9, 9, 9, 9, 10, 10, 10, 10, 13, 13, 13, 13, 14, 14, 14, 14, 15, 15, 15, 15, 15, 15, 15, 15, 15, 15, 15, 15, 15, 15, 15, 15, 15, 15, 15, 15], "b_eggs_laid": [0, 1, 1, 1, 1, 4, 4, 4, 4, 5, 5, 5, 5, 5, 5, 5, 5, 6, 6, 6, 6, 6, 6, 6, 6, 7, 7, 7, 7, 7, 7, 7, 7, 8, 8, 8, 8, 8, 8, 8, 8, 8, 8, 8, 8, 9, 9, 9, 9, 9, 9, 9, 9, 10, 10, 10, 10, 11, 11, 11, 11, 12, 12, 12, 12, 12, 12, 12, 12, 13, 13, 13, 13, 13, 13, 13, 13, 16, 16, 16], "a_turds_left": [5, 5, 5, 5, 5, 5, 5, 5, 5, 5, 5, 5, 5, 5, 5, 5, 5, 5, 5, 5, 5, 5, 5, 5, 5, 5, 5, 5, 5, 5, 5, 5, 5, 5, 5, 5, 5, 5, 5, 5, 5, 5, 5, 5, 5, 5, 5, 5, 5, 5, 5, 5, 5, 5, 5, 5, 5, 5, 5, 5, 5, 5, 5, 5, 5, 5, 5, 5, 5, 5, 5, 5, 5, 5, 5, 5, 5, 5, 5, 5], "b_turds_left": [5, 5, 5, 5, 5, 5, 5, 5, 5, 5, 5, 5, 5, 5, 5, 5, 5, 5, 5, 5, 5, 5, 5, 5, 5, 5, 5, 5, 5, 5, 5, 5, 5, 5, 5, 5, 5, 5, 5, 5, 5, 5, 5, 5, 5, 5, 5, 5, 5, 5, 5, 5, 5, 5, 5, 5, 5, 5, 5, 5, 5, 5, 5, 5, 5, 5, 5, 5, 5, 5, 5, 5, 5, 5, 5, 5, 5, 5, 5, 5], "a_time_left": [359.99975383401033, 359.99975383401033, 359.9979521260102, 359.9979521260102, 359.9977961260156, 359.9977961260156, 359.9964964180108, 359.9964964180108, 359.99628246000793, 359.99628246000793, 359.9946332520194, 359.9946332520194, 359.99392500201066, 359.99392500201066, 359.9922519190004, 359.9922519190004, 359.99216200200317, 359.99216200200317, 359.99049908500456, 359.99049908500456, 359.98980525099614, 359.98980525099614, 359.9881572930026, 359.9881572930026, 359.98794779300806, 359.98794779300806, 359.98634762600705, 359.98634762600705, 359.9852863349952, 359.9852863349952, 359.98456983499636, 359.98456983499636, 359.98438050199184, 359.98438050199184, 359.98275945999194, 359.98275945999194, 359.98128837699187, 359.98128837699187, 359.9797786690033, 359.9797786690033, 359.97961575200316, 359.97961575200316, 359.9780634600029, 359.9780634600029, 359.97648545999255, 359.97648545999255, 359.9750104179984, 359.9750104179984, 359.97485370899085, 359.97485370899085, 359.974264916993, 359.974264916993, 359.97418779200234, 359.97418779200234, 359.9736269170098, 359.9736269170098, 359.9735676670098, 359.9735676670098, 359.9730379170069, 359.9730379170069, 359.972969459006, 359.972969459006, 359.97241187500185, 359.97241187500185, 359.9718897499988, 359.9718897499988, 359.9713647079916, 359.9713647079916, 359.97086287399, 359.97086287399, 359.97037508297944, 359.97037508297944, 359.96990133298095, 359.96990133298095, 359.96939866598404, 359.96939866598404, 359.96884020697325, 359.96884020697325, 359.96830087396665, 359.96830087396665], "b_time_left": [360, 359.99970012500125, 359.99970012500125, 359.99886354200135, 359.99886354200135, 359.99862595900777, 359.99862595900777, 359.9969877500116, 359.9969877500116, 359.9967341670126, 359.9967341670126, 359.9951095000142, 359.9951095000142, 359.99355970900797, 359.99355970900797, 359.9928557920066, 359.9928557920066, 359.9925635010004, 359.9925635010004, 359.9918760839937, 359.9918760839937, 359.9912249589979, 359.9912249589979, 359.98963058399386, 359.98963058399386, 359.9893715009821, 359.9893715009821, 359.9878304179729, 359.9878304179729, 359.9871647509717, 359.9871647509717, 359.9865007929766, 359.9865007929766, 359.98625579298823, 359.98625579298823, 359.98472733498784, 359.98472733498784, 359.98411241799477, 359.98411241799477, 359.98348054300004, 359.98348054300004, 359.9820656259981, 359.9820656259981, 359.9814394169953, 359.9814394169953, 359.9811808329978, 359.9811808329978, 359.9804091249971, 359.9804091249971, 359.9798278329981, 359.9798278329981, 359.9790551670012, 359.9790551670012, 359.9789529170084, 359.9789529170084, 359.97838775100536, 359.97838775100536, 359.97828037600266, 359.97828037600266, 359.97775516800175, 359.97775516800175, 359.9776652099972, 359.9776652099972, 359.97714670999267, 359.97714670999267, 359.97664841799997, 359.97664841799997, 359.9761020010046, 359.9761020010046, 359.9760153760144, 359.9760153760144, 359.97550862602657, 359.97550862602657, 359.9749719170213, 359.9749719170213, 359.97447508403275, 359.97447508403275, 359.97439383402525, 359.97439383402525, 359.97388287601643], "a_moves_left": [39, 39, 38, 38, 37, 37, 36, 36, 35, 35, 34, 34, 33, 33, 32, 32, 31, 31, 30, 30, 29, 29, 28, 28, 27, 27, 26, 26, 25, 25, 24, 24, 23, 23, 22, 22, 21, 21, 20, 20, 19, 19, 18, 18, 17, 17, 16, 16, 15, 15, 14, 14, 13, 13, 12, 12, 11, 11, 10, 10, 9, 9, 8, 8, 7, 7, 6, 6, 5, 5, 4, 4, 3, 3, 2, 2, 1, 1, 0, 0], "b_moves_left": [40, 39, 39, 38, 38, 37, 37, 36, 36, 35, 35, 34, 34, 33, 33, 32, 32, 31, 31, 30, 30, 29, 29, 28, 28, 27, 27, 26, 26, 25, 25, 24, 24, 23, 23, 22, 22, 21, 21, 20, 20, 19, 19, 18, 18, 17, 17, 16, 16, 15, 15, 14, 14, 13, 13, 12, 12, 11, 11, 10, 10, 9, 9, 8, 8, 7, 7, 6, 6, 5, 5, 4, 4, 3, 3, 2, 2, 1, 1, 0], "trapdoor_triggered": [0, 0, 0, 0, 0, 0, 0, 0, 0, 0, 0, 0, 0, 0, 0, 0, 0, 0, 0, 0, 0, 0, 0, 0, 0, 0, 0, 0, 0, 0, 0, 0, 0, 0, 0, 0, 0, 0, 0, 0, 0, 0, 0, 0, 0, 0, 0, 0, 0, 0, 0, 0, 0, 0, 0, 0, 0, 0, 0, 0, 0, 0, 0, 0, 0, 0, 0, 0, 0, 0, 0, 0, 0, 0, 0, 0, 0, 0, 0, 0], "left_behind": ["egg", "egg", "plain", "plain", "egg", "egg", "plain", "plain", "egg", "egg", "plain", "plain", "plain", "plain", "plain", "plain", "egg", "egg", "plain", "plain", "plain", "plain", "plain", "plain", "egg", "egg", "plain", "plain", "plain", "plain", "plain", "plain", "egg", "egg", "plain", "plain", "plain", "plain", "plain", "plain", "egg", "plain", "plain", "plain", "plain", "egg", "plain", "plain", "egg", "plain", "plain", "plain", "egg", "egg", "plain", "plain", "egg", "egg", "plain", "plain", "egg", "egg", "plain", "plain", "plain", "plain", "plain", "plain", "plain", "egg", "plain", "plain", "plain", "plain", "plain", "plain", "plain", "egg", "plain", "plain"], "errlog_a": "", "errlog_b": "", "start_time": 360, "start_moves": 40, "turn_count": 80, "result": 1, "reason": "EGGS_LAID", "trapdoors": [[4, 4], [5, 2]], "spawn_a": [0, 2], "spawn_b": [7, 2]}