{"pos": [[7, 2], [0, 2], [7, 3], [0, 3], [7, 4], [0, 4], [7, 5], [0, 5], [7, 4], [0, 4], [7, 5], [0, 5], [7, 6], [0, 6], [7, 7], [0, 7], [7, 6], [0, 6], [6, 6], [0, 5], [6, 5], [0, 4], [6, 4], [0, 3], [6, 3], [0, 2], [6, 2], [0, 1], [6, 1], [0, 0], [5, 1], [1, 0], [5, 0], [2, 0], [5, 1], [3, 0], [6, 1], [4, 0], [7, 1], [5, 0], [7, 0], [6, 0], [7, 1], [7, 0], [6, 1], [6, 0], [7, 1], [5, 0], [6, 1], [4, 0], [6, 0], [3, 0], [6, 1], [2, 0], [6, 2], [1, 0], [6, 1], [1, 1], [5, 1], [1, 2], [4, 1], [1, 1], [4, 0], [2, 1], [4, 1], [2, 0], [5, 1], [1, 0], [5, 2], [1, 1], [5, 3], [1, 2], [6, 3], [1, 3], [6, 4], [1, 4], [6, 5], [1, 3], [6, 6], [1, 4]], "a_eggs_laid": [1, 1, 1, 1, 1, 1, 1, 1, 2, 2, 2, 2, 2, 2, 2, 2, 5, 5, 5, 5, 6, 6, 6, 6, 7, 7, 7, 7, 8, 8, 8, 8, 9, 9, 9, 9, 9, 9, 9, 9, 10, 10, 10, 10, 10, 10, 10, 10, 10, 10, 10, 10, 11, 11, 11, 11, 11, 11, 11, 11, 11, 11, 11, 11, 12, 12, 12, 12, 12, 12, 12, 12, 13, 13, 13, 13, 13, 13, 13, 13], "b_eggs_laid": [0, 1, 1, 1, 1, 1, 1, 1, 1, 2, 2, 2, 2, 2, 2, 2, 2, 5, 5, 5, 5, 5, 5, 5, 5, 5, 5, 5, 5, 6, 6, 6, 6, 7, 7, 7, 7, 8, 8, 8, 8, 9, 9, 9, 9, 12, 12, 12, 12, 12, 12, 12, 12, 12, 12, 12, 12, 12, 12, 12, 12, 13, 13, 13, 13, 14, 14, 14, 14, 14, 14, 14, 14, 14, 14, 14, 14, 15, 15, 15], "a_turds_left": [5, 5, 5, 5, 5, 5, 5, 5, 5, 5, 5, 5, 5, 5, 5, 5, 5, 5, 5, 5, 5, 5, 5, 5, 5, 5, 5, 5, 5, 5, 5, 5, 5, 5, 5, 5, 5, 5, 5, 5, 5, 5, 5, 5, 5, 5, 5, 5, 5, 5, 5, 5, 5, 5, 5, 5, 5, 5, 5, 5, 5, 5, 5, 5, 5, 5, 5, 5, 5, 5, 5, 5, 5, 5, 5, 5, 5, 5, 5, 5], "b_turds_left": [5, 5, 5, 5, 5, 5, 5, 5, 5, 5, 5, 5, 5, 5, 5, 5, 5, 5, 5, 5, 5, 5, 5, 5, 5, 5, 5, 5, 5, 5, 5, 5, 5, 5, 5, 5, 5, 5, 5, 5, 5, 5, 5, 5, 5, 5, 5, 5, 5, 5, 5, 5, 5, 5, 5, 5, 5, 5, 5, 5, 5, 5, 5, 5, 5, 5, 5, 5, 5, 5, 5, 5, 5, 5, 5, 5, 5, 5, 5, 5], "a_time_left": [359.99986250000075, 359.99986250000075, 359.99805020799977, 359.99805020799977, 359.996354916002, 359.996354916002, 359.9956096250098, 359.9956096250098, 359.99540291700396, 359.99540291700396, 359.9935942500015, 359.9935942500015, 359.9918703340081, 359.9918703340081, 359.9901061670098, 359.9901061670098, 359.9900230420026, 359.9900230420026, 359.9883225010126, 359.9883225010126, 359.98810670900275, 359.98810670900275, 359.9863640840049, 359.9863640840049, 359.98616091800795, 359.98616091800795, 359.98435604300175, 359.98435604300175, 359.9841515849985, 359.9841515849985, 359.9824430440058, 359.9824430440058, 359.98235062800813, 359.98235062800813, 359.98172850300034, 359.98172850300034, 359.98112237799796, 359.98112237799796, 359.98050575300294, 359.98050575300294, 359.9804423780006, 359.9804423780006, 359.9798491279944, 359.9798491279944, 359.9792869619996, 359.9792869619996, 359.9786844619957, 359.9786844619957, 359.9780880460021, 359.9780880460021, 359.9774693369982, 359.9774693369982, 359.97740679500566, 359.97740679500566, 359.9768118369975, 359.9768118369975, 359.97623891998956, 359.97623891998956, 359.9755762119894, 359.9755762119894, 359.975007836998, 359.975007836998, 359.97441433698987, 359.97441433698987, 359.97435608699743, 359.97435608699743, 359.97370425399276, 359.97370425399276, 359.9731455040019, 359.9731455040019, 359.9725600870006, 359.9725600870006, 359.97248700400814, 359.97248700400814, 359.9718487120117, 359.9718487120117, 359.9713235030067, 359.9713235030067, 359.970788710998, 359.970788710998], "b_time_left": [360, 359.99984725000104, 359.99984725000104, 359.99908033400425, 359.99908033400425, 359.99835012499534, 359.99835012499534, 359.9836069169978, 359.9836069169978, 359.98331579199294, 359.98331579199294, 359.9815892089973, 359.9815892089973, 359.97991812598775, 359.97991812598775, 359.9780895429867, 359.9780895429867, 359.9778405849793, 359.9778405849793, 359.9761909599765, 359.9761909599765, 359.9747554179776, 359.9747554179776, 359.97312437598885, 359.97312437598885, 359.9715528339875, 359.9715528339875, 359.9701317919971, 359.9701317919971, 359.96989054199366, 359.96989054199366, 359.96926654198614, 359.96926654198614, 359.96915108399116, 359.96915108399116, 359.96857429199736, 359.96857429199736, 359.96846304199426, 359.96846304199426, 359.96788437599025, 359.96788437599025, 359.96779604298354, 359.96779604298354, 359.96707866797806, 359.96707866797806, 359.9669853769883, 359.9669853769883, 359.9664327939827, 359.9664327939827, 359.9658883359807, 359.9658883359807, 359.9653042939899, 359.9653042939899, 359.96468933498545, 359.96468933498545, 359.9641649189871, 359.9641649189871, 359.963607793994, 359.963607793994, 359.9630267939938, 359.9630267939938, 359.9629055859841, 359.9629055859841, 359.96232633598265, 359.96232633598265, 359.96220162697136, 359.96220162697136, 359.96166254396667, 359.96166254396667, 359.9611086269724, 359.9611086269724, 359.96054146096867, 359.96054146096867, 359.9599800029682, 359.9599800029682, 359.9594484609697, 359.9594484609697, 359.95933941997646, 359.95933941997646, 359.9587722119759], "a_moves_left": [39, 39, 38, 38, 37, 37, 36, 36, 35, 35, 34, 34, 33, 33, 32, 32, 31, 31, 30, 30, 29, 29, 28, 28, 27, 27, 26, 26, 25, 25, 24, 24, 23, 23, 22, 22, 21, 21, 20, 20, 19, 19, 18, 18, 17, 17, 16, 16, 15, 15, 14, 14, 13, 13, 12, 12, 11, 11, 10, 10, 9, 9, 8, 8, 7, 7, 6, 6, 5, 5, 4, 4, 3, 3, 2, 2, 1, 1, 0, 0], "b_moves_left": [40, 39, 39, 38, 38, 37, 37, 36, 36, 35, 35, 34, 34, 33, 33, 32, 32, 31, 31, 30, 30, 29, 29, 28, 28, 27, 27, 26, 26, 25, 25, 24, 24, 23, 23, 22, 22, 21, 21, 20, 20, 19, 19, 18, 18, 17, 17, 16, 16, 15, 15, 14, 14, 13, 13, 12, 12, 11, 11, 10, 10, 9, 9, 8, 8, 7, 7, 6, 6, 5, 5, 4, 4, 3, 3, 2, 2, 1, 1, 0], "trapdoor_triggered": [0, 0, 0, 0, 0, 0, 0, 0, 0, 0, 0, 0, 0, 0, 0, 0, 0, 0, 0, 0, 0, 0, 0, 0, 0, 0, 0, 0, 0, 0, 0, 0, 0, 0, 0, 0, 0, 0, 0, 0, 0, 0, 0, 0, 0, 0, 0, 0, 0, 0, 0, 0, 0, 0, 0, 0, 0, 0, 0, 0, 0, 0, 0, 0, 0, 0, 0, 0, 0, 0, 0, 0, 0, 0, 0, 0, 0, 0, 0, 0], "left_behind": ["egg", "egg", "plain", "plain", "plain", "plain", "plain", "plain", "egg", "egg", "plain", "plain", "plain", "plain", "plain", "plain", "egg", "egg", "plain", "plain", "egg", "plain", "plain", "plain", "egg", "plain", "plain", "plain", "egg", "egg", "plain", "plain", "egg", "egg", "plain", "plain", "plain", "egg", "plain", "plain", "egg", "egg", "plain", "plain", "plain", "egg", "plain", "plain", "plain", "plain", "plain", "plain", "egg", "plain", "plain", "plain", "plain", "plain", "plain", "plain", "plain", "egg", "plain", "plain", "egg", "egg", "plain", "plain", "plain", "plain", "plain", "plain", "egg", "plain", "plain", "plain", "plain", "egg", "plain", "plain"], "errlog_a": "", "errlog_b": "", "start_time": 360, "start_moves": 40, "turn_count": 80, "result": 1, "reason": "EGGS_LAID", "trapdoors": [[3, 3], [2, 5]], "spawn_a": [7, 3], "spawn_b": [0, 3]}