{"pos": [[7, 0], [0, 0], [7, 1], [0, 1], [7, 2], [0, 2], [7, 3], [0, 3], [7, 2], [0, 2], [7, 3], [0, 3], [7, 4], [0, 4], [7, 5], [0, 5], [7, 4], [0, 4], [7, 5], [0, 5], [7, 6], [0, 6], [7, 7], [0, 7], [7, 6], [0, 6], [6, 6], [0, 5], [6, 5], [0, 4], [6, 4], [0, 3], [6, 3], [0, 2], [6, 2], [0, 1], [6, 1], [0, 0], [5, 1], [1, 0], [5, 0], [2, 0], [6, 0], [3, 0], [7, 0], [4, 0], [6, 0], [5, 0], [6, 1], [4, 0], [6, 2], [3, 0], [6, 3], [2, 0], [6, 4], [1, 0], [6, 5], [1, 1], [5, 5], [1, 2], [6, 5], [1, 1], [5, 5], [2, 1], [5, 6], [2, 0], [5, 7], [1, 0], [5, 6], [1, 1], [4, 6], [1, 2], [5, 6], [1, 3], [4, 6], [1, 4], [3, 6], [1, 3], [3, 7], [2, 3]], "a_eggs_laid": [1, 1, 1, 1, 1, 1, 1, 1, 2, 2, 2, 2, 2, 2, 2, 2, 3, 3, 3, 3, 3, 3, 3, 3, 6, 6, 6, 6, 7, 7, 7, 7, 8, 8, 8, 8, 9, 9, 9, 9, 10, 10, 10, 10, 11, 11, 11, 11, 11, 11, 11, 11, 11, 11, 11, 11, 11, 11, 11, 11, 12, 12, 12, 12, 12, 12, 12, 12, 13, 13, 13, 13, 14, 14, 14, 14, 14, 14, 14, 14], "b_eggs_laid": [0, 1, 1, 1, 1, 1, 1, 1, 1, 2, 2, 2, 2, 2, 2, 2, 2, 3, 3, 3, 3, 3, 3, 3, 3, 6, 6, 6, 6, 6, 6, 6, 6, 6, 6, 6, 6, 6, 6, 6, 6, 7, 7, 7, 7, 8, 8, 8, 8, 9, 9, 9, 9, 9, 9, 9, 9, 9, 9, 9, 9, 10, 10, 10, 10, 11, 11, 11, 11, 11, 11, 11, 11, 11, 11, 11, 11, 12, 12, 12], "a_turds_left": [5, 5, 5, 5, 5, 5, 5, 5, 5, 5, 5, 5, 5, 5, 5, 5, 5, 5, 5, 5, 5, 5, 5, 5, 5, 5, 5, 5, 5, 5, 5, 5, 5, 5, 5, 5, 5, 5, 5, 5, 5, 5, 5, 5, 5, 5, 5, 5, 5, 5, 5, 5, 5, 5, 5, 5, 5, 5, 5, 5, 5, 5, 5, 5, 5, 5, 5, 5, 5, 5, 5, 5, 5, 5, 5, 5, 5, 5, 5, 5], "b_turds_left": [5, 5, 5, 5, 5, 5, 5, 5, 5, 5, 5, 5, 5, 5, 5, 5, 5, 5, 5, 5, 5, 5, 5, 5, 5, 5, 5, 5, 5, 5, 5, 5, 5, 5, 5, 5, 5, 5, 5, 5, 5, 5, 5, 5, 5, 5, 5, 5, 5, 5, 5, 5, 5, 5, 5, 5, 5, 5, 5, 5, 5, 5, 5, 5, 5, 5, 5, 5, 5, 5, 5, 5, 5, 5, 5, 5, 5, 5, 5, 5], "a_time_left": [359.9998628329922, 359.9998628329922, 359.99819612399733, 359.99819612399733, 359.9964759989962, 359.9964759989962, 359.9947264989896, 359.9947264989896, 359.9945186650002, 359.9945186650002, 359.99282337400655, 359.99282337400655, 359.99112745700404, 359.99112745700404, 359.9898479980038, 359.9898479980038, 359.98964945699845, 359.98964945699845, 359.98799399899144, 359.98799399899144, 359.9872444149951, 359.9872444149951, 359.98557737299416, 359.98557737299416, 359.98548937299347, 359.98548937299347, 359.9838517479948, 359.9838517479948, 359.9836416229955, 359.9836416229955, 359.98291658099333, 359.98291658099333, 359.98281624798256, 359.98281624798256, 359.98211562297365, 359.98211562297365, 359.982026372978, 359.982026372978, 359.98131599798216, 359.98131599798216, 359.98123678898264, 359.98123678898264, 359.9806237889861, 359.9806237889861, 359.9805589559837, 359.9805589559837, 359.9799671639921, 359.9799671639921, 359.9793730809906, 359.9793730809906, 359.9787016219925, 359.9787016219925, 359.9780765389878, 359.9780765389878, 359.9772331639979, 359.9772331639979, 359.97665683098603, 359.97665683098603, 359.9760524149897, 359.9760524149897, 359.97597020698595, 359.97597020698595, 359.9754016239749, 359.9754016239749, 359.97486062397365, 359.97486062397365, 359.9743254989735, 359.9743254989735, 359.9742592489638, 359.9742592489638, 359.97358174895635, 359.97358174895635, 359.9735073319607, 359.9735073319607, 359.9729693739646, 359.9729693739646, 359.9724437909608, 359.9724437909608, 359.97192929095763, 359.97192929095763], "b_time_left": [360, 359.9996681659977, 359.9996681659977, 359.9977550409967, 359.9977550409967, 359.9960472909879, 359.9960472909879, 359.9943278739811, 359.9943278739811, 359.99407724899356, 359.99407724899356, 359.99228374898667, 359.99228374898667, 359.9905515409773, 359.9905515409773, 359.9888432909647, 359.9888432909647, 359.9885956659564, 359.9885956659564, 359.98688970695366, 359.98688970695366, 359.98525687395886, 359.98525687395886, 359.98322370696405, 359.98322370696405, 359.9829721229762, 359.9829721229762, 359.9811744559702, 359.9811744559702, 359.9804919139715, 359.9804919139715, 359.97987208097766, 359.97987208097766, 359.9790636229736, 359.9790636229736, 359.9784594979719, 359.9784594979719, 359.97788645597757, 359.97788645597757, 359.97730749797483, 359.97730749797483, 359.977213747974, 359.977213747974, 359.9766350389691, 359.9766350389691, 359.9765382059704, 359.9765382059704, 359.97598370596825, 359.97598370596825, 359.9759002889623, 359.9759002889623, 359.9753162889683, 359.9753162889683, 359.97475941397715, 359.97475941397715, 359.97422620496945, 359.97422620496945, 359.9737049549731, 359.9737049549731, 359.97303974596434, 359.97303974596434, 359.9729402879748, 359.9729402879748, 359.9724054549879, 359.9724054549879, 359.9722876629967, 359.9722876629967, 359.97177537099924, 359.97177537099924, 359.97129549599777, 359.97129549599777, 359.97080049599754, 359.97080049599754, 359.9703347040049, 359.9703347040049, 359.969849496003, 359.969849496003, 359.969753538011, 359.969753538011, 359.96925399701286], "a_moves_left": [39, 39, 38, 38, 37, 37, 36, 36, 35, 35, 34, 34, 33, 33, 32, 32, 31, 31, 30, 30, 29, 29, 28, 28, 27, 27, 26, 26, 25, 25, 24, 24, 23, 23, 22, 22, 21, 21, 20, 20, 19, 19, 18, 18, 17, 17, 16, 16, 15, 15, 14, 14, 13, 13, 12, 12, 11, 11, 10, 10, 9, 9, 8, 8, 7, 7, 6, 6, 5, 5, 4, 4, 3, 3, 2, 2, 1, 1, 0, 0], "b_moves_left": [40, 39, 39, 38, 38, 37, 37, 36, 36, 35, 35, 34, 34, 33, 33, 32, 32, 31, 31, 30, 30, 29, 29, 28, 28, 27, 27, 26, 26, 25, 25, 24, 24, 23, 23, 22, 22, 21, 21, 20, 20, 19, 19, 18, 18, 17, 17, 16, 16, 15, 15, 14, 14, 13, 13, 12, 12, 11, 11, 10, 10, 9, 9, 8, 8, 7, 7, 6, 6, 5, 5, 4, 4, 3, 3, 2, 2, 1, 1, 0], "trapdoor_triggered": [0, 0, 0, 0, 0, 0, 0, 0, 0, 0, 0, 0, 0, 0, 0, 0, 0, 0, 0, 0, 0, 0, 0, 0, 0, 0, 0, 0, 0, 0, 0, 0, 0, 0, 0, 0, 0, 0, 0, 0, 0, 0, 0, 0, 0, 0, 0, 0, 0, 0, 0, 0, 0, 0, 0, 0, 0, 0, 0, 0, 0, 0, 0, 0, 0, 0, 0, 0, 0, 0, 0, 0, 0, 0, 0, 0, 0, 0, 0, 0], "left_behind": ["egg", "egg", "plain", "plain", "plain", "plain", "plain", "plain", "egg", "egg", "plain", "plain", "plain", "plain", "plain", "plain", "egg", "egg", "plain", "plain", "plain", "plain", "plain", "plain", "egg", "egg", "plain", "plain", "egg", "plain", "plain", "plain", "egg", "plain", "plain", "plain", "egg", "plain", "plain", "plain", "egg", "egg", "plain", "plain", "egg", "egg", "plain", "plain", "plain", "egg", "plain", "plain", "plain", "plain", "plain", "plain", "plain", "plain", "plain", "plain", "egg", "egg", "plain", "plain", "plain", "egg", "plain", "plain", "egg", "plain", "plain", "plain", "egg", "plain", "plain", "plain", "plain", "egg", "plain", "plain"], "errlog_a": "", "errlog_b": "", "start_time": 360, "start_moves": 40, "turn_count": 80, "result": 0, "reason": "EGGS_LAID", "trapdoors": [[4, 2], [3, 4]], "spawn_a": [7, 1], "spawn_b": [0, 1]}