{"pos": [[0, 3], [7, 3], [0, 2], [7, 2], [0, 1], [7, 1], [0, 0], [7, 0], [1, 0], [7, 1], [1, 1], [6, 1], [1, 0], [6, 0], [1, 1], [6, 1], [1, 2], [6, 2], [1, 3], [6, 3], [1, 2], [6, 2], [1, 3], [6, 3], [1, 4], [6, 4], [1, 5], [6, 5], [1, 4], [6, 4], [1, 5], [6, 5], [1, 6], [6, 6], [1, 7], [5, 6], [1, 6], [6, 6], [0, 6], [7, 6], [0, 5], [7, 5], [0, 6], [6, 5], [0, 7], [6, 6], [1, 7], [6, 7], [2, 7], [6, 6], [3, 7], [6, 5], [3, 6], [6, 4], [2, 6], [6, 5], [3, 6], [6, 4], [2, 6], [6, 5], [2, 5], [6, 6], [2, 4], [5, 6], [1, 4], [4, 6], [1, 3], [4, 7], [1, 2], [4, 6], [1, 1], [5, 6], [1, 0], [5, 5], [2, 0], [5, 4], [3, 0], [5, 3], [4, 0], [5, 2]], "a_eggs_laid": [1, 1, 1, 1, 2, 2, 2, 2, 5, 5, 5, 5, 6, 6, 6, 6, 6, 6, 6, 6, 7, 7, 7, 7, 7, 7, 7, 7, 8, 8, 8, 8, 8, 8, 8, 8, 9, 9, 9, 9, 10, 10, 10, 10, 10, 10, 10, 10, 10, 10, 10, 10, 11, 11, 11, 11, 12, 12, 12, 12, 12, 12, 12, 12, 13, 13, 13, 13, 13, 13, 13, 13, 13, 13, 13, 13, 14, 14, 14, 14], "b_eggs_laid": [0, 1, 1, 1, 1, 2, 2, 2, 2, 5, 5, 5, 5, 6, 6, 6, 6, 6, 6, 6, 6, 7, 7, 7, 7, 7, 7, 7, 7, 8, 8, 8, 8, 8, 8, 8, 8, 9, 9, 9, 9, 10, 10, 10, 10, 10, 10, 10, 10, 11, 11, 11, 11, 11, 11, 11, 11, 11, 11, 11, 11, 11, 11, 11, 11, 11, 11, 11, 11, 12, 12, 12, 12, 12, 12, 12, 12, 13, 13, 13], "a_turds_left": [5, 5, 5, 5, 5, 5, 5, 5, 5, 5, 5, 5, 5, 5, 5, 5, 5, 5, 5, 5, 5, 5, 5, 5, 5, 5, 5, 5, 5, 5, 5, 5, 5, 5, 5, 5, 5, 5, 5, 5, 5, 5, 5, 5, 5, 5, 5, 5, 5, 5, 5, 5, 5, 5, 5, 5, 5, 5, 5, 5, 5, 5, 5, 5, 5, 5, 5, 5, 5, 5, 5, 5, 5, 5, 5, 5, 5, 5, 5, 5], "b_turds_left": [5, 5, 5, 5, 5, 5, 5, 5, 5, 5, 5, 5, 5, 5, 5, 5, 5, 5, 5, 5, 5, 5, 5, 5, 5, 5, 5, 5, 5, 5, 5, 5, 5, 5, 5, 5, 5, 5, 5, 5, 5, 5, 5, 5, 5, 5, 5, 5, 5, 5, 5, 5, 5, 5, 5, 5, 5, 5, 5, 5, 5, 5, 5, 5, 5, 5, 5, 5, 5, 5, 5, 5, 5, 5, 5, 5, 5, 5, 5, 5], "a_time_left": [359.9998844579968, 359.9998844579968, 359.99911033299577, 359.99911033299577, 359.99902604198724, 359.99902604198724, 359.99734062497737, 359.99734062497737, 359.9971647919883, 359.9971647919883, 359.99550520899356, 359.99550520899356, 359.9954159589979, 359.9954159589979, 359.9937888340064, 359.9937888340064, 359.99225229200965, 359.99225229200965, 359.9915315420076, 359.9915315420076, 359.9913312090066, 359.9913312090066, 359.9897382509953, 359.9897382509953, 359.9880883349979, 359.9880883349979, 359.9874055850087, 359.9874055850087, 359.9872125020047, 359.9872125020047, 359.98564571099996, 359.98564571099996, 359.98503071100276, 359.98503071100276, 359.98441512699355, 359.98441512699355, 359.9843036689854, 359.9843036689854, 359.98366695998993, 359.98366695998993, 359.98360170998785, 359.98360170998785, 359.98305445998267, 359.98305445998267, 359.9825040009746, 359.9825040009746, 359.9819674589671, 359.9819674589671, 359.98144387495995, 359.98144387495995, 359.9808924159588, 359.9808924159588, 359.9808084569522, 359.9808084569522, 359.98025979095837, 359.98025979095837, 359.98017379095836, 359.98017379095836, 359.9795884569612, 359.9795884569612, 359.9790113739582, 359.9790113739582, 359.9783929159603, 359.9783929159603, 359.97830879096, 359.97830879096, 359.9775401249499, 359.9775401249499, 359.976955874954, 359.976955874954, 359.9763194579573, 359.9763194579573, 359.9757771659497, 359.9757771659497, 359.97522208195005, 359.97522208195005, 359.9751505409513, 359.9751505409513, 359.97463558295567, 359.97463558295567], "b_time_left": [360, 359.99985529101104, 359.99985529101104, 359.9991275820066, 359.9991275820066, 359.99886945700564, 359.99886945700564, 359.9971509570023, 359.9971509570023, 359.99691837400314, 359.99691837400314, 359.9951539150061, 359.9951539150061, 359.9949096650089, 359.9949096650089, 359.9939447900106, 359.9939447900106, 359.99232733101235, 359.99232733101235, 359.9907089560147, 359.9907089560147, 359.9904406230198, 359.9904406230198, 359.9887626230193, 359.9887626230193, 359.987148248023, 359.987148248023, 359.98558283202874, 359.98558283202874, 359.9853269150335, 359.9853269150335, 359.9837621230254, 359.9837621230254, 359.9831837070233, 359.9831837070233, 359.98256320702785, 359.98256320702785, 359.9824583730224, 359.9824583730224, 359.9818959150143, 359.9818959150143, 359.98179649900703, 359.98179649900703, 359.98122724900895, 359.98122724900895, 359.9806919160037, 359.9806919160037, 359.9801242079993, 359.9801242079993, 359.97999549900123, 359.97999549900123, 359.97943391499575, 359.97943391499575, 359.97889591498824, 359.97889591498824, 359.97832683198794, 359.97832683198794, 359.97771133198694, 359.97771133198694, 359.97709995698824, 359.97709995698824, 359.9765259150008, 359.9765259150008, 359.9759244559973, 359.9759244559973, 359.9753963309922, 359.9753963309922, 359.9748389559827, 359.9748389559827, 359.97469874698436, 359.97469874698436, 359.9741510809836, 359.9741510809836, 359.9735957059893, 359.9735957059893, 359.9730489139911, 359.9730489139911, 359.972941747983, 359.972941747983, 359.9723779569904], "a_moves_left": [39, 39, 38, 38, 37, 37, 36, 36, 35, 35, 34, 34, 33, 33, 32, 32, 31, 31, 30, 30, 29, 29, 28, 28, 27, 27, 26, 26, 25, 25, 24, 24, 23, 23, 22, 22, 21, 21, 20, 20, 19, 19, 18, 18, 17, 17, 16, 16, 15, 15, 14, 14, 13, 13, 12, 12, 11, 11, 10, 10, 9, 9, 8, 8, 7, 7, 6, 6, 5, 5, 4, 4, 3, 3, 2, 2, 1, 1, 0, 0], "b_moves_left": [40, 39, 39, 38, 38, 37, 37, 36, 36, 35, 35, 34, 34, 33, 33, 32, 32, 31, 31, 30, 30, 29, 29, 28, 28, 27, 27, 26, 26, 25, 25, 24, 24, 23, 23, 22, 22, 21, 21, 20, 20, 19, 19, 18, 18, 17, 17, 16, 16, 15, 15, 14, 14, 13, 13, 12, 12, 11, 11, 10, 10, 9, 9, 8, 8, 7, 7, 6, 6, 5, 5, 4, 4, 3, 3, 2, 2, 1, 1, 0], "trapdoor_triggered": [0, 0, 0, 0, 0, 0, 0, 0, 0, 0, 0, 0, 0, 0, 0, 0, 0, 0, 0, 0, 0, 0, 0, 0, 0, 0, 0, 0, 0, 0, 0, 0, 0, 0, 0, 0, 0, 0, 0, 0, 0, 0, 0, 0, 0, 0, 0, 0, 0, 0, 0, 0, 0, 0, 0, 0, 0, 0, 0, 0, 0, 0, 0, 0, 0, 0, 0, 0, 0, 0, 0, 0, 0, 0, 0, 0, 0, 0, 0, 0], "left_behind": ["egg", "egg", "plain", "plain", "egg", "egg", "plain", "plain", "egg", "egg", "plain", "plain", "egg", "egg", "plain", "plain", "plain", "plain", "plain", "plain", "egg", "egg", "plain", "plain", "plain", "plain", "plain", "plain", "egg", "egg", "plain", "plain", "plain", "plain", "plain", "plain", "egg", "egg", "plain", "plain", "egg", "egg", "plain", "plain", "plain", "plain", "plain", "plain", "plain", "egg", "plain", "plain", "egg", "plain", "plain", "plain", "egg", "plain", "plain", "plain", "plain", "plain", "plain", "plain", "egg", "plain", "plain", "plain", "plain", "egg", "plain", "plain", "plain", "plain", "plain", "plain", "egg", "egg", "plain", "plain"], "errlog_a": "", "errlog_b": "", "start_time": 360, "start_moves": 40, "turn_count": 80, "result": 0, "reason": "EGGS_LAID", "trapdoors": [[4, 4], [4, 3]], "spawn_a": [0, 4], "spawn_b": [7, 4]}