{"pos": [[0, 3], [7, 3], [0, 2], [7, 2], [0, 1], [7, 1], [0, 0], [7, 0], [1, 0], [7, 1], [1, 1], [6, 1], [1, 0], [6, 0], [1, 1], [6, 1], [1, 2], [6, 2], [1, 3], [6, 3], [1, 2], [6, 2], [1, 3], [6, 3], [1, 4], [6, 4], [1, 5], [6, 5], [1, 4], [6, 4], [1, 5], [6, 5], [1, 6], [6, 6], [1, 7], [5, 6], [1, 6], [6, 6], [0, 6], [7, 6], [0, 5], [7, 5], [0, 6], [6, 5], [0, 7], [6, 6], [1, 7], [6, 7], [2, 7], [6, 6], [3, 7], [6, 5], [3, 6], [6, 4], [3, 7], [6, 3], [4, 7], [6, 2], [5, 7], [6, 1], [4, 7], [5, 1], [3, 7], [5, 0], [2, 7], [6, 0], [1, 7], [5, 0], [1, 6], [4, 0], [2, 6], [3, 0], [2, 5], [4, 0], [2, 4], [4, 1], [3, 4], [4, 0], [3, 5], [4, 1]], "a_eggs_laid": [1, 1, 1, 1, 2, 2, 2, 2, 5, 5, 5, 5, 6, 6, 6, 6, 6, 6, 6, 6, 7, 7, 7, 7, 7, 7, 7, 7, 8, 8, 8, 8, 8, 8, 8, 8, 9, 9, 9, 9, 10, 10, 10, 10, 10, 10, 10, 10, 10, 10, 10, 10, 11, 11, 11, 11, 11, 11, 11, 11, 12, 12, 12, 12, 12, 12, 12, 12, 12, 12, 12, 12, 13, 13, 13, 13, 14, 14, 14, 14], "b_eggs_laid": [0, 1, 1, 1, 1, 2, 2, 2, 2, 5, 5, 5, 5, 6, 6, 6, 6, 6, 6, 6, 6, 7, 7, 7, 7, 7, 7, 7, 7, 8, 8, 8, 8, 8, 8, 8, 8, 9, 9, 9, 9, 10, 10, 10, 10, 10, 10, 10, 10, 11, 11, 11, 11, 11, 11, 11, 11, 11, 11, 11, 11, 11, 11, 11, 11, 12, 12, 12, 12, 12, 12, 12, 12, 13, 13, 13, 13, 14, 14, 14], "a_turds_left": [5, 5, 5, 5, 5, 5, 5, 5, 5, 5, 5, 5, 5, 5, 5, 5, 5, 5, 5, 5, 5, 5, 5, 5, 5, 5, 5, 5, 5, 5, 5, 5, 5, 5, 5, 5, 5, 5, 5, 5, 5, 5, 5, 5, 5, 5, 5, 5, 5, 5, 5, 5, 5, 5, 5, 5, 5, 5, 5, 5, 5, 5, 5, 5, 5, 5, 5, 5, 5, 5, 5, 5, 5, 5, 5, 5, 5, 5, 5, 5], "b_turds_left": [5, 5, 5, 5, 5, 5, 5, 5, 5, 5, 5, 5, 5, 5, 5, 5, 5, 5, 5, 5, 5, 5, 5, 5, 5, 5, 5, 5, 5, 5, 5, 5, 5, 5, 5, 5, 5, 5, 5, 5, 5, 5, 5, 5, 5, 5, 5, 5, 5, 5, 5, 5, 5, 5, 5, 5, 5, 5, 5, 5, 5, 5, 5, 5, 5, 5, 5, 5, 5, 5, 5, 5, 5, 5, 5, 5, 5, 5, 5, 5], "a_time_left": [359.9997392499936, 359.9997392499936, 359.99867108299804, 359.99867108299804, 359.99847212500754, 359.99847212500754, 359.9967377920111, 359.9967377920111, 359.9966531670216, 359.9966531670216, 359.99499658402056, 359.99499658402056, 359.994789459015, 359.994789459015, 359.9931486260175, 359.9931486260175, 359.9915677930112, 359.9915677930112, 359.9899667520076, 359.9899667520076, 359.9897595020011, 359.9897595020011, 359.9881676690129, 359.9881676690129, 359.9865732110193, 359.9865732110193, 359.985920836014, 359.985920836014, 359.98584858600225, 359.98584858600225, 359.985214794011, 359.985214794011, 359.98463021100906, 359.98463021100906, 359.9838482949999, 359.9838482949999, 359.9837874619989, 359.9837874619989, 359.9832017539884, 359.9832017539884, 359.98313475398754, 359.98313475398754, 359.9825794629869, 359.9825794629869, 359.9820526299882, 359.9820526299882, 359.981504129988, 359.981504129988, 359.98093354699085, 359.98093354699085, 359.9803270059929, 359.9803270059929, 359.98026059000404, 359.98026059000404, 359.97972571500577, 359.97972571500577, 359.97920250600146, 359.97920250600146, 359.9786740060081, 359.9786740060081, 359.97862521400384, 359.97862521400384, 359.97804838100274, 359.97804838100274, 359.97753321399796, 359.97753321399796, 359.9769552969956, 359.9769552969956, 359.9764642139926, 359.9764642139926, 359.97592096398876, 359.97592096398876, 359.97584888098936, 359.97584888098936, 359.9753299649892, 359.9753299649892, 359.97526204798487, 359.97526204798487, 359.9747649639903, 359.9747649639903], "b_time_left": [360, 359.9997015830013, 359.9997015830013, 359.9979371250083, 359.9979371250083, 359.99768658301036, 359.99768658301036, 359.99693525000475, 359.99693525000475, 359.99682899999607, 359.99682899999607, 359.9951588749973, 359.9951588749973, 359.99488545799977, 359.99488545799977, 359.99320704099955, 359.99320704099955, 359.9924961659999, 359.9924961659999, 359.99023162398953, 359.99023162398953, 359.99011883199273, 359.99011883199273, 359.9894422489888, 359.9894422489888, 359.98879333199875, 359.98879333199875, 359.98815062400536, 359.98815062400536, 359.9880297490017, 359.9880297490017, 359.9874289989966, 359.9874289989966, 359.9868296659988, 359.9868296659988, 359.9862337069935, 359.9862337069935, 359.9861333729932, 359.9861333729932, 359.9855588729988, 359.9855588729988, 359.9854582900007, 359.9854582900007, 359.9848959570081, 359.9848959570081, 359.98427916600485, 359.98427916600485, 359.9837281660002, 359.9837281660002, 359.98363933300425, 359.98363933300425, 359.9830673329998, 359.9830673329998, 359.9825394159998, 359.9825394159998, 359.981981541001, 359.981981541001, 359.981438791001, 359.981438791001, 359.980893208005, 359.980893208005, 359.9803256250161, 359.9803256250161, 359.9797704170196, 359.9797704170196, 359.97966145801183, 359.97966145801183, 359.97913525001786, 359.97913525001786, 359.9786128750129, 359.9786128750129, 359.978075875013, 359.978075875013, 359.97798133300967, 359.97798133300967, 359.9774892080022, 359.9774892080022, 359.9773932500102, 359.9773932500102, 359.9769318339968], "a_moves_left": [39, 39, 38, 38, 37, 37, 36, 36, 35, 35, 34, 34, 33, 33, 32, 32, 31, 31, 30, 30, 29, 29, 28, 28, 27, 27, 26, 26, 25, 25, 24, 24, 23, 23, 22, 22, 21, 21, 20, 20, 19, 19, 18, 18, 17, 17, 16, 16, 15, 15, 14, 14, 13, 13, 12, 12, 11, 11, 10, 10, 9, 9, 8, 8, 7, 7, 6, 6, 5, 5, 4, 4, 3, 3, 2, 2, 1, 1, 0, 0], "b_moves_left": [40, 39, 39, 38, 38, 37, 37, 36, 36, 35, 35, 34, 34, 33, 33, 32, 32, 31, 31, 30, 30, 29, 29, 28, 28, 27, 27, 26, 26, 25, 25, 24, 24, 23, 23, 22, 22, 21, 21, 20, 20, 19, 19, 18, 18, 17, 17, 16, 16, 15, 15, 14, 14, 13, 13, 12, 12, 11, 11, 10, 10, 9, 9, 8, 8, 7, 7, 6, 6, 5, 5, 4, 4, 3, 3, 2, 2, 1, 1, 0], "trapdoor_triggered": [0, 0, 0, 0, 0, 0, 0, 0, 0, 0, 0, 0, 0, 0, 0, 0, 0, 0, 0, 0, 0, 0, 0, 0, 0, 0, 0, 0, 0, 0, 0, 0, 0, 0, 0, 0, 0, 0, 0, 0, 0, 0, 0, 0, 0, 0, 0, 0, 0, 0, 0, 0, 0, 0, 0, 0, 0, 0, 0, 0, 0, 0, 0, 0, 0, 0, 0, 0, 0, 0, 0, 0, 0, 0, 0, 0, 0, 0, 0, 0], "left_behind": ["egg", "egg", "plain", "plain", "egg", "egg", "plain", "plain", "egg", "egg", "plain", "plain", "egg", "egg", "plain", "plain", "plain", "plain", "plain", "plain", "egg", "egg", "plain", "plain", "plain", "plain", "plain", "plain", "egg", "egg", "plain", "plain", "plain", "plain", "plain", "plain", "egg", "egg", "plain", "plain", "egg", "egg", "plain", "plain", "plain", "plain", "plain", "plain", "plain", "egg", "plain", "plain", "egg", "plain", "plain", "plain", "plain", "plain", "plain", "plain", "egg", "plain", "plain", "plain", "plain", "egg", "plain", "plain", "plain", "plain", "plain", "plain", "egg", "egg", "plain", "plain", "egg", "egg", "plain", "plain"], "errlog_a": "", "errlog_b": "", "start_time": 360, "start_moves": 40, "turn_count": 80, "result": 2, "reason": "EGGS_LAID", "trapdoors": [[5, 3], [3, 2]], "spawn_a": [0, 4], "spawn_b": [7, 4]}