{"pos": [[7, 2], [0, 2], [7, 3], [0, 1], [7, 4], [1, 1], [7, 5], [2, 1], [7, 4], [3, 1], [7, 5], [4, 1], [7, 6], [5, 1], [7, 7], [6, 1], [7, 6], [6, 2], [6, 6], [7, 2], [6, 5], [6, 2], [6, 6], [6, 3], [5, 6], [6, 2], [5, 7], [5, 2], [5, 6], [0, 3], [4, 6], [0, 2], [5, 6], [1, 2], [4, 6], [1, 3], [3, 6], [1, 4], [3, 7], [1, 5], [3, 6], [2, 5], [2, 6], [2, 4], [3, 6], [3, 4], [2, 6], [3, 3], [1, 6], [3, 2], [1, 7], [3, 3], [1, 6], [2, 3], [0, 6], [3, 3], [0, 5], [4, 3], [0, 4], [5, 3], [0, 5], [5, 4], [1, 5], [6, 4], [1, 6], [7, 4], [2, 6], [6, 4], [3, 6], [6, 5], [3, 5], [6, 4], [3, 6], [6, 3], [4, 6], [6, 2], [5, 6], [6, 1], [5, 5], [6, 0]], "a_eggs_laid": [1, 1, 1, 1, 1, 1, 1, 1, 2, 2, 2, 2, 2, 2, 2, 2, 5, 5, 5, 5, 6, 6, 6, 6, 6, 6, 6, 6, 7, 7, 11, 11, 12, 12, 12, 12, 12, 12, 12, 12, 13, 13, 13, 13, 14, 14, 14, 14, 14, 14, 14, 14, 15, 15, 15, 15, 16, 16, 16, 16, 17, 17, 17, 17, 18, 18, 18, 18, 18, 18, 18, 18, 19, 19, 19, 19, 19, 19, 19, 19], "b_eggs_laid": [0, 1, 1, 1, 1, 2, 2, 2, 2, 3, 3, 3, 3, 4, 4, 4, 4, 5, 5, 5, 5, 6, 6, 6, 6, 7, 7, 7, 7, 8, 8, 8, 8, 8, 8, 9, 9, 9, 9, 10, 10, 10, 10, 11, 11, 11, 11, 12, 12, 12, 12, 13, 13, 13, 13, 14, 14, 14, 14, 15, 15, 15, 15, 16, 16, 16, 16, 17, 17, 17, 17, 18, 18, 18, 18, 18, 18, 18, 18, 18], "a_turds_left": [5, 5, 5, 5, 5, 5, 5, 5, 5, 5, 5, 5, 5, 5, 5, 5, 5, 5, 5, 5, 5, 5, 5, 5, 5, 5, 5, 5, 5, 5, 5, 5, 5, 5, 5, 5, 5, 5, 5, 5, 5, 5, 5, 5, 5, 5, 5, 5, 5, 5, 5, 5, 5, 5, 5, 5, 5, 5, 5, 5, 5, 5, 5, 5, 5, 5, 5, 5, 5, 5, 5, 5, 5, 5, 5, 5, 5, 5, 5, 5], "b_turds_left": [5, 5, 5, 4, 4, 4, 4, 3, 3, 3, 3, 2, 2, 2, 2, 1, 1, 1, 1, 1, 1, 1, 1, 1, 1, 1, 1, 1, 1, 1, 1, 1, 1, 1, 1, 1, 1, 1, 1, 1, 1, 1, 1, 1, 1, 1, 1, 1, 1, 1, 1, 1, 1, 1, 1, 1, 1, 1, 1, 1, 1, 1, 1, 1, 1, 1, 1, 1, 1, 1, 1, 1, 1, 1, 1, 1, 1, 0, 0, 0], "a_time_left": [359.9998723329918, 359.9998723329918, 359.99794420797843, 359.99794420797843, 359.99622016598005, 359.99622016598005, 359.99443562398665, 359.99443562398665, 359.9943271660013, 359.9943271660013, 359.9936714580108, 359.9936714580108, 359.993104083027, 359.993104083027, 359.99251854102476, 359.99251854102476, 359.9924514160375, 359.9924514160375, 359.9919159570418, 359.9919159570418, 359.99182016504346, 359.99182016504346, 359.99131466503604, 359.99131466503604, 359.99083270604024, 359.99083270604024, 359.99035574804293, 359.99035574804293, 359.99028612303664, 359.99028612303664, 359.9897097480425, 359.9897097480425, 359.98958016504184, 359.98958016504184, 359.9890226230491, 359.9890226230491, 359.9885462070524, 359.9885462070524, 359.98802412406076, 359.98802412406076, 359.9879400820646, 359.9879400820646, 359.98747808203916, 359.98747808203916, 359.98740324904793, 359.98740324904793, 359.9869374570553, 359.9869374570553, 359.98653095704503, 359.98653095704503, 359.98611720706685, 359.98611720706685, 359.9860502910742, 359.9860502910742, 359.98564095809706, 359.98564095809706, 359.9855741240899, 359.9855741240899, 359.98517158208415, 359.98517158208415, 359.98511066506035, 359.98511066506035, 359.9845538310474, 359.9845538310474, 359.9844449980301, 359.9844449980301, 359.9840630820545, 359.9840630820545, 359.98375054006465, 359.98375054006465, 359.9834147070651, 359.9834147070651, 359.98334958206397, 359.98334958206397, 359.98304095704225, 359.98304095704225, 359.9827571240312, 359.9827571240312, 359.9824592070363, 359.9824592070363], "b_time_left": [360, 359.9270082079747, 359.9270082079747, 359.9090462079912, 359.9090462079912, 359.8754600829852, 359.8754600829852, 359.84798870797385, 359.84798870797385, 359.8158582909964, 359.8158582909964, 359.79985541600036, 359.79985541600036, 359.7650404580054, 359.7650404580054, 359.7490162080212, 359.7490162080212, 359.71916779101593, 359.71916779101593, 359.69516366603784, 359.69516366603784, 359.67659549904056, 359.67659549904056, 359.6649824990309, 359.6649824990309, 359.6291374990542, 359.6291374990542, 359.61219383304706, 359.61219383304706, 359.57587849904667, 359.57587849904667, 359.56291087402496, 359.56291087402496, 359.55399720702553, 359.55399720702553, 359.53261345700594, 359.53261345700594, 359.5105524150131, 359.5105524150131, 359.47861024801387, 359.47861024801387, 359.4602765820164, 359.4602765820164, 359.4405495400133, 359.4405495400133, 359.4232765820052, 359.4232765820052, 359.4050597900059, 359.4050597900059, 359.3814692480082, 359.3814692480082, 359.35936366501846, 359.35936366501846, 359.337698124029, 359.337698124029, 359.305442374025, 359.305442374025, 359.2899882910133, 359.2899882910133, 359.28026737400796, 359.28026737400796, 359.2653994570137, 359.2653994570137, 359.2427232490154, 359.2427232490154, 359.2265296660189, 359.2265296660189, 359.2219670410268, 359.2219670410268, 359.20746812503785, 359.20746812503785, 359.1968290420482, 359.1968290420482, 359.18187604207196, 359.18187604207196, 359.17694020905765, 359.17694020905765, 359.1652383340406, 359.1652383340406, 359.16486812604126], "a_moves_left": [39, 39, 38, 38, 37, 37, 36, 36, 35, 35, 34, 34, 33, 33, 32, 32, 31, 31, 30, 30, 29, 29, 28, 28, 27, 27, 26, 26, 25, 25, 24, 24, 23, 23, 22, 22, 21, 21, 20, 20, 19, 19, 18, 18, 17, 17, 16, 16, 15, 15, 14, 14, 13, 13, 12, 12, 11, 11, 10, 10, 9, 9, 8, 8, 7, 7, 6, 6, 5, 5, 4, 4, 3, 3, 2, 2, 1, 1, 0, 0], "b_moves_left": [40, 39, 39, 38, 38, 37, 37, 36, 36, 35, 35, 34, 34, 33, 33, 32, 32, 31, 31, 30, 30, 29, 29, 28, 28, 27, 27, 26, 26, 25, 25, 24, 24, 23, 23, 22, 22, 21, 21, 20, 20, 19, 19, 18, 18, 17, 17, 16, 16, 15, 15, 14, 14, 13, 13, 12, 12, 11, 11, 10, 10, 9, 9, 8, 8, 7, 7, 6, 6, 5, 5, 4, 4, 3, 3, 2, 2, 1, 1, 0], "trapdoor_triggered": [0, 0, 0, 0, 0, 0, 0, 0, 0, 0, 0, 0, 0, 0, 0, 0, 0, 0, 0, 0, 0, 0, 0, 0, 0, 0, 0, 0, 0, 1, 0, 0, 0, 0, 0, 0, 0, 0, 0, 0, 0, 0, 0, 0, 0, 0, 0, 0, 0, 0, 0, 0, 0, 0, 0, 0, 0, 0, 0, 0, 0, 0, 0, 0, 0, 0, 0, 0, 0, 0, 0, 0, 0, 0, 0, 0, 0, 0, 0, 0], "left_behind": ["egg", "egg", "plain", "turd", "plain", "egg", "plain", "turd", "egg", "egg", "plain", "turd", "plain", "egg", "plain", "turd", "egg", "egg", "plain", "plain", "egg", "egg", "plain", "plain", "plain", "egg", "plain", "plain", "egg", "egg", "plain", "plain", "egg", "plain", "plain", "egg", "plain", "plain", "plain", "egg", "egg", "plain", "plain", "egg", "egg", "plain", "plain", "egg", "plain", "plain", "plain", "egg", "egg", "plain", "plain", "egg", "egg", "plain", "plain", "egg", "egg", "plain", "plain", "egg", "egg", "plain", "plain", "egg", "plain", "plain", "plain", "egg", "egg", "plain", "plain", "plain", "plain", "turd", "plain", "plain"], "errlog_a": "", "errlog_b": "", "start_time": 360, "start_moves": 40, "turn_count": 80, "result": 0, "reason": "EGGS_LAID", "trapdoors": [[4, 2], [4, 5]], "spawn_a": [7, 3], "spawn_b": [0, 3]}