{"pos": [[7, 4], [0, 4], [7, 5], [0, 3], [7, 6], [0, 2], [7, 7], [0, 1], [7, 6], [1, 1], [6, 6], [2, 1], [6, 5], [3, 1], [6, 6], [4, 1], [5, 6], [5, 1], [5, 7], [5, 0], [5, 6], [6, 0], [4, 6], [7, 0], [5, 6], [7, 1], [4, 6], [7, 2], [3, 6], [7, 1], [3, 7], [6, 1], [3, 6], [6, 2], [2, 6], [6, 3], [2, 5], [6, 2], [1, 5], [5, 2], [2, 5], [0, 5], [1, 5], [0, 4], [1, 6], [1, 4], [1, 7], [1, 3], [1, 6], [1, 2], [0, 6], [2, 2], [1, 6], [2, 3], [1, 5], [2, 2], [2, 5], [3, 2], [3, 5], [3, 3], [3, 4], [4, 3], [4, 4], [5, 3], [5, 4], [6, 3], [5, 5], [7, 3], [5, 4], [7, 4], [4, 4], [7, 3], [3, 4], [7, 2], [2, 4], [7, 1], [3, 4], [7, 0], [4, 4], [7, 1]], "a_eggs_laid": [1, 1, 1, 1, 1, 1, 1, 1, 4, 4, 4, 4, 5, 5, 5, 5, 5, 5, 5, 5, 6, 6, 6, 6, 7, 7, 7, 7, 7, 7, 7, 7, 8, 8, 8, 8, 9, 9, 9, 9, 10, 10, 14, 14, 14, 14, 14, 14, 15, 15, 15, 15, 16, 16, 16, 16, 16, 16, 16, 16, 17, 17, 17, 17, 18, 18, 18, 18, 19, 19, 19, 19, 19, 19, 19, 19, 20, 20, 20, 20], "b_eggs_laid": [0, 1, 1, 1, 1, 2, 2, 2, 2, 3, 3, 3, 3, 4, 4, 4, 4, 5, 5, 5, 5, 6, 6, 6, 6, 9, 9, 9, 9, 10, 10, 10, 10, 11, 11, 11, 11, 12, 12, 12, 12, 13, 13, 13, 13, 13, 13, 14, 14, 14, 14, 15, 15, 15, 15, 16, 16, 16, 16, 17, 17, 17, 17, 18, 18, 18, 18, 18, 18, 18, 18, 19, 19, 19, 19, 19, 19, 19, 19, 19], "a_turds_left": [5, 5, 5, 5, 5, 5, 5, 5, 5, 5, 5, 5, 5, 5, 5, 5, 5, 5, 5, 5, 5, 5, 5, 5, 5, 5, 5, 5, 5, 5, 5, 5, 5, 5, 5, 5, 5, 5, 5, 5, 5, 5, 5, 5, 5, 5, 5, 5, 5, 5, 5, 5, 5, 5, 5, 5, 5, 5, 5, 5, 5, 5, 5, 5, 5, 5, 5, 5, 5, 5, 5, 5, 5, 5, 5, 5, 5, 5, 5, 5], "b_turds_left": [5, 5, 5, 4, 4, 4, 4, 3, 3, 3, 3, 2, 2, 2, 2, 1, 1, 1, 1, 1, 1, 1, 1, 1, 1, 1, 1, 1, 1, 1, 1, 1, 1, 1, 1, 1, 1, 1, 1, 1, 1, 1, 1, 1, 1, 1, 1, 1, 1, 1, 1, 1, 1, 1, 1, 1, 1, 1, 1, 1, 1, 1, 1, 1, 1, 1, 1, 1, 1, 1, 1, 1, 1, 1, 1, 1, 1, 0, 0, 0], "a_time_left": [359.9997280410025, 359.9997280410025, 359.9979261660046, 359.9979261660046, 359.9960847070033, 359.9960847070033, 359.9953260820039, 359.9953260820039, 359.99520241499704, 359.99520241499704, 359.9945607059926, 359.9945607059926, 359.9944719560008, 359.9944719560008, 359.99386841499654, 359.99386841499654, 359.9933344149904, 359.9933344149904, 359.9926855399972, 359.9926855399972, 359.9926136649883, 359.9926136649883, 359.99207970699354, 359.99207970699354, 359.99199991500063, 359.99199991500063, 359.9914818309917, 359.9914818309917, 359.99098633098765, 359.99098633098765, 359.9904919149849, 359.9904919149849, 359.99041453999234, 359.99041453999234, 359.98989262399846, 359.98989262399846, 359.9898003739945, 359.9898003739945, 359.9893258739903, 359.9893258739903, 359.98925449898525, 359.98925449898525, 359.98878774898185, 359.98878774898185, 359.98835153998516, 359.98835153998516, 359.98792453997885, 359.98792453997885, 359.9878468739771, 359.9878468739771, 359.9874157489685, 359.9874157489685, 359.98735583196685, 359.98735583196685, 359.9869129149738, 359.9869129149738, 359.98653758197906, 359.98653758197906, 359.9861282899801, 359.9861282899801, 359.98605728999246, 359.98605728999246, 359.98565333099396, 359.98565333099396, 359.9855739969935, 359.9855739969935, 359.9851866639947, 359.9851866639947, 359.985112705981, 359.985112705981, 359.9847296649823, 359.9847296649823, 359.9843904149893, 359.9843904149893, 359.9840162479959, 359.9840162479959, 359.98395666500437, 359.98395666500437, 359.9835908739915, 359.9835908739915], "b_time_left": [360, 359.925879500006, 359.925879500006, 359.9088827090018, 359.9088827090018, 359.8720522930089, 359.8720522930089, 359.8597554600128, 359.8597554600128, 359.8403697100148, 359.8403697100148, 359.8140179600159, 359.8140179600159, 359.77978154401353, 359.77978154401353, 359.7658117520041, 359.7658117520041, 359.7204131690087, 359.7204131690087, 359.7011702100135, 359.7011702100135, 359.6681974600069, 359.6681974600069, 359.6508079600171, 359.6508079600171, 359.63117237701954, 359.63117237701954, 359.62204296002164, 359.62204296002164, 359.58582875102, 359.58582875102, 359.57333220902365, 359.57333220902365, 359.52652391802985, 359.52652391802985, 359.50196654301544, 359.50196654301544, 359.45121704302437, 359.45121704302437, 359.4372805850144, 359.4372805850144, 359.3970520430157, 359.3970520430157, 359.3953408760135, 359.3953408760135, 359.38766283400764, 359.38766283400764, 359.36726433401054, 359.36726433401054, 359.3433113340143, 359.3433113340143, 359.3245187920111, 359.3245187920111, 359.30174970801454, 359.30174970801454, 359.288161458011, 359.288161458011, 359.26798845801386, 359.26798845801386, 359.23699724901235, 359.23699724901235, 359.2301113330177, 359.2301113330177, 359.218176667011, 359.218176667011, 359.2116612090176, 359.2116612090176, 359.1983707510226, 359.1983707510226, 359.187016084019, 359.187016084019, 359.17903450001904, 359.17903450001904, 359.1659432910237, 359.1659432910237, 359.16044083202723, 359.16044083202723, 359.15217383201525, 359.15217383201525, 359.15193070701207], "a_moves_left": [39, 39, 38, 38, 37, 37, 36, 36, 35, 35, 34, 34, 33, 33, 32, 32, 31, 31, 30, 30, 29, 29, 28, 28, 27, 27, 26, 26, 25, 25, 24, 24, 23, 23, 22, 22, 21, 21, 20, 20, 19, 19, 18, 18, 17, 17, 16, 16, 15, 15, 14, 14, 13, 13, 12, 12, 11, 11, 10, 10, 9, 9, 8, 8, 7, 7, 6, 6, 5, 5, 4, 4, 3, 3, 2, 2, 1, 1, 0, 0], "b_moves_left": [40, 39, 39, 38, 38, 37, 37, 36, 36, 35, 35, 34, 34, 33, 33, 32, 32, 31, 31, 30, 30, 29, 29, 28, 28, 27, 27, 26, 26, 25, 25, 24, 24, 23, 23, 22, 22, 21, 21, 20, 20, 19, 19, 18, 18, 17, 17, 16, 16, 15, 15, 14, 14, 13, 13, 12, 12, 11, 11, 10, 10, 9, 9, 8, 8, 7, 7, 6, 6, 5, 5, 4, 4, 3, 3, 2, 2, 1, 1, 0], "trapdoor_triggered": [0, 0, 0, 0, 0, 0, 0, 0, 0, 0, 0, 0, 0, 0, 0, 0, 0, 0, 0, 0, 0, 0, 0, 0, 0, 0, 0, 0, 0, 0, 0, 0, 0, 0, 0, 0, 0, 0, 0, 0, 0, 1, 0, 0, 0, 0, 0, 0, 0, 0, 0, 0, 0, 0, 0, 0, 0, 0, 0, 0, 0, 0, 0, 0, 0, 0, 0, 0, 0, 0, 0, 0, 0, 0, 0, 0, 0, 0, 0, 0], "left_behind": ["egg", "egg", "plain", "turd", "plain", "egg", "plain", "turd", "egg", "egg", "plain", "turd", "egg", "egg", "plain", "turd", "plain", "egg", "plain", "plain", "egg", "egg", "plain", "plain", "egg", "egg", "plain", "plain", "plain", "egg", "plain", "plain", "egg", "egg", "plain", "plain", "egg", "egg", "plain", "plain", "egg", "egg", "plain", "plain", "plain", "plain", "plain", "egg", "egg", "plain", "plain", "egg", "egg", "plain", "plain", "egg", "plain", "plain", "plain", "egg", "egg", "plain", "plain", "egg", "egg", "plain", "plain", "plain", "egg", "plain", "plain", "egg", "plain", "plain", "plain", "plain", "egg", "turd", "plain", "plain"], "errlog_a": "", "errlog_b": "", "start_time": 360, "start_moves": 40, "turn_count": 80, "result": 0, "reason": "EGGS_LAID", "trapdoors": [[4, 2], [4, 5]], "spawn_a": [7, 5], "spawn_b": [0, 5]}