{"pos": [[7, 4], [0, 4], [7, 3], [1, 4], [7, 2], [1, 3], [7, 1], [0, 3], [7, 2], [0, 2], [6, 2], [1, 2], [6, 1], [1, 1], [6, 0], [2, 1], [6, 1], [3, 1], [5, 1], [3, 0], [5, 2], [2, 0], [5, 3], [1, 0], [6, 3], [1, 1], [6, 4], [0, 1], [6, 5], [1, 1], [6, 6], [2, 1], [5, 6], [3, 1], [5, 7], [3, 2], [5, 6], [3, 3], [4, 6], [3, 4], [3, 6], [3, 5], [2, 6], [0, 5], [2, 7], [1, 5], [1, 7], [2, 5], [2, 7], [2, 4], [3, 7], [2, 3], [4, 7], [3, 3], [4, 6], [4, 3], [5, 6], [4, 2], [5, 5], [4, 1], [5, 4], [4, 2], [4, 4], [5, 2], [5, 4], [4, 2], [6, 4], [4, 1], [6, 3], [4, 0], [6, 2], [5, 0], [6, 3], [4, 0], [6, 2], [4, 1], [6, 3], [4, 0], [6, 2], [5, 0]], "a_eggs_laid": [1, 1, 1, 1, 2, 2, 2, 2, 3, 3, 3, 3, 4, 4, 4, 4, 5, 5, 5, 5, 6, 6, 6, 6, 7, 7, 7, 7, 8, 8, 8, 8, 9, 9, 9, 9, 10, 10, 10, 10, 11, 11, 11, 11, 16, 16, 16, 16, 17, 17, 17, 17, 18, 18, 18, 18, 18, 18, 18, 18, 19, 19, 19, 19, 20, 20, 20, 20, 20, 20, 20, 20, 20, 20, 20, 20, 20, 20, 20, 20], "b_eggs_laid": [0, 1, 1, 1, 1, 2, 2, 2, 2, 3, 3, 3, 3, 4, 4, 4, 4, 5, 5, 5, 5, 6, 6, 6, 6, 7, 7, 7, 7, 8, 8, 8, 8, 8, 8, 8, 8, 9, 9, 9, 9, 10, 10, 10, 10, 10, 10, 10, 10, 11, 11, 11, 11, 12, 12, 12, 12, 13, 13, 13, 13, 14, 14, 14, 14, 15, 15, 15, 15, 15, 15, 15, 15, 16, 16, 16, 16, 16, 16, 16], "a_turds_left": [5, 5, 5, 5, 5, 5, 5, 5, 5, 5, 5, 5, 5, 5, 5, 5, 5, 5, 5, 5, 5, 5, 5, 5, 5, 5, 5, 5, 5, 5, 5, 5, 5, 5, 5, 5, 5, 5, 5, 5, 5, 5, 5, 5, 5, 5, 5, 5, 5, 5, 5, 5, 5, 5, 5, 5, 5, 5, 5, 5, 5, 5, 5, 5, 5, 5, 5, 5, 5, 5, 5, 5, 5, 5, 5, 5, 5, 5, 5, 5], "b_turds_left": [5, 5, 5, 5, 5, 5, 5, 5, 5, 5, 5, 5, 5, 5, 5, 5, 5, 5, 5, 5, 5, 5, 5, 4, 4, 4, 4, 4, 4, 4, 4, 4, 4, 4, 4, 4, 4, 4, 4, 3, 3, 3, 3, 2, 2, 2, 2, 1, 1, 1, 1, 1, 1, 1, 1, 1, 1, 1, 1, 1, 1, 1, 1, 1, 1, 1, 1, 1, 1, 1, 1, 1, 1, 1, 1, 1, 1, 1, 1, 0], "a_time_left": [359.95424179101246, 359.95424179101246, 359.9209598330199, 359.9209598330199, 359.8733293330297, 359.8733293330297, 359.8428031250369, 359.8428031250369, 359.80348391702864, 359.80348391702864, 359.77886404204764, 359.77886404204764, 359.7111391670478, 359.7111391670478, 359.66899445903255, 359.66899445903255, 359.6186132510484, 359.6186132510484, 359.5779576260247, 359.5779576260247, 359.52517837600317, 359.52517837600317, 359.48176829199656, 359.48176829199656, 359.42049487598706, 359.42049487598706, 359.37712291796925, 359.37712291796925, 359.32010025097406, 359.32010025097406, 359.27387550097774, 359.27387550097774, 359.2319527089712, 359.2319527089712, 359.1779698339524, 359.1779698339524, 359.129992750939, 359.129992750939, 359.084011875937, 359.084011875937, 359.0169217089424, 359.0169217089424, 358.9997653759492, 358.9997653759492, 358.9851573339547, 358.9851573339547, 358.9583940419543, 358.9583940419543, 358.93514429195784, 358.93514429195784, 358.9161571249424, 358.9161571249424, 358.88773970794864, 358.88773970794864, 358.8751214989461, 358.8751214989461, 358.86626674892614, 358.86626674892614, 358.8376684569521, 358.8376684569521, 358.79272670694627, 358.79272670694627, 358.76353670694516, 358.76353670694516, 358.75712087296415, 358.75712087296415, 358.73021699796664, 358.73021699796664, 358.71808716395753, 358.71808716395753, 358.6964206219418, 358.6964206219418, 358.69084145495435, 358.69084145495435, 358.6680241219583, 358.6680241219583, 358.65932395495474, 358.65932395495474, 358.6522207459493, 358.6522207459493], "b_time_left": [360, 359.9382830419927, 359.9382830419927, 359.9003272510017, 359.9003272510017, 359.84686770901317, 359.84686770901317, 359.79389675101265, 359.79389675101265, 359.74882325102226, 359.74882325102226, 359.7049386680301, 359.7049386680301, 359.6442910010228, 359.6442910010228, 359.60140646004584, 359.60140646004584, 359.5322999180644, 359.5322999180644, 359.4809985020547, 359.4809985020547, 359.434985710046, 359.434985710046, 359.3953575430496, 359.3953575430496, 359.35467525103013, 359.35467525103013, 359.3027359180269, 359.3027359180269, 359.2511960430129, 359.2511960430129, 359.2001325430174, 359.2001325430174, 359.15821929302183, 359.15821929302183, 359.123075584037, 359.123075584037, 359.0813020010246, 359.0813020010246, 359.03177312604384, 359.03177312604384, 358.9800058340479, 358.9800058340479, 358.9486416670552, 358.9486416670552, 358.91938045903225, 358.91938045903225, 358.8950760420412, 358.8950760420412, 358.87023183403653, 358.87023183403653, 358.8472211260523, 358.8472211260523, 358.81906395906117, 358.81906395906117, 358.80681166707654, 358.80681166707654, 358.7793386670819, 358.7793386670819, 358.75057787506375, 358.75057787506375, 358.7147648750688, 358.7147648750688, 358.70236133405706, 358.70236133405706, 358.68944200105034, 358.68944200105034, 358.65678379204473, 358.65678379204473, 358.6213415840466, 358.6213415840466, 358.6016695010476, 358.6016695010476, 358.5917097510537, 358.5917097510537, 358.5721973350446, 358.5721973350446, 358.55947283504065, 358.55947283504065, 358.55834591801977], "a_moves_left": [39, 39, 38, 38, 37, 37, 36, 36, 35, 35, 34, 34, 33, 33, 32, 32, 31, 31, 30, 30, 29, 29, 28, 28, 27, 27, 26, 26, 25, 25, 24, 24, 23, 23, 22, 22, 21, 21, 20, 20, 19, 19, 18, 18, 17, 17, 16, 16, 15, 15, 14, 14, 13, 13, 12, 12, 11, 11, 10, 10, 9, 9, 8, 8, 7, 7, 6, 6, 5, 5, 4, 4, 3, 3, 2, 2, 1, 1, 0, 0], "b_moves_left": [40, 39, 39, 38, 38, 37, 37, 36, 36, 35, 35, 34, 34, 33, 33, 32, 32, 31, 31, 30, 30, 29, 29, 28, 28, 27, 27, 26, 26, 25, 25, 24, 24, 23, 23, 22, 22, 21, 21, 20, 20, 19, 19, 18, 18, 17, 17, 16, 16, 15, 15, 14, 14, 13, 13, 12, 12, 11, 11, 10, 10, 9, 9, 8, 8, 7, 7, 6, 6, 5, 5, 4, 4, 3, 3, 2, 2, 1, 1, 0], "trapdoor_triggered": [0, 0, 0, 0, 0, 0, 0, 0, 0, 0, 0, 0, 0, 0, 0, 0, 0, 0, 0, 0, 0, 0, 0, 0, 0, 0, 0, 0, 0, 0, 0, 0, 0, 0, 0, 0, 0, 0, 0, 0, 0, 0, 0, 1, 0, 0, 0, 0, 0, 0, 0, 0, 0, 0, 0, 0, 0, 0, 0, 0, 0, 0, 0, 0, 0, 0, 0, 0, 0, 0, 0, 0, 0, 0, 0, 0, 0, 0, 0, 0], "left_behind": ["egg", "egg", "plain", "plain", "egg", "egg", "plain", "plain", "egg", "egg", "plain", "plain", "egg", "egg", "plain", "plain", "egg", "egg", "plain", "plain", "egg", "egg", "plain", "turd", "egg", "egg", "plain", "plain", "egg", "egg", "plain", "plain", "egg", "plain", "plain", "plain", "egg", "egg", "plain", "turd", "egg", "egg", "plain", "turd", "egg", "plain", "plain", "turd", "egg", "egg", "plain", "plain", "egg", "egg", "plain", "plain", "plain", "egg", "plain", "plain", "egg", "egg", "plain", "plain", "egg", "egg", "plain", "plain", "plain", "plain", "plain", "plain", "plain", "egg", "plain", "plain", "plain", "plain", "plain", "turd"], "errlog_a": "", "errlog_b": "", "start_time": 360, "start_moves": 40, "turn_count": 80, "result": 0, "reason": "EGGS_LAID", "trapdoors": [[2, 2], [4, 5]], "spawn_a": [7, 5], "spawn_b": [0, 5]}