{"pos": [[7, 2], [0, 2], [7, 1], [0, 3], [7, 0], [0, 4], [7, 1], [0, 5], [7, 0], [0, 4]], "a_eggs_laid": [0, 0, 0, 0, 0, 0, 0, 0, 0, 0], "b_eggs_laid": [0, 1, 1, 1, 1, 1, 1, 1, 1, 2], "a_turds_left": [5, 5, 5, 5, 5, 5, 5, 5, 5, 5], "b_turds_left": [5, 5, 5, 5, 5, 5, 5, 5, 5, 5], "a_time_left": [359.04982283299614, 359.04982283299614, 358.0997127080045, 358.0997127080045, 357.14958787400974, 357.14958787400974, 356.1994705410034, 356.1994705410034, 355.2492846249952, 355.2492846249952], "b_time_left": [360, 359.9998408329993, 359.9998408329993, 359.99910412399913, 359.99910412399913, 359.99833449900325, 359.99833449900325, 359.99761237400526, 359.99761237400526, 359.99747862400545], "a_moves_left": [39, 39, 38, 38, 37, 37, 36, 36, 35, 35], "b_moves_left": [40, 39, 39, 38, 38, 37, 37, 36, 36, 35], "trapdoor_triggered": [0, 0, 0, 0, 0, 0, 0, 0, 0, 0], "left_behind": ["plain", "egg", "plain", "plain", "plain", "plain", "plain", "plain", "plain", "egg"], "errlog_a": "Timeout", "errlog_b": "", "start_time": 360, "start_moves": 40, "turn_count": 10, "result": 1, "reason": "CODE_CRASH", "trapdoors": [[3, 3], [5, 2]], "spawn_a": [7, 3], "spawn_b": [0, 3]}