{"pos": [[0, 5], [7, 5], [0, 4], [6, 5], [0, 3], [6, 4], [0, 2], [6, 3], [0, 1], [6, 2], [0, 0], [6, 1], [1, 0], [5, 1], [2, 0], [4, 1], [2, 1], [3, 1], [2, 2], [2, 1], [1, 2], [1, 1], [1, 3], [1, 0], [1, 4], [1, 1], [1, 5], [1, 2], [1, 6], [1, 1], [2, 6], [0, 1], [3, 6], [1, 1], [3, 5], [1, 0], [4, 5], [1, 1], [4, 4], [1, 0], [4, 5], [1, 1], [5, 5], [1, 0], [5, 6], [1, 1], [6, 6], [1, 0], [5, 6], [1, 1], [5, 7], [1, 0], [5, 6], [1, 1], [4, 6], [1, 0], [4, 7], [1, 1], [3, 7], [1, 0], [2, 7], [1, 1], [1, 7], [1, 0], [1, 6], [1, 1], [1, 5], [1, 0], [1, 4], [1, 1], [2, 4], [1, 0], [1, 4], [1, 1], [1, 3], [1, 0], [1, 4], [1, 1], [1, 3], [1, 0]], "a_eggs_laid": [1, 1, 1, 1, 2, 2, 2, 2, 3, 3, 3, 3, 6, 6, 6, 6, 7, 7, 7, 7, 8, 8, 8, 8, 9, 9, 9, 9, 10, 10, 10, 10, 11, 11, 11, 11, 12, 12, 12, 12, 13, 13, 13, 13, 14, 14, 14, 14, 15, 15, 15, 15, 16, 16, 16, 16, 17, 17, 17, 17, 18, 18, 18, 18, 19, 19, 19, 19, 19, 19, 19, 19, 20, 20, 20, 20, 20, 20, 20, 20], "b_eggs_laid": [0, 1, 1, 1, 1, 2, 2, 2, 2, 3, 3, 3, 3, 4, 4, 4, 4, 5, 5, 5, 5, 6, 6, 6, 6, 7, 7, 7, 7, 8, 8, 8, 8, 9, 9, 9, 9, 9, 9, 9, 9, 9, 9, 9, 9, 9, 9, 9, 9, 9, 9, 9, 9, 9, 9, 9, 9, 9, 9, 9, 9, 9, 9, 9, 9, 9, 9, 9, 9, 9, 9, 9, 9, 9, 9, 9, 9, 9, 9, 9], "a_turds_left": [5, 5, 5, 5, 5, 5, 5, 5, 5, 5, 5, 5, 5, 5, 5, 5, 5, 5, 5, 5, 5, 5, 5, 5, 5, 5, 5, 5, 5, 5, 5, 5, 5, 5, 5, 5, 5, 5, 5, 5, 5, 5, 5, 5, 5, 5, 5, 5, 5, 5, 5, 5, 5, 5, 5, 5, 5, 5, 5, 5, 5, 5, 5, 5, 5, 5, 5, 5, 5, 5, 5, 5, 5, 5, 5, 5, 5, 5, 5, 5], "b_turds_left": [5, 5, 5, 5, 5, 5, 5, 5, 5, 5, 5, 5, 5, 5, 5, 4, 4, 4, 4, 3, 3, 3, 3, 3, 3, 3, 3, 3, 3, 3, 3, 3, 3, 3, 3, 3, 3, 3, 3, 3, 3, 3, 3, 3, 3, 3, 3, 3, 3, 3, 3, 3, 3, 3, 3, 3, 3, 3, 3, 3, 3, 3, 3, 3, 3, 3, 3, 3, 3, 3, 3, 3, 3, 3, 3, 3, 3, 3, 3, 2], "a_time_left": [359.9573100419948, 359.9573100419948, 359.9299929169938, 359.9299929169938, 359.88390300099854, 359.88390300099854, 359.85544679299346, 359.85544679299346, 359.80952800097293, 359.80952800097293, 359.7824195009598, 359.7824195009598, 359.7492511259625, 359.7492511259625, 359.716141000943, 359.716141000943, 359.6686869589612, 359.6686869589612, 359.65337812597863, 359.65337812597863, 359.6361174589838, 359.6361174589838, 359.6260112509772, 359.6260112509772, 359.5968609179836, 359.5968609179836, 359.55462850097683, 359.55462850097683, 359.5292583759874, 359.5292583759874, 359.49095604298054, 359.49095604298054, 359.46594900099444, 359.46594900099444, 359.4259582090017, 359.4259582090017, 359.40785833398695, 359.40785833398695, 359.36843699999736, 359.36843699999736, 359.35051816600026, 359.35051816600026, 359.31452391599305, 359.31452391599305, 359.30138916597934, 359.30138916597934, 359.2666315409879, 359.2666315409879, 359.2587299159786, 359.2587299159786, 359.2258734579664, 359.2258734579664, 359.21425504097715, 359.21425504097715, 359.1741454989824, 359.1741454989824, 359.15682995700627, 359.15682995700627, 359.1326853740029, 359.1326853740029, 359.1209217910073, 359.1209217910073, 359.08381454099435, 359.08381454099435, 359.0709995829966, 359.0709995829966, 359.0373892909847, 359.0373892909847, 359.0307497489848, 359.0307497489848, 358.9935867069871, 358.9935867069871, 358.97538316599093, 358.97538316599093, 358.9464414160175, 358.9464414160175, 358.9422918330238, 358.9422918330238, 358.9325845830026, 358.9325845830026], "b_time_left": [360, 359.9594718750159, 359.9594718750159, 359.9263229170174, 359.9263229170174, 359.87099250001484, 359.87099250001484, 359.8257104580116, 359.8257104580116, 359.77361737401225, 359.77361737401225, 359.74199466599384, 359.74199466599384, 359.6872881659947, 359.6872881659947, 359.6432248739875, 359.6432248739875, 359.5890102080011, 359.5890102080011, 359.55168687400874, 359.55168687400874, 359.5322645819979, 359.5322645819979, 359.5038533740153, 359.5038533740153, 359.4873864990077, 359.4873864990077, 359.45543766597984, 359.45543766597984, 359.4401433739986, 359.4401433739986, 359.4102020819846, 359.4102020819846, 359.3982922069845, 359.3982922069845, 359.36799770698417, 359.36799770698417, 359.35589320698637, 359.35589320698637, 359.3243557899841, 359.3243557899841, 359.3099528309831, 359.3099528309831, 359.2865540809871, 359.2865540809871, 359.26824537297944, 359.26824537297944, 359.25133958098013, 359.25133958098013, 359.2332695389923, 359.2332695389923, 359.2116163299943, 359.2116163299943, 359.19291595500545, 359.19291595500545, 359.16183933001594, 359.16183933001594, 359.1483001630113, 359.1483001630113, 359.1244884550106, 359.1244884550106, 359.11070791300153, 359.11070791300153, 359.073235955002, 359.073235955002, 359.0559066220012, 359.0559066220012, 359.0228348300152, 359.0228348300152, 359.003842413018, 359.003842413018, 358.9754261219932, 358.9754261219932, 358.96233253899845, 358.96233253899845, 358.9403648300213, 358.9403648300213, 358.9354174960172, 358.9354174960172, 358.9339902460342], "a_moves_left": [39, 39, 38, 38, 37, 37, 36, 36, 35, 35, 34, 34, 33, 33, 32, 32, 31, 31, 30, 30, 29, 29, 28, 28, 27, 27, 26, 26, 25, 25, 24, 24, 23, 23, 22, 22, 21, 21, 20, 20, 19, 19, 18, 18, 17, 17, 16, 16, 15, 15, 14, 14, 13, 13, 12, 12, 11, 11, 10, 10, 9, 9, 8, 8, 7, 7, 6, 6, 5, 5, 4, 4, 3, 3, 2, 2, 1, 1, 0, 0], "b_moves_left": [40, 39, 39, 38, 38, 37, 37, 36, 36, 35, 35, 34, 34, 33, 33, 32, 32, 31, 31, 30, 30, 29, 29, 28, 28, 27, 27, 26, 26, 25, 25, 24, 24, 23, 23, 22, 22, 21, 21, 20, 20, 19, 19, 18, 18, 17, 17, 16, 16, 15, 15, 14, 14, 13, 13, 12, 12, 11, 11, 10, 10, 9, 9, 8, 8, 7, 7, 6, 6, 5, 5, 4, 4, 3, 3, 2, 2, 1, 1, 0], "trapdoor_triggered": [0, 0, 0, 0, 0, 0, 0, 0, 0, 0, 0, 0, 0, 0, 0, 0, 0, 0, 0, 0, 0, 0, 0, 0, 0, 0, 0, 0, 0, 0, 0, 0, 0, 0, 0, 0, 0, 0, 0, 0, 0, 0, 0, 0, 0, 0, 0, 0, 0, 0, 0, 0, 0, 0, 0, 0, 0, 0, 0, 0, 0, 0, 0, 0, 0, 0, 0, 0, 0, 0, 0, 0, 0, 0, 0, 0, 0, 0, 0, 0], "left_behind": ["egg", "egg", "plain", "plain", "egg", "egg", "plain", "plain", "egg", "egg", "plain", "plain", "egg", "egg", "plain", "turd", "egg", "egg", "plain", "turd", "egg", "egg", "plain", "plain", "egg", "egg", "plain", "plain", "egg", "egg", "plain", "plain", "egg", "egg", "plain", "plain", "egg", "plain", "plain", "plain", "egg", "plain", "plain", "plain", "egg", "plain", "plain", "plain", "egg", "plain", "plain", "plain", "egg", "plain", "plain", "plain", "egg", "plain", "plain", "plain", "egg", "plain", "plain", "plain", "egg", "plain", "plain", "plain", "plain", "plain", "plain", "plain", "egg", "plain", "plain", "plain", "plain", "plain", "plain", "turd"], "errlog_a": "", "errlog_b": "", "start_time": 360, "start_moves": 40, "turn_count": 80, "result": 0, "reason": "EGGS_LAID", "trapdoors": [[3, 3], [2, 5]], "spawn_a": [0, 6], "spawn_b": [7, 6]}