{"pos": [[7, 4], [0, 4], [7, 3], [0, 3], [7, 2], [1, 3], [7, 1], [1, 2]], "a_eggs_laid": [1, 1, 1, 1, 2, 2, 2, 2], "b_eggs_laid": [0, 1, 1, 1, 1, 2, 2, 2], "a_turds_left": [5, 5, 5, 5, 5, 5, 5, 5], "b_turds_left": [5, 5, 5, 4, 4, 4, 4, 4], "a_time_left": [359.95888383398415, 359.95888383398415, 359.92063062498346, 359.92063062498346, 359.8684189589985, 359.8684189589985, 359.81961091799894, 359.81961091799894], "b_time_left": [360, 359.9595102079911, 359.9595102079911, 359.9167039160093, 359.9167039160093, 359.86926333303563, 359.86926333303563, 359.8047029990412], "a_moves_left": [39, 39, 38, 38, 37, 37, 36, 36], "b_moves_left": [40, 39, 39, 38, 38, 37, 37, 36], "trapdoor_triggered": [0, 0, 0, 0, 0, 0, 0, 0], "left_behind": ["egg", "egg", "plain", "turd", "egg", "egg", "plain", "plain"], "errlog_a": "Timeout", "errlog_b": "", "start_time": 360, "start_moves": 40, "turn_count": 8, "result": 1, "reason": "CODE_CRASH", "trapdoors": [[2, 4], [4, 5]], "spawn_a": [7, 5], "spawn_b": [0, 5]}