{"pos": [[0, 3], [7, 3], [0, 2], [7, 2], [0, 1], [7, 1], [0, 0], [7, 0], [1, 0], [7, 1]], "a_eggs_laid": [0, 0, 0, 0, 0, 0, 0, 0, 3, 3], "b_eggs_laid": [0, 1, 1, 1, 1, 2, 2, 2, 2, 5], "a_turds_left": [5, 5, 5, 5, 5, 5, 5, 5, 5, 5], "b_turds_left": [5, 5, 5, 5, 5, 5, 5, 5, 5, 5], "a_time_left": [359.04976175000775, 359.04976175000775, 358.09966337500373, 358.09966337500373, 357.1495757919911, 357.1495757919911, 356.19941733399173, 356.19941733399173, 355.24934550099715, 355.24934550099715], "b_time_left": [360, 359.9997575830057, 359.9997575830057, 359.9990001249971, 359.9990001249971, 359.99885712499963, 359.99885712499963, 359.99811587500153, 359.99811587500153, 359.9979897089943], "a_moves_left": [39, 39, 38, 38, 37, 37, 36, 36, 35, 35], "b_moves_left": [40, 39, 39, 38, 38, 37, 37, 36, 36, 35], "trapdoor_triggered": [0, 0, 0, 0, 0, 0, 0, 0, 0, 0], "left_behind": ["plain", "egg", "plain", "plain", "plain", "egg", "plain", "plain", "egg", "egg"], "errlog_a": "Timeout", "errlog_b": "", "start_time": 360, "start_moves": 40, "turn_count": 10, "result": 1, "reason": "CODE_CRASH", "trapdoors": [[4, 4], [4, 3]], "spawn_a": [0, 4], "spawn_b": [7, 4]}