{"pos": [[7, 2], [1, 3], [7, 1], [1, 4], [7, 2], [2, 4], [6, 2], [0, 3], [6, 1], [1, 3], [6, 0], [1, 2], [6, 1], [2, 2], [5, 1], [2, 1], [5, 2], [2, 2], [5, 3], [3, 2], [6, 3], [3, 3], [6, 4], [3, 4], [6, 5], [3, 5], [7, 5], [4, 5], [7, 6], [4, 6], [7, 7], [4, 7], [7, 6], [5, 7], [6, 6], [5, 6], [6, 5], [4, 6], [5, 5], [3, 6], [5, 4], [2, 6], [7, 3], [1, 6], [7, 2], [1, 5], [7, 1], [0, 5], [7, 2], [0, 6], [7, 1], [0, 7], [7, 2], [1, 7], [7, 1], [2, 7], [7, 2], [2, 6], [7, 1], [3, 6], [7, 2], [3, 5], [7, 1], [3, 4], [7, 2], [3, 3], [7, 1], [4, 3], [7, 2], [3, 3], [7, 1], [2, 3], [7, 2], [2, 2], [7, 1], [2, 1], [7, 2], [2, 0], [7, 1], [3, 0]], "a_eggs_laid": [1, 1, 1, 1, 2, 2, 2, 2, 7, 7, 7, 7, 8, 8, 8, 8, 9, 9, 9, 9, 10, 10, 10, 10, 11, 11, 11, 11, 12, 12, 12, 12, 15, 15, 15, 15, 16, 16, 16, 16, 17, 17, 17, 17, 17, 17, 17, 17, 17, 17, 17, 17, 17, 17, 17, 17, 17, 17, 17, 17, 17, 17, 17, 17, 17, 17, 17, 17, 17, 17, 17, 17, 17, 17, 17, 17, 17, 17, 17, 17], "b_eggs_laid": [0, 1, 1, 1, 1, 2, 2, 2, 2, 2, 2, 2, 2, 3, 3, 3, 3, 4, 4, 4, 4, 5, 5, 5, 5, 6, 6, 6, 6, 7, 7, 7, 7, 8, 8, 8, 8, 9, 9, 9, 9, 10, 10, 14, 14, 15, 15, 15, 15, 16, 16, 16, 16, 19, 19, 19, 19, 20, 20, 20, 20, 20, 20, 20, 20, 20, 20, 20, 20, 21, 21, 21, 21, 22, 22, 22, 22, 22, 22, 22], "a_turds_left": [5, 5, 5, 5, 5, 5, 5, 5, 5, 5, 5, 5, 5, 5, 5, 5, 5, 5, 5, 5, 5, 5, 5, 5, 5, 5, 5, 5, 5, 5, 5, 5, 5, 5, 5, 5, 5, 5, 5, 5, 5, 5, 5, 5, 5, 5, 5, 5, 5, 5, 5, 5, 5, 5, 5, 5, 5, 5, 5, 5, 5, 5, 5, 5, 5, 5, 5, 5, 5, 5, 5, 5, 5, 5, 5, 5, 5, 5, 5, 5], "b_turds_left": [5, 5, 5, 4, 4, 4, 4, 3, 3, 3, 3, 3, 3, 3, 3, 2, 2, 2, 2, 2, 2, 2, 2, 1, 1, 1, 1, 1, 1, 1, 1, 1, 1, 1, 1, 1, 1, 1, 1, 1, 1, 1, 1, 1, 1, 1, 1, 1, 1, 1, 1, 1, 1, 1, 1, 1, 1, 1, 1, 1, 1, 1, 1, 1, 1, 1, 1, 1, 1, 1, 1, 1, 1, 1, 1, 1, 1, 1, 1, 0], "a_time_left": [359.95510966700385, 359.95510966700385, 359.91505350000807, 359.91505350000807, 359.8644292500103, 359.8644292500103, 359.8288763340097, 359.8288763340097, 359.79982054198626, 359.79982054198626, 359.77658370896825, 359.77658370896825, 359.72967070896993, 359.72967070896993, 359.6891930839629, 359.6891930839629, 359.61649549996946, 359.61649549996946, 359.5826467079751, 359.5826467079751, 359.5153546249785, 359.5153546249785, 359.4705273749714, 359.4705273749714, 359.39934754098067, 359.39934754098067, 359.3487825819757, 359.3487825819757, 359.3007135819935, 359.3007135819935, 359.2686641240143, 359.2686641240143, 359.24590304101, 359.24590304101, 359.23075358202914, 359.23075358202914, 359.20665537402965, 359.20665537402965, 359.1757752490521, 359.1757752490521, 359.14370716604753, 359.14370716604753, 359.11179549904773, 359.11179549904773, 359.09722887404496, 359.09722887404496, 359.07079324903316, 359.07079324903316, 359.05803112403373, 359.05803112403373, 359.03760204004357, 359.03760204004357, 359.0291891650413, 359.0291891650413, 359.0110042060551, 359.0110042060551, 359.00026249705115, 359.00026249705115, 358.97528933003196, 358.97528933003196, 358.96755708003184, 358.96755708003184, 358.94254953903146, 358.94254953903146, 358.93350453901803, 358.93350453901803, 358.9168790800031, 358.9168790800031, 358.90547312097624, 358.90547312097624, 358.88855357895955, 358.88855357895955, 358.87343991195667, 358.87343991195667, 358.85696737095714, 358.85696737095714, 358.84795770494384, 358.84795770494384, 358.8424706219521, 358.8424706219521], "b_time_left": [360, 359.9612077079946, 359.9612077079946, 359.90501558300457, 359.90501558300457, 359.8509007499961, 359.8509007499961, 359.7849790409964, 359.7849790409964, 359.74698870797874, 359.74698870797874, 359.72372533296584, 359.72372533296584, 359.6623742079828, 359.6623742079828, 359.59206158298184, 359.59206158298184, 359.52538091599126, 359.52538091599126, 359.4947479990078, 359.4947479990078, 359.4361314580019, 359.4361314580019, 359.38381816699984, 359.38381816699984, 359.3216616669961, 359.3216616669961, 359.28589858399937, 359.28589858399937, 359.22943825100083, 359.22943825100083, 359.19911116798175, 359.19911116798175, 359.165202958975, 359.165202958975, 359.14637154198135, 359.14637154198135, 359.1099599999725, 359.1099599999725, 359.08801599996514, 359.08801599996514, 359.01620270794956, 359.01620270794956, 358.98809183295816, 358.98809183295816, 358.9289283329563, 358.9289283329563, 358.8985340829531, 358.8985340829531, 358.86464737396454, 358.86464737396454, 358.838480123959, 358.838480123959, 358.81605741594103, 358.81605741594103, 358.7897407489363, 358.7897407489363, 358.7637292489526, 358.7637292489526, 358.7337116659619, 358.7337116659619, 358.69547737395624, 358.69547737395624, 358.66542728996137, 358.66542728996137, 358.6375380399695, 358.6375380399695, 358.61633862397866, 358.61633862397866, 358.5904619579669, 358.5904619579669, 358.5693933329603, 358.5693933329603, 358.5408671249752, 358.5408671249752, 358.5189167499484, 358.5189167499484, 358.50496183295036, 358.50496183295036, 358.50391762395157], "a_moves_left": [39, 39, 38, 38, 37, 37, 36, 36, 35, 35, 34, 34, 33, 33, 32, 32, 31, 31, 30, 30, 29, 29, 28, 28, 27, 27, 26, 26, 25, 25, 24, 24, 23, 23, 22, 22, 21, 21, 20, 20, 19, 19, 18, 18, 17, 17, 16, 16, 15, 15, 14, 14, 13, 13, 12, 12, 11, 11, 10, 10, 9, 9, 8, 8, 7, 7, 6, 6, 5, 5, 4, 4, 3, 3, 2, 2, 1, 1, 0, 0], "b_moves_left": [40, 39, 39, 38, 38, 37, 37, 36, 36, 35, 35, 34, 34, 33, 33, 32, 32, 31, 31, 30, 30, 29, 29, 28, 28, 27, 27, 26, 26, 25, 25, 24, 24, 23, 23, 22, 22, 21, 21, 20, 20, 19, 19, 18, 18, 17, 17, 16, 16, 15, 15, 14, 14, 13, 13, 12, 12, 11, 11, 10, 10, 9, 9, 8, 8, 7, 7, 6, 6, 5, 5, 4, 4, 3, 3, 2, 2, 1, 1, 0], "trapdoor_triggered": [0, 0, 0, 0, 0, 0, 0, 1, 0, 0, 0, 0, 0, 0, 0, 0, 0, 0, 0, 0, 0, 0, 0, 0, 0, 0, 0, 0, 0, 0, 0, 0, 0, 0, 0, 0, 0, 0, 0, 0, 0, 0, 1, 0, 0, 0, 0, 0, 0, 0, 0, 0, 0, 0, 0, 0, 0, 0, 0, 0, 0, 0, 0, 0, 0, 0, 0, 0, 0, 0, 0, 0, 0, 0, 0, 0, 0, 0, 0, 0], "left_behind": ["egg", "egg", "plain", "turd", "egg", "egg", "plain", "turd", "egg", "plain", "plain", "plain", "egg", "egg", "plain", "turd", "egg", "egg", "plain", "plain", "egg", "egg", "plain", "turd", "egg", "egg", "plain", "plain", "egg", "egg", "plain", "plain", "egg", "egg", "plain", "plain", "egg", "egg", "plain", "plain", "egg", "egg", "plain", "plain", "plain", "egg", "plain", "plain", "plain", "egg", "plain", "plain", "plain", "egg", "plain", "plain", "plain", "egg", "plain", "plain", "plain", "plain", "plain", "plain", "plain", "plain", "plain", "plain", "plain", "egg", "plain", "plain", "plain", "egg", "plain", "plain", "plain", "plain", "plain", "turd"], "errlog_a": "", "errlog_b": "", "start_time": 360, "start_moves": 40, "turn_count": 80, "result": 1, "reason": "EGGS_LAID", "trapdoors": [[4, 4], [2, 5]], "spawn_a": [7, 3], "spawn_b": [0, 3]}