{"pos": [[0, 5], [6, 6], [0, 4], [6, 5], [0, 3], [6, 4], [0, 2], [6, 3], [0, 1], [5, 3], [0, 0], [5, 2], [1, 0], [5, 1], [2, 0], [4, 1], [2, 1], [3, 1], [2, 2], [3, 2], [2, 1], [4, 2], [3, 1], [4, 3], [2, 1], [5, 3], [1, 1], [5, 4], [1, 2], [5, 5], [1, 3], [7, 6], [1, 4], [6, 6], [1, 5], [5, 6], [2, 5], [4, 6], [3, 5], [3, 6], [3, 4], [2, 6], [3, 3], [1, 6], [3, 4], [2, 6], [4, 4], [2, 7], [3, 4], [3, 7], [0, 6], [4, 7], [0, 5], [5, 7], [0, 4], [6, 7], [0, 3], [6, 6], [0, 2], [5, 6], [0, 1], [5, 5], [1, 1], [5, 6], [1, 0], [5, 5], [2, 0], [5, 6], [2, 1], [5, 5], [2, 0], [5, 6], [2, 1], [5, 5], [2, 0], [5, 6], [2, 1], [5, 5], [2, 0], [5, 4]], "a_eggs_laid": [1, 1, 1, 1, 2, 2, 2, 2, 3, 3, 3, 3, 6, 6, 6, 6, 7, 7, 7, 7, 8, 8, 8, 8, 9, 9, 9, 9, 10, 10, 10, 10, 15, 15, 15, 15, 16, 16, 16, 16, 17, 17, 17, 17, 18, 18, 18, 18, 19, 19, 19, 19, 19, 19, 19, 19, 19, 19, 19, 19, 19, 19, 19, 19, 19, 19, 19, 19, 19, 19, 19, 19, 19, 19, 19, 19, 19, 19, 19, 19], "b_eggs_laid": [0, 1, 1, 1, 1, 2, 2, 2, 2, 3, 3, 3, 3, 4, 4, 4, 4, 5, 5, 5, 5, 6, 6, 6, 6, 7, 7, 7, 7, 8, 8, 8, 8, 8, 8, 8, 8, 9, 9, 9, 9, 10, 10, 10, 10, 11, 11, 11, 11, 12, 12, 16, 16, 17, 17, 17, 17, 18, 18, 18, 18, 18, 18, 18, 18, 18, 18, 18, 18, 18, 18, 18, 18, 18, 18, 18, 18, 18, 18, 18], "a_turds_left": [5, 5, 5, 5, 5, 5, 5, 5, 5, 5, 5, 5, 5, 5, 5, 5, 5, 5, 5, 5, 5, 5, 5, 5, 5, 5, 5, 5, 5, 5, 5, 5, 5, 5, 5, 5, 5, 5, 5, 5, 5, 5, 5, 5, 5, 5, 5, 5, 5, 5, 5, 5, 5, 5, 5, 5, 5, 5, 5, 5, 5, 5, 5, 5, 5, 5, 5, 5, 5, 5, 5, 5, 5, 5, 5, 5, 5, 5, 5, 5], "b_turds_left": [5, 5, 5, 4, 4, 4, 4, 3, 3, 3, 3, 2, 2, 2, 2, 1, 1, 1, 1, 1, 1, 1, 1, 1, 1, 1, 1, 1, 1, 1, 1, 1, 1, 1, 1, 1, 1, 1, 1, 1, 1, 1, 1, 1, 1, 1, 1, 1, 1, 1, 1, 1, 1, 1, 1, 1, 1, 1, 1, 1, 1, 1, 1, 1, 1, 1, 1, 1, 1, 1, 1, 1, 1, 1, 1, 1, 1, 1, 1, 0], "a_time_left": [359.9478759999911, 359.9478759999911, 359.91800824998063, 359.91800824998063, 359.7802015829948, 359.7802015829948, 359.75219875000766, 359.75219875000766, 359.70653870800743, 359.70653870800743, 359.67384258299717, 359.67384258299717, 359.64408979099244, 359.64408979099244, 359.61140716599766, 359.61140716599766, 359.5660964999988, 359.5660964999988, 359.5513542910048, 359.5513542910048, 359.524404708005, 359.524404708005, 359.48458512400975, 359.48458512400975, 359.4516808320186, 359.4516808320186, 359.42728187402827, 359.42728187402827, 359.35790866601747, 359.35790866601747, 359.32126112503465, 359.32126112503465, 359.2957782500307, 359.2957782500307, 359.25857825003914, 359.25857825003914, 359.1976189170382, 359.1976189170382, 359.14822058402933, 359.14822058402933, 359.1315006670193, 359.1315006670193, 359.09900775100687, 359.09900775100687, 359.079696959001, 359.079696959001, 359.0494351260131, 359.0494351260131, 359.03745958502986, 359.03745958502986, 359.0113909180218, 359.0113909180218, 359.0049332100316, 359.0049332100316, 358.9890868770308, 358.9890868770308, 358.97593971004244, 358.97593971004244, 358.96181141902343, 358.96181141902343, 358.95445950201247, 358.95445950201247, 358.9312805850059, 358.9312805850059, 358.920981334988, 358.920981334988, 358.8972227519844, 358.8972227519844, 358.88965466900845, 358.88965466900845, 358.85863533601514, 358.85863533601514, 358.8509612530179, 358.8509612530179, 358.8199234190106, 358.8199234190106, 358.8124642519979, 358.8124642519979, 358.80303979301243, 358.80303979301243], "b_time_left": [360, 359.9628562500002, 359.9628562500002, 359.91676033401745, 359.91676033401745, 359.8553482090065, 359.8553482090065, 359.8104157090129, 359.8104157090129, 359.76657125001657, 359.76657125001657, 359.7373152500368, 359.7373152500368, 359.69262095802696, 359.69262095802696, 359.6512546670274, 359.6512546670274, 359.5937455840176, 359.5937455840176, 359.56048504199134, 359.56048504199134, 359.51690995899844, 359.51690995899844, 359.4879708760127, 359.4879708760127, 359.4314884590276, 359.4314884590276, 359.4027357510349, 359.4027357510349, 359.3559467100422, 359.3559467100422, 359.30571946004056, 359.30571946004056, 359.26815921004163, 359.26815921004163, 359.24413233503583, 359.24413233503583, 359.1941803760419, 359.1941803760419, 359.1691128340608, 359.1691128340608, 359.1289110420621, 359.1289110420621, 359.10862416704185, 359.10862416704185, 359.0829633330577, 359.0829633330577, 359.06150016604806, 359.06150016604806, 359.02239191604895, 359.02239191604895, 359.0078800410265, 359.0078800410265, 358.9778555830417, 358.9778555830417, 358.9541760420252, 358.9541760420252, 358.9326569590485, 358.9326569590485, 358.91519654204603, 358.91519654204603, 358.88198520903825, 358.88198520903825, 358.8500901670486, 358.8500901670486, 358.81645683405804, 358.81645683405804, 358.7907893760712, 358.7907893760712, 358.7440117090882, 358.7440117090882, 358.7184092090756, 358.7184092090756, 358.6715852920606, 358.6715852920606, 358.6456982920645, 358.6456982920645, 358.62805070905597, 358.62805070905597, 358.62698654204723], "a_moves_left": [39, 39, 38, 38, 37, 37, 36, 36, 35, 35, 34, 34, 33, 33, 32, 32, 31, 31, 30, 30, 29, 29, 28, 28, 27, 27, 26, 26, 25, 25, 24, 24, 23, 23, 22, 22, 21, 21, 20, 20, 19, 19, 18, 18, 17, 17, 16, 16, 15, 15, 14, 14, 13, 13, 12, 12, 11, 11, 10, 10, 9, 9, 8, 8, 7, 7, 6, 6, 5, 5, 4, 4, 3, 3, 2, 2, 1, 1, 0, 0], "b_moves_left": [40, 39, 39, 38, 38, 37, 37, 36, 36, 35, 35, 34, 34, 33, 33, 32, 32, 31, 31, 30, 30, 29, 29, 28, 28, 27, 27, 26, 26, 25, 25, 24, 24, 23, 23, 22, 22, 21, 21, 20, 20, 19, 19, 18, 18, 17, 17, 16, 16, 15, 15, 14, 14, 13, 13, 12, 12, 11, 11, 10, 10, 9, 9, 8, 8, 7, 7, 6, 6, 5, 5, 4, 4, 3, 3, 2, 2, 1, 1, 0], "trapdoor_triggered": [0, 0, 0, 0, 0, 0, 0, 0, 0, 0, 0, 0, 0, 0, 0, 0, 0, 0, 0, 0, 0, 0, 0, 0, 0, 0, 0, 0, 0, 0, 0, 1, 0, 0, 0, 0, 0, 0, 0, 0, 0, 0, 0, 0, 0, 0, 0, 0, 0, 0, 1, 0, 0, 0, 0, 0, 0, 0, 0, 0, 0, 0, 0, 0, 0, 0, 0, 0, 0, 0, 0, 0, 0, 0, 0, 0, 0, 0, 0, 0], "left_behind": ["egg", "egg", "plain", "turd", "egg", "egg", "plain", "turd", "egg", "egg", "plain", "turd", "egg", "egg", "plain", "turd", "egg", "egg", "plain", "plain", "egg", "egg", "plain", "plain", "egg", "egg", "plain", "plain", "egg", "egg", "plain", "plain", "egg", "plain", "plain", "plain", "egg", "egg", "plain", "plain", "egg", "egg", "plain", "plain", "egg", "egg", "plain", "plain", "egg", "egg", "plain", "plain", "plain", "egg", "plain", "plain", "plain", "egg", "plain", "plain", "plain", "plain", "plain", "plain", "plain", "plain", "plain", "plain", "plain", "plain", "plain", "plain", "plain", "plain", "plain", "plain", "plain", "plain", "plain", "turd"], "errlog_a": "", "errlog_b": "", "start_time": 360, "start_moves": 40, "turn_count": 80, "result": 0, "reason": "EGGS_LAID", "trapdoors": [[2, 4], [4, 5]], "spawn_a": [0, 6], "spawn_b": [7, 6]}