{"pos": [[0, 5], [7, 5], [0, 4], [7, 4], [0, 3], [7, 3], [0, 2], [7, 2], [0, 1], [7, 1], [0, 0], [7, 0], [1, 0], [7, 1], [2, 0], [6, 1], [3, 0], [5, 1], [3, 1], [4, 1], [2, 1], [5, 1], [1, 1], [5, 2], [1, 2], [6, 2], [1, 3], [6, 3], [1, 4], [6, 4], [1, 5], [6, 5], [1, 6], [6, 6], [2, 6], [6, 7], [3, 6], [6, 6], [4, 6], [5, 6], [3, 6], [7, 6], [3, 5], [7, 5], [0, 6], [7, 4], [1, 6], [6, 4], [1, 7], [5, 4], [2, 7], [5, 3], [3, 7], [4, 3], [3, 6], [4, 2], [3, 5], [3, 2], [3, 4], [3, 3], [2, 4], [3, 4], [2, 3], [3, 3], [2, 2], [2, 3], [2, 1], [3, 3], [2, 0], [3, 2], [2, 1], [4, 2], [2, 0], [4, 1], [2, 1], [4, 0], [2, 0], [5, 0], [2, 1], [6, 0]], "a_eggs_laid": [1, 1, 1, 1, 2, 2, 2, 2, 3, 3, 3, 3, 6, 6, 6, 6, 7, 7, 7, 7, 8, 8, 8, 8, 9, 9, 9, 9, 10, 10, 10, 10, 11, 11, 11, 11, 12, 12, 12, 12, 13, 13, 17, 17, 18, 18, 18, 18, 18, 18, 19, 19, 19, 19, 20, 20, 20, 20, 20, 20, 20, 20, 21, 21, 21, 21, 22, 22, 22, 22, 22, 22, 22, 22, 22, 22, 22, 22, 22, 22], "b_eggs_laid": [0, 1, 1, 1, 1, 2, 2, 2, 2, 3, 3, 3, 3, 6, 6, 6, 6, 7, 7, 7, 7, 8, 8, 8, 8, 9, 9, 9, 9, 10, 10, 10, 10, 11, 11, 11, 11, 12, 12, 12, 12, 13, 13, 13, 13, 17, 17, 17, 17, 17, 17, 18, 18, 18, 18, 19, 19, 19, 19, 20, 20, 20, 20, 21, 21, 21, 21, 22, 22, 22, 22, 22, 22, 22, 22, 22, 22, 22, 22, 22], "a_turds_left": [5, 5, 5, 5, 5, 5, 5, 5, 5, 5, 5, 5, 5, 5, 5, 5, 5, 5, 5, 5, 5, 5, 5, 5, 5, 5, 5, 5, 5, 5, 5, 5, 5, 5, 5, 5, 5, 5, 5, 5, 5, 5, 5, 5, 5, 5, 5, 5, 5, 5, 5, 5, 5, 5, 5, 5, 5, 5, 5, 5, 5, 5, 5, 5, 5, 5, 5, 5, 5, 5, 5, 5, 5, 5, 5, 5, 5, 5, 5, 5], "b_turds_left": [5, 5, 5, 4, 4, 4, 4, 3, 3, 3, 3, 2, 2, 2, 2, 2, 2, 2, 2, 1, 1, 1, 1, 1, 1, 1, 1, 1, 1, 1, 1, 1, 1, 1, 1, 1, 1, 1, 1, 1, 1, 1, 1, 1, 1, 1, 1, 1, 1, 1, 1, 1, 1, 1, 1, 1, 1, 1, 1, 1, 1, 1, 1, 1, 1, 1, 1, 1, 1, 1, 1, 1, 1, 1, 1, 1, 1, 0, 0, 0], "a_time_left": [359.9713257080002, 359.9713257080002, 359.9492983329983, 359.9492983329983, 359.92135520800366, 359.92135520800366, 359.9059203330253, 359.9059203330253, 359.88307837501634, 359.88307837501634, 359.8694180409948, 359.8694180409948, 359.85864433299867, 359.85864433299867, 359.845620875014, 359.845620875014, 359.8118022910203, 359.8118022910203, 359.793531791016, 359.793531791016, 359.7778178740118, 359.7778178740118, 359.76098499901127, 359.76098499901127, 359.72093987400876, 359.72093987400876, 359.6970404990134, 359.6970404990134, 359.66035858300165, 359.66035858300165, 359.6364050830016, 359.6364050830016, 359.6006106249988, 359.6006106249988, 359.57493616701686, 359.57493616701686, 359.5471738340275, 359.5471738340275, 359.5222083340341, 359.5222083340341, 359.5062115000619, 359.5062115000619, 359.4915519160568, 359.4915519160568, 359.46823412404046, 359.46823412404046, 359.4639134160243, 359.4639134160243, 359.4438440829981, 359.4438440829981, 359.41942162500345, 359.41942162500345, 359.4041831670038, 359.4041831670038, 359.3788121669786, 359.3788121669786, 359.3596974169777, 359.3596974169777, 359.35227216698695, 359.35227216698695, 359.3442632090009, 359.3442632090009, 359.33262875000946, 359.33262875000946, 359.3254833340179, 359.3254833340179, 359.320351167029, 359.320351167029, 359.30480029204045, 359.30480029204045, 359.301562208042, 359.301562208042, 359.28439512406476, 359.28439512406476, 359.28009533305885, 359.28009533305885, 359.2693682490499, 359.2693682490499, 359.26839187403675, 359.26839187403675], "b_time_left": [360, 359.97125579198473, 359.97125579198473, 359.94365574998665, 359.94365574998665, 359.9222303329734, 359.9222303329734, 359.904844374978, 359.904844374978, 359.88388304098044, 359.88388304098044, 359.87315204096376, 359.87315204096376, 359.85949199897004, 359.85949199897004, 359.851674748963, 359.851674748963, 359.8180760819523, 359.8180760819523, 359.7921224569436, 359.7921224569436, 359.7630874569295, 359.7630874569295, 359.7472199979238, 359.7472199979238, 359.7052486229222, 359.7052486229222, 359.6813562059251, 359.6813562059251, 359.64033345589996, 359.64033345589996, 359.61579874690506, 359.61579874690506, 359.5752347059024, 359.5752347059024, 359.550658539898, 359.550658539898, 359.5277395818848, 359.5277395818848, 359.50870758187375, 359.50870758187375, 359.48595258189016, 359.48595258189016, 359.477282123873, 359.477282123873, 359.47389399886015, 359.47389399886015, 359.4640159148548, 359.4640159148548, 359.44663662387757, 359.44663662387757, 359.42219004087383, 359.42219004087383, 359.4042306658812, 359.4042306658812, 359.3540729158849, 359.3540729158849, 359.34285904088756, 359.34285904088756, 359.321458415885, 359.321458415885, 359.30729799886467, 359.30729799886467, 359.29844108285033, 359.29844108285033, 359.2872260828444, 359.2872260828444, 359.2785328748578, 359.2785328748578, 359.2717269998684, 359.2717269998684, 359.2653912498499, 359.2653912498499, 359.25659858383005, 359.25659858383005, 359.24757875083014, 359.24757875083014, 359.24394233481144, 359.24394233481144, 359.24339266881], "a_moves_left": [39, 39, 38, 38, 37, 37, 36, 36, 35, 35, 34, 34, 33, 33, 32, 32, 31, 31, 30, 30, 29, 29, 28, 28, 27, 27, 26, 26, 25, 25, 24, 24, 23, 23, 22, 22, 21, 21, 20, 20, 19, 19, 18, 18, 17, 17, 16, 16, 15, 15, 14, 14, 13, 13, 12, 12, 11, 11, 10, 10, 9, 9, 8, 8, 7, 7, 6, 6, 5, 5, 4, 4, 3, 3, 2, 2, 1, 1, 0, 0], "b_moves_left": [40, 39, 39, 38, 38, 37, 37, 36, 36, 35, 35, 34, 34, 33, 33, 32, 32, 31, 31, 30, 30, 29, 29, 28, 28, 27, 27, 26, 26, 25, 25, 24, 24, 23, 23, 22, 22, 21, 21, 20, 20, 19, 19, 18, 18, 17, 17, 16, 16, 15, 15, 14, 14, 13, 13, 12, 12, 11, 11, 10, 10, 9, 9, 8, 8, 7, 7, 6, 6, 5, 5, 4, 4, 3, 3, 2, 2, 1, 1, 0], "trapdoor_triggered": [0, 0, 0, 0, 0, 0, 0, 0, 0, 0, 0, 0, 0, 0, 0, 0, 0, 0, 0, 0, 0, 0, 0, 0, 0, 0, 0, 0, 0, 0, 0, 0, 0, 0, 0, 0, 0, 0, 0, 0, 0, 1, 0, 0, 1, 0, 0, 0, 0, 0, 0, 0, 0, 0, 0, 0, 0, 0, 0, 0, 0, 0, 0, 0, 0, 0, 0, 0, 0, 0, 0, 0, 0, 0, 0, 0, 0, 0, 0, 0], "left_behind": ["egg", "egg", "plain", "turd", "egg", "egg", "plain", "turd", "egg", "egg", "plain", "turd", "egg", "egg", "plain", "plain", "egg", "egg", "plain", "turd", "egg", "egg", "plain", "plain", "egg", "egg", "plain", "plain", "egg", "egg", "plain", "plain", "egg", "egg", "plain", "plain", "egg", "egg", "plain", "plain", "egg", "egg", "plain", "plain", "egg", "plain", "plain", "plain", "plain", "plain", "egg", "egg", "plain", "plain", "egg", "egg", "plain", "plain", "plain", "egg", "plain", "plain", "egg", "egg", "plain", "plain", "egg", "egg", "plain", "plain", "plain", "plain", "plain", "plain", "plain", "plain", "plain", "turd", "plain", "plain"], "errlog_a": "", "errlog_b": "", "start_time": 360, "start_moves": 40, "turn_count": 80, "result": 2, "reason": "EGGS_LAID", "trapdoors": [[5, 5], [4, 5]], "spawn_a": [0, 6], "spawn_b": [7, 6]}