{"pos": [[7, 2], [1, 3], [7, 1], [1, 2], [7, 2], [0, 2], [6, 2], [0, 1], [6, 1], [1, 1], [6, 0]], "a_eggs_laid": [1, 1, 1, 1, 2, 2, 2, 2, 3, 3, 3], "b_eggs_laid": [0, 1, 1, 1, 1, 2, 2, 2, 2, 3, 3], "a_turds_left": [5, 5, 5, 5, 5, 5, 5, 5, 5, 5, 5], "b_turds_left": [5, 5, 5, 4, 4, 4, 4, 3, 3, 3, 3], "a_time_left": [359.951833833009, 359.951833833009, 359.9126799580117, 359.9126799580117, 359.86252054100623, 359.86252054100623, 359.8418856660137, 359.8418856660137, 359.7821421660192, 359.7821421660192, 359.72942558303475], "b_time_left": [360, 355.9994794999948, 355.9994794999948, 351.99897583399434, 351.99897583399434, 347.9979556259932, 347.9979556259932, 343.99748462598654, 343.99748462598654, 339.9967254179646, 339.9967254179646], "a_moves_left": [39, 39, 38, 38, 37, 37, 36, 36, 35, 35, 34], "b_moves_left": [40, 39, 39, 38, 38, 37, 37, 36, 36, 35, 35], "trapdoor_triggered": [0, 0, 0, 0, 0, 0, 0, 0, 0, 0, 0], "left_behind": ["egg", "egg", "plain", "turd", "egg", "egg", "plain", "turd", "egg", "egg", "plain"], "errlog_a": "", "errlog_b": "Timeout", "start_time": 360, "start_moves": 40, "turn_count": 11, "result": 0, "reason": "CODE_CRASH", "trapdoors": [[2, 2], [3, 2]], "spawn_a": [7, 3], "spawn_b": [0, 3]}