{"pos": [[7, 2], [1, 1], [7, 3], [1, 2], [7, 2], [2, 2], [6, 2], [2, 1], [6, 1], [3, 1], [6, 0], [4, 1], [6, 1], [4, 2], [5, 1], [5, 2], [5, 0], [5, 3], [4, 0], [5, 4], [5, 0], [6, 4], [6, 0], [6, 5], [7, 0], [6, 6], [7, 1], [5, 6], [7, 0], [4, 6], [7, 1], [3, 6], [7, 0], [2, 6], [7, 1], [2, 5], [7, 0], [2, 4], [7, 1], [2, 3], [7, 0], [2, 4], [7, 1], [1, 4], [7, 0], [1, 5], [7, 1], [1, 6], [7, 0], [2, 6], [7, 1], [2, 7], [7, 0], [3, 7], [7, 1], [4, 7], [7, 0], [5, 7], [7, 1], [6, 7], [7, 0], [6, 6], [7, 1], [7, 6], [7, 0], [7, 5], [7, 1], [7, 4], [7, 0], [6, 4], [7, 1], [6, 3], [7, 0], [5, 3], [7, 1], [4, 3], [7, 0], [4, 2], [7, 1], [4, 1]], "a_eggs_laid": [1, 1, 1, 1, 2, 2, 2, 2, 3, 3, 3, 3, 4, 4, 4, 4, 5, 5, 5, 5, 6, 6, 6, 6, 6, 6, 6, 6, 6, 6, 6, 6, 6, 6, 6, 6, 6, 6, 6, 6, 6, 6, 6, 6, 6, 6, 6, 6, 6, 6, 6, 6, 6, 6, 6, 6, 6, 6, 6, 6, 6, 6, 6, 6, 6, 6, 6, 6, 6, 6, 6, 6, 6, 6, 6, 6, 6, 6, 6, 6], "b_eggs_laid": [0, 1, 1, 1, 1, 2, 2, 2, 2, 3, 3, 3, 3, 4, 4, 4, 4, 5, 5, 5, 5, 6, 6, 6, 6, 7, 7, 7, 7, 8, 8, 8, 8, 9, 9, 9, 9, 10, 10, 10, 10, 11, 11, 11, 11, 12, 12, 12, 12, 13, 13, 13, 13, 14, 14, 14, 14, 15, 15, 15, 15, 16, 16, 16, 16, 17, 17, 17, 17, 18, 18, 18, 18, 19, 19, 19, 19, 20, 20, 20], "a_turds_left": [5, 5, 5, 5, 5, 5, 5, 5, 5, 5, 5, 5, 5, 5, 5, 5, 5, 5, 5, 5, 5, 5, 5, 5, 5, 5, 5, 5, 5, 5, 5, 5, 5, 5, 5, 5, 5, 5, 5, 5, 5, 5, 5, 5, 5, 5, 5, 5, 5, 5, 5, 5, 5, 5, 5, 5, 5, 5, 5, 5, 5, 5, 5, 5, 5, 5, 5, 5, 5, 5, 5, 5, 5, 5, 5, 5, 5, 5, 5, 5], "b_turds_left": [5, 5, 5, 5, 5, 5, 5, 4, 4, 4, 4, 3, 3, 3, 3, 3, 3, 3, 3, 2, 2, 2, 2, 1, 1, 1, 1, 1, 1, 1, 1, 1, 1, 1, 1, 1, 1, 1, 1, 1, 1, 1, 1, 1, 1, 1, 1, 1, 1, 1, 1, 1, 1, 1, 1, 1, 1, 1, 1, 1, 1, 1, 1, 1, 1, 1, 1, 1, 1, 1, 1, 1, 1, 1, 1, 1, 1, 1, 1, 0], "a_time_left": [359.95674479199806, 359.95674479199806, 359.9163584999915, 359.9163584999915, 359.8689826670161, 359.8689826670161, 359.8391910000355, 359.8391910000355, 359.7668660830532, 359.7668660830532, 359.7233952910756, 359.7233952910756, 359.6819537500851, 359.6819537500851, 359.64184112509247, 359.64184112509247, 359.62943766708486, 359.62943766708486, 359.6075676260807, 359.6075676260807, 359.5929477510799, 359.5929477510799, 359.57325391707127, 359.57325391707127, 359.5564492510748, 359.5564492510748, 359.540276001062, 359.540276001062, 359.52692908406607, 359.52692908406607, 359.51050833406043, 359.51050833406043, 359.4972526670608, 359.4972526670608, 359.4301602500782, 359.4301602500782, 359.41666216708836, 359.41666216708836, 359.40103358309716, 359.40103358309716, 359.3875969160872, 359.3875969160872, 359.37298654107144, 359.37298654107144, 359.3595187080791, 359.3595187080791, 359.3445062080864, 359.3445062080864, 359.3311965421017, 359.3311965421017, 359.3156321251008, 359.3156321251008, 359.3050466250861, 359.3050466250861, 359.293463750073, 359.293463750073, 359.2829310000525, 359.2829310000525, 359.27114245903795, 359.27114245903795, 359.2604696250346, 359.2604696250346, 359.2453677090525, 359.2453677090525, 359.2333552920318, 359.2333552920318, 359.2214534590312, 359.2214534590312, 359.21373566702823, 359.21373566702823, 359.2048293330299, 359.2048293330299, 359.19703508302337, 359.19703508302337, 359.18645000000834, 359.18645000000834, 359.1712413750065, 359.1712413750065, 359.1667072910059, 359.1667072910059], "b_time_left": [360, 359.94335079099983, 359.94335079099983, 359.89226916601183, 359.89226916601183, 359.82474154102965, 359.82474154102965, 359.76011695803027, 359.76011695803027, 359.70435408302, 359.70435408302, 359.659012374992, 359.659012374992, 359.59964049997507, 359.59964049997507, 359.56252970796777, 359.56252970796777, 359.5355427499744, 359.5355427499744, 359.51887791696936, 359.51887791696936, 359.48016341697075, 359.48016341697075, 359.448067041958, 359.448067041958, 359.4157483759627, 359.4157483759627, 359.381325084978, 359.381325084978, 359.3421177099808, 359.3421177099808, 359.30599108498427, 359.30599108498427, 359.2679845849925, 359.2679845849925, 359.22448629300925, 359.22448629300925, 359.18667995900614, 359.18667995900614, 359.1514933760045, 359.1514933760045, 359.1181364170043, 359.1181364170043, 359.0831505419919, 359.0831505419919, 359.0449242089817, 359.0449242089817, 359.0087222919974, 359.0087222919974, 358.9745561669988, 358.9745561669988, 358.9384304169798, 358.9384304169798, 358.9157626249653, 358.9157626249653, 358.89098958295654, 358.89098958295654, 358.87004791595973, 358.87004791595973, 358.8452938319824, 358.8452938319824, 358.82536162398173, 358.82536162398173, 358.79141612397507, 358.79141612397507, 358.7741841649695, 358.7741841649695, 358.75124258198775, 358.75124258198775, 358.7412494569726, 358.7412494569726, 358.72528404096374, 358.72528404096374, 358.71289254096337, 358.71289254096337, 358.6966662069608, 358.6966662069608, 358.6871149149665, 358.6871149149665, 358.68575487297494], "a_moves_left": [39, 39, 38, 38, 37, 37, 36, 36, 35, 35, 34, 34, 33, 33, 32, 32, 31, 31, 30, 30, 29, 29, 28, 28, 27, 27, 26, 26, 25, 25, 24, 24, 23, 23, 22, 22, 21, 21, 20, 20, 19, 19, 18, 18, 17, 17, 16, 16, 15, 15, 14, 14, 13, 13, 12, 12, 11, 11, 10, 10, 9, 9, 8, 8, 7, 7, 6, 6, 5, 5, 4, 4, 3, 3, 2, 2, 1, 1, 0, 0], "b_moves_left": [40, 39, 39, 38, 38, 37, 37, 36, 36, 35, 35, 34, 34, 33, 33, 32, 32, 31, 31, 30, 30, 29, 29, 28, 28, 27, 27, 26, 26, 25, 25, 24, 24, 23, 23, 22, 22, 21, 21, 20, 20, 19, 19, 18, 18, 17, 17, 16, 16, 15, 15, 14, 14, 13, 13, 12, 12, 11, 11, 10, 10, 9, 9, 8, 8, 7, 7, 6, 6, 5, 5, 4, 4, 3, 3, 2, 2, 1, 1, 0], "trapdoor_triggered": [0, 0, 0, 0, 0, 0, 0, 0, 0, 0, 0, 0, 0, 0, 0, 0, 0, 0, 0, 0, 0, 0, 0, 0, 0, 0, 0, 0, 0, 0, 0, 0, 0, 0, 0, 0, 0, 0, 0, 0, 0, 0, 0, 0, 0, 0, 0, 0, 0, 0, 0, 0, 0, 0, 0, 0, 0, 0, 0, 0, 0, 0, 0, 0, 0, 0, 0, 0, 0, 0, 0, 0, 0, 0, 0, 0, 0, 0, 0, 0], "left_behind": ["egg", "egg", "plain", "plain", "egg", "egg", "plain", "turd", "egg", "egg", "plain", "turd", "egg", "egg", "plain", "plain", "egg", "egg", "plain", "turd", "egg", "egg", "plain", "turd", "plain", "egg", "plain", "plain", "plain", "egg", "plain", "plain", "plain", "egg", "plain", "plain", "plain", "egg", "plain", "plain", "plain", "egg", "plain", "plain", "plain", "egg", "plain", "plain", "plain", "egg", "plain", "plain", "plain", "egg", "plain", "plain", "plain", "egg", "plain", "plain", "plain", "egg", "plain", "plain", "plain", "egg", "plain", "plain", "plain", "egg", "plain", "plain", "plain", "egg", "plain", "plain", "plain", "egg", "plain", "turd"], "errlog_a": "", "errlog_b": "", "start_time": 360, "start_moves": 40, "turn_count": 80, "result": 1, "reason": "EGGS_LAID", "trapdoors": [[3, 3], [4, 5]], "spawn_a": [7, 1], "spawn_b": [0, 1]}