{"pos": [[7, 4], [0, 4], [7, 3], [1, 4], [7, 2], [2, 4], [7, 1], [3, 4], [7, 2], [0, 5], [6, 2], [1, 5], [6, 1], [2, 5], [6, 0], [3, 5], [6, 1], [4, 5], [5, 1], [4, 4], [4, 1], [4, 3], [4, 0], [4, 2], [4, 1], [3, 2], [4, 2], [3, 1], [4, 1], [2, 1], [3, 1], [2, 2], [3, 0], [1, 2], [2, 0], [1, 3], [1, 0], [0, 3], [0, 0], [0, 2], [0, 1], [1, 2], [1, 1], [1, 3], [0, 1], [1, 2], [0, 2], [1, 3], [0, 1], [1, 2], [0, 0], [1, 3], [1, 0], [1, 2], [2, 0], [1, 3], [3, 0], [1, 2], [4, 0], [1, 3], [5, 0], [1, 2], [6, 0], [1, 3], [6, 1], [1, 2], [6, 0], [1, 3], [6, 1], [1, 2], [6, 0], [1, 3], [6, 1], [1, 2], [6, 0], [1, 3], [6, 1], [1, 2], [6, 0], [2, 2]], "a_eggs_laid": [1, 1, 1, 1, 2, 2, 2, 2, 3, 3, 7, 7, 8, 8, 8, 8, 9, 9, 9, 9, 10, 10, 10, 10, 11, 11, 11, 11, 12, 12, 12, 12, 13, 13, 13, 13, 14, 14, 14, 14, 17, 17, 17, 17, 18, 18, 18, 18, 19, 19, 19, 19, 19, 19, 19, 19, 19, 19, 19, 19, 19, 19, 19, 19, 19, 19, 19, 19, 19, 19, 19, 19, 19, 19, 19, 19, 19, 19, 19, 19], "b_eggs_laid": [0, 1, 1, 1, 1, 2, 2, 2, 2, 3, 3, 3, 3, 3, 3, 4, 4, 4, 4, 5, 5, 5, 5, 6, 6, 6, 6, 7, 7, 7, 7, 8, 8, 8, 8, 9, 9, 9, 9, 10, 10, 10, 10, 10, 10, 10, 10, 10, 10, 10, 10, 10, 10, 10, 10, 10, 10, 10, 10, 10, 10, 10, 10, 10, 10, 10, 10, 10, 10, 10, 10, 10, 10, 10, 10, 10, 10, 10, 10, 10], "a_turds_left": [5, 5, 5, 5, 5, 5, 5, 5, 5, 5, 5, 5, 5, 5, 5, 5, 5, 5, 5, 5, 5, 5, 5, 5, 5, 5, 5, 5, 5, 5, 5, 5, 5, 5, 5, 5, 5, 5, 5, 5, 5, 5, 5, 5, 5, 5, 5, 5, 5, 5, 5, 5, 5, 5, 5, 5, 5, 5, 5, 5, 5, 5, 5, 5, 5, 5, 5, 5, 5, 5, 5, 5, 5, 5, 5, 5, 5, 5, 5, 5], "b_turds_left": [5, 5, 5, 5, 5, 5, 5, 4, 4, 4, 4, 4, 4, 3, 3, 3, 3, 2, 2, 2, 2, 1, 1, 1, 1, 1, 1, 1, 1, 1, 1, 1, 1, 1, 1, 1, 1, 1, 1, 1, 1, 1, 1, 1, 1, 1, 1, 1, 1, 1, 1, 1, 1, 1, 1, 1, 1, 1, 1, 1, 1, 1, 1, 1, 1, 1, 1, 1, 1, 1, 1, 1, 1, 1, 1, 1, 1, 0, 0, 0], "a_time_left": [359.9376288340136, 359.9376288340136, 359.8905305840017, 359.8905305840017, 359.8357374170155, 359.8357374170155, 359.79837641702034, 359.79837641702034, 359.75237716702395, 359.75237716702395, 359.7372004590288, 359.7372004590288, 359.6675566260237, 359.6675566260237, 359.6190143340209, 359.6190143340209, 359.57452975102933, 359.57452975102933, 359.5313974180317, 359.5313974180317, 359.4641125430353, 359.4641125430353, 359.4273187510262, 359.4273187510262, 359.39226500104996, 359.39226500104996, 359.3618757510558, 359.3618757510558, 359.3391290840518, 359.3391290840518, 359.30717220905353, 359.30717220905353, 359.2825548760593, 359.2825548760593, 359.25492900106474, 359.25492900106474, 359.2236689180718, 359.2236689180718, 359.20168062706944, 359.20168062706944, 359.1873107520805, 359.1873107520805, 359.17855191908893, 359.17855191908893, 359.1533955850755, 359.1533955850755, 359.1466792100691, 359.1466792100691, 359.13347062608227, 359.13347062608227, 359.1278928761021, 359.1278928761021, 359.11868287611287, 359.11868287611287, 359.1124982101028, 359.1124982101028, 359.10292308509815, 359.10292308509815, 359.095980377082, 359.095980377082, 359.08051675208844, 359.08051675208844, 359.07228304308956, 359.07228304308956, 359.0577638760733, 359.0577638760733, 359.04632429307094, 359.04632429307094, 359.03174816805404, 359.03174816805404, 359.0201988770568, 359.0201988770568, 359.00560204306385, 359.00560204306385, 358.9940961270768, 358.9940961270768, 358.97962900210405, 358.97962900210405, 358.9759894190938, 358.9759894190938], "b_time_left": [360, 359.92796162498416, 359.92796162498416, 359.87955499999225, 359.87955499999225, 359.82609104100266, 359.82609104100266, 359.7704901660036, 359.7704901660036, 359.7140662909951, 359.7140662909951, 359.6800828319974, 359.6800828319974, 359.5935326649924, 359.5935326649924, 359.56185158199514, 359.56185158199514, 359.4602042490151, 359.4602042490151, 359.41597037401516, 359.41597037401516, 359.33308854102506, 359.33308854102506, 359.30699383301544, 359.30699383301544, 359.28101429203525, 359.28101429203525, 359.26829933404224, 359.26829933404224, 359.24403258404345, 359.24403258404345, 359.2279227510444, 359.2279227510444, 359.18803787606885, 359.18803787606885, 359.1639536260918, 359.1639536260918, 359.1184895010956, 359.1184895010956, 359.10643537610304, 359.10643537610304, 359.09472708409885, 359.09472708409885, 359.0821307511069, 359.0821307511069, 359.04873650110676, 359.04873650110676, 359.04176200111397, 359.04176200111397, 359.0089643341198, 359.0089643341198, 359.0001412501151, 359.0001412501151, 358.9653486661264, 358.9653486661264, 358.95617912412854, 358.95617912412854, 358.9224561661249, 358.9224561661249, 358.91071379111963, 358.91071379111963, 358.87626545812236, 358.87626545812236, 358.8610374581185, 358.8610374581185, 358.8101850411331, 358.8101850411331, 358.7950677491317, 358.7950677491317, 358.74443562413217, 358.74443562413217, 358.72933562411345, 358.72933562411345, 358.678414749098, 358.678414749098, 358.6630590411078, 358.6630590411078, 358.6373367080814, 358.6373367080814, 358.63685204208014], "a_moves_left": [39, 39, 38, 38, 37, 37, 36, 36, 35, 35, 34, 34, 33, 33, 32, 32, 31, 31, 30, 30, 29, 29, 28, 28, 27, 27, 26, 26, 25, 25, 24, 24, 23, 23, 22, 22, 21, 21, 20, 20, 19, 19, 18, 18, 17, 17, 16, 16, 15, 15, 14, 14, 13, 13, 12, 12, 11, 11, 10, 10, 9, 9, 8, 8, 7, 7, 6, 6, 5, 5, 4, 4, 3, 3, 2, 2, 1, 1, 0, 0], "b_moves_left": [40, 39, 39, 38, 38, 37, 37, 36, 36, 35, 35, 34, 34, 33, 33, 32, 32, 31, 31, 30, 30, 29, 29, 28, 28, 27, 27, 26, 26, 25, 25, 24, 24, 23, 23, 22, 22, 21, 21, 20, 20, 19, 19, 18, 18, 17, 17, 16, 16, 15, 15, 14, 14, 13, 13, 12, 12, 11, 11, 10, 10, 9, 9, 8, 8, 7, 7, 6, 6, 5, 5, 4, 4, 3, 3, 2, 2, 1, 1, 0], "trapdoor_triggered": [0, 0, 0, 0, 0, 0, 0, 0, 0, 1, 0, 0, 0, 0, 0, 0, 0, 0, 0, 0, 0, 0, 0, 0, 0, 0, 0, 0, 0, 0, 0, 0, 0, 0, 0, 0, 0, 0, 0, 0, 0, 0, 0, 0, 0, 0, 0, 0, 0, 0, 0, 0, 0, 0, 0, 0, 0, 0, 0, 0, 0, 0, 0, 0, 0, 0, 0, 0, 0, 0, 0, 0, 0, 0, 0, 0, 0, 0, 0, 0], "left_behind": ["egg", "egg", "plain", "plain", "egg", "egg", "plain", "turd", "egg", "egg", "plain", "plain", "egg", "turd", "plain", "egg", "egg", "turd", "plain", "egg", "egg", "turd", "plain", "egg", "egg", "plain", "plain", "egg", "egg", "plain", "plain", "egg", "egg", "plain", "plain", "egg", "egg", "plain", "plain", "egg", "egg", "plain", "plain", "plain", "egg", "plain", "plain", "plain", "egg", "plain", "plain", "plain", "plain", "plain", "plain", "plain", "plain", "plain", "plain", "plain", "plain", "plain", "plain", "plain", "plain", "plain", "plain", "plain", "plain", "plain", "plain", "plain", "plain", "plain", "plain", "plain", "plain", "turd", "plain", "plain"], "errlog_a": "", "errlog_b": "", "start_time": 360, "start_moves": 40, "turn_count": 80, "result": 0, "reason": "EGGS_LAID", "trapdoors": [[3, 3], [2, 3]], "spawn_a": [7, 5], "spawn_b": [0, 5]}