{"pos": [[0, 3], [7, 3], [0, 2], [7, 2], [0, 1], [7, 1], [0, 0], [7, 0], [1, 0], [7, 1], [2, 0], [6, 1], [3, 0], [5, 1], [3, 1], [5, 0], [2, 1], [5, 1], [1, 1], [4, 1], [1, 2], [5, 1], [1, 3], [5, 2], [1, 4], [6, 2], [1, 5], [6, 3], [1, 6], [6, 4], [2, 6], [6, 5], [3, 6], [7, 4], [3, 5], [7, 5], [3, 6], [7, 6], [4, 6], [7, 7], [4, 5], [6, 7], [4, 4], [6, 6], [3, 4], [5, 6], [3, 3], [5, 7], [3, 2], [4, 7], [4, 2], [3, 7], [3, 2], [3, 6], [2, 2], [3, 7], [2, 3], [2, 7], [2, 4], [1, 7], [2, 3], [0, 7], [2, 2], [0, 6], [2, 1], [0, 5], [2, 0], [0, 6], [2, 1], [1, 6], [2, 0], [1, 7], [2, 1], [1, 6], [2, 0], [1, 7], [2, 1], [1, 6], [2, 0], [1, 7]], "a_eggs_laid": [1, 1, 1, 1, 2, 2, 2, 2, 5, 5, 5, 5, 6, 6, 6, 6, 7, 7, 7, 7, 8, 8, 8, 8, 9, 9, 9, 9, 10, 10, 10, 10, 11, 11, 15, 15, 16, 16, 16, 16, 17, 17, 17, 17, 18, 18, 18, 18, 19, 19, 19, 19, 20, 20, 20, 20, 21, 21, 21, 21, 22, 22, 22, 22, 22, 22, 22, 22, 22, 22, 22, 22, 22, 22, 22, 22, 22, 22, 22, 22], "b_eggs_laid": [0, 1, 1, 1, 1, 2, 2, 2, 2, 5, 5, 5, 5, 6, 6, 6, 6, 7, 7, 7, 7, 8, 8, 8, 8, 9, 9, 9, 9, 10, 10, 10, 10, 11, 11, 11, 11, 11, 11, 12, 12, 12, 12, 13, 13, 13, 13, 14, 14, 14, 14, 15, 15, 15, 15, 16, 16, 16, 16, 17, 17, 17, 17, 20, 20, 20, 20, 21, 21, 21, 21, 22, 22, 22, 22, 22, 22, 22, 22, 22], "a_turds_left": [5, 5, 5, 5, 5, 5, 5, 5, 5, 5, 5, 5, 5, 5, 5, 5, 5, 5, 5, 5, 5, 5, 5, 5, 5, 5, 5, 5, 5, 5, 5, 5, 5, 5, 5, 5, 5, 5, 5, 5, 5, 5, 5, 5, 5, 5, 5, 5, 5, 5, 5, 5, 5, 5, 5, 5, 5, 5, 5, 5, 5, 5, 5, 5, 5, 5, 5, 5, 5, 5, 5, 5, 5, 5, 5, 5, 5, 5, 4, 4], "b_turds_left": [5, 5, 5, 5, 5, 5, 5, 5, 5, 5, 5, 5, 5, 5, 5, 5, 5, 5, 5, 5, 5, 5, 5, 5, 5, 5, 5, 5, 5, 5, 5, 5, 5, 5, 5, 5, 5, 5, 5, 5, 5, 5, 5, 5, 5, 5, 5, 5, 5, 5, 5, 5, 5, 5, 5, 5, 5, 5, 5, 5, 5, 5, 5, 5, 5, 5, 5, 5, 5, 5, 5, 5, 5, 5, 5, 5, 5, 5, 5, 5], "a_time_left": [359.95887662499445, 359.95887662499445, 359.9286665829859, 359.9286665829859, 359.9014217909862, 359.9014217909862, 359.8846706659824, 359.8846706659824, 359.8738709159952, 359.8738709159952, 359.8534197909903, 359.8534197909903, 359.8170331239817, 359.8170331239817, 359.7995197079872, 359.7995197079872, 359.76466883298417, 359.76466883298417, 359.7282883329899, 359.7282883329899, 359.68939608299115, 359.68939608299115, 359.64731874999416, 359.64731874999416, 359.59268583299126, 359.59268583299126, 359.5631140829937, 359.5631140829937, 359.51138391700806, 359.51138391700806, 359.4805115840136, 359.4805115840136, 359.43064141701325, 359.43064141701325, 359.4152219170064, 359.4152219170064, 359.37767975100724, 359.37767975100724, 359.3548187920096, 359.3548187920096, 359.32534366700565, 359.32534366700565, 359.31028050101304, 359.31028050101304, 359.26132883400714, 359.26132883400714, 359.24029904199415, 359.24029904199415, 359.1982410419878, 359.1982410419878, 359.18465783399006, 359.18465783399006, 359.16616508398147, 359.16616508398147, 359.1579327929794, 359.1579327929794, 359.1185793349723, 359.1185793349723, 359.1046523769619, 359.1046523769619, 359.06796895996376, 359.06796895996376, 359.05511225196824, 359.05511225196824, 359.04414620996977, 359.04414620996977, 359.0370531269582, 359.0370531269582, 359.02983008595766, 359.02983008595766, 359.0165707109554, 359.0165707109554, 359.00693729495106, 359.00693729495106, 359.0008932949422, 359.0008932949422, 358.9912208779424, 358.9912208779424, 358.98853071194026, 358.98853071194026], "b_time_left": [360, 359.9756967919966, 359.9756967919966, 359.9519489589875, 359.9519489589875, 359.9312240839936, 359.9312240839936, 359.9208899590012, 359.9208899590012, 359.90649937599665, 359.90649937599665, 359.89168495898775, 359.89168495898775, 359.85968937598227, 359.85968937598227, 359.83423304298776, 359.83423304298776, 359.80269412598864, 359.80269412598864, 359.77533287598635, 359.77533287598635, 359.7431380839844, 359.7431380839844, 359.7187276669865, 359.7187276669865, 359.67700291698566, 359.67700291698566, 359.65168712499144, 359.65168712499144, 359.6121163749922, 359.6121163749922, 359.586316291985, 359.586316291985, 359.54986533298506, 359.54986533298506, 359.5407905409811, 359.5407905409811, 359.524613623973, 359.524613623973, 359.49880954096443, 359.49880954096443, 359.4894466239639, 359.4894466239639, 359.4636872899573, 359.4636872899573, 359.44515033195785, 359.44515033195785, 359.42618137395766, 359.42618137395766, 359.41191470695776, 359.41191470695776, 359.40253674896667, 359.40253674896667, 359.3892660399724, 359.3892660399724, 359.3801024559798, 359.3801024559798, 359.3679799969832, 359.3679799969832, 359.3513884969725, 359.3513884969725, 359.3386591219605, 359.3386591219605, 359.3306741219567, 359.3306741219567, 359.3182073309581, 359.3182073309581, 359.3141769559588, 359.3141769559588, 359.3021412889648, 359.3021412889648, 359.2941774139763, 359.2941774139763, 359.28280132997315, 359.28280132997315, 359.2799543719739, 359.2799543719739, 359.272069996965, 359.272069996965, 359.2718131639558], "a_moves_left": [39, 39, 38, 38, 37, 37, 36, 36, 35, 35, 34, 34, 33, 33, 32, 32, 31, 31, 30, 30, 29, 29, 28, 28, 27, 27, 26, 26, 25, 25, 24, 24, 23, 23, 22, 22, 21, 21, 20, 20, 19, 19, 18, 18, 17, 17, 16, 16, 15, 15, 14, 14, 13, 13, 12, 12, 11, 11, 10, 10, 9, 9, 8, 8, 7, 7, 6, 6, 5, 5, 4, 4, 3, 3, 2, 2, 1, 1, 0, 0], "b_moves_left": [40, 39, 39, 38, 38, 37, 37, 36, 36, 35, 35, 34, 34, 33, 33, 32, 32, 31, 31, 30, 30, 29, 29, 28, 28, 27, 27, 26, 26, 25, 25, 24, 24, 23, 23, 22, 22, 21, 21, 20, 20, 19, 19, 18, 18, 17, 17, 16, 16, 15, 15, 14, 14, 13, 13, 12, 12, 11, 11, 10, 10, 9, 9, 8, 8, 7, 7, 6, 6, 5, 5, 4, 4, 3, 3, 2, 2, 1, 1, 0], "trapdoor_triggered": [0, 0, 0, 0, 0, 0, 0, 0, 0, 0, 0, 0, 0, 0, 0, 0, 0, 0, 0, 0, 0, 0, 0, 0, 0, 0, 0, 0, 0, 0, 0, 0, 0, 1, 0, 0, 0, 0, 0, 0, 0, 0, 0, 0, 0, 0, 0, 0, 0, 0, 0, 0, 0, 0, 0, 0, 0, 0, 0, 0, 0, 0, 0, 0, 0, 0, 0, 0, 0, 0, 0, 0, 0, 0, 0, 0, 0, 0, 0, 0], "left_behind": ["egg", "egg", "plain", "plain", "egg", "egg", "plain", "plain", "egg", "egg", "plain", "plain", "egg", "egg", "plain", "plain", "egg", "egg", "plain", "plain", "egg", "egg", "plain", "plain", "egg", "egg", "plain", "plain", "egg", "egg", "plain", "plain", "egg", "egg", "plain", "plain", "egg", "plain", "plain", "egg", "egg", "plain", "plain", "egg", "egg", "plain", "plain", "egg", "egg", "plain", "plain", "egg", "egg", "plain", "plain", "egg", "egg", "plain", "plain", "egg", "egg", "plain", "plain", "egg", "plain", "plain", "plain", "egg", "plain", "plain", "plain", "egg", "plain", "plain", "plain", "plain", "plain", "plain", "turd", "plain"], "errlog_a": "", "errlog_b": "", "start_time": 360, "start_moves": 40, "turn_count": 80, "result": 2, "reason": "EGGS_LAID", "trapdoors": [[5, 5], [5, 4]], "spawn_a": [0, 4], "spawn_b": [7, 4]}