{"pos": [[7, 2], [1, 3], [7, 1], [1, 4], [7, 2], [1, 5], [6, 2], [2, 5], [6, 1], [0, 3], [6, 0], [0, 2], [6, 1], [1, 2], [5, 1], [1, 1], [4, 1], [2, 1], [4, 0], [2, 2], [4, 1], [2, 3], [4, 2], [2, 2], [4, 3], [3, 2], [5, 3], [3, 1], [6, 3], [3, 0], [6, 4], [2, 0], [6, 5], [1, 0], [7, 5], [1, 1], [7, 6], [0, 1], [7, 7], [1, 1], [7, 6], [1, 2], [6, 6], [1, 3], [6, 5], [1, 4], [5, 5], [1, 5], [5, 6], [1, 6], [5, 7], [2, 6], [4, 7], [3, 6], [4, 6], [3, 7], [4, 5], [2, 7], [4, 4], [1, 7], [4, 3], [0, 7], [3, 3], [0, 6], [4, 3], [0, 5], [4, 2], [1, 5], [4, 1], [1, 4], [3, 1], [2, 4], [4, 1], [2, 3], [4, 0], [2, 4], [5, 0], [2, 3], [6, 0], [2, 2]], "a_eggs_laid": [1, 1, 1, 1, 2, 2, 2, 2, 3, 3, 7, 7, 8, 8, 8, 8, 9, 9, 9, 9, 10, 10, 10, 10, 11, 11, 11, 11, 12, 12, 12, 12, 13, 13, 13, 13, 14, 14, 14, 14, 17, 17, 17, 17, 18, 18, 18, 18, 19, 19, 19, 19, 20, 20, 20, 20, 21, 21, 21, 21, 22, 22, 22, 22, 23, 23, 23, 23, 23, 23, 23, 23, 24, 24, 24, 24, 24, 24, 24, 24], "b_eggs_laid": [0, 1, 1, 1, 1, 2, 2, 2, 2, 3, 3, 3, 3, 3, 3, 4, 4, 4, 4, 5, 5, 5, 5, 6, 6, 6, 6, 7, 7, 7, 7, 8, 8, 8, 8, 9, 9, 9, 9, 10, 10, 10, 10, 10, 10, 10, 10, 10, 10, 10, 10, 11, 11, 11, 11, 12, 12, 12, 12, 13, 13, 13, 13, 16, 16, 16, 16, 17, 17, 17, 17, 17, 17, 17, 17, 17, 17, 17, 17, 17], "a_turds_left": [5, 5, 5, 5, 5, 5, 5, 5, 5, 5, 5, 5, 5, 5, 5, 5, 5, 5, 5, 5, 5, 5, 5, 5, 5, 5, 5, 5, 5, 5, 5, 5, 5, 5, 5, 5, 5, 5, 5, 5, 5, 5, 5, 5, 5, 5, 5, 5, 5, 5, 5, 5, 5, 5, 5, 5, 5, 5, 5, 5, 5, 5, 5, 5, 5, 5, 5, 5, 5, 5, 5, 5, 5, 5, 5, 5, 5, 5, 5, 5], "b_turds_left": [5, 5, 5, 5, 5, 5, 5, 5, 5, 5, 5, 5, 5, 5, 5, 5, 5, 4, 4, 4, 4, 3, 3, 3, 3, 3, 3, 3, 3, 3, 3, 3, 3, 3, 3, 3, 3, 3, 3, 3, 3, 3, 3, 3, 3, 2, 2, 2, 2, 1, 1, 1, 1, 1, 1, 1, 1, 1, 1, 1, 1, 1, 1, 1, 1, 1, 1, 1, 1, 1, 1, 1, 1, 1, 1, 1, 1, 0, 0, 0], "a_time_left": [359.943894875003, 359.943894875003, 359.90869133299566, 359.90869133299566, 359.8593327909766, 359.8593327909766, 359.8244442489813, 359.8244442489813, 359.75457104097586, 359.75457104097586, 359.73279062396614, 359.73279062396614, 359.6966335819743, 359.6966335819743, 359.65350537298946, 359.65350537298946, 359.5808231229894, 359.5808231229894, 359.5384838729806, 359.5384838729806, 359.47836495700176, 359.47836495700176, 359.4318392490095, 359.4318392490095, 359.39647020801203, 359.39647020801203, 359.3695989990083, 359.3695989990083, 359.31016379001085, 359.31016379001085, 359.2861532480165, 359.2861532480165, 359.2219054980087, 359.2219054980087, 359.1866019559966, 359.1866019559966, 359.1482007469749, 359.1482007469749, 359.12105345597956, 359.12105345597956, 359.10124012298184, 359.10124012298184, 359.08398491496337, 359.08398491496337, 359.0198025399586, 359.0198025399586, 358.99566841495107, 358.99566841495107, 358.92483033196186, 358.92483033196186, 358.87641324897413, 358.87641324897413, 358.8380787909846, 358.8380787909846, 358.8182755409798, 358.8182755409798, 358.7906180829741, 358.7906180829741, 358.76636204097304, 358.76636204097304, 358.71380262396997, 358.71380262396997, 358.6931998739601, 358.6931998739601, 358.67411233193707, 358.67411233193707, 358.6464191649284, 358.6464191649284, 358.63739499793155, 358.63739499793155, 358.62007845693734, 358.62007845693734, 358.6046549149323, 358.6046549149323, 358.5912822059181, 358.5912822059181, 358.58200953991036, 358.58200953991036, 358.57857845691615, 358.57857845691615], "b_time_left": [360, 359.94025445901207, 359.94025445901207, 359.8865700000024, 359.8865700000024, 359.8202650829917, 359.8202650829917, 359.7593199989933, 359.7593199989933, 359.697070499009, 359.697070499009, 359.67241062398534, 359.67241062398534, 359.60213637398556, 359.60213637398556, 359.5517370819871, 359.5517370819871, 359.4682464989892, 359.4682464989892, 359.43997595697874, 359.43997595697874, 359.3531082489644, 359.3531082489644, 359.3152205819497, 359.3152205819497, 359.27168708195677, 359.27168708195677, 359.2483265399642, 359.2483265399642, 359.17632516496815, 359.17632516496815, 359.15511991496896, 359.15511991496896, 359.0946297479677, 359.0946297479677, 359.07461637296365, 359.07461637296365, 359.0397052889748, 359.0397052889748, 359.02576628897805, 359.02576628897805, 358.99354845596827, 358.99354845596827, 358.9610358309583, 358.9610358309583, 358.8686999139318, 358.8686999139318, 358.83524324794416, 358.83524324794416, 358.7450058729446, 358.7450058729446, 358.71615891496185, 358.71615891496185, 358.6709033319494, 358.6709033319494, 358.65619433193933, 358.65619433193933, 358.6189100819465, 358.6189100819465, 358.59286608194816, 358.59286608194816, 358.5447968739318, 358.5447968739318, 358.53530404091, 358.53530404091, 358.48847270791885, 358.48847270791885, 358.4739010409394, 358.4739010409394, 358.4372549999389, 358.4372549999389, 358.4273950829229, 358.4273950829229, 358.37904691591393, 358.37904691591393, 358.3660405819246, 358.3660405819246, 358.34662966491305, 358.34662966491305, 358.34596891491674], "a_moves_left": [39, 39, 38, 38, 37, 37, 36, 36, 35, 35, 34, 34, 33, 33, 32, 32, 31, 31, 30, 30, 29, 29, 28, 28, 27, 27, 26, 26, 25, 25, 24, 24, 23, 23, 22, 22, 21, 21, 20, 20, 19, 19, 18, 18, 17, 17, 16, 16, 15, 15, 14, 14, 13, 13, 12, 12, 11, 11, 10, 10, 9, 9, 8, 8, 7, 7, 6, 6, 5, 5, 4, 4, 3, 3, 2, 2, 1, 1, 0, 0], "b_moves_left": [40, 39, 39, 38, 38, 37, 37, 36, 36, 35, 35, 34, 34, 33, 33, 32, 32, 31, 31, 30, 30, 29, 29, 28, 28, 27, 27, 26, 26, 25, 25, 24, 24, 23, 23, 22, 22, 21, 21, 20, 20, 19, 19, 18, 18, 17, 17, 16, 16, 15, 15, 14, 14, 13, 13, 12, 12, 11, 11, 10, 10, 9, 9, 8, 8, 7, 7, 6, 6, 5, 5, 4, 4, 3, 3, 2, 2, 1, 1, 0], "trapdoor_triggered": [0, 0, 0, 0, 0, 0, 0, 0, 0, 1, 0, 0, 0, 0, 0, 0, 0, 0, 0, 0, 0, 0, 0, 0, 0, 0, 0, 0, 0, 0, 0, 0, 0, 0, 0, 0, 0, 0, 0, 0, 0, 0, 0, 0, 0, 0, 0, 0, 0, 0, 0, 0, 0, 0, 0, 0, 0, 0, 0, 0, 0, 0, 0, 0, 0, 0, 0, 0, 0, 0, 0, 0, 0, 0, 0, 0, 0, 0, 0, 0], "left_behind": ["egg", "egg", "plain", "plain", "egg", "egg", "plain", "plain", "egg", "egg", "plain", "plain", "egg", "plain", "plain", "egg", "egg", "turd", "plain", "egg", "egg", "turd", "plain", "egg", "egg", "plain", "plain", "egg", "egg", "plain", "plain", "egg", "egg", "plain", "plain", "egg", "egg", "plain", "plain", "egg", "egg", "plain", "plain", "plain", "egg", "turd", "plain", "plain", "egg", "turd", "plain", "egg", "egg", "plain", "plain", "egg", "egg", "plain", "plain", "egg", "egg", "plain", "plain", "egg", "egg", "plain", "plain", "egg", "plain", "plain", "plain", "plain", "egg", "plain", "plain", "plain", "plain", "turd", "plain", "plain"], "errlog_a": "", "errlog_b": "", "start_time": 360, "start_moves": 40, "turn_count": 80, "result": 0, "reason": "EGGS_LAID", "trapdoors": [[3, 5], [3, 4]], "spawn_a": [7, 3], "spawn_b": [0, 3]}