{"pos": [[0, 3], [7, 3], [0, 2], [7, 2], [0, 1], [7, 1], [0, 0], [7, 0], [1, 0], [7, 1], [2, 0], [6, 1], [3, 0], [5, 1], [3, 1], [5, 2], [2, 1], [6, 2], [1, 1], [6, 3], [1, 2], [6, 4], [1, 3], [6, 5], [1, 4], [6, 6], [1, 5], [7, 6], [1, 6], [6, 6], [2, 6], [6, 7], [3, 6], [6, 6], [4, 6], [5, 6], [0, 4], [5, 5], [0, 5], [5, 4], [0, 6], [5, 3], [1, 6], [4, 3], [1, 7], [4, 4], [2, 7], [3, 4], [3, 7], [3, 3], [3, 6], [3, 2], [3, 5], [4, 2], [3, 6], [4, 1], [3, 5], [4, 0], [3, 6], [5, 0], [3, 5], [6, 0], [3, 6], [7, 0], [3, 5], [7, 1], [3, 6], [7, 0], [3, 5], [7, 1], [3, 6], [7, 0], [3, 5], [7, 1], [3, 6], [7, 0], [3, 5], [7, 1], [3, 6], [7, 0]], "a_eggs_laid": [1, 1, 1, 1, 2, 2, 2, 2, 5, 5, 5, 5, 6, 6, 6, 6, 7, 7, 7, 7, 8, 8, 8, 8, 9, 9, 9, 9, 10, 10, 10, 10, 11, 11, 11, 11, 12, 12, 12, 12, 12, 12, 13, 13, 13, 13, 14, 14, 14, 14, 15, 15, 15, 15, 16, 16, 16, 16, 16, 16, 16, 16, 16, 16, 16, 16, 16, 16, 16, 16, 16, 16, 16, 16, 16, 16, 16, 16, 16, 16], "b_eggs_laid": [0, 1, 1, 1, 1, 2, 2, 2, 2, 5, 5, 5, 5, 6, 6, 6, 6, 7, 7, 7, 7, 8, 8, 8, 8, 9, 9, 9, 9, 10, 10, 10, 10, 11, 11, 11, 11, 16, 16, 16, 16, 17, 17, 17, 17, 18, 18, 18, 18, 19, 19, 19, 19, 20, 20, 20, 20, 21, 21, 21, 21, 22, 22, 22, 22, 22, 22, 22, 22, 22, 22, 22, 22, 22, 22, 22, 22, 22, 22, 22], "a_turds_left": [5, 5, 5, 5, 5, 5, 5, 5, 5, 5, 5, 5, 5, 5, 5, 5, 5, 5, 5, 5, 5, 5, 5, 5, 5, 5, 5, 5, 5, 5, 5, 5, 5, 5, 5, 5, 5, 5, 5, 5, 5, 5, 5, 5, 5, 5, 5, 5, 5, 5, 5, 5, 5, 5, 5, 5, 5, 5, 5, 5, 5, 5, 5, 5, 5, 5, 5, 5, 5, 5, 5, 5, 5, 5, 5, 5, 5, 5, 5, 5], "b_turds_left": [5, 5, 5, 4, 4, 4, 4, 3, 3, 3, 3, 3, 3, 3, 3, 2, 2, 2, 2, 1, 1, 1, 1, 1, 1, 1, 1, 1, 1, 1, 1, 1, 1, 1, 1, 1, 1, 1, 1, 1, 1, 1, 1, 1, 1, 1, 1, 1, 1, 1, 1, 1, 1, 1, 1, 1, 1, 1, 1, 1, 1, 1, 1, 1, 1, 1, 1, 1, 1, 1, 1, 1, 1, 1, 1, 1, 1, 1, 1, 1], "a_time_left": [359.9481964169827, 359.9481964169827, 359.92368570898543, 359.92368570898543, 359.9005990839796, 359.9005990839796, 359.88691662595375, 359.88691662595375, 359.8759938759322, 359.8759938759322, 359.8621982089244, 359.8621982089244, 359.81919020891655, 359.81919020891655, 359.8008635419246, 359.8008635419246, 359.76941512490157, 359.76941512490157, 359.74427983289934, 359.74427983289934, 359.7042670419032, 359.7042670419032, 359.67969991688733, 359.67969991688733, 359.64314349988126, 359.64314349988126, 359.6153668338666, 359.6153668338666, 359.5827475418628, 359.5827475418628, 359.55423829186475, 359.55423829186475, 359.52582949984935, 359.52582949984935, 359.5008319588378, 359.5008319588378, 359.4866853338317, 359.4866853338317, 359.479891750816, 359.479891750816, 359.4620971668046, 359.4620971668046, 359.43528337581665, 359.43528337581665, 359.4123744178214, 359.4123744178214, 359.38841966781183, 359.38841966781183, 359.3715778348269, 359.3715778348269, 359.3508441678423, 359.3508441678423, 359.3330595428415, 359.3330595428415, 359.31939883483574, 359.31939883483574, 359.3022341688338, 359.3022341688338, 359.298678460822, 359.298678460822, 359.282444544835, 359.282444544835, 359.2768485028355, 359.2768485028355, 359.2704523358261, 359.2704523358261, 359.26571546081686, 359.26571546081686, 359.25897358582006, 359.25897358582006, 359.25368808582425, 359.25368808582425, 359.2466085018241, 359.2466085018241, 359.24096237681806, 359.24096237681806, 359.2333480427915, 359.2333480427915, 359.23258200180135, 359.23258200180135], "b_time_left": [360, 359.96047837499646, 359.96047837499646, 359.9344997080043, 359.9344997080043, 359.9137703740271, 359.9137703740271, 359.90259020702797, 359.90259020702797, 359.889213624032, 359.889213624032, 359.80845049902564, 359.80845049902564, 359.7770886240178, 359.7770886240178, 359.75103041602415, 359.75103041602415, 359.70701850001933, 359.70701850001933, 359.6787866670056, 359.6787866670056, 359.6406310419843, 359.6406310419843, 359.6159364999912, 359.6159364999912, 359.5696889999963, 359.5696889999963, 359.545682750002, 359.545682750002, 359.51734699998633, 359.51734699998633, 359.4933007079817, 359.4933007079817, 359.4669434999814, 359.4669434999814, 359.4477884579974, 359.4477884579974, 359.4338820829871, 359.4338820829871, 359.4190102079883, 359.4190102079883, 359.38690658297855, 359.38690658297855, 359.3655479999725, 359.3655479999725, 359.3359362919873, 359.3359362919873, 359.3225325419917, 359.3225325419917, 359.2928667500091, 359.2928667500091, 359.2700971250306, 359.2700971250306, 359.24529820802854, 359.24529820802854, 359.22439808305353, 359.22439808305353, 359.2134089160536, 359.2134089160536, 359.1980969160504, 359.1980969160504, 359.18762349904864, 359.18762349904864, 359.1743772070331, 359.1743772070331, 359.1719740400149, 359.1719740400149, 359.16453679002007, 359.16453679002007, 359.1618666240247, 359.1618666240247, 359.1541564990184, 359.1541564990184, 359.15132270700997, 359.15132270700997, 359.14267103999737, 359.14267103999737, 359.14114591499674, 359.14114591499674, 359.1407363729959], "a_moves_left": [39, 39, 38, 38, 37, 37, 36, 36, 35, 35, 34, 34, 33, 33, 32, 32, 31, 31, 30, 30, 29, 29, 28, 28, 27, 27, 26, 26, 25, 25, 24, 24, 23, 23, 22, 22, 21, 21, 20, 20, 19, 19, 18, 18, 17, 17, 16, 16, 15, 15, 14, 14, 13, 13, 12, 12, 11, 11, 10, 10, 9, 9, 8, 8, 7, 7, 6, 6, 5, 5, 4, 4, 3, 3, 2, 2, 1, 1, 0, 0], "b_moves_left": [40, 39, 39, 38, 38, 37, 37, 36, 36, 35, 35, 34, 34, 33, 33, 32, 32, 31, 31, 30, 30, 29, 29, 28, 28, 27, 27, 26, 26, 25, 25, 24, 24, 23, 23, 22, 22, 21, 21, 20, 20, 19, 19, 18, 18, 17, 17, 16, 16, 15, 15, 14, 14, 13, 13, 12, 12, 11, 11, 10, 10, 9, 9, 8, 8, 7, 7, 6, 6, 5, 5, 4, 4, 3, 3, 2, 2, 1, 1, 0], "trapdoor_triggered": [0, 0, 0, 0, 0, 0, 0, 0, 0, 0, 0, 0, 0, 0, 0, 0, 0, 0, 0, 0, 0, 0, 0, 0, 0, 0, 0, 0, 0, 0, 0, 0, 0, 0, 0, 0, 1, 0, 0, 0, 0, 0, 0, 0, 0, 0, 0, 0, 0, 0, 0, 0, 0, 0, 0, 0, 0, 0, 0, 0, 0, 0, 0, 0, 0, 0, 0, 0, 0, 0, 0, 0, 0, 0, 0, 0, 0, 0, 0, 0], "left_behind": ["egg", "egg", "plain", "turd", "egg", "egg", "plain", "turd", "egg", "egg", "plain", "plain", "egg", "egg", "plain", "turd", "egg", "egg", "plain", "turd", "egg", "egg", "plain", "plain", "egg", "egg", "plain", "plain", "egg", "egg", "plain", "plain", "egg", "egg", "plain", "plain", "egg", "egg", "plain", "plain", "plain", "egg", "egg", "plain", "plain", "egg", "egg", "plain", "plain", "egg", "egg", "plain", "plain", "egg", "egg", "plain", "plain", "egg", "plain", "plain", "plain", "egg", "plain", "plain", "plain", "plain", "plain", "plain", "plain", "plain", "plain", "plain", "plain", "plain", "plain", "plain", "plain", "plain", "plain", "plain"], "errlog_a": "", "errlog_b": "", "start_time": 360, "start_moves": 40, "turn_count": 80, "result": 1, "reason": "EGGS_LAID", "trapdoors": [[2, 4], [4, 5]], "spawn_a": [0, 4], "spawn_b": [7, 4]}