{"pos": [[7, 2], [1, 1], [7, 3], [2, 1], [7, 2], [3, 1], [6, 2], [3, 2], [6, 3], [3, 3], [6, 4], [3, 4], [6, 5], [4, 4], [7, 5], [4, 5], [7, 6], [4, 6], [7, 7], [5, 6], [7, 6], [6, 6], [7, 5], [6, 5], [7, 4], [5, 5], [7, 3], [5, 4], [7, 2], [5, 3], [7, 1], [5, 2], [7, 0], [5, 1], [6, 0], [5, 0], [7, 0], [5, 1], [7, 1], [6, 1], [7, 2], [5, 1], [7, 3], [4, 1], [7, 2], [4, 2], [7, 3], [4, 3], [7, 2], [3, 3], [7, 3], [0, 1], [7, 2], [1, 1], [7, 3], [1, 2], [7, 2], [1, 3], [7, 3], [1, 4], [7, 2], [1, 5], [7, 3], [2, 5], [7, 2], [3, 5], [7, 3], [3, 6], [7, 2], [3, 7], [7, 3], [2, 7], [7, 2], [1, 7], [7, 3], [1, 6], [7, 2], [1, 5], [7, 1], [1, 4]], "a_eggs_laid": [1, 1, 1, 1, 2, 2, 2, 2, 3, 3, 3, 3, 4, 4, 4, 4, 5, 5, 5, 5, 8, 8, 8, 8, 8, 8, 8, 8, 8, 8, 8, 8, 8, 8, 8, 8, 9, 9, 9, 9, 9, 9, 9, 9, 9, 9, 9, 9, 9, 9, 9, 9, 13, 13, 13, 13, 13, 13, 13, 13, 13, 13, 13, 13, 13, 13, 13, 13, 13, 13, 13, 13, 13, 13, 13, 13, 13, 13, 13, 13], "b_eggs_laid": [0, 1, 1, 1, 1, 2, 2, 2, 2, 3, 3, 3, 3, 4, 4, 4, 4, 5, 5, 5, 5, 6, 6, 6, 6, 7, 7, 7, 7, 8, 8, 8, 8, 9, 9, 9, 9, 10, 10, 10, 10, 11, 11, 11, 11, 12, 12, 12, 12, 13, 13, 13, 13, 13, 13, 13, 13, 14, 14, 14, 14, 15, 15, 15, 15, 16, 16, 16, 16, 17, 17, 17, 17, 18, 18, 18, 18, 19, 19, 19], "a_turds_left": [5, 5, 5, 5, 5, 5, 5, 5, 5, 5, 5, 5, 5, 5, 5, 5, 5, 5, 5, 5, 5, 5, 5, 5, 5, 5, 5, 5, 5, 5, 5, 5, 5, 5, 5, 5, 5, 5, 5, 5, 5, 5, 5, 5, 5, 5, 5, 5, 5, 5, 5, 5, 5, 5, 5, 5, 5, 5, 5, 5, 5, 5, 5, 5, 5, 5, 5, 5, 5, 5, 5, 5, 5, 5, 5, 5, 5, 5, 5, 5], "b_turds_left": [5, 5, 5, 4, 4, 4, 4, 3, 3, 3, 3, 2, 2, 2, 2, 2, 2, 2, 2, 1, 1, 1, 1, 0, 0, 0, 0, 0, 0, 0, 0, 0, 0, 0, 0, 0, 0, 0, 0, 0, 0, 0, 0, 0, 0, 0, 0, 0, 0, 0, 0, 0, 0, 0, 0, 0, 0, 0, 0, 0, 0, 0, 0, 0, 0, 0, 0, 0, 0, 0, 0, 0, 0, 0, 0, 0, 0, 0, 0, 0], "a_time_left": [359.93280995899113, 359.93280995899113, 359.8976070419885, 359.8976070419885, 359.8443537919957, 359.8443537919957, 359.81231341697276, 359.81231341697276, 359.7363714169769, 359.7363714169769, 359.69012941696565, 359.69012941696565, 359.6215593329689, 359.6215593329689, 359.57272166598705, 359.57272166598705, 359.5229057079705, 359.5229057079705, 359.4947401669633, 359.4947401669633, 359.4715566249797, 359.4715566249797, 359.46699095796794, 359.46699095796794, 359.46514154196484, 359.46514154196484, 359.4542239999864, 359.4542239999864, 359.4469472079945, 359.4469472079945, 359.43308795799385, 359.43308795799385, 359.42599220798, 359.42599220798, 359.4162287909712, 359.4162287909712, 359.40957520797383, 359.40957520797383, 359.4026985419623, 359.4026985419623, 359.4005320419674, 359.4005320419674, 359.39025095896795, 359.39025095896795, 359.3794832919666, 359.3794832919666, 359.36739487494924, 359.36739487494924, 359.358449207939, 359.358449207939, 359.3474761239195, 359.3474761239195, 359.34153428990976, 359.34153428990976, 359.33105137292296, 359.33105137292296, 359.32184778992087, 359.32184778992087, 359.31012733190437, 359.31012733190437, 359.30070337391226, 359.30070337391226, 359.289203373919, 359.289203373919, 359.2798040409107, 359.2798040409107, 359.2680502498988, 359.2680502498988, 359.25875699991593, 359.25875699991593, 359.249723124929, 359.249723124929, 359.2424937079195, 359.2424937079195, 359.23479854190373, 359.23479854190373, 359.2258594169107, 359.2258594169107, 359.222378583916, 359.222378583916], "b_time_left": [360, 359.5592189159943, 359.5592189159943, 358.6872543739737, 358.6872543739737, 358.24715199894854, 358.24715199894854, 357.3514839569689, 357.3514839569689, 356.8341151649947, 356.8341151649947, 355.5400544560107, 355.5400544560107, 354.91703362201224, 354.91703362201224, 354.11425533000147, 354.11425533000147, 353.78092749699135, 353.78092749699135, 353.30257283098763, 353.30257283098763, 353.0897992059763, 353.0897992059763, 352.8451600399858, 352.8451600399858, 352.78509895596653, 352.78509895596653, 352.6022369139537, 352.6022369139537, 352.4872063729563, 352.4872063729563, 352.3805838309636, 352.3805838309636, 352.277392288961, 352.277392288961, 352.1600721219729, 352.1600721219729, 352.10242528797244, 352.10242528797244, 351.95688582997536, 351.95688582997536, 351.90055645498796, 351.90055645498796, 351.737431121961, 351.737431121961, 351.56427787194843, 351.56427787194843, 351.3624275389593, 351.3624275389593, 351.18121770597645, 351.18121770597645, 351.0051908309979, 351.0051908309979, 350.9050567059894, 350.9050567059894, 350.74142837297404, 350.74142837297404, 350.5485607479641, 350.5485607479641, 350.4143608729646, 350.4143608729646, 350.2251318729541, 350.2251318729541, 350.07292349793715, 350.07292349793715, 349.8352200399386, 349.8352200399386, 349.5908754149277, 349.5908754149277, 349.3691347069398, 349.3691347069398, 349.1931450399279, 349.1931450399279, 349.04646008092095, 349.04646008092095, 349.0019162889221, 349.0019162889221, 348.984171288932, 348.984171288932, 348.98313307994977], "a_moves_left": [39, 39, 38, 38, 37, 37, 36, 36, 35, 35, 34, 34, 33, 33, 32, 32, 31, 31, 30, 30, 29, 29, 28, 28, 27, 27, 26, 26, 25, 25, 24, 24, 23, 23, 22, 22, 21, 21, 20, 20, 19, 19, 18, 18, 17, 17, 16, 16, 15, 15, 14, 14, 13, 13, 12, 12, 11, 11, 10, 10, 9, 9, 8, 8, 7, 7, 6, 6, 5, 5, 4, 4, 3, 3, 2, 2, 1, 1, 0, 0], "b_moves_left": [40, 39, 39, 38, 38, 37, 37, 36, 36, 35, 35, 34, 34, 33, 33, 32, 32, 31, 31, 30, 30, 29, 29, 28, 28, 27, 27, 26, 26, 25, 25, 24, 24, 23, 23, 22, 22, 21, 21, 20, 20, 19, 19, 18, 18, 17, 17, 16, 16, 15, 15, 14, 14, 13, 13, 12, 12, 11, 11, 10, 10, 9, 9, 8, 8, 7, 7, 6, 6, 5, 5, 4, 4, 3, 3, 2, 2, 1, 1, 0], "trapdoor_triggered": [0, 0, 0, 0, 0, 0, 0, 0, 0, 0, 0, 0, 0, 0, 0, 0, 0, 0, 0, 0, 0, 0, 0, 0, 0, 0, 0, 0, 0, 0, 0, 0, 0, 0, 0, 0, 0, 0, 0, 0, 0, 0, 0, 0, 0, 0, 0, 0, 0, 0, 0, 1, 0, 0, 0, 0, 0, 0, 0, 0, 0, 0, 0, 0, 0, 0, 0, 0, 0, 0, 0, 0, 0, 0, 0, 0, 0, 0, 0, 0], "left_behind": ["egg", "egg", "plain", "turd", "egg", "egg", "plain", "turd", "egg", "egg", "plain", "turd", "egg", "egg", "plain", "plain", "egg", "egg", "plain", "turd", "egg", "egg", "plain", "turd", "plain", "egg", "plain", "plain", "plain", "egg", "plain", "plain", "plain", "egg", "plain", "plain", "egg", "egg", "plain", "plain", "plain", "egg", "plain", "plain", "plain", "egg", "plain", "plain", "plain", "egg", "plain", "plain", "plain", "plain", "plain", "plain", "plain", "egg", "plain", "plain", "plain", "egg", "plain", "plain", "plain", "egg", "plain", "plain", "plain", "egg", "plain", "plain", "plain", "egg", "plain", "plain", "plain", "egg", "plain", "plain"], "errlog_a": "", "errlog_b": "", "start_time": 360, "start_moves": 40, "turn_count": 80, "result": 1, "reason": "EGGS_LAID", "trapdoors": [[2, 4], [2, 3]], "spawn_a": [7, 1], "spawn_b": [0, 1]}