{"pos": [[7, 2], [0, 0], [7, 3], [0, 1], [7, 2], [0, 2], [6, 2], [0, 3], [6, 1], [0, 2], [6, 0], [0, 3], [6, 1], [0, 4], [5, 1], [0, 5], [4, 1], [0, 4], [4, 0], [0, 5], [4, 1], [0, 6], [4, 2], [0, 7], [4, 1], [0, 6], [3, 1], [0, 7], [2, 1], [1, 7], [2, 0], [2, 7], [2, 1], [2, 6], [2, 2], [2, 7], [2, 3], [3, 7], [3, 3], [4, 7], [4, 3], [4, 6], [4, 4], [4, 7], [5, 4], [5, 7], [5, 5], [6, 7], [5, 4], [6, 6], [6, 4], [7, 6], [7, 4], [7, 5], [7, 3], [7, 4], [7, 2], [7, 5], [7, 1], [6, 5], [7, 2], [7, 5], [7, 1], [6, 5], [7, 2], [6, 6], [7, 1], [5, 6], [7, 2], [6, 6], [7, 1], [5, 6], [7, 2], [4, 6], [7, 1], [3, 6], [7, 2], [4, 6], [7, 1], [4, 5]], "a_eggs_laid": [1, 1, 1, 1, 2, 2, 2, 2, 3, 3, 3, 3, 4, 4, 4, 4, 5, 5, 5, 5, 6, 6, 6, 6, 7, 7, 7, 7, 8, 8, 8, 8, 9, 9, 9, 9, 10, 10, 10, 10, 11, 11, 11, 11, 12, 12, 12, 12, 13, 13, 13, 13, 14, 14, 14, 14, 14, 14, 14, 14, 14, 14, 14, 14, 14, 14, 14, 14, 14, 14, 14, 14, 14, 14, 14, 14, 14, 14, 14, 14], "b_eggs_laid": [0, 1, 1, 1, 1, 1, 1, 1, 1, 2, 2, 2, 2, 2, 2, 2, 2, 3, 3, 3, 3, 3, 3, 3, 3, 6, 6, 6, 6, 6, 6, 6, 6, 7, 7, 7, 7, 7, 7, 7, 7, 8, 8, 8, 8, 8, 8, 8, 8, 9, 9, 9, 9, 10, 10, 10, 10, 11, 11, 11, 11, 12, 12, 12, 12, 12, 12, 12, 12, 13, 13, 13, 13, 13, 13, 13, 13, 14, 14, 14], "a_turds_left": [5, 5, 5, 5, 5, 5, 5, 5, 5, 5, 5, 5, 5, 5, 5, 5, 5, 5, 5, 5, 5, 5, 5, 5, 5, 5, 5, 5, 5, 5, 5, 5, 5, 5, 5, 5, 5, 5, 5, 5, 5, 5, 5, 5, 5, 5, 5, 5, 5, 5, 5, 5, 5, 5, 5, 5, 5, 5, 5, 5, 5, 5, 5, 5, 5, 5, 5, 5, 5, 5, 5, 5, 5, 5, 5, 5, 5, 5, 5, 5], "b_turds_left": [5, 5, 5, 5, 5, 5, 5, 5, 5, 5, 5, 5, 5, 5, 5, 5, 5, 5, 5, 5, 5, 5, 5, 5, 5, 5, 5, 5, 5, 5, 5, 5, 5, 5, 5, 5, 5, 5, 5, 5, 5, 5, 5, 5, 5, 5, 5, 5, 5, 5, 5, 5, 5, 5, 5, 5, 5, 5, 5, 5, 5, 5, 5, 5, 5, 5, 5, 5, 5, 5, 5, 5, 5, 5, 5, 5, 5, 5, 5, 5], "a_time_left": [359.9599017500004, 359.9599017500004, 359.94965883300756, 359.94965883300756, 359.9242625830084, 359.9242625830084, 359.87305158301024, 359.87305158301024, 359.8305217920133, 359.8305217920133, 359.8106101260055, 359.8106101260055, 359.79716112601454, 359.79716112601454, 359.7787071260245, 359.7787071260245, 359.7443813760183, 359.7443813760183, 359.72178966701904, 359.72178966701904, 359.7075142920221, 359.7075142920221, 359.6868307920231, 359.6868307920231, 359.6649213760247, 359.6649213760247, 359.6453796670248, 359.6453796670248, 359.6324610010197, 359.6324610010197, 359.6150195010123, 359.6150195010123, 359.5924842920067, 359.5924842920067, 359.56987229200604, 359.56987229200604, 359.5519997920055, 359.5519997920055, 359.53419004201714, 359.53419004201714, 359.503887917017, 359.503887917017, 359.48034183401614, 359.48034183401614, 359.4651718340174, 359.4651718340174, 359.44804808401386, 359.44804808401386, 359.4211172920186, 359.4211172920186, 359.3995094590209, 359.3995094590209, 359.36959945902345, 359.36959945902345, 359.36639862503216, 359.36639862503216, 359.3642780830269, 359.3642780830269, 359.35369308301597, 359.35369308301597, 359.34804258300574, 359.34804258300574, 359.3376804580039, 359.3376804580039, 359.33409658299934, 359.33409658299934, 359.32030537500395, 359.32030537500395, 359.31366541700845, 359.31366541700845, 359.29907054200885, 359.29907054200885, 359.29539000001387, 359.29539000001387, 359.28194237501884, 359.28194237501884, 359.2731600830157, 359.2731600830157, 359.2691435830202, 359.2691435830202], "b_time_left": [360, 359.9996597080026, 359.9996597080026, 359.9978870830091, 359.9978870830091, 359.9971455420018, 359.9971455420018, 359.99626883400197, 359.99626883400197, 359.9961116679915, 359.9961116679915, 359.9954522509943, 359.9954522509943, 359.9948095430009, 359.9948095430009, 359.99417441799596, 359.99417441799596, 359.9940598349931, 359.9940598349931, 359.9934507930011, 359.9934507930011, 359.99288062599953, 359.99288062599953, 359.9922876680066, 359.9922876680066, 359.99218404300336, 359.99218404300336, 359.99153725101496, 359.99153725101496, 359.99097750101646, 359.99097750101646, 359.9903773760161, 359.9903773760161, 359.9902462920145, 359.9902462920145, 359.9896709170134, 359.9896709170134, 359.9891469590075, 359.9891469590075, 359.9885981260013, 359.9885981260013, 359.98849716699624, 359.98849716699624, 359.9879794169974, 359.9879794169974, 359.98751320799056, 359.98751320799056, 359.9868868749909, 359.9868868749909, 359.9867738329922, 359.9867738329922, 359.98628274899966, 359.98628274899966, 359.9861657069996, 359.9861657069996, 359.9857287069899, 359.9857287069899, 359.9856299159874, 359.9856299159874, 359.98520154098514, 359.98520154098514, 359.98504733298614, 359.98504733298614, 359.984627082973, 359.984627082973, 359.9842165419832, 359.9842165419832, 359.98378287597734, 359.98378287597734, 359.9836795429874, 359.9836795429874, 359.98316975198395, 359.98316975198395, 359.9827420849906, 359.9827420849906, 359.98230591799074, 359.98230591799074, 359.98219241798506, 359.98219241798506, 359.98176112597866], "a_moves_left": [39, 39, 38, 38, 37, 37, 36, 36, 35, 35, 34, 34, 33, 33, 32, 32, 31, 31, 30, 30, 29, 29, 28, 28, 27, 27, 26, 26, 25, 25, 24, 24, 23, 23, 22, 22, 21, 21, 20, 20, 19, 19, 18, 18, 17, 17, 16, 16, 15, 15, 14, 14, 13, 13, 12, 12, 11, 11, 10, 10, 9, 9, 8, 8, 7, 7, 6, 6, 5, 5, 4, 4, 3, 3, 2, 2, 1, 1, 0, 0], "b_moves_left": [40, 39, 39, 38, 38, 37, 37, 36, 36, 35, 35, 34, 34, 33, 33, 32, 32, 31, 31, 30, 30, 29, 29, 28, 28, 27, 27, 26, 26, 25, 25, 24, 24, 23, 23, 22, 22, 21, 21, 20, 20, 19, 19, 18, 18, 17, 17, 16, 16, 15, 15, 14, 14, 13, 13, 12, 12, 11, 11, 10, 10, 9, 9, 8, 8, 7, 7, 6, 6, 5, 5, 4, 4, 3, 3, 2, 2, 1, 1, 0], "trapdoor_triggered": [0, 0, 0, 0, 0, 0, 0, 0, 0, 0, 0, 0, 0, 0, 0, 0, 0, 0, 0, 0, 0, 0, 0, 0, 0, 0, 0, 0, 0, 0, 0, 0, 0, 0, 0, 0, 0, 0, 0, 0, 0, 0, 0, 0, 0, 0, 0, 0, 0, 0, 0, 0, 0, 0, 0, 0, 0, 0, 0, 0, 0, 0, 0, 0, 0, 0, 0, 0, 0, 0, 0, 0, 0, 0, 0, 0, 0, 0, 0, 0], "left_behind": ["egg", "egg", "plain", "plain", "egg", "plain", "plain", "plain", "egg", "egg", "plain", "plain", "egg", "plain", "plain", "plain", "egg", "egg", "plain", "plain", "egg", "plain", "plain", "plain", "egg", "egg", "plain", "plain", "egg", "plain", "plain", "plain", "egg", "egg", "plain", "plain", "egg", "plain", "plain", "plain", "egg", "egg", "plain", "plain", "egg", "plain", "plain", "plain", "egg", "egg", "plain", "plain", "egg", "egg", "plain", "plain", "plain", "egg", "plain", "plain", "plain", "egg", "plain", "plain", "plain", "plain", "plain", "plain", "plain", "egg", "plain", "plain", "plain", "plain", "plain", "plain", "plain", "egg", "plain", "plain"], "errlog_a": "", "errlog_b": "", "start_time": 360, "start_moves": 40, "turn_count": 80, "result": 2, "reason": "EGGS_LAID", "trapdoors": [[5, 3], [5, 2]], "spawn_a": [7, 1], "spawn_b": [0, 1]}