{"pos": [[0, 5], [7, 5], [0, 4], [6, 5], [0, 3], [6, 4], [0, 2], [6, 3], [0, 1], [6, 2], [0, 0], [6, 1], [1, 0], [5, 1], [2, 0], [4, 1], [2, 1], [4, 2], [3, 1], [3, 2], [2, 1], [2, 2], [1, 1], [2, 3], [1, 0], [1, 3], [2, 0], [1, 4], [3, 0], [1, 5], [4, 0], [1, 6], [3, 0], [2, 6], [4, 0], [3, 6], [3, 0], [3, 5], [4, 0], [3, 4], [3, 0], [3, 5], [4, 0], [4, 5], [3, 0], [5, 5], [4, 0], [5, 4], [3, 0], [5, 3], [4, 0], [5, 2], [3, 0], [5, 3], [4, 0], [4, 3], [3, 0], [3, 3], [4, 0], [3, 4], [3, 0], [3, 5], [4, 0], [3, 6], [3, 0], [4, 6], [4, 0], [5, 6], [3, 0], [5, 7], [4, 0], [4, 7], [3, 0], [3, 7], [4, 0], [2, 7], [3, 0], [2, 6], [4, 0], [3, 6]], "a_eggs_laid": [1, 1, 1, 1, 2, 2, 2, 2, 3, 3, 3, 3, 6, 6, 6, 6, 7, 7, 7, 7, 8, 8, 8, 8, 9, 9, 9, 9, 9, 9, 9, 9, 10, 10, 10, 10, 10, 10, 10, 10, 10, 10, 10, 10, 10, 10, 10, 10, 10, 10, 10, 10, 10, 10, 10, 10, 10, 10, 10, 10, 10, 10, 10, 10, 10, 10, 10, 10, 10, 10, 10, 10, 10, 10, 10, 10, 10, 10, 10, 10], "b_eggs_laid": [0, 1, 1, 1, 1, 2, 2, 2, 2, 3, 3, 3, 3, 4, 4, 4, 4, 5, 5, 5, 5, 6, 6, 6, 6, 7, 7, 7, 7, 8, 8, 8, 8, 9, 9, 9, 9, 10, 10, 10, 10, 11, 11, 11, 11, 12, 12, 12, 12, 13, 13, 13, 13, 14, 14, 14, 14, 15, 15, 15, 15, 15, 15, 15, 15, 15, 15, 15, 15, 16, 16, 16, 16, 17, 17, 17, 17, 18, 18, 18], "a_turds_left": [5, 5, 5, 5, 5, 5, 5, 5, 5, 5, 5, 5, 5, 5, 5, 5, 5, 5, 5, 5, 5, 5, 5, 5, 5, 5, 5, 5, 5, 5, 5, 5, 5, 5, 5, 5, 5, 5, 5, 5, 5, 5, 5, 5, 5, 5, 5, 5, 5, 5, 5, 5, 5, 5, 5, 5, 5, 5, 5, 5, 5, 5, 5, 5, 5, 5, 5, 5, 5, 5, 5, 5, 5, 5, 5, 5, 5, 5, 5, 5], "b_turds_left": [5, 5, 5, 5, 5, 5, 5, 5, 5, 5, 5, 5, 5, 5, 5, 4, 4, 4, 4, 4, 4, 4, 4, 3, 3, 3, 3, 2, 2, 2, 2, 2, 2, 2, 2, 2, 2, 2, 2, 2, 2, 2, 2, 2, 2, 2, 2, 2, 2, 2, 2, 2, 2, 2, 2, 2, 2, 2, 2, 1, 1, 1, 1, 1, 1, 1, 1, 1, 1, 1, 1, 1, 1, 1, 1, 1, 1, 1, 1, 0], "a_time_left": [359.95323858299525, 359.95323858299525, 359.9207207500003, 359.9207207500003, 359.875075457996, 359.875075457996, 359.84686120800325, 359.84686120800325, 359.80119404100697, 359.80119404100697, 359.7745821659919, 359.7745821659919, 359.74248987500323, 359.74248987500323, 359.70995116699487, 359.70995116699487, 359.66338350001024, 359.66338350001024, 359.61146362501313, 359.61146362501313, 359.5947255840001, 359.5947255840001, 359.5814370420121, 359.5814370420121, 359.55216920899693, 359.55216920899693, 359.5331462089962, 359.5331462089962, 359.52448187500704, 359.52448187500704, 359.5052366669988, 359.5052366669988, 359.4939147499972, 359.4939147499972, 359.47550791699905, 359.47550791699905, 359.47040187500534, 359.47040187500534, 359.4507270840113, 359.4507270840113, 359.44531650000135, 359.44531650000135, 359.42612895800266, 359.42612895800266, 359.4206821669941, 359.4206821669941, 359.39105316699715, 359.39105316699715, 359.3857305419806, 359.3857305419806, 359.36464412600617, 359.36464412600617, 359.3589834170125, 359.3589834170125, 359.33985879199463, 359.33985879199463, 359.3344412079896, 359.3344412079896, 359.3153457919834, 359.3153457919834, 359.3126360839815, 359.3126360839815, 359.2950050419895, 359.2950050419895, 359.2922681669879, 359.2922681669879, 359.2750382089871, 359.2750382089871, 359.27009849998285, 359.27009849998285, 359.25689754099585, 359.25689754099585, 359.25341620799736, 359.25341620799736, 359.2400267079938, 359.2400267079938, 359.23650474997703, 359.23650474997703, 359.23033849996864, 359.23033849996864], "b_time_left": [360, 359.95906820800155, 359.95906820800155, 359.9264661660127, 359.9264661660127, 359.87032174901105, 359.87032174901105, 359.82567645801464, 359.82567645801464, 359.7721569580026, 359.7721569580026, 359.74060529100825, 359.74060529100825, 359.6867040830257, 359.6867040830257, 359.642596041027, 359.642596041027, 359.5838822500082, 359.5838822500082, 359.5435399580165, 359.5435399580165, 359.50413716601906, 359.50413716601906, 359.46964862404275, 359.46964862404275, 359.4164301660494, 359.4164301660494, 359.3951232910331, 359.3951232910331, 359.37494791601785, 359.37494791601785, 359.3663465830323, 359.3663465830323, 359.3317176250566, 359.3317176250566, 359.3212410840788, 359.3212410840788, 359.27182325007743, 359.27182325007743, 359.26036204208503, 359.26036204208503, 359.2303225840733, 359.2303225840733, 359.2188225010759, 359.2188225010759, 359.1832292510953, 359.1832292510953, 359.1482883350691, 359.1482883350691, 359.116249043087, 359.116249043087, 359.100691793079, 359.100691793079, 359.06435862605576, 359.06435862605576, 359.0489919600659, 359.0489919600659, 359.0197137100622, 359.0197137100622, 359.0052328350721, 359.0052328350721, 358.97718858506414, 358.97718858506414, 358.96600121006486, 358.96600121006486, 358.91598316805903, 358.91598316805903, 358.9017262100533, 358.9017262100533, 358.8492162930779, 358.8492162930779, 358.8391734600591, 358.8391734600591, 358.80175654403865, 358.80175654403865, 358.7917602940288, 358.7917602940288, 358.78242271003546, 358.78242271003546, 358.78146896002], "a_moves_left": [39, 39, 38, 38, 37, 37, 36, 36, 35, 35, 34, 34, 33, 33, 32, 32, 31, 31, 30, 30, 29, 29, 28, 28, 27, 27, 26, 26, 25, 25, 24, 24, 23, 23, 22, 22, 21, 21, 20, 20, 19, 19, 18, 18, 17, 17, 16, 16, 15, 15, 14, 14, 13, 13, 12, 12, 11, 11, 10, 10, 9, 9, 8, 8, 7, 7, 6, 6, 5, 5, 4, 4, 3, 3, 2, 2, 1, 1, 0, 0], "b_moves_left": [40, 39, 39, 38, 38, 37, 37, 36, 36, 35, 35, 34, 34, 33, 33, 32, 32, 31, 31, 30, 30, 29, 29, 28, 28, 27, 27, 26, 26, 25, 25, 24, 24, 23, 23, 22, 22, 21, 21, 20, 20, 19, 19, 18, 18, 17, 17, 16, 16, 15, 15, 14, 14, 13, 13, 12, 12, 11, 11, 10, 10, 9, 9, 8, 8, 7, 7, 6, 6, 5, 5, 4, 4, 3, 3, 2, 2, 1, 1, 0], "trapdoor_triggered": [0, 0, 0, 0, 0, 0, 0, 0, 0, 0, 0, 0, 0, 0, 0, 0, 0, 0, 0, 0, 0, 0, 0, 0, 0, 0, 0, 0, 0, 0, 0, 0, 0, 0, 0, 0, 0, 0, 0, 0, 0, 0, 0, 0, 0, 0, 0, 0, 0, 0, 0, 0, 0, 0, 0, 0, 0, 0, 0, 0, 0, 0, 0, 0, 0, 0, 0, 0, 0, 0, 0, 0, 0, 0, 0, 0, 0, 0, 0, 0], "left_behind": ["egg", "egg", "plain", "plain", "egg", "egg", "plain", "plain", "egg", "egg", "plain", "plain", "egg", "egg", "plain", "turd", "egg", "egg", "plain", "plain", "egg", "egg", "plain", "turd", "egg", "egg", "plain", "turd", "plain", "egg", "plain", "plain", "egg", "egg", "plain", "plain", "plain", "egg", "plain", "plain", "plain", "egg", "plain", "plain", "plain", "egg", "plain", "plain", "plain", "egg", "plain", "plain", "plain", "egg", "plain", "plain", "plain", "egg", "plain", "turd", "plain", "plain", "plain", "plain", "plain", "plain", "plain", "plain", "plain", "egg", "plain", "plain", "plain", "egg", "plain", "plain", "plain", "egg", "plain", "turd"], "errlog_a": "", "errlog_b": "", "start_time": 360, "start_moves": 40, "turn_count": 80, "result": 1, "reason": "EGGS_LAID", "trapdoors": [[4, 4], [2, 5]], "spawn_a": [0, 6], "spawn_b": [7, 6]}