{"pos": [[7, 2], [1, 3], [7, 1], [1, 4], [7, 2], [1, 5], [6, 2], [2, 5], [6, 1], [3, 5], [6, 0], [3, 6], [6, 1], [4, 6], [5, 1], [4, 7], [4, 1], [4, 6], [4, 0], [5, 6], [4, 1], [5, 5], [3, 1], [5, 4], [2, 1], [0, 3], [2, 0], [1, 3], [2, 1], [2, 3], [2, 2], [3, 3], [3, 2], [4, 3], [4, 2], [4, 4], [4, 1], [3, 4], [4, 0], [3, 3], [5, 0], [3, 2], [6, 0], [3, 3], [6, 1], [2, 3], [6, 0], [1, 3], [6, 1], [1, 2], [6, 0], [1, 1], [6, 1], [1, 0], [6, 0], [1, 1], [6, 1], [2, 1], [6, 0], [1, 1], [6, 1], [0, 1], [6, 0], [0, 2], [6, 1], [0, 3], [6, 0], [0, 4], [6, 1], [0, 5], [6, 0], [0, 6], [6, 1], [0, 7], [6, 0], [0, 6], [6, 1], [0, 5], [6, 0], [0, 4]], "a_eggs_laid": [1, 1, 1, 1, 2, 2, 2, 2, 3, 3, 3, 3, 4, 4, 4, 4, 5, 5, 5, 5, 6, 6, 6, 6, 7, 7, 11, 11, 12, 12, 12, 12, 13, 13, 13, 13, 14, 14, 14, 14, 14, 14, 14, 14, 14, 14, 14, 14, 14, 14, 14, 14, 14, 14, 14, 14, 14, 14, 14, 14, 14, 14, 14, 14, 14, 14, 14, 14, 14, 14, 14, 14, 14, 14, 14, 14, 14, 14, 14, 14], "b_eggs_laid": [0, 1, 1, 1, 1, 2, 2, 2, 2, 3, 3, 3, 3, 4, 4, 4, 4, 5, 5, 5, 5, 6, 6, 6, 6, 7, 7, 7, 7, 7, 7, 8, 8, 8, 8, 9, 9, 9, 9, 10, 10, 10, 10, 11, 11, 11, 11, 11, 11, 11, 11, 12, 12, 12, 12, 13, 13, 13, 13, 14, 14, 14, 14, 15, 15, 15, 15, 15, 15, 15, 15, 16, 16, 16, 16, 19, 19, 19, 19, 19], "a_turds_left": [5, 5, 5, 5, 5, 5, 5, 5, 5, 5, 5, 5, 5, 5, 5, 5, 5, 5, 5, 5, 5, 5, 5, 5, 5, 5, 5, 5, 5, 5, 5, 5, 5, 5, 5, 5, 5, 5, 5, 5, 5, 5, 5, 5, 5, 5, 5, 5, 5, 5, 5, 5, 5, 5, 5, 5, 5, 5, 5, 5, 5, 5, 5, 5, 5, 5, 5, 5, 5, 5, 5, 5, 5, 5, 5, 5, 5, 5, 5, 5], "b_turds_left": [5, 5, 5, 5, 5, 5, 5, 5, 5, 5, 5, 4, 4, 4, 4, 4, 4, 4, 4, 4, 4, 4, 4, 3, 3, 3, 3, 3, 3, 2, 2, 2, 2, 2, 2, 2, 2, 1, 1, 1, 1, 0, 0, 0, 0, 0, 0, 0, 0, 0, 0, 0, 0, 0, 0, 0, 0, 0, 0, 0, 0, 0, 0, 0, 0, 0, 0, 0, 0, 0, 0, 0, 0, 0, 0, 0, 0, 0, 0, 0], "a_time_left": [359.952584957995, 359.952584957995, 359.9180128329899, 359.9180128329899, 359.8712657080032, 359.8712657080032, 359.8384764579823, 359.8384764579823, 359.7705100409803, 359.7705100409803, 359.7284781659837, 359.7284781659837, 359.68267012399156, 359.68267012399156, 359.6453982909734, 359.6453982909734, 359.59351320698624, 359.59351320698624, 359.55330145696644, 359.55330145696644, 359.50533670699224, 359.50533670699224, 359.4634147909819, 359.4634147909819, 359.3948534989904, 359.3948534989904, 359.3693672079826, 359.3693672079826, 359.31834383300156, 359.31834383300156, 359.2835337490251, 359.2835337490251, 359.2547750820231, 359.2547750820231, 359.22881887402036, 359.22881887402036, 359.17697037401376, 359.17697037401376, 359.1384990820079, 359.1384990820079, 359.1241758739925, 359.1241758739925, 359.118114123994, 359.118114123994, 359.10882395796943, 359.10882395796943, 359.09547404097975, 359.09547404097975, 359.0895014159905, 359.0895014159905, 359.06843712498085, 359.06843712498085, 359.0610731249617, 359.0610731249617, 359.0473913749738, 359.0473913749738, 359.03804866597056, 359.03804866597056, 359.0295714989479, 359.0295714989479, 359.02066908194683, 359.02066908194683, 358.9992842069478, 358.9992842069478, 358.99364699894795, 358.99364699894795, 358.97955479094526, 358.97955479094526, 358.9709705829446, 358.9709705829446, 358.94940808293177, 358.94940808293177, 358.9424391669454, 358.9424391669454, 358.92705466694315, 358.92705466694315, 358.9201327919436, 358.9201327919436, 358.9153601669241, 358.9153601669241], "b_time_left": [360, 359.9569978750078, 359.9569978750078, 359.90333783399547, 359.90333783399547, 359.8390127090097, 359.8390127090097, 359.78034054202726, 359.78034054202726, 359.7192522510304, 359.7192522510304, 359.6730585010373, 359.6730585010373, 359.61033033404965, 359.61033033404965, 359.5512958340696, 359.5512958340696, 359.50166425106, 359.50166425106, 359.46013229203527, 359.46013229203527, 359.2542310000572, 359.2542310000572, 359.0234630830528, 359.0234630830528, 358.85049054105184, 358.85049054105184, 358.7547525410482, 358.7547525410482, 358.4682626250724, 358.4682626250724, 358.40761020808714, 358.40761020808714, 358.35168966607307, 358.35168966607307, 358.2767514580919, 358.2767514580919, 358.047384750098, 358.047384750098, 357.96107670810306, 357.96107670810306, 357.3865250411036, 357.3865250411036, 357.33178333210526, 357.33178333210526, 357.05702729010954, 357.05702729010954, 356.913611707103, 356.913611707103, 356.6127750820888, 356.6127750820888, 356.50943520708825, 356.50943520708825, 356.3218055400648, 356.3218055400648, 356.24530674808193, 356.24530674808193, 356.0166830390808, 356.0166830390808, 355.9634950810869, 355.9634950810869, 355.08382091409294, 355.08382091409294, 354.78459278907394, 354.78459278907394, 353.84179087309167, 353.84179087309167, 353.347961998079, 353.347961998079, 351.9592305820843, 351.9592305820843, 351.442795248091, 351.442795248091, 350.41666241409257, 350.41666241409257, 350.37688674707897, 350.37688674707897, 350.35434037208324, 350.35434037208324, 350.35308978907415], "a_moves_left": [39, 39, 38, 38, 37, 37, 36, 36, 35, 35, 34, 34, 33, 33, 32, 32, 31, 31, 30, 30, 29, 29, 28, 28, 27, 27, 26, 26, 25, 25, 24, 24, 23, 23, 22, 22, 21, 21, 20, 20, 19, 19, 18, 18, 17, 17, 16, 16, 15, 15, 14, 14, 13, 13, 12, 12, 11, 11, 10, 10, 9, 9, 8, 8, 7, 7, 6, 6, 5, 5, 4, 4, 3, 3, 2, 2, 1, 1, 0, 0], "b_moves_left": [40, 39, 39, 38, 38, 37, 37, 36, 36, 35, 35, 34, 34, 33, 33, 32, 32, 31, 31, 30, 30, 29, 29, 28, 28, 27, 27, 26, 26, 25, 25, 24, 24, 23, 23, 22, 22, 21, 21, 20, 20, 19, 19, 18, 18, 17, 17, 16, 16, 15, 15, 14, 14, 13, 13, 12, 12, 11, 11, 10, 10, 9, 9, 8, 8, 7, 7, 6, 6, 5, 5, 4, 4, 3, 3, 2, 2, 1, 1, 0], "trapdoor_triggered": [0, 0, 0, 0, 0, 0, 0, 0, 0, 0, 0, 0, 0, 0, 0, 0, 0, 0, 0, 0, 0, 0, 0, 0, 0, 1, 0, 0, 0, 0, 0, 0, 0, 0, 0, 0, 0, 0, 0, 0, 0, 0, 0, 0, 0, 0, 0, 0, 0, 0, 0, 0, 0, 0, 0, 0, 0, 0, 0, 0, 0, 0, 0, 0, 0, 0, 0, 0, 0, 0, 0, 0, 0, 0, 0, 0, 0, 0, 0, 0], "left_behind": ["egg", "egg", "plain", "plain", "egg", "egg", "plain", "plain", "egg", "egg", "plain", "turd", "egg", "egg", "plain", "plain", "egg", "egg", "plain", "plain", "egg", "egg", "plain", "turd", "egg", "egg", "plain", "plain", "egg", "turd", "plain", "egg", "egg", "plain", "plain", "egg", "egg", "turd", "plain", "egg", "plain", "turd", "plain", "egg", "plain", "plain", "plain", "plain", "plain", "plain", "plain", "egg", "plain", "plain", "plain", "egg", "plain", "plain", "plain", "egg", "plain", "plain", "plain", "egg", "plain", "plain", "plain", "plain", "plain", "plain", "plain", "egg", "plain", "plain", "plain", "egg", "plain", "plain", "plain", "plain"], "errlog_a": "", "errlog_b": "", "start_time": 360, "start_moves": 40, "turn_count": 80, "result": 1, "reason": "EGGS_LAID", "trapdoors": [[5, 3], [4, 5]], "spawn_a": [7, 3], "spawn_b": [0, 3]}