{"pos": [[7, 2], [1, 1], [7, 3], [1, 2], [7, 2], [1, 3], [6, 2], [1, 4], [6, 1], [1, 5], [6, 0], [2, 5], [6, 1], [3, 5], [5, 1], [3, 4], [4, 1], [3, 5], [4, 0], [4, 5], [4, 1], [5, 5], [3, 1], [5, 4], [4, 1], [5, 3], [4, 2], [0, 1], [3, 2], [1, 1], [2, 2], [1, 0], [2, 1], [2, 0], [3, 1], [2, 1], [3, 2], [1, 1], [3, 3], [1, 2], [3, 2], [1, 3], [3, 1], [2, 3], [4, 1], [1, 3], [4, 0], [0, 3], [5, 0], [0, 4], [6, 0], [0, 5], [7, 0], [1, 5], [7, 1], [1, 6], [7, 0], [2, 6], [7, 1], [3, 6], [7, 0], [4, 6], [7, 1], [5, 6], [7, 0], [5, 5], [7, 1], [6, 5], [7, 0], [7, 5], [7, 1], [7, 4], [7, 0], [7, 5], [7, 1], [7, 6], [7, 0], [7, 5], [7, 1], [7, 4]], "a_eggs_laid": [1, 1, 1, 1, 2, 2, 2, 2, 3, 3, 3, 3, 4, 4, 4, 4, 5, 5, 5, 5, 6, 6, 6, 6, 7, 7, 7, 7, 12, 12, 12, 12, 13, 13, 13, 13, 13, 13, 13, 13, 14, 14, 14, 14, 14, 14, 14, 14, 14, 14, 14, 14, 14, 14, 14, 14, 14, 14, 14, 14, 14, 14, 14, 14, 14, 14, 14, 14, 14, 14, 14, 14, 14, 14, 14, 14, 14, 14, 14, 14], "b_eggs_laid": [0, 1, 1, 1, 1, 2, 2, 2, 2, 3, 3, 3, 3, 4, 4, 4, 4, 5, 5, 5, 5, 6, 6, 6, 6, 7, 7, 7, 7, 7, 7, 7, 7, 8, 8, 8, 8, 9, 9, 9, 9, 9, 9, 9, 9, 10, 10, 10, 10, 11, 11, 11, 11, 12, 12, 12, 12, 13, 13, 13, 13, 14, 14, 14, 14, 15, 15, 15, 15, 16, 16, 16, 16, 17, 17, 17, 17, 18, 18, 18], "a_turds_left": [5, 5, 5, 5, 5, 5, 5, 5, 5, 5, 5, 5, 5, 5, 5, 5, 5, 5, 5, 5, 5, 5, 5, 5, 5, 5, 5, 5, 5, 5, 5, 5, 5, 5, 5, 5, 5, 5, 5, 5, 5, 5, 5, 5, 5, 5, 5, 5, 5, 5, 5, 5, 5, 5, 5, 5, 5, 5, 5, 5, 5, 5, 5, 5, 5, 5, 5, 5, 5, 5, 5, 5, 5, 5, 5, 5, 5, 5, 5, 5], "b_turds_left": [5, 5, 5, 5, 5, 5, 5, 5, 5, 5, 5, 5, 5, 5, 5, 4, 4, 4, 4, 4, 4, 4, 4, 3, 3, 3, 3, 2, 2, 2, 2, 2, 2, 2, 2, 1, 1, 1, 1, 1, 1, 1, 1, 1, 1, 1, 1, 1, 1, 1, 1, 1, 1, 1, 1, 1, 1, 1, 1, 1, 1, 1, 1, 1, 1, 1, 1, 1, 1, 1, 1, 1, 1, 1, 1, 1, 1, 1, 1, 0], "a_time_left": [359.95867154200096, 359.95867154200096, 359.91463508299785, 359.91463508299785, 359.8673152910196, 359.8673152910196, 359.8343720410194, 359.8343720410194, 359.76815724902553, 359.76815724902553, 359.7226347910473, 359.7226347910473, 359.67602683303994, 359.67602683303994, 359.6364355410333, 359.6364355410333, 359.5606257080508, 359.5606257080508, 359.5351482080587, 359.5351482080587, 359.4874018750561, 359.4874018750561, 359.4035236250493, 359.4035236250493, 359.33714416605653, 359.33714416605653, 359.30134566605557, 359.30134566605557, 359.2826164160506, 359.2826164160506, 359.25116174906725, 359.25116174906725, 359.2125533740618, 359.2125533740618, 359.20605308306403, 359.20605308306403, 359.19835745805176, 359.19835745805176, 359.1716936240264, 359.1716936240264, 359.1582332070393, 359.1582332070393, 359.13276820702595, 359.13276820702595, 359.12650504001067, 359.12650504001067, 359.0974864989985, 359.0974864989985, 359.0883888330136, 359.0883888330136, 359.07023141602986, 359.07023141602986, 359.0579438750283, 359.0579438750283, 359.042799167044, 359.042799167044, 359.02938420901773, 359.02938420901773, 359.0145572090114, 359.0145572090114, 359.0010522509983, 359.0010522509983, 358.9862071670068, 358.9862071670068, 358.97096920901095, 358.97096920901095, 358.961758459016, 358.961758459016, 358.9483463750221, 358.9483463750221, 358.9364010000427, 358.9364010000427, 358.9266850410495, 358.9266850410495, 358.9150076660444, 358.9150076660444, 358.90291754103964, 358.90291754103964, 358.89943387403036, 358.89943387403036], "b_time_left": [360, 359.9491954999976, 359.9491954999976, 359.89795633399626, 359.89795633399626, 359.8327378749964, 359.8327378749964, 359.7705784160062, 359.7705784160062, 359.71013741599745, 359.71013741599745, 359.6656327910023, 359.6656327910023, 359.58653283299645, 359.58653283299645, 359.5273432910035, 359.5273432910035, 359.4774611250032, 359.4774611250032, 359.4542986250017, 359.4542986250017, 359.3897850840294, 359.3897850840294, 359.29325129202334, 359.29325129202334, 359.23455429202295, 359.23455429202295, 359.1990765000228, 359.1990765000228, 359.1596057499992, 359.1596057499992, 359.127687375003, 359.127687375003, 359.10772312499466, 359.10772312499466, 359.0867981670017, 359.0867981670017, 359.06547570900875, 359.06547570900875, 359.0399287920154, 359.0399287920154, 358.97126775002107, 358.97126775002107, 358.94653916702373, 358.94653916702373, 358.91385654199985, 358.91385654199985, 358.8901992079918, 358.8901992079918, 358.8559707920067, 358.8559707920067, 358.82967841700884, 358.82967841700884, 358.79872158300714, 358.79872158300714, 358.7631257910107, 358.7631257910107, 358.72168612401583, 358.72168612401583, 358.6893666650285, 358.6893666650285, 358.6516343310359, 358.6516343310359, 358.6224029980367, 358.6224029980367, 358.5859751230455, 358.5859751230455, 358.56916449803975, 358.56916449803975, 358.53383404004853, 358.53383404004853, 358.5141668730357, 358.5141668730357, 358.49672695604386, 358.49672695604386, 358.47764070605626, 358.47764070605626, 358.4707533720648, 358.4707533720648, 358.4696433310746], "a_moves_left": [39, 39, 38, 38, 37, 37, 36, 36, 35, 35, 34, 34, 33, 33, 32, 32, 31, 31, 30, 30, 29, 29, 28, 28, 27, 27, 26, 26, 25, 25, 24, 24, 23, 23, 22, 22, 21, 21, 20, 20, 19, 19, 18, 18, 17, 17, 16, 16, 15, 15, 14, 14, 13, 13, 12, 12, 11, 11, 10, 10, 9, 9, 8, 8, 7, 7, 6, 6, 5, 5, 4, 4, 3, 3, 2, 2, 1, 1, 0, 0], "b_moves_left": [40, 39, 39, 38, 38, 37, 37, 36, 36, 35, 35, 34, 34, 33, 33, 32, 32, 31, 31, 30, 30, 29, 29, 28, 28, 27, 27, 26, 26, 25, 25, 24, 24, 23, 23, 22, 22, 21, 21, 20, 20, 19, 19, 18, 18, 17, 17, 16, 16, 15, 15, 14, 14, 13, 13, 12, 12, 11, 11, 10, 10, 9, 9, 8, 8, 7, 7, 6, 6, 5, 5, 4, 4, 3, 3, 2, 2, 1, 1, 0], "trapdoor_triggered": [0, 0, 0, 0, 0, 0, 0, 0, 0, 0, 0, 0, 0, 0, 0, 0, 0, 0, 0, 0, 0, 0, 0, 0, 0, 0, 0, 1, 0, 0, 0, 0, 0, 0, 0, 0, 0, 0, 0, 0, 0, 0, 0, 0, 0, 0, 0, 0, 0, 0, 0, 0, 0, 0, 0, 0, 0, 0, 0, 0, 0, 0, 0, 0, 0, 0, 0, 0, 0, 0, 0, 0, 0, 0, 0, 0, 0, 0, 0, 0], "left_behind": ["egg", "egg", "plain", "plain", "egg", "egg", "plain", "plain", "egg", "egg", "plain", "plain", "egg", "egg", "plain", "turd", "egg", "egg", "plain", "plain", "egg", "egg", "plain", "turd", "egg", "egg", "plain", "turd", "egg", "plain", "plain", "plain", "egg", "egg", "plain", "turd", "plain", "egg", "plain", "plain", "egg", "plain", "plain", "plain", "plain", "egg", "plain", "plain", "plain", "egg", "plain", "plain", "plain", "egg", "plain", "plain", "plain", "egg", "plain", "plain", "plain", "egg", "plain", "plain", "plain", "egg", "plain", "plain", "plain", "egg", "plain", "plain", "plain", "egg", "plain", "plain", "plain", "egg", "plain", "turd"], "errlog_a": "", "errlog_b": "", "start_time": 360, "start_moves": 40, "turn_count": 80, "result": 1, "reason": "EGGS_LAID", "trapdoors": [[4, 4], [4, 3]], "spawn_a": [7, 1], "spawn_b": [0, 1]}