{"pos": [[0, 5], [7, 5], [0, 4], [7, 4], [0, 3], [7, 3], [0, 2], [7, 2], [0, 1], [7, 1], [0, 0], [7, 0], [1, 0], [7, 1], [2, 0], [6, 1], [3, 0], [5, 1], [3, 1], [4, 1], [2, 1], [4, 2], [1, 1], [4, 3], [1, 2], [4, 4], [1, 3], [3, 4], [1, 4], [2, 4], [1, 5], [2, 5], [1, 6], [2, 6], [1, 7], [3, 6], [0, 7], [4, 6], [0, 6], [4, 5], [0, 5], [4, 4], [0, 4], [5, 4], [0, 3], [5, 3], [0, 2], [6, 3], [1, 2], [6, 4], [2, 2], [6, 5], [2, 1], [6, 6], [2, 0], [6, 7], [2, 1], [6, 6], [2, 0], [5, 6], [2, 1], [5, 7], [2, 0], [4, 7], [2, 1], [3, 7], [2, 0], [2, 7], [2, 1], [2, 6], [2, 0], [1, 6], [2, 1], [2, 6], [2, 0], [2, 5], [2, 1], [2, 4], [2, 0], [2, 3]], "a_eggs_laid": [1, 1, 1, 1, 2, 2, 2, 2, 3, 3, 3, 3, 6, 6, 6, 6, 7, 7, 7, 7, 8, 8, 8, 8, 9, 9, 9, 9, 10, 10, 10, 10, 11, 11, 11, 11, 12, 12, 12, 12, 12, 12, 12, 12, 12, 12, 12, 12, 12, 12, 12, 12, 13, 13, 13, 13, 13, 13, 13, 13, 13, 13, 13, 13, 13, 13, 13, 13, 13, 13, 13, 13, 13, 13, 13, 13, 13, 13, 13, 13], "b_eggs_laid": [0, 1, 1, 1, 1, 2, 2, 2, 2, 3, 3, 3, 3, 6, 6, 6, 6, 7, 7, 7, 7, 8, 8, 8, 8, 9, 9, 9, 9, 10, 10, 10, 10, 11, 11, 11, 11, 12, 12, 12, 12, 13, 13, 13, 13, 14, 14, 14, 14, 15, 15, 15, 15, 16, 16, 16, 16, 17, 17, 17, 17, 18, 18, 18, 18, 19, 19, 19, 19, 20, 20, 20, 20, 21, 21, 21, 21, 21, 21, 21], "a_turds_left": [5, 5, 5, 5, 5, 5, 5, 5, 5, 5, 5, 5, 5, 5, 5, 5, 5, 5, 5, 5, 5, 5, 5, 5, 5, 5, 5, 5, 5, 5, 5, 5, 5, 5, 5, 5, 5, 5, 5, 5, 5, 5, 5, 5, 5, 5, 5, 5, 5, 5, 5, 5, 5, 5, 5, 5, 5, 5, 5, 5, 5, 5, 5, 5, 5, 5, 5, 5, 5, 5, 5, 5, 5, 5, 5, 5, 5, 5, 5, 5], "b_turds_left": [5, 5, 5, 5, 5, 5, 5, 5, 5, 5, 5, 5, 5, 5, 5, 5, 5, 5, 5, 4, 4, 4, 4, 3, 3, 3, 3, 2, 2, 2, 2, 2, 2, 2, 2, 1, 1, 1, 1, 1, 1, 1, 1, 1, 1, 1, 1, 1, 1, 1, 1, 1, 1, 1, 1, 1, 1, 1, 1, 1, 1, 1, 1, 1, 1, 1, 1, 1, 1, 1, 1, 1, 1, 1, 1, 1, 1, 1, 1, 0], "a_time_left": [359.94818041700637, 359.94818041700637, 359.92098824999994, 359.92098824999994, 359.88014991700766, 359.88014991700766, 359.8530560840154, 359.8530560840154, 359.81227775101434, 359.81227775101434, 359.78789125100593, 359.78789125100593, 359.77089195902226, 359.77089195902226, 359.74085520900553, 359.74085520900553, 359.68847420898965, 359.68847420898965, 359.65605729297386, 359.65605729297386, 359.6270749179821, 359.6270749179821, 359.584096542967, 359.584096542967, 359.508765542967, 359.508765542967, 359.4704161679838, 359.4704161679838, 359.4059986259963, 359.4059986259963, 359.39243916701525, 359.39243916701525, 359.3663545840245, 359.3663545840245, 359.35389229204156, 359.35389229204156, 359.3420134590415, 359.3420134590415, 359.33023058404797, 359.33023058404797, 359.3206522510445, 359.3206522510445, 359.3089702920406, 359.3089702920406, 359.29408425002475, 359.29408425002475, 359.27176575001795, 359.27176575001795, 359.2517586670292, 359.2517586670292, 359.2156224170467, 359.2156224170467, 359.16610008405405, 359.16610008405405, 359.1336525840452, 359.1336525840452, 359.12240629203734, 359.12240629203734, 359.09117954203975, 359.09117954203975, 359.0756770830485, 359.0756770830485, 359.05124933304614, 359.05124933304614, 359.0396763330209, 359.0396763330209, 359.01463341602357, 359.01463341602357, 359.00405054102885, 359.00405054102885, 358.98550624900963, 358.98550624900963, 358.9799546660215, 358.9799546660215, 358.9611985410156, 358.9611985410156, 358.95249004103243, 358.95249004103243, 358.9433204990346, 358.9433204990346], "b_time_left": [360, 359.6648347090231, 359.6648347090231, 359.1881471260276, 359.1881471260276, 358.8569672930171, 358.8569672930171, 358.28151479299413, 358.28151479299413, 358.10634541799664, 358.10634541799664, 357.75464900099905, 357.75464900099905, 357.5323369179969, 357.5323369179969, 356.95940179299214, 356.95940179299214, 356.5724623769929, 356.5724623769929, 355.5661494609958, 355.5661494609958, 355.23835733596934, 355.23835733596934, 354.216872001969, 354.216872001969, 353.762321460963, 353.762321460963, 352.75362658596714, 352.75362658596714, 352.3968413779803, 352.3968413779803, 351.99150446098065, 351.99150446098065, 351.8128770859621, 351.8128770859621, 351.6182900449785, 351.6182900449785, 351.4483985029801, 351.4483985029801, 351.2674448780017, 351.2674448780017, 350.97302033600863, 350.97302033600863, 350.6717355439905, 350.6717355439905, 350.26329454398365, 350.26329454398365, 349.73736779397586, 349.73736779397586, 349.169151168986, 349.169151168986, 348.36671171098715, 348.36671171098715, 347.6630833769741, 347.6630833769741, 346.99076166798477, 346.99076166798477, 346.6054677509819, 346.6054677509819, 346.00607108397526, 346.00607108397526, 345.38775920897024, 345.38775920897024, 344.9682630839816, 344.9682630839816, 344.5560894179798, 344.5560894179798, 344.2448556679883, 344.2448556679883, 344.0607296269736, 344.0607296269736, 343.89344175197766, 343.89344175197766, 343.8473984179727, 343.8473984179727, 343.7847840009781, 343.7847840009781, 343.7632127919642, 343.7632127919642, 343.76101504196413], "a_moves_left": [39, 39, 38, 38, 37, 37, 36, 36, 35, 35, 34, 34, 33, 33, 32, 32, 31, 31, 30, 30, 29, 29, 28, 28, 27, 27, 26, 26, 25, 25, 24, 24, 23, 23, 22, 22, 21, 21, 20, 20, 19, 19, 18, 18, 17, 17, 16, 16, 15, 15, 14, 14, 13, 13, 12, 12, 11, 11, 10, 10, 9, 9, 8, 8, 7, 7, 6, 6, 5, 5, 4, 4, 3, 3, 2, 2, 1, 1, 0, 0], "b_moves_left": [40, 39, 39, 38, 38, 37, 37, 36, 36, 35, 35, 34, 34, 33, 33, 32, 32, 31, 31, 30, 30, 29, 29, 28, 28, 27, 27, 26, 26, 25, 25, 24, 24, 23, 23, 22, 22, 21, 21, 20, 20, 19, 19, 18, 18, 17, 17, 16, 16, 15, 15, 14, 14, 13, 13, 12, 12, 11, 11, 10, 10, 9, 9, 8, 8, 7, 7, 6, 6, 5, 5, 4, 4, 3, 3, 2, 2, 1, 1, 0], "trapdoor_triggered": [0, 0, 0, 0, 0, 0, 0, 0, 0, 0, 0, 0, 0, 0, 0, 0, 0, 0, 0, 0, 0, 0, 0, 0, 0, 0, 0, 0, 0, 0, 0, 0, 0, 0, 0, 0, 0, 0, 0, 0, 0, 0, 0, 0, 0, 0, 0, 0, 0, 0, 0, 0, 0, 0, 0, 0, 0, 0, 0, 0, 0, 0, 0, 0, 0, 0, 0, 0, 0, 0, 0, 0, 0, 0, 0, 0, 0, 0, 0, 0], "left_behind": ["egg", "egg", "plain", "plain", "egg", "egg", "plain", "plain", "egg", "egg", "plain", "plain", "egg", "egg", "plain", "plain", "egg", "egg", "plain", "turd", "egg", "egg", "plain", "turd", "egg", "egg", "plain", "turd", "egg", "egg", "plain", "plain", "egg", "egg", "plain", "turd", "egg", "egg", "plain", "plain", "plain", "egg", "plain", "plain", "plain", "egg", "plain", "plain", "plain", "egg", "plain", "plain", "egg", "egg", "plain", "plain", "plain", "egg", "plain", "plain", "plain", "egg", "plain", "plain", "plain", "egg", "plain", "plain", "plain", "egg", "plain", "plain", "plain", "egg", "plain", "plain", "plain", "plain", "plain", "turd"], "errlog_a": "", "errlog_b": "", "start_time": 360, "start_moves": 40, "turn_count": 80, "result": 1, "reason": "EGGS_LAID", "trapdoors": [[3, 5], [5, 2]], "spawn_a": [0, 6], "spawn_b": [7, 6]}