{"pos": [[0, 3], [7, 3], [0, 2], [7, 2], [0, 1], [7, 1], [0, 0], [7, 0], [1, 0], [7, 1], [2, 0], [6, 1], [3, 0], [6, 0], [4, 0], [5, 0], [4, 1], [6, 0], [5, 1], [5, 0], [4, 1], [6, 0], [3, 1], [6, 1], [2, 1], [6, 2], [1, 1], [6, 3], [1, 2], [6, 2], [1, 3], [6, 3], [1, 4], [6, 4], [1, 5], [6, 5], [1, 6], [6, 4]], "a_eggs_laid": [1, 1, 1, 1, 2, 2, 2, 2, 5, 5, 5, 5, 6, 6, 6, 6, 7, 7, 7, 7, 8, 8, 8, 8, 9, 9, 9, 9, 10, 10, 10, 10, 11, 11, 11, 11, 12, 12], "b_eggs_laid": [0, 1, 1, 1, 1, 2, 2, 2, 2, 5, 5, 5, 5, 6, 6, 6, 6, 7, 7, 7, 7, 7, 7, 7, 7, 7, 7, 7, 7, 8, 8, 8, 8, 8, 8, 8, 8, 9], "a_turds_left": [5, 5, 5, 5, 5, 5, 5, 5, 5, 5, 5, 5, 5, 5, 5, 5, 5, 5, 5, 5, 5, 5, 5, 5, 5, 5, 5, 5, 5, 5, 5, 5, 5, 5, 5, 5, 5, 5], "b_turds_left": [5, 5, 5, 5, 5, 5, 5, 5, 5, 5, 5, 5, 5, 5, 5, 5, 5, 5, 5, 5, 5, 5, 5, 5, 5, 5, 5, 5, 5, 5, 5, 5, 5, 5, 5, 5, 5, 5], "a_time_left": [359.97489433300507, 359.97489433300507, 359.95847791699634, 359.95847791699634, 359.92804491698917, 359.92804491698917, 359.9076909169962, 359.9076909169962, 359.8945045839937, 359.8945045839937, 359.8768379999965, 359.8768379999965, 359.84700462498586, 359.84700462498586, 359.83160474998294, 359.83160474998294, 359.8227874999866, 359.8227874999866, 359.80271841598733, 359.80271841598733, 359.79893908198574, 359.79893908198574, 359.7809249989805, 359.7809249989805, 359.7601298329828, 359.7601298329828, 359.73307970799215, 359.73307970799215, 359.6949814579857, 359.6949814579857, 359.6687712499843, 359.6687712499843, 359.64862170798006, 359.64862170798006, 359.6250034579716, 359.6250034579716, 359.58730799997284, 359.58730799997284], "b_time_left": [360, 359.9996808750002, 359.9996808750002, 359.9978407919989, 359.9978407919989, 359.9975514999969, 359.9975514999969, 359.99577233400487, 359.99577233400487, 359.9956384590041, 359.9956384590041, 359.99496266701317, 359.99496266701317, 359.99482295900816, 359.99482295900816, 359.99414875100774, 359.99414875100774, 359.99404979300743, 359.99404979300743, 359.99332221000805, 359.99332221000805, 359.9927490440168, 359.9927490440168, 359.99212158501905, 359.99212158501905, 359.99154271002044, 359.99154271002044, 359.9909262100264, 359.9909262100264, 359.99077846002183, 359.99077846002183, 359.99017737702525, 359.99017737702525, 359.9896273360355, 359.9896273360355, 359.9890568780247, 359.9890568780247, 359.98895296102273], "a_moves_left": [39, 39, 38, 38, 37, 37, 36, 36, 35, 35, 34, 34, 33, 33, 32, 32, 31, 31, 30, 30, 29, 29, 28, 28, 27, 27, 26, 26, 25, 25, 24, 24, 23, 23, 22, 22, 21, 21], "b_moves_left": [40, 39, 39, 38, 38, 37, 37, 36, 36, 35, 35, 34, 34, 33, 33, 32, 32, 31, 31, 30, 30, 29, 29, 28, 28, 27, 27, 26, 26, 25, 25, 24, 24, 23, 23, 22, 22, 21], "trapdoor_triggered": [0, 0, 0, 0, 0, 0, 0, 0, 0, 0, 0, 0, 0, 0, 0, 0, 0, 0, 0, 0, 0, 0, 0, 0, 0, 0, 0, 0, 0, 0, 0, 0, 0, 0, 0, 0, 0, 0], "left_behind": ["egg", "egg", "plain", "plain", "egg", "egg", "plain", "plain", "egg", "egg", "plain", "plain", "egg", "egg", "plain", "plain", "egg", "egg", "plain", "plain", "egg", "plain", "plain", "plain", "egg", "plain", "plain", "plain", "egg", "egg", "plain", "plain", "egg", "plain", "plain", "plain", "egg", "egg"], "errlog_a": "Traceback (most recent call last):\n  File \"/Users/arnav/Desktop/dist/engine/player_process.py\", line 288, in run_player_process\n    player_move = player.play(\n                  ^^^^^^^^^^^^\n  File \"/Users/arnav/Desktop/dist/Epicenter/agent.py\", line 432, in play\n    best_move = self._iterative_deepening(board, time_remaining)\n                ^^^^^^^^^^^^^^^^^^^^^^^^^^^^^^^^^^^^^^^^^^^^^^^^\n  File \"/Users/arnav/Desktop/dist/Epicenter/agent.py\", line 368, in _iterative_deepening\n    value = self._alpha_beta(\n            ^^^^^^^^^^^^^^^^^\n  File \"/Users/arnav/Desktop/dist/Epicenter/agent.py\", line 263, in _alpha_beta\n    moves = self._order_moves(board, moves, root_is_player)\n            ^^^^^^^^^^^^^^^^^^^^^^^^^^^^^^^^^^^^^^^^^^^^^^^\n  File \"/Users/arnav/Desktop/dist/Epicenter/agent.py\", line 216, in _order_moves\n    risk = self.tracker.get_probability(new_loc)\n           ^^^^^^^^^^^^^^^^^^^^^^^^^^^^^^^^^^^^^\n  File \"/Users/arnav/Desktop/dist/Epicenter/trapdoor_tracker.py\", line 154, in get_probability\n    return self.priors[parity][y][x]\n           ~~~~~~~~~~~~~~~~~~~^^^\nIndexError: list index out of range\n", "errlog_b": "", "start_time": 360, "start_moves": 40, "turn_count": 38, "result": 1, "reason": "CODE_CRASH", "trapdoors": [[5, 5], [3, 4]], "spawn_a": [0, 4], "spawn_b": [7, 4]}