{"pos": [[0, 1], [7, 3], [0, 0], [6, 3], [1, 0], [6, 4], [2, 0], [7, 4], [3, 0], [6, 4], [4, 0], [6, 5], [5, 0], [5, 5], [6, 0], [5, 6], [6, 1], [4, 6], [7, 1], [3, 6], [6, 1], [2, 6], [6, 2], [1, 6], [6, 1], [1, 5], [5, 1], [1, 4], [4, 1], [1, 5], [3, 1], [0, 5], [2, 1], [1, 5], [1, 1], [2, 5], [1, 2], [3, 5], [1, 3], [4, 5], [2, 3], [4, 4], [0, 2], [4, 3], [0, 1], [5, 3], [1, 1], [5, 2], [1, 0], [5, 3], [2, 0], [5, 4], [3, 0], [4, 4], [4, 0], [4, 3], [4, 1], [4, 2], [4, 0], [3, 2], [5, 0], [3, 3], [6, 0], [2, 3], [7, 0], [2, 4], [7, 1], [2, 3], [7, 0], [2, 4], [7, 1], [2, 3], [7, 0], [2, 4], [7, 1], [2, 3], [7, 0], [3, 3], [7, 1], [3, 2]], "a_eggs_laid": [1, 1, 1, 1, 4, 4, 4, 4, 5, 5, 5, 5, 6, 6, 6, 6, 7, 7, 7, 7, 8, 8, 8, 8, 9, 9, 9, 9, 10, 10, 10, 10, 11, 11, 11, 11, 12, 12, 12, 12, 13, 13, 13, 13, 13, 13, 13, 13, 13, 13, 13, 13, 13, 13, 13, 13, 13, 13, 13, 13, 13, 13, 13, 13, 13, 13, 13, 13, 13, 13, 13, 13, 13, 13, 13, 13, 13, 13, 13, 13], "b_eggs_laid": [0, 1, 1, 1, 1, 2, 2, 2, 2, 3, 3, 3, 3, 4, 4, 4, 4, 5, 5, 5, 5, 6, 6, 6, 6, 7, 7, 7, 7, 8, 8, 8, 8, 9, 9, 9, 9, 10, 10, 10, 10, 11, 11, 15, 15, 16, 16, 16, 16, 17, 17, 17, 17, 18, 18, 18, 18, 18, 18, 18, 18, 19, 19, 19, 19, 20, 20, 20, 20, 20, 20, 20, 20, 20, 20, 20, 20, 20, 20, 20], "a_turds_left": [5, 5, 5, 5, 5, 5, 5, 5, 5, 5, 5, 5, 5, 5, 5, 5, 5, 5, 5, 5, 5, 5, 5, 5, 5, 5, 5, 5, 5, 5, 5, 5, 5, 5, 5, 5, 5, 5, 5, 5, 5, 5, 5, 5, 5, 5, 5, 5, 5, 5, 5, 5, 5, 5, 5, 5, 5, 5, 5, 5, 5, 5, 5, 5, 5, 5, 5, 5, 5, 5, 5, 5, 5, 5, 5, 5, 5, 5, 5, 5], "b_turds_left": [5, 5, 5, 5, 5, 5, 5, 5, 5, 5, 5, 4, 4, 4, 4, 3, 3, 3, 3, 3, 3, 3, 3, 2, 2, 2, 2, 1, 1, 1, 1, 1, 1, 1, 1, 1, 1, 1, 1, 1, 1, 1, 1, 1, 1, 1, 1, 1, 1, 1, 1, 1, 1, 1, 1, 1, 1, 1, 1, 1, 1, 1, 1, 1, 1, 1, 1, 1, 1, 1, 1, 1, 1, 1, 1, 1, 1, 1, 1, 0], "a_time_left": [359.9544388749928, 359.9544388749928, 359.9227683749923, 359.9227683749923, 359.8930728339765, 359.8930728339765, 359.8551630419679, 359.8551630419679, 359.8144284589798, 359.8144284589798, 359.779337541986, 359.779337541986, 359.72177633296815, 359.72177633296815, 359.6853915829561, 359.6853915829561, 359.64015087496955, 359.64015087496955, 359.59240399996634, 359.59240399996634, 359.5604670839675, 359.5604670839675, 359.5157550429576, 359.5157550429576, 359.4818532099598, 359.4818532099598, 359.44809300094494, 359.44809300094494, 359.3790635429323, 359.3790635429323, 359.3408451259311, 359.3408451259311, 359.2907382509147, 359.2907382509147, 359.25854295890895, 359.25854295890895, 359.19833079192904, 359.19833079192904, 359.15756337493076, 359.15756337493076, 359.11282895793556, 359.11282895793556, 359.0793123739131, 359.0793123739131, 359.0646878328989, 359.0646878328989, 359.0422321248916, 359.0422321248916, 359.03020158290747, 359.03020158290747, 359.0086192918825, 359.0086192918825, 358.9939861248713, 358.9939861248713, 358.9691640828678, 358.9691640828678, 358.96156116589555, 358.96156116589555, 358.9515242908965, 358.9515242908965, 358.940836540889, 358.940836540889, 358.91781441587955, 358.91781441587955, 358.90647033185815, 358.90647033185815, 358.8919301648566, 358.8919301648566, 358.8879564978415, 358.8879564978415, 358.8733602888242, 358.8733602888242, 358.8693775808206, 358.8693775808206, 358.8546950808377, 358.8546950808377, 358.8507083308359, 358.8507083308359, 358.84649474782054, 358.84649474782054], "b_time_left": [360, 359.95170958398376, 359.95170958398376, 359.9264508759952, 359.9264508759952, 359.87217708400567, 359.87217708400567, 359.8271215429995, 359.8271215429995, 359.7892002099834, 359.7892002099834, 359.7441598349833, 359.7441598349833, 359.69214433498564, 359.69214433498564, 359.6431502929772, 359.6431502929772, 359.5702116259781, 359.5702116259781, 359.53590529295616, 359.53590529295616, 359.46670983496006, 359.46670983496006, 359.43268079296104, 359.43268079296104, 359.3861033349531, 359.3861033349531, 359.33077995997155, 359.33077995997155, 359.26464770996245, 359.26464770996245, 359.2372481689672, 359.2372481689672, 359.19586850196356, 359.19586850196356, 359.174137710972, 359.174137710972, 359.1221199609572, 359.1221199609572, 359.09838879396557, 359.09838879396557, 359.0435865439649, 359.0435865439649, 359.01660783498664, 359.01660783498664, 358.95337283500703, 358.95337283500703, 358.9152645430004, 358.9152645430004, 358.8807265009964, 358.8807265009964, 358.8440794599883, 358.8440794599883, 358.8030612099974, 358.8030612099974, 358.7724001269962, 358.7724001269962, 358.7338347519981, 358.7338347519981, 358.70846991901635, 358.70846991901635, 358.6843804610253, 358.6843804610253, 358.65978766902117, 358.65978766902117, 358.6437796690152, 358.6437796690152, 358.625305294001, 358.625305294001, 358.6096300019999, 358.6096300019999, 358.59104687700165, 358.59104687700165, 358.5752556270163, 358.5752556270163, 358.55670933501096, 358.55670933501096, 358.5515535430168, 358.5515535430168, 358.55054933502106], "a_moves_left": [39, 39, 38, 38, 37, 37, 36, 36, 35, 35, 34, 34, 33, 33, 32, 32, 31, 31, 30, 30, 29, 29, 28, 28, 27, 27, 26, 26, 25, 25, 24, 24, 23, 23, 22, 22, 21, 21, 20, 20, 19, 19, 18, 18, 17, 17, 16, 16, 15, 15, 14, 14, 13, 13, 12, 12, 11, 11, 10, 10, 9, 9, 8, 8, 7, 7, 6, 6, 5, 5, 4, 4, 3, 3, 2, 2, 1, 1, 0, 0], "b_moves_left": [40, 39, 39, 38, 38, 37, 37, 36, 36, 35, 35, 34, 34, 33, 33, 32, 32, 31, 31, 30, 30, 29, 29, 28, 28, 27, 27, 26, 26, 25, 25, 24, 24, 23, 23, 22, 22, 21, 21, 20, 20, 19, 19, 18, 18, 17, 17, 16, 16, 15, 15, 14, 14, 13, 13, 12, 12, 11, 11, 10, 10, 9, 9, 8, 8, 7, 7, 6, 6, 5, 5, 4, 4, 3, 3, 2, 2, 1, 1, 0], "trapdoor_triggered": [0, 0, 0, 0, 0, 0, 0, 0, 0, 0, 0, 0, 0, 0, 0, 0, 0, 0, 0, 0, 0, 0, 0, 0, 0, 0, 0, 0, 0, 0, 0, 0, 0, 0, 0, 0, 0, 0, 0, 0, 0, 0, 1, 0, 0, 0, 0, 0, 0, 0, 0, 0, 0, 0, 0, 0, 0, 0, 0, 0, 0, 0, 0, 0, 0, 0, 0, 0, 0, 0, 0, 0, 0, 0, 0, 0, 0, 0, 0, 0], "left_behind": ["egg", "egg", "plain", "plain", "egg", "egg", "plain", "plain", "egg", "egg", "plain", "turd", "egg", "egg", "plain", "turd", "egg", "egg", "plain", "plain", "egg", "egg", "plain", "turd", "egg", "egg", "plain", "turd", "egg", "egg", "plain", "plain", "egg", "egg", "plain", "plain", "egg", "egg", "plain", "plain", "egg", "egg", "plain", "plain", "plain", "egg", "plain", "plain", "plain", "egg", "plain", "plain", "plain", "egg", "plain", "plain", "plain", "plain", "plain", "plain", "plain", "egg", "plain", "plain", "plain", "egg", "plain", "plain", "plain", "plain", "plain", "plain", "plain", "plain", "plain", "plain", "plain", "plain", "plain", "turd"], "errlog_a": "", "errlog_b": "", "start_time": 360, "start_moves": 40, "turn_count": 80, "result": 1, "reason": "EGGS_LAID", "trapdoors": [[2, 2], [3, 4]], "spawn_a": [0, 2], "spawn_b": [7, 2]}