{"pos": [[0, 3], [7, 3], [0, 2], [7, 2], [0, 1], [7, 1], [0, 0], [7, 0], [1, 0], [7, 1], [2, 0], [6, 1], [3, 0], [5, 1], [3, 1], [5, 2], [2, 1], [6, 2], [1, 1], [6, 3], [1, 2], [6, 4], [1, 3], [6, 5], [1, 4], [6, 6], [1, 5], [7, 6], [1, 6], [6, 6], [2, 6], [6, 7], [3, 6], [6, 6], [4, 6], [5, 6], [3, 6], [5, 5], [3, 7], [5, 4], [3, 6], [4, 4], [3, 5], [4, 5], [2, 5], [4, 4], [2, 4], [7, 4], [2, 3], [7, 3], [2, 2], [7, 4], [3, 2], [7, 3], [4, 2], [7, 4], [3, 2], [7, 3], [0, 4], [7, 4], [0, 5], [7, 3], [0, 6], [7, 4], [1, 6], [7, 3], [1, 7], [7, 4], [1, 6], [7, 3], [1, 5], [7, 4], [1, 4], [7, 3], [1, 3], [7, 4], [1, 2], [7, 3], [1, 1], [7, 2]], "a_eggs_laid": [1, 1, 1, 1, 2, 2, 2, 2, 5, 5, 5, 5, 6, 6, 6, 6, 7, 7, 7, 7, 8, 8, 8, 8, 9, 9, 9, 9, 10, 10, 10, 10, 11, 11, 11, 11, 12, 12, 12, 12, 13, 13, 13, 13, 14, 14, 14, 14, 19, 19, 19, 19, 20, 20, 20, 20, 21, 21, 21, 21, 21, 21, 21, 21, 22, 22, 22, 22, 23, 23, 23, 23, 23, 23, 23, 23, 23, 23, 23, 23], "b_eggs_laid": [0, 1, 1, 1, 1, 2, 2, 2, 2, 5, 5, 5, 5, 6, 6, 6, 6, 7, 7, 7, 7, 8, 8, 8, 8, 9, 9, 9, 9, 10, 10, 10, 10, 11, 11, 11, 11, 12, 12, 12, 12, 13, 13, 13, 13, 14, 14, 14, 14, 14, 14, 14, 14, 14, 14, 14, 14, 14, 14, 18, 18, 18, 18, 18, 18, 18, 18, 18, 18, 18, 18, 18, 18, 18, 18, 18, 18, 18, 18, 18], "a_turds_left": [5, 5, 5, 5, 5, 5, 5, 5, 5, 5, 5, 5, 5, 5, 5, 5, 5, 5, 5, 5, 5, 5, 5, 5, 5, 5, 5, 5, 5, 5, 5, 5, 5, 5, 5, 5, 5, 5, 5, 5, 5, 5, 5, 5, 5, 5, 5, 5, 5, 5, 5, 5, 5, 5, 5, 5, 5, 5, 5, 5, 5, 5, 5, 5, 5, 5, 5, 5, 5, 5, 5, 5, 5, 5, 5, 5, 5, 5, 5, 5], "b_turds_left": [5, 5, 5, 4, 4, 4, 4, 3, 3, 3, 3, 3, 3, 3, 3, 2, 2, 2, 2, 1, 1, 1, 1, 1, 1, 1, 1, 1, 1, 1, 1, 1, 1, 1, 1, 1, 1, 1, 1, 1, 1, 1, 1, 1, 1, 1, 1, 1, 1, 1, 1, 1, 1, 1, 1, 1, 1, 1, 1, 1, 1, 1, 1, 1, 1, 1, 1, 1, 1, 1, 1, 1, 1, 1, 1, 1, 1, 1, 1, 1], "a_time_left": [359.95439525000984, 359.95439525000984, 359.9318106670107, 359.9318106670107, 359.9029833759996, 359.9029833759996, 359.85386050099623, 359.85386050099623, 359.8430115840165, 359.8430115840165, 359.82995091800694, 359.82995091800694, 359.8009900430043, 359.8009900430043, 359.78261666800245, 359.78261666800245, 359.7516008770035, 359.7516008770035, 359.7262784600025, 359.7262784600025, 359.687197502004, 359.687197502004, 359.66235841898015, 359.66235841898015, 359.6258791689761, 359.6258791689761, 359.59834733599564, 359.59834733599564, 359.56577258597827, 359.56577258597827, 359.5374843769823, 359.5374843769823, 359.50972712697694, 359.50972712697694, 359.4848484599788, 359.4848484599788, 359.46860012598336, 359.46860012598336, 359.4438836669724, 359.4438836669724, 359.4165762089542, 359.4165762089542, 359.3964663759689, 359.3964663759689, 359.38409412596957, 359.38409412596957, 359.3626163759909, 359.3626163759909, 359.336316958972, 359.336316958972, 359.31663504298194, 359.31663504298194, 359.29027408498223, 359.29027408498223, 359.2771738760057, 359.2771738760057, 359.27026945899706, 359.27026945899706, 359.25852120900527, 359.25852120900527, 359.2529410419811, 359.2529410419811, 359.2440114589699, 359.2440114589699, 359.2287801669736, 359.2287801669736, 359.21742462497787, 359.21742462497787, 359.2017750829691, 359.2017750829691, 359.1924313749769, 359.1924313749769, 359.18394845799776, 359.18394845799776, 359.1740250000148, 359.1740250000148, 359.1655766250333, 359.1655766250333, 359.1626017920498, 359.1626017920498], "b_time_left": [360, 359.9727114580164, 359.9727114580164, 359.94843074999517, 359.94843074999517, 359.9201070420095, 359.9201070420095, 359.9015647090273, 359.9015647090273, 359.88775237603113, 359.88775237603113, 359.8798721260391, 359.8798721260391, 359.8492059180571, 359.8492059180571, 359.82309062607237, 359.82309062607237, 359.7778722930816, 359.7778722930816, 359.7496012930642, 359.7496012930642, 359.7112430850684, 359.7112430850684, 359.6854802510643, 359.6854802510643, 359.6401052510482, 359.6401052510482, 359.6153871260758, 359.6153871260758, 359.58659679206903, 359.58659679206903, 359.56245966706774, 359.56245966706774, 359.53608062607236, 359.53608062607236, 359.5170092510525, 359.5170092510525, 359.48854875104735, 359.48854875104735, 359.4706650430453, 359.4706650430453, 359.4260542100528, 359.4260542100528, 359.40937962703174, 359.40937962703174, 359.3880527940346, 359.3880527940346, 359.36961183603853, 359.36961183603853, 359.3545463360497, 359.3545463360497, 359.3446976270643, 359.3446976270643, 359.33468250205624, 359.33468250205624, 359.32949987705797, 359.32949987705797, 359.32131583508453, 359.32131583508453, 359.3178550020966, 359.3178550020966, 359.30999929309473, 359.30999929309473, 359.30289083506796, 359.30289083506796, 359.29451137708384, 359.29451137708384, 359.28787491910043, 359.28787491910043, 359.280199044093, 359.280199044093, 359.27517433508183, 359.27517433508183, 359.26646337707643, 359.26646337707643, 359.2618682520697, 359.2618682520697, 359.25721846107626, 359.25721846107626, 359.2568205440766], "a_moves_left": [39, 39, 38, 38, 37, 37, 36, 36, 35, 35, 34, 34, 33, 33, 32, 32, 31, 31, 30, 30, 29, 29, 28, 28, 27, 27, 26, 26, 25, 25, 24, 24, 23, 23, 22, 22, 21, 21, 20, 20, 19, 19, 18, 18, 17, 17, 16, 16, 15, 15, 14, 14, 13, 13, 12, 12, 11, 11, 10, 10, 9, 9, 8, 8, 7, 7, 6, 6, 5, 5, 4, 4, 3, 3, 2, 2, 1, 1, 0, 0], "b_moves_left": [40, 39, 39, 38, 38, 37, 37, 36, 36, 35, 35, 34, 34, 33, 33, 32, 32, 31, 31, 30, 30, 29, 29, 28, 28, 27, 27, 26, 26, 25, 25, 24, 24, 23, 23, 22, 22, 21, 21, 20, 20, 19, 19, 18, 18, 17, 17, 16, 16, 15, 15, 14, 14, 13, 13, 12, 12, 11, 11, 10, 10, 9, 9, 8, 8, 7, 7, 6, 6, 5, 5, 4, 4, 3, 3, 2, 2, 1, 1, 0], "trapdoor_triggered": [0, 0, 0, 0, 0, 0, 0, 0, 0, 0, 0, 0, 0, 0, 0, 0, 0, 0, 0, 0, 0, 0, 0, 0, 0, 0, 0, 0, 0, 0, 0, 0, 0, 0, 0, 0, 0, 0, 0, 0, 0, 0, 0, 0, 0, 0, 0, 1, 0, 0, 0, 0, 0, 0, 0, 0, 0, 0, 1, 0, 0, 0, 0, 0, 0, 0, 0, 0, 0, 0, 0, 0, 0, 0, 0, 0, 0, 0, 0, 0], "left_behind": ["egg", "egg", "plain", "turd", "egg", "egg", "plain", "turd", "egg", "egg", "plain", "plain", "egg", "egg", "plain", "turd", "egg", "egg", "plain", "turd", "egg", "egg", "plain", "plain", "egg", "egg", "plain", "plain", "egg", "egg", "plain", "plain", "egg", "egg", "plain", "plain", "egg", "egg", "plain", "plain", "egg", "egg", "plain", "plain", "egg", "egg", "plain", "plain", "egg", "plain", "plain", "plain", "egg", "plain", "plain", "plain", "egg", "plain", "plain", "plain", "plain", "plain", "plain", "plain", "egg", "plain", "plain", "plain", "egg", "plain", "plain", "plain", "plain", "plain", "plain", "plain", "plain", "plain", "plain", "plain"], "errlog_a": "", "errlog_b": "", "start_time": 360, "start_moves": 40, "turn_count": 80, "result": 0, "reason": "EGGS_LAID", "trapdoors": [[3, 3], [4, 3]], "spawn_a": [0, 4], "spawn_b": [7, 4]}