{"pos": [[7, 2], [0, 2], [7, 1], [1, 2], [7, 2], [2, 2], [6, 2], [3, 2], [6, 1], [4, 2], [6, 0], [5, 2], [5, 0], [5, 1], [4, 0], [4, 1], [3, 0], [3, 1], [2, 0], [2, 1], [1, 0], [1, 1], [0, 0], [0, 1], [1, 0], [1, 1], [2, 0], [1, 2], [1, 0], [1, 3], [1, 1], [2, 3], [1, 0], [2, 4], [2, 0], [3, 4], [1, 0], [3, 5], [2, 0], [3, 6], [1, 0], [3, 5], [2, 0], [2, 5], [1, 0], [3, 5], [2, 0], [4, 5], [1, 0], [4, 6], [2, 0], [4, 7], [1, 0], [4, 6], [2, 0], [5, 6], [1, 0], [6, 6], [2, 0], [6, 5], [1, 0], [6, 4], [2, 0], [6, 3], [1, 0], [6, 4], [2, 0], [7, 4], [1, 0], [6, 4], [2, 0], [5, 4], [1, 0], [5, 3], [2, 0], [5, 2], [1, 0], [5, 1], [2, 0], [5, 0]], "a_eggs_laid": [1, 1, 1, 1, 2, 2, 2, 2, 3, 3, 3, 3, 4, 4, 4, 4, 5, 5, 5, 5, 6, 6, 6, 6, 9, 9, 9, 9, 9, 9, 9, 9, 10, 10, 10, 10, 10, 10, 10, 10, 10, 10, 10, 10, 10, 10, 10, 10, 10, 10, 10, 10, 10, 10, 10, 10, 10, 10, 10, 10, 10, 10, 10, 10, 10, 10, 10, 10, 10, 10, 10, 10, 10, 10, 10, 10, 10, 10, 10, 10], "b_eggs_laid": [0, 1, 1, 1, 1, 2, 2, 2, 2, 3, 3, 3, 3, 4, 4, 4, 4, 5, 5, 5, 5, 6, 6, 6, 6, 7, 7, 7, 7, 7, 7, 7, 7, 8, 8, 8, 8, 9, 9, 9, 9, 10, 10, 10, 10, 11, 11, 11, 11, 12, 12, 12, 12, 13, 13, 13, 13, 14, 14, 14, 14, 15, 15, 15, 15, 16, 16, 16, 16, 17, 17, 17, 17, 18, 18, 18, 18, 18, 18, 18], "a_turds_left": [5, 5, 5, 5, 5, 5, 5, 5, 5, 5, 5, 5, 5, 5, 5, 5, 5, 5, 5, 5, 5, 5, 5, 5, 5, 5, 5, 5, 5, 5, 5, 5, 5, 5, 5, 5, 5, 5, 5, 5, 5, 5, 5, 5, 5, 5, 5, 5, 5, 5, 5, 5, 5, 5, 5, 5, 5, 5, 5, 5, 5, 5, 5, 5, 5, 5, 5, 5, 5, 5, 5, 5, 5, 5, 5, 5, 5, 5, 5, 5], "b_turds_left": [5, 5, 5, 5, 5, 5, 5, 4, 4, 4, 4, 3, 3, 3, 3, 2, 2, 2, 2, 1, 1, 1, 1, 1, 1, 1, 1, 1, 1, 1, 1, 1, 1, 1, 1, 1, 1, 1, 1, 1, 1, 1, 1, 1, 1, 1, 1, 1, 1, 1, 1, 1, 1, 1, 1, 1, 1, 1, 1, 1, 1, 1, 1, 1, 1, 1, 1, 1, 1, 1, 1, 1, 1, 1, 1, 0, 0, 0, 0, 0], "a_time_left": [359.95278295798926, 359.95278295798926, 359.9246537499712, 359.9246537499712, 359.8774653329747, 359.8774653329747, 359.84706804098096, 359.84706804098096, 359.7807504989905, 359.7807504989905, 359.7409314989927, 359.7409314989927, 359.7091033739853, 359.7091033739853, 359.7024990829814, 359.7024990829814, 359.6943562909728, 359.6943562909728, 359.68919133296004, 359.68919133296004, 359.6814979999617, 359.6814979999617, 359.67716720796307, 359.67716720796307, 359.67228683293797, 359.67228683293797, 359.6692038329493, 359.6692038329493, 359.6674423329532, 359.6674423329532, 359.65062829095405, 359.65062829095405, 359.6364094579476, 359.6364094579476, 359.62048133293865, 359.62048133293865, 359.61601137393154, 359.61601137393154, 359.60012037391425, 359.60012037391425, 359.5956894989358, 359.5956894989358, 359.57984087395016, 359.57984087395016, 359.5753834149509, 359.5753834149509, 359.55912553996313, 359.55912553996313, 359.5546689989569, 359.5546689989569, 359.5390814569546, 359.5390814569546, 359.5356156239577, 359.5356156239577, 359.51998591495794, 359.51998591495794, 359.51558599897544, 359.51558599897544, 359.50013849895913, 359.50013849895913, 359.49573383195093, 359.49573383195093, 359.48070574895246, 359.48070574895246, 359.47804037394235, 359.47804037394235, 359.462929873931, 359.462929873931, 359.45984070692793, 359.45984070692793, 359.444952539925, 359.444952539925, 359.44048187392764, 359.44048187392764, 359.4250082069193, 359.4250082069193, 359.4234586239327, 359.4234586239327, 359.4204557069461, 359.4204557069461], "b_time_left": [360, 359.6195604169916, 359.6195604169916, 359.03854504198534, 359.03854504198534, 358.53363033398637, 358.53363033398637, 357.65981633399497, 357.65981633399497, 357.3011928339838, 357.3011928339838, 356.65457537496695, 356.65457537496695, 356.50263108397485, 356.50263108397485, 356.317566166952, 356.317566166952, 356.23379645796376, 356.23379645796376, 356.00576829194324, 356.00576829194324, 355.92278637594427, 355.92278637594427, 355.8306432919344, 355.8306432919344, 355.7918729589146, 355.7918729589146, 355.7416317089228, 355.7416317089228, 355.6143545839295, 355.6143545839295, 355.41099820891395, 355.41099820891395, 355.17312595891417, 355.17312595891417, 354.9511159999238, 354.9511159999238, 354.6883295419102, 354.6883295419102, 354.4825990838872, 354.4825990838872, 354.24162937590154, 354.24162937590154, 353.9410194179218, 353.9410194179218, 353.6446832929214, 353.6446832929214, 353.44963045892655, 353.44963045892655, 353.18511062592734, 353.18511062592734, 353.01410795992706, 353.01410795992706, 352.84930783492746, 352.84930783492746, 352.68109020992415, 352.68109020992415, 352.45151829291717, 352.45151829291717, 352.30840037591406, 352.30840037591406, 352.07591966792825, 352.07591966792825, 351.91426904292894, 351.91426904292894, 351.772757375933, 351.772757375933, 351.6048705839494, 351.6048705839494, 351.4869646259467, 351.4869646259467, 351.31558787595714, 351.31558787595714, 351.0383734169591, 351.0383734169591, 350.97940791695146, 350.97940791695146, 350.96741179196397, 350.96741179196397, 350.96636991697596], "a_moves_left": [39, 39, 38, 38, 37, 37, 36, 36, 35, 35, 34, 34, 33, 33, 32, 32, 31, 31, 30, 30, 29, 29, 28, 28, 27, 27, 26, 26, 25, 25, 24, 24, 23, 23, 22, 22, 21, 21, 20, 20, 19, 19, 18, 18, 17, 17, 16, 16, 15, 15, 14, 14, 13, 13, 12, 12, 11, 11, 10, 10, 9, 9, 8, 8, 7, 7, 6, 6, 5, 5, 4, 4, 3, 3, 2, 2, 1, 1, 0, 0], "b_moves_left": [40, 39, 39, 38, 38, 37, 37, 36, 36, 35, 35, 34, 34, 33, 33, 32, 32, 31, 31, 30, 30, 29, 29, 28, 28, 27, 27, 26, 26, 25, 25, 24, 24, 23, 23, 22, 22, 21, 21, 20, 20, 19, 19, 18, 18, 17, 17, 16, 16, 15, 15, 14, 14, 13, 13, 12, 12, 11, 11, 10, 10, 9, 9, 8, 8, 7, 7, 6, 6, 5, 5, 4, 4, 3, 3, 2, 2, 1, 1, 0], "trapdoor_triggered": [0, 0, 0, 0, 0, 0, 0, 0, 0, 0, 0, 0, 0, 0, 0, 0, 0, 0, 0, 0, 0, 0, 0, 0, 0, 0, 0, 0, 0, 0, 0, 0, 0, 0, 0, 0, 0, 0, 0, 0, 0, 0, 0, 0, 0, 0, 0, 0, 0, 0, 0, 0, 0, 0, 0, 0, 0, 0, 0, 0, 0, 0, 0, 0, 0, 0, 0, 0, 0, 0, 0, 0, 0, 0, 0, 0, 0, 0, 0, 0], "left_behind": ["egg", "egg", "plain", "plain", "egg", "egg", "plain", "turd", "egg", "egg", "plain", "turd", "egg", "egg", "plain", "turd", "egg", "egg", "plain", "turd", "egg", "egg", "plain", "plain", "egg", "egg", "plain", "plain", "plain", "plain", "plain", "plain", "egg", "egg", "plain", "plain", "plain", "egg", "plain", "plain", "plain", "egg", "plain", "plain", "plain", "egg", "plain", "plain", "plain", "egg", "plain", "plain", "plain", "egg", "plain", "plain", "plain", "egg", "plain", "plain", "plain", "egg", "plain", "plain", "plain", "egg", "plain", "plain", "plain", "egg", "plain", "plain", "plain", "egg", "plain", "turd", "plain", "plain", "plain", "plain"], "errlog_a": "", "errlog_b": "", "start_time": 360, "start_moves": 40, "turn_count": 80, "result": 1, "reason": "EGGS_LAID", "trapdoors": [[5, 5], [4, 3]], "spawn_a": [7, 3], "spawn_b": [0, 3]}