{"pos": [[7, 2], [1, 1], [7, 3], [1, 2], [7, 2], [1, 3], [6, 2], [1, 4], [6, 1], [2, 4], [6, 0], [2, 5], [6, 1], [2, 6], [5, 1], [3, 6], [4, 1], [4, 6], [4, 0], [4, 5], [4, 1], [4, 6], [4, 2], [5, 6], [4, 1], [6, 6], [3, 1], [7, 6], [7, 1], [7, 5], [7, 2], [6, 5], [7, 1], [6, 4], [7, 2], [6, 3], [7, 1], [6, 4], [6, 1], [5, 4], [6, 0], [4, 4], [6, 1], [4, 3], [6, 0], [3, 3], [6, 1], [3, 4], [6, 0], [3, 3], [6, 1], [2, 3], [6, 0], [1, 3], [6, 1], [0, 3], [6, 0], [0, 4], [6, 1], [0, 5], [6, 0], [1, 5], [6, 1], [1, 6], [6, 0], [2, 6], [6, 1], [2, 7], [6, 0], [3, 7], [6, 1], [4, 7], [6, 0], [5, 7], [6, 1], [6, 7], [6, 0], [6, 6], [7, 0], [6, 5]], "a_eggs_laid": [1, 1, 1, 1, 2, 2, 2, 2, 3, 3, 3, 3, 4, 4, 4, 4, 5, 5, 5, 5, 6, 6, 6, 6, 7, 7, 7, 7, 8, 8, 8, 8, 8, 8, 8, 8, 8, 8, 8, 8, 8, 8, 8, 8, 8, 8, 8, 8, 8, 8, 8, 8, 8, 8, 8, 8, 8, 8, 8, 8, 8, 8, 8, 8, 8, 8, 8, 8, 8, 8, 8, 8, 8, 8, 8, 8, 8, 8, 8, 8], "b_eggs_laid": [0, 1, 1, 1, 1, 2, 2, 2, 2, 3, 3, 3, 3, 4, 4, 4, 4, 5, 5, 5, 5, 6, 6, 6, 6, 7, 7, 7, 7, 12, 12, 12, 12, 13, 13, 13, 13, 14, 14, 14, 14, 15, 15, 15, 15, 16, 16, 16, 16, 17, 17, 17, 17, 18, 18, 18, 18, 19, 19, 19, 19, 20, 20, 20, 20, 21, 21, 21, 21, 22, 22, 22, 22, 23, 23, 23, 23, 24, 24, 24], "a_turds_left": [5, 5, 5, 5, 5, 5, 5, 5, 5, 5, 5, 5, 5, 5, 5, 5, 5, 5, 5, 5, 5, 5, 5, 5, 5, 5, 5, 5, 5, 5, 5, 5, 5, 5, 5, 5, 5, 5, 5, 5, 5, 5, 5, 5, 5, 5, 5, 5, 5, 5, 5, 5, 5, 5, 5, 5, 5, 5, 5, 5, 5, 5, 5, 5, 5, 5, 5, 5, 5, 5, 5, 5, 5, 5, 5, 5, 5, 5, 5, 5], "b_turds_left": [5, 5, 5, 4, 4, 4, 4, 3, 3, 3, 3, 2, 2, 2, 2, 1, 1, 1, 1, 1, 1, 1, 1, 1, 1, 1, 1, 1, 1, 1, 1, 1, 1, 1, 1, 1, 1, 1, 1, 1, 1, 1, 1, 1, 1, 1, 1, 1, 1, 1, 1, 1, 1, 1, 1, 1, 1, 1, 1, 1, 1, 1, 1, 1, 1, 1, 1, 1, 1, 1, 1, 1, 1, 1, 1, 1, 1, 1, 1, 0], "a_time_left": [359.95784958297736, 359.95784958297736, 359.9174072499736, 359.9174072499736, 359.8575149579847, 359.8575149579847, 359.8187705829914, 359.8187705829914, 359.7373134159716, 359.7373134159716, 359.677628040954, 359.677628040954, 359.6158463739557, 359.6158463739557, 359.5741726659471, 359.5741726659471, 359.49973612395115, 359.49973612395115, 359.4484212069656, 359.4484212069656, 359.3933703319635, 359.3933703319635, 359.35396478997427, 359.35396478997427, 359.277510497981, 359.277510497981, 359.2400734559924, 359.2400734559924, 359.19837799700326, 359.19837799700326, 359.17859595498885, 359.17859595498885, 359.13743237097515, 359.13743237097515, 359.1036262039561, 359.1036262039561, 359.07831432897365, 359.07831432897365, 359.0512026199722, 359.0512026199722, 359.010104328976, 359.010104328976, 358.99003749596886, 358.99003749596886, 358.95207995397504, 358.95207995397504, 358.9308833289833, 358.9308833289833, 358.8756416209799, 358.8756416209799, 358.8500488709833, 358.8500488709833, 358.8019477459893, 358.8019477459893, 358.782213745988, 358.782213745988, 358.74432099598926, 358.74432099598926, 358.72850541298976, 358.72850541298976, 358.68763795497944, 358.68763795497944, 358.6714561219851, 358.6714561219851, 358.62668070499785, 358.62668070499785, 358.60760220498196, 358.60760220498196, 358.5614768299856, 358.5614768299856, 358.5334586209792, 358.5334586209792, 358.4920867459732, 358.4920867459732, 358.47329095497844, 358.47329095497844, 358.43343520499184, 358.43343520499184, 358.4270274959854, 358.4270274959854], "b_time_left": [360, 359.85949916701065, 359.85949916701065, 359.69783558300696, 359.69783558300696, 359.5172639170196, 359.5172639170196, 359.3309069170209, 359.3309069170209, 359.15604450000683, 359.15604450000683, 359.02344583300874, 359.02344583300874, 358.81490120801027, 358.81490120801027, 358.56984666601056, 358.56984666601056, 358.40027295803884, 358.40027295803884, 358.3009811240481, 358.3009811240481, 358.11189254006604, 358.11189254006604, 357.98637816507835, 357.98637816507835, 357.7948967490811, 357.7948967490811, 357.6860024990747, 357.6860024990747, 357.6252385820844, 357.6252385820844, 357.5488547910936, 357.5488547910936, 357.4534370000765, 357.4534370000765, 357.37045329107787, 357.37045329107787, 357.3187483740621, 357.3187483740621, 357.21811312407954, 357.21811312407954, 357.12187987405923, 357.12187987405923, 357.0108179990493, 357.0108179990493, 356.9397455410508, 356.9397455410508, 356.8402564160642, 356.8402564160642, 356.7591404990526, 356.7591404990526, 356.68396045806, 356.68396045806, 356.61095516604837, 356.61095516604837, 356.55057237506844, 356.55057237506844, 356.414249958063, 356.414249958063, 356.3375302500499, 356.3375302500499, 356.27674862506683, 356.27674862506683, 356.1636462920578, 356.1636462920578, 356.0857877510425, 356.0857877510425, 356.0212762930314, 356.0212762930314, 355.9674320430204, 355.9674320430204, 355.8852197100059, 355.8852197100059, 355.8274220020103, 355.8274220020103, 355.75491037699976, 355.75491037699976, 355.72980891898624, 355.72980891898624, 355.7263567530026], "a_moves_left": [39, 39, 38, 38, 37, 37, 36, 36, 35, 35, 34, 34, 33, 33, 32, 32, 31, 31, 30, 30, 29, 29, 28, 28, 27, 27, 26, 26, 25, 25, 24, 24, 23, 23, 22, 22, 21, 21, 20, 20, 19, 19, 18, 18, 17, 17, 16, 16, 15, 15, 14, 14, 13, 13, 12, 12, 11, 11, 10, 10, 9, 9, 8, 8, 7, 7, 6, 6, 5, 5, 4, 4, 3, 3, 2, 2, 1, 1, 0, 0], "b_moves_left": [40, 39, 39, 38, 38, 37, 37, 36, 36, 35, 35, 34, 34, 33, 33, 32, 32, 31, 31, 30, 30, 29, 29, 28, 28, 27, 27, 26, 26, 25, 25, 24, 24, 23, 23, 22, 22, 21, 21, 20, 20, 19, 19, 18, 18, 17, 17, 16, 16, 15, 15, 14, 14, 13, 13, 12, 12, 11, 11, 10, 10, 9, 9, 8, 8, 7, 7, 6, 6, 5, 5, 4, 4, 3, 3, 2, 2, 1, 1, 0], "trapdoor_triggered": [0, 0, 0, 0, 0, 0, 0, 0, 0, 0, 0, 0, 0, 0, 0, 0, 0, 0, 0, 0, 0, 0, 0, 0, 0, 0, 0, 0, 1, 0, 0, 0, 0, 0, 0, 0, 0, 0, 0, 0, 0, 0, 0, 0, 0, 0, 0, 0, 0, 0, 0, 0, 0, 0, 0, 0, 0, 0, 0, 0, 0, 0, 0, 0, 0, 0, 0, 0, 0, 0, 0, 0, 0, 0, 0, 0, 0, 0, 0, 0], "left_behind": ["egg", "egg", "plain", "turd", "egg", "egg", "plain", "turd", "egg", "egg", "plain", "turd", "egg", "egg", "plain", "turd", "egg", "egg", "plain", "plain", "egg", "egg", "plain", "plain", "egg", "egg", "plain", "plain", "egg", "egg", "plain", "plain", "plain", "egg", "plain", "plain", "plain", "egg", "plain", "plain", "plain", "egg", "plain", "plain", "plain", "egg", "plain", "plain", "plain", "egg", "plain", "plain", "plain", "egg", "plain", "plain", "plain", "egg", "plain", "plain", "plain", "egg", "plain", "plain", "plain", "egg", "plain", "plain", "plain", "egg", "plain", "plain", "plain", "egg", "plain", "plain", "plain", "egg", "plain", "turd"], "errlog_a": "", "errlog_b": "", "start_time": 360, "start_moves": 40, "turn_count": 80, "result": 1, "reason": "EGGS_LAID", "trapdoors": [[5, 3], [3, 2]], "spawn_a": [7, 1], "spawn_b": [0, 1]}