{"pos": [[7, 2], [1, 1], [7, 3], [2, 1], [7, 2], [3, 1], [6, 2], [4, 1], [6, 3], [3, 1], [6, 4], [3, 2], [6, 5], [2, 2], [7, 5], [1, 2], [7, 6], [1, 3], [7, 7], [1, 4], [7, 6], [1, 5], [6, 6], [1, 6], [5, 6], [1, 5], [5, 7], [0, 5], [5, 6], [1, 5], [4, 6], [2, 5], [5, 6], [2, 4], [5, 5], [2, 3], [5, 4], [1, 3], [5, 3], [0, 3], [5, 2], [0, 2], [5, 1], [0, 1], [5, 0], [0, 0], [6, 0], [1, 0], [6, 1], [2, 0], [6, 0], [3, 0], [6, 1], [3, 1], [6, 0], [4, 1], [6, 1], [4, 2], [6, 0], [5, 2], [7, 0], [4, 2], [7, 1], [4, 3], [7, 0], [3, 3], [7, 1], [3, 4], [7, 0], [0, 1], [7, 1], [1, 1], [7, 0], [1, 0], [7, 1], [2, 0], [7, 0], [3, 0], [7, 1], [4, 0]], "a_eggs_laid": [1, 1, 1, 1, 2, 2, 2, 2, 3, 3, 3, 3, 4, 4, 4, 4, 5, 5, 5, 5, 8, 8, 8, 8, 9, 9, 9, 9, 10, 10, 10, 10, 11, 11, 11, 11, 12, 12, 12, 12, 13, 13, 13, 13, 14, 14, 14, 14, 15, 15, 15, 15, 15, 15, 15, 15, 15, 15, 15, 15, 15, 15, 15, 15, 15, 15, 15, 15, 15, 15, 19, 19, 19, 19, 19, 19, 19, 19, 19, 19], "b_eggs_laid": [0, 1, 1, 1, 1, 2, 2, 2, 2, 3, 3, 3, 3, 4, 4, 4, 4, 5, 5, 5, 5, 6, 6, 6, 6, 7, 7, 7, 7, 8, 8, 8, 8, 9, 9, 9, 9, 10, 10, 10, 10, 11, 11, 11, 11, 11, 11, 11, 11, 12, 12, 12, 12, 13, 13, 13, 13, 13, 13, 13, 13, 14, 14, 14, 14, 15, 15, 15, 15, 16, 16, 16, 16, 16, 16, 16, 16, 16, 16, 16], "a_turds_left": [5, 5, 5, 5, 5, 5, 5, 5, 5, 5, 5, 5, 5, 5, 5, 5, 5, 5, 5, 5, 5, 5, 5, 5, 5, 5, 5, 5, 5, 5, 5, 5, 5, 5, 5, 5, 5, 5, 5, 5, 5, 5, 5, 5, 5, 5, 5, 5, 5, 5, 5, 5, 5, 5, 5, 5, 5, 5, 5, 5, 5, 5, 5, 5, 5, 5, 5, 5, 5, 5, 5, 5, 5, 5, 5, 5, 5, 5, 5, 5], "b_turds_left": [5, 5, 5, 4, 4, 4, 4, 3, 3, 3, 3, 3, 3, 3, 3, 2, 2, 2, 2, 1, 1, 1, 1, 1, 1, 1, 1, 1, 1, 1, 1, 1, 1, 1, 1, 1, 1, 1, 1, 1, 1, 1, 1, 1, 1, 1, 1, 1, 1, 1, 1, 1, 1, 1, 1, 1, 1, 1, 1, 1, 1, 1, 1, 1, 1, 1, 1, 1, 1, 1, 1, 1, 1, 1, 1, 1, 1, 0, 0, 0], "a_time_left": [359.9666401249997, 359.9666401249997, 359.93352687498555, 359.93352687498555, 359.892505915981, 359.892505915981, 359.8742605409643, 359.8742605409643, 359.8366764159582, 359.8366764159582, 359.81976283196127, 359.81976283196127, 359.7761507909454, 359.7761507909454, 359.7477284159395, 359.7477284159395, 359.71655987392296, 359.71655987392296, 359.6983668739267, 359.6983668739267, 359.680184082943, 359.680184082943, 359.66480441595195, 359.66480441595195, 359.62825129093835, 359.62825129093835, 359.6021937489568, 359.6021937489568, 359.5792432909657, 359.5792432909657, 359.5556034989713, 359.5556034989713, 359.5184384569875, 359.5184384569875, 359.4999704149959, 359.4999704149959, 359.4583162479976, 359.4583162479976, 359.44073158098035, 359.44073158098035, 359.41242837297614, 359.41242837297614, 359.39417649796815, 359.39417649796815, 359.3793451229867, 359.3793451229867, 359.3716150819964, 359.3716150819964, 359.3531270819949, 359.3531270819949, 359.3410336659872, 359.3410336659872, 359.33535533197573, 359.33535533197573, 359.3230439569743, 359.3230439569743, 359.3192248319974, 359.3192248319974, 359.302488707006, 359.302488707006, 359.29954829000053, 359.29954829000053, 359.2911462060001, 359.2911462060001, 359.2850742889859, 359.2850742889859, 359.27624516398646, 359.27624516398646, 359.2684083310014, 359.2684083310014, 359.2642948309949, 359.2642948309949, 359.2590235809912, 359.2590235809912, 359.25524608098203, 359.25524608098203, 359.2492918309872, 359.2492918309872, 359.24798720597755, 359.24798720597755], "b_time_left": [360, 359.96167254200554, 359.96167254200554, 359.9227777920023, 359.9227777920023, 359.89066616698983, 359.89066616698983, 359.862816125009, 359.862816125009, 359.8217645000259, 359.8217645000259, 359.8074875420134, 359.8074875420134, 359.75708083302015, 359.75708083302015, 359.7321813740127, 359.7321813740127, 359.6986584580154, 359.6986584580154, 359.6826437910204, 359.6826437910204, 359.65279762403225, 359.65279762403225, 359.6283598320151, 359.6283598320151, 359.5816552489996, 359.5816552489996, 359.56333329100744, 359.56333329100744, 359.5300176250166, 359.5300176250166, 359.50626245801686, 359.50626245801686, 359.46369245799724, 359.46369245799724, 359.4392059579841, 359.4392059579841, 359.40543724998133, 359.40543724998133, 359.39225266699214, 359.39225266699214, 359.3723222510016, 359.3723222510016, 359.35888695999165, 359.35888695999165, 359.35310279400437, 359.35310279400437, 359.3431373779895, 359.3431373779895, 359.31970108597307, 359.31970108597307, 359.31243071096833, 359.31243071096833, 359.2870904189476, 359.2870904189476, 359.2824474189547, 359.2824474189547, 359.27064516895916, 359.27064516895916, 359.26151683495846, 359.26151683495846, 359.2534854179539, 359.2534854179539, 359.2435444589646, 359.2435444589646, 359.222977916972, 359.222977916972, 359.2105331249477, 359.2105331249477, 359.1874354169413, 359.1874354169413, 359.18311445895233, 359.18311445895233, 359.177185583947, 359.177185583947, 359.17283875096473, 359.17283875096473, 359.167671750969, 359.167671750969, 359.1673454589618], "a_moves_left": [39, 39, 38, 38, 37, 37, 36, 36, 35, 35, 34, 34, 33, 33, 32, 32, 31, 31, 30, 30, 29, 29, 28, 28, 27, 27, 26, 26, 25, 25, 24, 24, 23, 23, 22, 22, 21, 21, 20, 20, 19, 19, 18, 18, 17, 17, 16, 16, 15, 15, 14, 14, 13, 13, 12, 12, 11, 11, 10, 10, 9, 9, 8, 8, 7, 7, 6, 6, 5, 5, 4, 4, 3, 3, 2, 2, 1, 1, 0, 0], "b_moves_left": [40, 39, 39, 38, 38, 37, 37, 36, 36, 35, 35, 34, 34, 33, 33, 32, 32, 31, 31, 30, 30, 29, 29, 28, 28, 27, 27, 26, 26, 25, 25, 24, 24, 23, 23, 22, 22, 21, 21, 20, 20, 19, 19, 18, 18, 17, 17, 16, 16, 15, 15, 14, 14, 13, 13, 12, 12, 11, 11, 10, 10, 9, 9, 8, 8, 7, 7, 6, 6, 5, 5, 4, 4, 3, 3, 2, 2, 1, 1, 0], "trapdoor_triggered": [0, 0, 0, 0, 0, 0, 0, 0, 0, 0, 0, 0, 0, 0, 0, 0, 0, 0, 0, 0, 0, 0, 0, 0, 0, 0, 0, 0, 0, 0, 0, 0, 0, 0, 0, 0, 0, 0, 0, 0, 0, 0, 0, 0, 0, 0, 0, 0, 0, 0, 0, 0, 0, 0, 0, 0, 0, 0, 0, 0, 0, 0, 0, 0, 0, 0, 0, 0, 0, 1, 0, 0, 0, 0, 0, 0, 0, 0, 0, 0], "left_behind": ["egg", "egg", "plain", "turd", "egg", "egg", "plain", "turd", "egg", "egg", "plain", "plain", "egg", "egg", "plain", "turd", "egg", "egg", "plain", "turd", "egg", "egg", "plain", "plain", "egg", "egg", "plain", "plain", "egg", "egg", "plain", "plain", "egg", "egg", "plain", "plain", "egg", "egg", "plain", "plain", "egg", "egg", "plain", "plain", "egg", "plain", "plain", "plain", "egg", "egg", "plain", "plain", "plain", "egg", "plain", "plain", "plain", "plain", "plain", "plain", "plain", "egg", "plain", "plain", "plain", "egg", "plain", "plain", "plain", "egg", "plain", "plain", "plain", "plain", "plain", "plain", "plain", "turd", "plain", "plain"], "errlog_a": "", "errlog_b": "", "start_time": 360, "start_moves": 40, "turn_count": 80, "result": 0, "reason": "EGGS_LAID", "trapdoors": [[3, 5], [4, 5]], "spawn_a": [7, 1], "spawn_b": [0, 1]}