{"pos": [[7, 4], [0, 4], [7, 3], [0, 3], [7, 2], [1, 3], [7, 1], [1, 2], [7, 2], [1, 3], [6, 2], [1, 4], [6, 1], [1, 3], [6, 0], [2, 3], [6, 1], [2, 4], [5, 1], [3, 4], [4, 1], [3, 5], [4, 0], [4, 5], [4, 1], [4, 6], [3, 1], [5, 6], [4, 1], [4, 6], [4, 2], [3, 6], [5, 2], [3, 5], [5, 3], [2, 5], [6, 3], [2, 6], [6, 4], [2, 7], [6, 5], [2, 6], [6, 6], [1, 6], [7, 6], [1, 5], [7, 7], [1, 4], [7, 6], [2, 4], [7, 5], [3, 4], [6, 5], [4, 4], [5, 5], [0, 5], [6, 5], [0, 4], [6, 4], [0, 3], [6, 3], [0, 2], [6, 2], [0, 1], [6, 1], [1, 1], [6, 0], [2, 1], [6, 1], [2, 2], [6, 0], [3, 2], [6, 1], [0, 5], [6, 0], [0, 4], [6, 1], [0, 3], [6, 0], [0, 2]], "a_eggs_laid": [1, 1, 1, 1, 2, 2, 2, 2, 3, 3, 3, 3, 4, 4, 4, 4, 5, 5, 5, 5, 6, 6, 6, 6, 7, 7, 7, 7, 8, 8, 8, 8, 9, 9, 9, 9, 10, 10, 10, 10, 11, 11, 11, 11, 12, 12, 12, 12, 15, 15, 15, 15, 15, 15, 15, 15, 20, 20, 20, 20, 20, 20, 20, 20, 20, 20, 20, 20, 20, 20, 20, 20, 20, 20, 24, 24, 24, 24, 24, 24], "b_eggs_laid": [0, 1, 1, 1, 1, 2, 2, 2, 2, 3, 3, 3, 3, 4, 4, 4, 4, 5, 5, 5, 5, 6, 6, 6, 6, 7, 7, 7, 7, 8, 8, 8, 8, 9, 9, 9, 9, 10, 10, 10, 10, 11, 11, 11, 11, 12, 12, 12, 12, 12, 12, 12, 12, 12, 12, 12, 12, 12, 12, 12, 12, 12, 12, 12, 12, 13, 13, 13, 13, 14, 14, 14, 14, 15, 15, 15, 15, 15, 15, 15], "a_turds_left": [5, 5, 5, 5, 5, 5, 5, 5, 5, 5, 5, 5, 5, 5, 5, 5, 5, 5, 5, 5, 5, 5, 5, 5, 5, 5, 5, 5, 5, 5, 5, 5, 5, 5, 5, 5, 5, 5, 5, 5, 5, 5, 5, 5, 5, 5, 5, 5, 5, 5, 5, 5, 5, 5, 5, 5, 5, 5, 5, 5, 5, 5, 5, 5, 5, 5, 5, 5, 5, 5, 5, 5, 5, 5, 5, 5, 5, 5, 5, 5], "b_turds_left": [5, 5, 5, 4, 4, 4, 4, 4, 4, 4, 4, 4, 4, 4, 4, 4, 4, 4, 4, 3, 3, 3, 3, 2, 2, 2, 2, 1, 1, 1, 1, 1, 1, 1, 1, 1, 1, 1, 1, 1, 1, 1, 1, 1, 1, 1, 1, 1, 1, 1, 1, 1, 1, 1, 1, 1, 1, 1, 1, 1, 1, 1, 1, 1, 1, 1, 1, 1, 1, 1, 1, 1, 1, 1, 1, 1, 1, 1, 1, 1], "a_time_left": [359.9723278339952, 359.9723278339952, 359.93782245897455, 359.93782245897455, 359.9086838339572, 359.9086838339572, 359.87526079197414, 359.87526079197414, 359.8235458339914, 359.8235458339914, 359.78226295899367, 359.78226295899367, 359.7106592929922, 359.7106592929922, 359.67111120998743, 359.67111120998743, 359.6136671679851, 359.6136671679851, 359.56708562598214, 359.56708562598214, 359.49642341799336, 359.49642341799336, 359.4502246679913, 359.4502246679913, 359.3992741679831, 359.3992741679831, 359.3728419179679, 359.3728419179679, 359.31268191794516, 359.31268191794516, 359.2699045839545, 359.2699045839545, 359.20007133393665, 359.20007133393665, 359.16851345894975, 359.16851345894975, 359.107079083944, 359.107079083944, 359.0543464589573, 359.0543464589573, 358.99922541793785, 358.99922541793785, 358.96531970993965, 358.96531970993965, 358.91900333494414, 358.91900333494414, 358.88903895995463, 358.88903895995463, 358.8661272099416, 358.8661272099416, 358.8443588769296, 358.8443588769296, 358.8307157519157, 358.8307157519157, 358.79578237692476, 358.79578237692476, 358.78040645990404, 358.78040645990404, 358.75471525191097, 358.75471525191097, 358.74829566892004, 358.74829566892004, 358.71915875191917, 358.71915875191917, 358.6928634599317, 358.6928634599317, 358.6611492099182, 358.6611492099182, 358.63365129291196, 358.63365129291196, 358.5922475428961, 358.5922475428961, 358.57594945887104, 358.57594945887104, 358.5568657508702, 358.5568657508702, 358.54007008488406, 358.54007008488406, 358.52976729287184, 358.52976729287184], "b_time_left": [360, 359.9499416250037, 359.9499416250037, 359.9108066250046, 359.9108066250046, 359.86463304201607, 359.86463304201607, 359.81432787599624, 359.81432787599624, 359.76158016800764, 359.76158016800764, 359.7019198340131, 359.7019198340131, 359.6444150430034, 359.6444150430034, 359.6045046680083, 359.6045046680083, 359.52841558499495, 359.52841558499495, 359.46549566899193, 359.46549566899193, 359.3957940439868, 359.3957940439868, 359.3377285859897, 359.3377285859897, 359.25322804498137, 359.25322804498137, 359.1934800449817, 359.1934800449817, 359.11772846095846, 359.11772846095846, 359.0810508779541, 359.0810508779541, 359.01163616994745, 359.01163616994745, 358.9824572119687, 358.9824572119687, 358.91500475397334, 358.91500475397334, 358.87302379499306, 358.87302379499306, 358.8173924619914, 358.8173924619914, 358.78539504500804, 358.78539504500804, 358.7252419620054, 358.7252419620054, 358.6982264209946, 358.6982264209946, 358.6717182119901, 358.6717182119901, 358.65584762897925, 358.65584762897925, 358.63469491997967, 358.63469491997967, 358.6114689199603, 358.6114689199603, 358.5919291699538, 358.5919291699538, 358.572724419937, 358.572724419937, 358.55142400291516, 358.55142400291516, 358.5228039199137, 358.5228039199137, 358.460911419912, 358.460911419912, 358.4442336279026, 358.4442336279026, 358.3881514609093, 358.3881514609093, 358.363536960911, 358.363536960911, 358.32171079391264, 358.32171079391264, 358.3029015859065, 358.3029015859065, 358.2945238779066, 358.2945238779066, 358.29201725291205], "a_moves_left": [39, 39, 38, 38, 37, 37, 36, 36, 35, 35, 34, 34, 33, 33, 32, 32, 31, 31, 30, 30, 29, 29, 28, 28, 27, 27, 26, 26, 25, 25, 24, 24, 23, 23, 22, 22, 21, 21, 20, 20, 19, 19, 18, 18, 17, 17, 16, 16, 15, 15, 14, 14, 13, 13, 12, 12, 11, 11, 10, 10, 9, 9, 8, 8, 7, 7, 6, 6, 5, 5, 4, 4, 3, 3, 2, 2, 1, 1, 0, 0], "b_moves_left": [40, 39, 39, 38, 38, 37, 37, 36, 36, 35, 35, 34, 34, 33, 33, 32, 32, 31, 31, 30, 30, 29, 29, 28, 28, 27, 27, 26, 26, 25, 25, 24, 24, 23, 23, 22, 22, 21, 21, 20, 20, 19, 19, 18, 18, 17, 17, 16, 16, 15, 15, 14, 14, 13, 13, 12, 12, 11, 11, 10, 10, 9, 9, 8, 8, 7, 7, 6, 6, 5, 5, 4, 4, 3, 3, 2, 2, 1, 1, 0], "trapdoor_triggered": [0, 0, 0, 0, 0, 0, 0, 0, 0, 0, 0, 0, 0, 0, 0, 0, 0, 0, 0, 0, 0, 0, 0, 0, 0, 0, 0, 0, 0, 0, 0, 0, 0, 0, 0, 0, 0, 0, 0, 0, 0, 0, 0, 0, 0, 0, 0, 0, 0, 0, 0, 0, 0, 0, 0, 1, 0, 0, 0, 0, 0, 0, 0, 0, 0, 0, 0, 0, 0, 0, 0, 0, 0, 1, 0, 0, 0, 0, 0, 0], "left_behind": ["egg", "egg", "plain", "turd", "egg", "egg", "plain", "plain", "egg", "egg", "plain", "plain", "egg", "egg", "plain", "plain", "egg", "egg", "plain", "turd", "egg", "egg", "plain", "turd", "egg", "egg", "plain", "turd", "egg", "egg", "plain", "plain", "egg", "egg", "plain", "plain", "egg", "egg", "plain", "plain", "egg", "egg", "plain", "plain", "egg", "egg", "plain", "plain", "egg", "plain", "plain", "plain", "plain", "plain", "plain", "plain", "egg", "plain", "plain", "plain", "plain", "plain", "plain", "plain", "plain", "egg", "plain", "plain", "plain", "egg", "plain", "plain", "plain", "egg", "plain", "plain", "plain", "plain", "plain", "plain"], "errlog_a": "", "errlog_b": "", "start_time": 360, "start_moves": 40, "turn_count": 80, "result": 0, "reason": "EGGS_LAID", "trapdoors": [[3, 3], [5, 4]], "spawn_a": [7, 5], "spawn_b": [0, 5]}