{"pos": [[0, 1], [6, 2], [0, 0], [6, 3], [1, 0], [5, 3], [2, 0], [7, 2], [3, 0], [7, 1], [4, 0], [7, 0], [4, 1], [6, 0], [5, 1], [6, 1], [4, 1], [6, 2], [4, 2], [6, 3], [4, 1], [6, 4], [3, 1], [6, 5], [2, 1], [5, 5], [1, 1], [4, 5], [1, 2], [4, 4], [1, 3], [3, 4], [1, 4], [2, 4], [1, 5], [2, 5], [1, 4], [2, 6], [2, 4], [2, 7], [1, 4], [2, 6], [0, 4], [3, 6], [0, 5], [4, 6], [0, 6], [5, 6], [1, 6], [5, 5], [2, 6], [5, 4], [1, 6], [5, 3], [1, 7], [4, 3], [1, 6], [3, 3], [1, 5], [2, 3], [1, 4], [7, 2], [1, 3], [7, 3], [1, 2], [7, 4], [1, 1], [7, 5], [1, 0], [7, 6], [2, 0], [7, 7], [3, 0], [6, 7], [4, 0], [5, 7], [4, 1], [5, 6], [4, 0], [5, 5]], "a_eggs_laid": [1, 1, 1, 1, 4, 4, 4, 4, 9, 9, 9, 9, 10, 10, 10, 10, 11, 11, 11, 11, 12, 12, 12, 12, 13, 13, 13, 13, 14, 14, 14, 14, 15, 15, 15, 15, 16, 16, 16, 16, 17, 17, 17, 17, 18, 18, 18, 18, 19, 19, 19, 19, 20, 20, 20, 20, 21, 21, 21, 21, 21, 21, 25, 25, 25, 25, 25, 25, 25, 25, 25, 25, 25, 25, 25, 25, 25, 25, 25, 25], "b_eggs_laid": [0, 1, 1, 1, 1, 2, 2, 2, 2, 2, 2, 2, 2, 5, 5, 5, 5, 6, 6, 6, 6, 6, 6, 6, 6, 7, 7, 7, 7, 8, 8, 8, 8, 9, 9, 9, 9, 10, 10, 10, 10, 11, 11, 11, 11, 12, 12, 12, 12, 13, 13, 13, 13, 14, 14, 14, 14, 15, 15, 15, 15, 16, 16, 16, 16, 16, 16, 17, 17, 17, 17, 18, 18, 18, 18, 19, 19, 19, 19, 19], "a_turds_left": [5, 5, 5, 5, 5, 5, 5, 5, 5, 5, 5, 5, 5, 5, 5, 5, 5, 5, 5, 5, 5, 5, 5, 5, 5, 5, 5, 5, 5, 5, 5, 5, 5, 5, 5, 5, 5, 5, 5, 5, 5, 5, 5, 5, 5, 5, 5, 5, 5, 5, 5, 5, 5, 5, 5, 5, 5, 5, 5, 5, 5, 5, 5, 5, 5, 5, 5, 5, 5, 5, 5, 5, 5, 5, 5, 5, 5, 5, 5, 5], "b_turds_left": [5, 5, 5, 4, 4, 4, 4, 3, 3, 3, 3, 2, 2, 2, 2, 1, 1, 1, 1, 1, 1, 1, 1, 1, 1, 1, 1, 1, 1, 1, 1, 1, 1, 1, 1, 1, 1, 1, 1, 1, 1, 1, 1, 1, 1, 1, 1, 1, 1, 1, 1, 1, 1, 1, 1, 1, 1, 1, 1, 1, 1, 1, 1, 1, 1, 1, 1, 1, 1, 1, 1, 1, 1, 1, 1, 1, 1, 0, 0, 0], "a_time_left": [359.9555097499979, 359.9555097499979, 359.91952704198775, 359.91952704198775, 359.8844417499786, 359.8844417499786, 359.85001541598467, 359.85001541598467, 359.8306380409922, 359.8306380409922, 359.8043242909771, 359.8043242909771, 359.7758162909886, 359.7758162909886, 359.7453162499878, 359.7453162499878, 359.73423633299535, 359.73423633299535, 359.7072951250011, 359.7072951250011, 359.68113079102477, 359.68113079102477, 359.64492929101107, 359.64492929101107, 359.58060891600326, 359.58060891600326, 359.5440010409802, 359.5440010409802, 359.4820546239789, 359.4820546239789, 359.4403327899927, 359.4403327899927, 359.3646536229935, 359.3646536229935, 359.35104887298075, 359.35104887298075, 359.32513053997536, 359.32513053997536, 359.2919174989802, 359.2919174989802, 359.2660359569709, 359.2660359569709, 359.2352840399835, 359.2352840399835, 359.1899442059803, 359.1899442059803, 359.16428145600366, 359.16428145600366, 359.1210588719987, 359.1210588719987, 359.09312645500177, 359.09312645500177, 359.0743199129938, 359.0743199129938, 359.0553013709723, 359.0553013709723, 359.03018916299334, 359.03018916299334, 359.00758241300355, 359.00758241300355, 358.998699830001, 358.998699830001, 358.9860332880053, 358.9860332880053, 358.9742518720159, 358.9742518720159, 358.9512804140104, 358.9512804140104, 358.93601220601704, 358.93601220601704, 358.9145308720181, 358.9145308720181, 358.9054849970271, 358.9054849970271, 358.8820071640366, 358.8820071640366, 358.8735326230526, 358.8735326230526, 358.868037998036, 358.868037998036], "b_time_left": [360, 359.9602489999961, 359.9602489999961, 359.9268157079932, 359.9268157079932, 359.87331570801325, 359.87331570801325, 359.8260011660168, 359.8260011660168, 359.7946599990246, 359.7946599990246, 359.7654577900248, 359.7654577900248, 359.7373249150114, 359.7373249150114, 359.72346562403254, 359.72346562403254, 359.692311041028, 359.692311041028, 359.67952291603433, 359.67952291603433, 359.62479033201816, 359.62479033201816, 359.5660919150105, 359.5660919150105, 359.47918049801956, 359.47918049801956, 359.4222724560241, 359.4222724560241, 359.34835891402327, 359.34835891402327, 359.2842420390225, 359.2842420390225, 359.2202377890353, 359.2202377890353, 359.18928270603647, 359.18928270603647, 359.14261799803353, 359.14261799803353, 359.1181409150304, 359.1181409150304, 359.07860866503324, 359.07860866503324, 359.04856362301507, 359.04856362301507, 359.0010340400331, 359.0010340400331, 358.96846537303645, 358.96846537303645, 358.9037739140331, 358.9037739140331, 358.88742645503953, 358.88742645503953, 358.8380742050649, 358.8380742050649, 358.8293477470579, 358.8293477470579, 358.79936628908035, 358.79936628908035, 358.7761764980678, 358.7761764980678, 358.7477939570672, 358.7477939570672, 358.7340928320773, 358.7340928320773, 358.68406124808826, 358.68406124808826, 358.661656290089, 358.661656290089, 358.6198684150877, 358.6198684150877, 358.6018424980866, 358.6018424980866, 358.57526808208786, 358.57526808208786, 358.56369245707174, 358.56369245707174, 358.53933379007503, 358.53933379007503, 358.538623457076], "a_moves_left": [39, 39, 38, 38, 37, 37, 36, 36, 35, 35, 34, 34, 33, 33, 32, 32, 31, 31, 30, 30, 29, 29, 28, 28, 27, 27, 26, 26, 25, 25, 24, 24, 23, 23, 22, 22, 21, 21, 20, 20, 19, 19, 18, 18, 17, 17, 16, 16, 15, 15, 14, 14, 13, 13, 12, 12, 11, 11, 10, 10, 9, 9, 8, 8, 7, 7, 6, 6, 5, 5, 4, 4, 3, 3, 2, 2, 1, 1, 0, 0], "b_moves_left": [40, 39, 39, 38, 38, 37, 37, 36, 36, 35, 35, 34, 34, 33, 33, 32, 32, 31, 31, 30, 30, 29, 29, 28, 28, 27, 27, 26, 26, 25, 25, 24, 24, 23, 23, 22, 22, 21, 21, 20, 20, 19, 19, 18, 18, 17, 17, 16, 16, 15, 15, 14, 14, 13, 13, 12, 12, 11, 11, 10, 10, 9, 9, 8, 8, 7, 7, 6, 6, 5, 5, 4, 4, 3, 3, 2, 2, 1, 1, 0], "trapdoor_triggered": [0, 0, 0, 0, 0, 0, 0, 1, 0, 0, 0, 0, 0, 0, 0, 0, 0, 0, 0, 0, 0, 0, 0, 0, 0, 0, 0, 0, 0, 0, 0, 0, 0, 0, 0, 0, 0, 0, 0, 0, 0, 0, 0, 0, 0, 0, 0, 0, 0, 0, 0, 0, 0, 0, 0, 0, 0, 0, 0, 0, 0, 1, 0, 0, 0, 0, 0, 0, 0, 0, 0, 0, 0, 0, 0, 0, 0, 0, 0, 0], "left_behind": ["egg", "egg", "plain", "turd", "egg", "egg", "plain", "turd", "egg", "plain", "plain", "turd", "egg", "egg", "plain", "turd", "egg", "egg", "plain", "plain", "egg", "plain", "plain", "plain", "egg", "egg", "plain", "plain", "egg", "egg", "plain", "plain", "egg", "egg", "plain", "plain", "egg", "egg", "plain", "plain", "egg", "egg", "plain", "plain", "egg", "egg", "plain", "plain", "egg", "egg", "plain", "plain", "egg", "egg", "plain", "plain", "egg", "egg", "plain", "plain", "plain", "egg", "plain", "plain", "plain", "plain", "plain", "egg", "plain", "plain", "plain", "egg", "plain", "plain", "plain", "egg", "plain", "turd", "plain", "plain"], "errlog_a": "", "errlog_b": "", "start_time": 360, "start_moves": 40, "turn_count": 80, "result": 0, "reason": "EGGS_LAID", "trapdoors": [[2, 2], [5, 2]], "spawn_a": [0, 2], "spawn_b": [7, 2]}