{"pos": [[0, 5], [7, 5], [0, 4], [6, 5], [0, 3], [6, 4], [0, 2], [6, 3], [0, 1], [6, 2], [0, 0], [6, 1], [1, 0], [5, 1], [2, 0], [4, 1], [2, 1], [3, 1], [2, 2], [2, 1], [1, 2], [1, 1], [1, 3], [1, 2], [1, 4], [1, 1], [1, 5], [1, 0], [1, 6], [1, 1], [2, 6], [0, 1], [3, 6], [1, 1], [4, 6], [1, 0], [3, 6], [1, 1], [3, 7], [1, 0], [3, 6], [1, 1], [3, 5], [1, 0], [2, 5], [1, 1], [2, 4], [1, 0], [2, 3], [1, 1], [3, 3], [1, 0], [3, 4], [1, 1], [4, 4], [1, 0], [4, 5], [1, 1], [4, 6], [1, 0], [5, 6], [1, 1], [5, 7], [1, 0], [5, 6], [1, 1], [4, 6], [1, 0], [4, 5], [1, 1], [4, 6], [1, 0], [4, 5], [1, 1], [4, 6], [1, 0], [4, 5], [1, 1], [4, 4], [1, 0]], "a_eggs_laid": [1, 1, 1, 1, 2, 2, 2, 2, 3, 3, 3, 3, 6, 6, 6, 6, 7, 7, 7, 7, 8, 8, 8, 8, 9, 9, 9, 9, 10, 10, 10, 10, 11, 11, 11, 11, 12, 12, 12, 12, 13, 13, 13, 13, 14, 14, 14, 14, 15, 15, 15, 15, 16, 16, 16, 16, 17, 17, 17, 17, 17, 17, 17, 17, 18, 18, 18, 18, 18, 18, 18, 18, 18, 18, 18, 18, 18, 18, 18, 18], "b_eggs_laid": [0, 0, 0, 0, 0, 0, 0, 0, 0, 0, 0, 0, 0, 0, 0, 0, 0, 0, 0, 0, 0, 1, 1, 1, 1, 2, 2, 2, 2, 3, 3, 3, 3, 4, 4, 4, 4, 4, 4, 4, 4, 4, 4, 4, 4, 4, 4, 4, 4, 4, 4, 4, 4, 4, 4, 4, 4, 4, 4, 4, 4, 4, 4, 4, 4, 4, 4, 4, 4, 4, 4, 4, 4, 4, 4, 4, 4, 4, 4, 4], "a_turds_left": [5, 5, 5, 5, 5, 5, 5, 5, 5, 5, 5, 5, 5, 5, 5, 5, 5, 5, 5, 5, 5, 5, 5, 5, 5, 5, 5, 5, 5, 5, 5, 5, 5, 5, 5, 5, 5, 5, 5, 5, 5, 5, 5, 5, 5, 5, 5, 5, 5, 5, 5, 5, 5, 5, 5, 5, 5, 5, 5, 5, 5, 5, 5, 5, 5, 5, 5, 5, 5, 5, 5, 5, 5, 5, 5, 5, 5, 5, 4, 4], "b_turds_left": [5, 4, 4, 4, 4, 3, 3, 3, 3, 2, 2, 2, 2, 1, 1, 1, 1, 0, 0, 0, 0, 0, 0, 0, 0, 0, 0, 0, 0, 0, 0, 0, 0, 0, 0, 0, 0, 0, 0, 0, 0, 0, 0, 0, 0, 0, 0, 0, 0, 0, 0, 0, 0, 0, 0, 0, 0, 0, 0, 0, 0, 0, 0, 0, 0, 0, 0, 0, 0, 0, 0, 0, 0, 0, 0, 0, 0, 0, 0, 0], "a_time_left": [359.96474037499866, 359.96474037499866, 359.9345352919918, 359.9345352919918, 359.89354104199447, 359.89354104199447, 359.87374066699704, 359.87374066699704, 359.8393554590002, 359.8393554590002, 359.82014433400764, 359.82014433400764, 359.7960697510134, 359.7960697510134, 359.77187554301054, 359.77187554301054, 359.73840787600784, 359.73840787600784, 359.7326802089956, 359.7326802089956, 359.72338350099744, 359.72338350099744, 359.7198333339911, 359.7198333339911, 359.71370587599813, 359.71370587599813, 359.7024467510055, 359.7024467510055, 359.6911747090053, 359.6911747090053, 359.6780649170105, 359.6780649170105, 359.6665201670112, 359.6665201670112, 359.65063058301166, 359.65063058301166, 359.6427126660128, 359.6427126660128, 359.62896324900794, 359.62896324900794, 359.6232279990072, 359.6232279990072, 359.5368502490019, 359.5368502490019, 359.5272734159953, 359.5272734159953, 359.5149614159891, 359.5149614159891, 359.5056807489891, 359.5056807489891, 359.4945064989879, 359.4945064989879, 359.48686324898154, 359.48686324898154, 359.4741284149786, 359.4741284149786, 359.46733366498665, 359.46733366498665, 359.4581906649837, 359.4581906649837, 359.4556947479723, 359.4556947479723, 359.44868191497517, 359.44868191497517, 359.44427433097735, 359.44427433097735, 359.43855845597864, 359.43855845597864, 359.435805747984, 359.435805747984, 359.42668945698824, 359.42668945698824, 359.42420066597697, 359.42420066597697, 359.41544141597115, 359.41544141597115, 359.4130104579672, 359.4130104579672, 359.41034587497415, 359.41034587497415], "b_time_left": [360, 359.96459916600725, 359.96459916600725, 359.93834745800996, 359.93834745800996, 359.8914930830215, 359.8914930830215, 359.86320212502324, 359.86320212502324, 359.8175977920182, 359.8175977920182, 359.80064591701375, 359.80064591701375, 359.75650020902685, 359.75650020902685, 359.7305731680244, 359.7305731680244, 359.6838011260261, 359.6838011260261, 359.67408341802366, 359.67408341802366, 359.6668639590207, 359.6668639590207, 359.65861995900923, 359.65861995900923, 359.6540924590081, 359.6540924590081, 359.64530495900544, 359.64530495900544, 359.6408046249999, 359.6408046249999, 359.63252258399734, 359.63252258399734, 359.627890208998, 359.627890208998, 359.61946850099775, 359.61946850099775, 359.61668612599897, 359.61668612599897, 359.61037795900484, 359.61037795900484, 359.6078850430058, 359.6078850430058, 359.59245191801165, 359.59245191801165, 359.58997546001046, 359.58997546001046, 359.5815774180228, 359.5815774180228, 359.57905329302594, 359.57905329302594, 359.57069479303027, 359.57069479303027, 359.56821279303404, 359.56821279303404, 359.55980095903215, 359.55980095903215, 359.55779608404555, 359.55779608404555, 359.55447779304814, 359.55447779304814, 359.5531346260541, 359.5531346260541, 359.5474077930412, 359.5474077930412, 359.5456700430368, 359.5456700430368, 359.54237341803673, 359.54237341803673, 359.5399147930293, 359.5399147930293, 359.5364635850274, 359.5364635850274, 359.5343508350197, 359.5343508350197, 359.530645877021, 359.530645877021, 359.52952487702714, 359.52952487702714, 359.5290773770248], "a_moves_left": [39, 39, 38, 38, 37, 37, 36, 36, 35, 35, 34, 34, 33, 33, 32, 32, 31, 31, 30, 30, 29, 29, 28, 28, 27, 27, 26, 26, 25, 25, 24, 24, 23, 23, 22, 22, 21, 21, 20, 20, 19, 19, 18, 18, 17, 17, 16, 16, 15, 15, 14, 14, 13, 13, 12, 12, 11, 11, 10, 10, 9, 9, 8, 8, 7, 7, 6, 6, 5, 5, 4, 4, 3, 3, 2, 2, 1, 1, 0, 0], "b_moves_left": [40, 39, 39, 38, 38, 37, 37, 36, 36, 35, 35, 34, 34, 33, 33, 32, 32, 31, 31, 30, 30, 29, 29, 28, 28, 27, 27, 26, 26, 25, 25, 24, 24, 23, 23, 22, 22, 21, 21, 20, 20, 19, 19, 18, 18, 17, 17, 16, 16, 15, 15, 14, 14, 13, 13, 12, 12, 11, 11, 10, 10, 9, 9, 8, 8, 7, 7, 6, 6, 5, 5, 4, 4, 3, 3, 2, 2, 1, 1, 0], "trapdoor_triggered": [0, 0, 0, 0, 0, 0, 0, 0, 0, 0, 0, 0, 0, 0, 0, 0, 0, 0, 0, 0, 0, 0, 0, 0, 0, 0, 0, 0, 0, 0, 0, 0, 0, 0, 0, 0, 0, 0, 0, 0, 0, 0, 0, 0, 0, 0, 0, 0, 0, 0, 0, 0, 0, 0, 0, 0, 0, 0, 0, 0, 0, 0, 0, 0, 0, 0, 0, 0, 0, 0, 0, 0, 0, 0, 0, 0, 0, 0, 0, 0], "left_behind": ["egg", "turd", "plain", "plain", "egg", "turd", "plain", "plain", "egg", "turd", "plain", "plain", "egg", "turd", "plain", "plain", "egg", "turd", "plain", "plain", "egg", "egg", "plain", "plain", "egg", "egg", "plain", "plain", "egg", "egg", "plain", "plain", "egg", "egg", "plain", "plain", "egg", "plain", "plain", "plain", "egg", "plain", "plain", "plain", "egg", "plain", "plain", "plain", "egg", "plain", "plain", "plain", "egg", "plain", "plain", "plain", "egg", "plain", "plain", "plain", "plain", "plain", "plain", "plain", "egg", "plain", "plain", "plain", "plain", "plain", "plain", "plain", "plain", "plain", "plain", "plain", "plain", "plain", "turd", "plain"], "errlog_a": "", "errlog_b": "", "start_time": 360, "start_moves": 40, "turn_count": 80, "result": 0, "reason": "EGGS_LAID", "trapdoors": [[5, 5], [4, 3]], "spawn_a": [0, 6], "spawn_b": [7, 6]}