{"pos": [[7, 2], [1, 1], [7, 3], [2, 1], [7, 2], [3, 1], [6, 2], [4, 1], [6, 3], [3, 1], [6, 4], [3, 2], [6, 5], [2, 2], [7, 5], [1, 2], [7, 6], [1, 3], [7, 7], [1, 4], [7, 6], [1, 5], [6, 6], [1, 6], [6, 5], [2, 6], [5, 5], [3, 6], [5, 4], [2, 6], [7, 1], [2, 7], [7, 0], [2, 6], [6, 0], [2, 5], [6, 1], [2, 4], [5, 1], [2, 3], [5, 2], [3, 3], [4, 2], [4, 3], [5, 2], [4, 4], [5, 1], [5, 4], [6, 1], [4, 4], [6, 0], [4, 5], [6, 1], [4, 6], [6, 0], [5, 6], [6, 1], [5, 7], [6, 0], [4, 7], [6, 1], [4, 6], [6, 0], [4, 5], [6, 1], [4, 6], [6, 0], [4, 5], [6, 1], [4, 6], [6, 0], [4, 5], [6, 1], [4, 6], [6, 0], [4, 5], [6, 1], [4, 4], [6, 0], [4, 3]], "a_eggs_laid": [1, 1, 1, 1, 2, 2, 2, 2, 3, 3, 3, 3, 4, 4, 4, 4, 5, 5, 5, 5, 8, 8, 8, 8, 9, 9, 9, 9, 10, 10, 10, 10, 10, 10, 10, 10, 11, 11, 11, 11, 12, 12, 12, 12, 13, 13, 13, 13, 13, 13, 13, 13, 13, 13, 13, 13, 13, 13, 13, 13, 13, 13, 13, 13, 13, 13, 13, 13, 13, 13, 13, 13, 13, 13, 13, 13, 13, 13, 13, 13], "b_eggs_laid": [0, 1, 1, 1, 1, 2, 2, 2, 2, 3, 3, 3, 3, 4, 4, 4, 4, 5, 5, 5, 5, 6, 6, 6, 6, 7, 7, 7, 7, 8, 8, 12, 12, 13, 13, 13, 13, 14, 14, 14, 14, 15, 15, 15, 15, 16, 16, 16, 16, 17, 17, 17, 17, 18, 18, 18, 18, 19, 19, 19, 19, 20, 20, 20, 20, 20, 20, 20, 20, 20, 20, 20, 20, 20, 20, 20, 20, 20, 20, 20], "a_turds_left": [5, 5, 5, 5, 5, 5, 5, 5, 5, 5, 5, 5, 5, 5, 5, 5, 5, 5, 5, 5, 5, 5, 5, 5, 5, 5, 5, 5, 5, 5, 5, 5, 5, 5, 5, 5, 5, 5, 5, 5, 5, 5, 5, 5, 5, 5, 5, 5, 5, 5, 5, 5, 5, 5, 5, 5, 5, 5, 5, 5, 5, 5, 5, 5, 5, 5, 5, 5, 5, 5, 5, 5, 5, 5, 5, 5, 5, 5, 5, 5], "b_turds_left": [5, 5, 5, 4, 4, 4, 4, 3, 3, 3, 3, 3, 3, 3, 3, 2, 2, 2, 2, 1, 1, 1, 1, 1, 1, 1, 1, 1, 1, 1, 1, 1, 1, 1, 1, 1, 1, 1, 1, 1, 1, 1, 1, 1, 1, 1, 1, 1, 1, 1, 1, 1, 1, 1, 1, 1, 1, 1, 1, 1, 1, 1, 1, 1, 1, 1, 1, 1, 1, 1, 1, 1, 1, 1, 1, 1, 1, 1, 1, 0], "a_time_left": [359.96938112500357, 359.96938112500357, 359.94443350000074, 359.94443350000074, 359.9020170410222, 359.9020170410222, 359.883930874028, 359.883930874028, 359.8464741660282, 359.8464741660282, 359.82971454103244, 359.82971454103244, 359.787570791028, 359.787570791028, 359.7594638330338, 359.7594638330338, 359.7294377910439, 359.7294377910439, 359.7114823740267, 359.7114823740267, 359.6924363740254, 359.6924363740254, 359.67675391503144, 359.67675391503144, 359.6413800820301, 359.6413800820301, 359.62247116604703, 359.62247116604703, 359.58506708205095, 359.58506708205095, 359.55613154004095, 359.55613154004095, 359.54974824906094, 359.54974824906094, 359.53860491505475, 359.53860491505475, 359.508705874061, 359.508705874061, 359.4886730820581, 359.4886730820581, 359.4580262910458, 359.4580262910458, 359.44488754105987, 359.44488754105987, 359.4399412070634, 359.4399412070634, 359.4279328730772, 359.4279328730772, 359.4228598730697, 359.4228598730697, 359.4041699570662, 359.4041699570662, 359.39755116507877, 359.39755116507877, 359.38125208209385, 359.38125208209385, 359.3758416650817, 359.3758416650817, 359.3623881240783, 359.3623881240783, 359.3561512080778, 359.3561512080778, 359.3356240410649, 359.3356240410649, 359.3321260000521, 359.3321260000521, 359.31197879105457, 359.31197879105457, 359.3082612490398, 359.3082612490398, 359.2880816660472, 359.2880816660472, 359.2846024570463, 359.2846024570463, 359.26454179003485, 359.26454179003485, 359.26106191502186, 359.26106191502186, 359.25593045703135, 359.25593045703135], "b_time_left": [360, 359.961717416998, 359.961717416998, 359.9252937089768, 359.9252937089768, 359.8927736679907, 359.8927736679907, 359.8639884599834, 359.8639884599834, 359.82309420997626, 359.82309420997626, 359.80953137698816, 359.80953137698816, 359.7590568349988, 359.7590568349988, 359.73417621001136, 359.73417621001136, 359.70181887599756, 359.70181887599756, 359.6858131259796, 359.6858131259796, 359.6559418340039, 359.6559418340039, 359.631633876008, 359.631633876008, 359.5874035010056, 359.5874035010056, 359.5620568759914, 359.5620568759914, 359.51782120999997, 359.51782120999997, 359.50408066800446, 359.50408066800446, 359.4866284180025, 359.4866284180025, 359.43654591799714, 359.43654591799714, 359.39282141800504, 359.39282141800504, 359.37042312600533, 359.37042312600533, 359.33170691801934, 359.33170691801934, 359.32137879301445, 359.32137879301445, 359.30346112602274, 359.30346112602274, 359.29182991804555, 359.29182991804555, 359.2774435430474, 359.2774435430474, 359.2670691680396, 359.2670691680396, 359.23244025104214, 359.23244025104214, 359.2228815010167, 359.2228815010167, 359.19673387601506, 359.19673387601506, 359.1906975840102, 359.1906975840102, 359.1609767920163, 359.1609767920163, 359.15336854202906, 359.15336854202906, 359.1435507920396, 359.1435507920396, 359.1357548760425, 359.1357548760425, 359.1260529590654, 359.1260529590654, 359.11824825109215, 359.11824825109215, 359.10882825107547, 359.10882825107547, 359.10098095907597, 359.10098095907597, 359.09591983410064, 359.09591983410064, 359.09510050009703], "a_moves_left": [39, 39, 38, 38, 37, 37, 36, 36, 35, 35, 34, 34, 33, 33, 32, 32, 31, 31, 30, 30, 29, 29, 28, 28, 27, 27, 26, 26, 25, 25, 24, 24, 23, 23, 22, 22, 21, 21, 20, 20, 19, 19, 18, 18, 17, 17, 16, 16, 15, 15, 14, 14, 13, 13, 12, 12, 11, 11, 10, 10, 9, 9, 8, 8, 7, 7, 6, 6, 5, 5, 4, 4, 3, 3, 2, 2, 1, 1, 0, 0], "b_moves_left": [40, 39, 39, 38, 38, 37, 37, 36, 36, 35, 35, 34, 34, 33, 33, 32, 32, 31, 31, 30, 30, 29, 29, 28, 28, 27, 27, 26, 26, 25, 25, 24, 24, 23, 23, 22, 22, 21, 21, 20, 20, 19, 19, 18, 18, 17, 17, 16, 16, 15, 15, 14, 14, 13, 13, 12, 12, 11, 11, 10, 10, 9, 9, 8, 8, 7, 7, 6, 6, 5, 5, 4, 4, 3, 3, 2, 2, 1, 1, 0], "trapdoor_triggered": [0, 0, 0, 0, 0, 0, 0, 0, 0, 0, 0, 0, 0, 0, 0, 0, 0, 0, 0, 0, 0, 0, 0, 0, 0, 0, 0, 0, 0, 0, 1, 0, 0, 0, 0, 0, 0, 0, 0, 0, 0, 0, 0, 0, 0, 0, 0, 0, 0, 0, 0, 0, 0, 0, 0, 0, 0, 0, 0, 0, 0, 0, 0, 0, 0, 0, 0, 0, 0, 0, 0, 0, 0, 0, 0, 0, 0, 0, 0, 0], "left_behind": ["egg", "egg", "plain", "turd", "egg", "egg", "plain", "turd", "egg", "egg", "plain", "plain", "egg", "egg", "plain", "turd", "egg", "egg", "plain", "turd", "egg", "egg", "plain", "plain", "egg", "egg", "plain", "plain", "egg", "egg", "plain", "plain", "plain", "egg", "plain", "plain", "egg", "egg", "plain", "plain", "egg", "egg", "plain", "plain", "egg", "egg", "plain", "plain", "plain", "egg", "plain", "plain", "plain", "egg", "plain", "plain", "plain", "egg", "plain", "plain", "plain", "egg", "plain", "plain", "plain", "plain", "plain", "plain", "plain", "plain", "plain", "plain", "plain", "plain", "plain", "plain", "plain", "plain", "plain", "turd"], "errlog_a": "", "errlog_b": "", "start_time": 360, "start_moves": 40, "turn_count": 80, "result": 1, "reason": "EGGS_LAID", "trapdoors": [[5, 3], [3, 4]], "spawn_a": [7, 1], "spawn_b": [0, 1]}