{"pos": [[7, 4], [0, 4], [7, 3], [1, 4], [7, 2], [1, 3], [7, 1], [0, 3], [7, 2], [0, 2], [6, 2], [1, 2], [6, 1], [1, 1], [6, 0], [2, 1], [6, 1], [3, 1], [5, 1], [3, 0], [4, 1], [2, 0], [4, 0], [1, 0], [4, 1], [1, 1], [4, 2], [0, 1], [3, 2], [0, 2], [2, 2], [1, 2], [3, 2], [1, 3], [3, 3], [2, 3], [4, 3], [2, 4], [7, 5], [2, 5], [7, 4], [2, 6], [6, 4], [3, 6], [6, 5], [4, 6], [5, 5], [4, 5], [6, 5], [4, 4], [6, 6], [4, 3], [7, 6], [4, 4], [7, 7], [0, 5], [7, 6], [0, 6], [7, 5], [0, 7], [7, 4], [0, 6], [7, 3], [1, 6], [7, 2], [2, 6], [7, 1], [2, 7], [7, 2], [3, 7], [7, 1], [4, 7], [7, 2], [4, 6], [7, 1], [4, 5], [7, 2], [4, 4], [7, 1], [4, 3]], "a_eggs_laid": [1, 1, 1, 1, 2, 2, 2, 2, 3, 3, 3, 3, 4, 4, 4, 4, 5, 5, 5, 5, 6, 6, 6, 6, 7, 7, 7, 7, 8, 8, 8, 8, 9, 9, 9, 9, 10, 10, 10, 10, 10, 10, 10, 10, 11, 11, 11, 11, 12, 12, 12, 12, 13, 13, 13, 13, 20, 20, 20, 20, 20, 20, 20, 20, 20, 20, 20, 20, 20, 20, 20, 20, 20, 20, 20, 20, 20, 20, 20, 20], "b_eggs_laid": [0, 1, 1, 1, 1, 2, 2, 2, 2, 3, 3, 3, 3, 4, 4, 4, 4, 5, 5, 5, 5, 6, 6, 6, 6, 7, 7, 7, 7, 8, 8, 8, 8, 8, 8, 8, 8, 9, 9, 13, 13, 14, 14, 14, 14, 15, 15, 15, 15, 16, 16, 16, 16, 17, 17, 17, 17, 17, 17, 17, 17, 20, 20, 20, 20, 21, 21, 21, 21, 22, 22, 22, 22, 23, 23, 23, 23, 23, 23, 23], "a_turds_left": [5, 5, 5, 5, 5, 5, 5, 5, 5, 5, 5, 5, 5, 5, 5, 5, 5, 5, 5, 5, 5, 5, 5, 5, 5, 5, 5, 5, 5, 5, 5, 5, 5, 5, 5, 5, 5, 5, 5, 5, 5, 5, 5, 5, 5, 5, 5, 5, 5, 5, 5, 5, 5, 5, 5, 5, 5, 5, 5, 5, 5, 5, 5, 5, 5, 5, 5, 5, 5, 5, 5, 5, 5, 5, 5, 5, 5, 5, 5, 5], "b_turds_left": [5, 5, 5, 5, 5, 5, 5, 5, 5, 5, 5, 5, 5, 5, 5, 5, 5, 5, 5, 5, 5, 5, 5, 4, 4, 4, 4, 4, 4, 4, 4, 3, 3, 3, 3, 3, 3, 3, 3, 2, 2, 2, 2, 2, 2, 2, 2, 1, 1, 1, 1, 1, 1, 1, 1, 1, 1, 1, 1, 1, 1, 1, 1, 1, 1, 1, 1, 1, 1, 1, 1, 1, 1, 1, 1, 1, 1, 1, 1, 0], "a_time_left": [359.94875333298114, 359.94875333298114, 359.91829687397694, 359.91829687397694, 359.8710000409628, 359.8710000409628, 359.8403884159634, 359.8403884159634, 359.801406457962, 359.801406457962, 359.77688929098076, 359.77688929098076, 359.71016612497624, 359.71016612497624, 359.66821770896786, 359.66821770896786, 359.61740937596187, 359.61740937596187, 359.57681433396647, 359.57681433396647, 359.52490191697143, 359.52490191697143, 359.48852558396175, 359.48852558396175, 359.46148125096806, 359.46148125096806, 359.4191924179613, 359.4191924179613, 359.35989816795336, 359.35989816795336, 359.3305492089712, 359.3305492089712, 359.3195480419672, 359.3195480419672, 359.279465125961, 359.279465125961, 359.2587757509609, 359.2587757509609, 359.21194308498525, 359.21194308498525, 359.1942044599855, 359.1942044599855, 359.1661380440055, 359.1661380440055, 359.09148312700563, 359.09148312700563, 359.0528426679957, 359.0528426679957, 359.03413745897706, 359.03413745897706, 359.0038651259965, 359.0038651259965, 358.96475745897624, 358.96475745897624, 358.9407679179858, 358.9407679179858, 358.92593025197857, 358.92593025197857, 358.9096464179747, 358.9096464179747, 358.90146245996584, 358.90146245996584, 358.88362737596617, 358.88362737596617, 358.8689142099465, 358.8689142099465, 358.8443140439631, 358.8443140439631, 358.8332963769499, 358.8332963769499, 358.81506645993795, 358.81506645993795, 358.80224275094224, 358.80224275094224, 358.7874278759409, 358.7874278759409, 358.78113454193226, 358.78113454193226, 358.77421391694224, 358.77421391694224], "b_time_left": [360, 359.9562948749808, 359.9562948749808, 359.9135379999934, 359.9135379999934, 359.83610595797654, 359.83610595797654, 359.7828323749709, 359.7828323749709, 359.73768966595526, 359.73768966595526, 359.6926732909633, 359.6926732909633, 359.636844582943, 359.636844582943, 359.59316033296636, 359.59316033296636, 359.52410054198117, 359.52410054198117, 359.47244154199143, 359.47244154199143, 359.38622058398323, 359.38622058398323, 359.3036663339881, 359.3036663339881, 359.1729392510024, 359.1729392510024, 358.8938078760111, 358.8938078760111, 358.7854744170327, 358.7854744170327, 358.687228417024, 358.687228417024, 358.59211620804854, 358.59211620804854, 358.3955179580662, 358.3955179580662, 358.28568679108866, 358.28568679108866, 358.09164762406726, 358.09164762406726, 357.6106430400687, 357.6106430400687, 356.6488603730686, 356.6488603730686, 356.13590441507404, 356.13590441507404, 355.6468598320498, 355.6468598320498, 355.3646511650586, 355.3646511650586, 354.98093162404257, 354.98093162404257, 354.84220579103567, 354.84220579103567, 354.5597183330392, 354.5597183330392, 354.24177891603904, 354.24177891603904, 353.8555990830355, 353.8555990830355, 353.28155604103813, 353.28155604103813, 352.01512429103605, 352.01512429103605, 350.3030541660264, 350.3030541660264, 348.6587724160345, 348.6587724160345, 347.61115829102346, 347.61115829102346, 346.7626204570406, 346.7626204570406, 346.11410008204984, 346.11410008204984, 346.02432383203995, 346.02432383203995, 346.0030180400645, 346.0030180400645, 346.00056079006754], "a_moves_left": [39, 39, 38, 38, 37, 37, 36, 36, 35, 35, 34, 34, 33, 33, 32, 32, 31, 31, 30, 30, 29, 29, 28, 28, 27, 27, 26, 26, 25, 25, 24, 24, 23, 23, 22, 22, 21, 21, 20, 20, 19, 19, 18, 18, 17, 17, 16, 16, 15, 15, 14, 14, 13, 13, 12, 12, 11, 11, 10, 10, 9, 9, 8, 8, 7, 7, 6, 6, 5, 5, 4, 4, 3, 3, 2, 2, 1, 1, 0, 0], "b_moves_left": [40, 39, 39, 38, 38, 37, 37, 36, 36, 35, 35, 34, 34, 33, 33, 32, 32, 31, 31, 30, 30, 29, 29, 28, 28, 27, 27, 26, 26, 25, 25, 24, 24, 23, 23, 22, 22, 21, 21, 20, 20, 19, 19, 18, 18, 17, 17, 16, 16, 15, 15, 14, 14, 13, 13, 12, 12, 11, 11, 10, 10, 9, 9, 8, 8, 7, 7, 6, 6, 5, 5, 4, 4, 3, 3, 2, 2, 1, 1, 0], "trapdoor_triggered": [0, 0, 0, 0, 0, 0, 0, 0, 0, 0, 0, 0, 0, 0, 0, 0, 0, 0, 0, 0, 0, 0, 0, 0, 0, 0, 0, 0, 0, 0, 0, 0, 0, 0, 0, 0, 0, 0, 1, 0, 0, 0, 0, 0, 0, 0, 0, 0, 0, 0, 0, 0, 0, 0, 0, 1, 0, 0, 0, 0, 0, 0, 0, 0, 0, 0, 0, 0, 0, 0, 0, 0, 0, 0, 0, 0, 0, 0, 0, 0], "left_behind": ["egg", "egg", "plain", "plain", "egg", "egg", "plain", "plain", "egg", "egg", "plain", "plain", "egg", "egg", "plain", "plain", "egg", "egg", "plain", "plain", "egg", "egg", "plain", "turd", "egg", "egg", "plain", "plain", "egg", "egg", "plain", "turd", "egg", "plain", "plain", "plain", "egg", "egg", "plain", "turd", "plain", "egg", "plain", "plain", "egg", "egg", "plain", "turd", "egg", "egg", "plain", "plain", "egg", "egg", "plain", "plain", "egg", "plain", "plain", "plain", "plain", "egg", "plain", "plain", "plain", "egg", "plain", "plain", "plain", "egg", "plain", "plain", "plain", "egg", "plain", "plain", "plain", "plain", "plain", "turd"], "errlog_a": "", "errlog_b": "", "start_time": 360, "start_moves": 40, "turn_count": 80, "result": 1, "reason": "EGGS_LAID", "trapdoors": [[5, 3], [3, 4]], "spawn_a": [7, 5], "spawn_b": [0, 5]}