{"pos": [[0, 1], [7, 1], [0, 0], [7, 0], [1, 0], [7, 1], [2, 0], [7, 2], [3, 0], [7, 3], [4, 0], [7, 4], [5, 0]], "a_eggs_laid": [1, 1, 1, 1, 4, 4, 4, 4, 5, 5, 5, 5, 6], "b_eggs_laid": [0, 1, 1, 1, 1, 4, 4, 4, 4, 4, 4, 4, 4], "a_turds_left": [5, 5, 5, 5, 5, 5, 5, 5, 5, 5, 5, 5, 5], "b_turds_left": [5, 5, 5, 4, 4, 4, 4, 4, 4, 4, 4, 4, 4], "a_time_left": [357.1661853749829, 357.1661853749829, 355.90070437500253, 355.90070437500253, 354.11656408401905, 354.11656408401905, 352.1580025840376, 352.1580025840376, 348.2448491670366, 348.2448491670366, 345.0925205000385, 345.0925205000385, 341.0922548340459], "b_time_left": [360, 355.9994152090221, 355.9994152090221, 351.99891166802263, 351.99891166802263, 347.99855333403684, 347.99855333403684, 343.99801625101827, 343.99801625101827, 339.9976997920021, 339.9976997920021, 335.9973017090233, 335.9973017090233], "a_moves_left": [39, 39, 38, 38, 37, 37, 36, 36, 35, 35, 34, 34, 33], "b_moves_left": [40, 39, 39, 38, 38, 37, 37, 36, 36, 35, 35, 34, 34], "trapdoor_triggered": [0, 0, 0, 0, 0, 0, 0, 0, 0, 0, 0, 0, 0], "left_behind": ["egg", "egg", "plain", "turd", "egg", "egg", "plain", "plain", "egg", "plain", "plain", "plain", "egg"], "errlog_a": "", "errlog_b": "Timeout", "start_time": 360, "start_moves": 40, "turn_count": 13, "result": 0, "reason": "CODE_CRASH", "trapdoors": [[3, 5], [5, 4]], "spawn_a": [0, 2], "spawn_b": [7, 2]}