{"pos": [[0, 5], [7, 5], [0, 4], [7, 4], [0, 3], [7, 3], [0, 2], [7, 2], [0, 1], [7, 1], [0, 0], [7, 0], [1, 0], [7, 1], [2, 0], [6, 1], [3, 0], [5, 1], [3, 1], [5, 2], [2, 1], [6, 2], [1, 1], [6, 3], [1, 2], [6, 4], [1, 3], [6, 5], [1, 4], [6, 6], [1, 5], [6, 7], [1, 6], [6, 6], [2, 6], [5, 6], [2, 5], [5, 5], [2, 4], [5, 4], [2, 3], [5, 5], [2, 2], [4, 5], [2, 3], [4, 4], [3, 3], [7, 6], [3, 2], [7, 5], [4, 2], [7, 4], [3, 2], [7, 3], [3, 1], [7, 2], [3, 2], [7, 1], [3, 1], [7, 2], [3, 2], [7, 1], [3, 1], [7, 2], [3, 2], [7, 1], [3, 1], [7, 2], [3, 2], [7, 1], [3, 1], [7, 2], [3, 2], [7, 1], [3, 1], [7, 2], [3, 2], [7, 1], [3, 1], [7, 0]], "a_eggs_laid": [1, 1, 1, 1, 2, 2, 2, 2, 3, 3, 3, 3, 6, 6, 6, 6, 7, 7, 7, 7, 8, 8, 8, 8, 9, 9, 9, 9, 10, 10, 10, 10, 11, 11, 11, 11, 12, 12, 12, 12, 13, 13, 13, 13, 14, 14, 14, 14, 19, 19, 19, 19, 20, 20, 20, 20, 20, 20, 20, 20, 20, 20, 20, 20, 20, 20, 20, 20, 20, 20, 20, 20, 20, 20, 20, 20, 20, 20, 20, 20], "b_eggs_laid": [0, 1, 1, 1, 1, 2, 2, 2, 2, 3, 3, 3, 3, 6, 6, 6, 6, 7, 7, 7, 7, 8, 8, 8, 8, 9, 9, 9, 9, 10, 10, 10, 10, 11, 11, 11, 11, 12, 12, 12, 12, 13, 13, 13, 13, 14, 14, 14, 14, 14, 14, 14, 14, 14, 14, 14, 14, 14, 14, 14, 14, 14, 14, 14, 14, 14, 14, 14, 14, 14, 14, 14, 14, 14, 14, 14, 14, 14, 14, 14], "a_turds_left": [5, 5, 5, 5, 5, 5, 5, 5, 5, 5, 5, 5, 5, 5, 5, 5, 5, 5, 5, 5, 5, 5, 5, 5, 5, 5, 5, 5, 5, 5, 5, 5, 5, 5, 5, 5, 5, 5, 5, 5, 5, 5, 5, 5, 5, 5, 5, 5, 5, 5, 5, 5, 5, 5, 5, 5, 5, 5, 5, 5, 5, 5, 5, 5, 5, 5, 5, 5, 5, 5, 5, 5, 5, 5, 5, 5, 5, 5, 5, 5], "b_turds_left": [5, 5, 5, 4, 4, 4, 4, 3, 3, 3, 3, 2, 2, 2, 2, 2, 2, 2, 2, 1, 1, 1, 1, 1, 1, 1, 1, 1, 1, 1, 1, 1, 1, 1, 1, 1, 1, 1, 1, 1, 1, 1, 1, 1, 1, 1, 1, 1, 1, 1, 1, 1, 1, 1, 1, 1, 1, 1, 1, 1, 1, 1, 1, 1, 1, 1, 1, 1, 1, 1, 1, 1, 1, 1, 1, 1, 1, 1, 1, 1], "a_time_left": [359.96504166699015, 359.96504166699015, 359.94302445897483, 359.94302445897483, 359.90687574999174, 359.90687574999174, 359.8915275000036, 359.8915275000036, 359.8683165840048, 359.8683165840048, 359.85460591799347, 359.85460591799347, 359.8438420429884, 359.8438420429884, 359.830427792971, 359.830427792971, 359.8017384179693, 359.8017384179693, 359.7834068759694, 359.7834068759694, 359.75325395996333, 359.75325395996333, 359.7295389599749, 359.7295389599749, 359.6943329189671, 359.6943329189671, 359.669417210971, 359.669417210971, 359.63307004395756, 359.63307004395756, 359.6056042939599, 359.6056042939599, 359.5775017529377, 359.5775017529377, 359.55239546194207, 359.55239546194207, 359.5173085029528, 359.5173085029528, 359.4899797529506, 359.4899797529506, 359.45446304496727, 359.45446304496727, 359.4300132529752, 359.4300132529752, 359.3916349619976, 359.3916349619976, 359.3724481280078, 359.3724481280078, 359.35376608601655, 359.35376608601655, 359.34313900303096, 359.34313900303096, 359.3376773780328, 359.3376773780328, 359.3281569200335, 359.3281569200335, 359.32290346204536, 359.32290346204536, 359.3126100450463, 359.3126100450463, 359.30727004504297, 359.30727004504297, 359.29713217003155, 359.29713217003155, 359.29213137805345, 359.29213137805345, 359.28201071106014, 359.28201071106014, 359.2769101280428, 359.2769101280428, 359.26667737803655, 359.26667737803655, 359.2616619200271, 359.2616619200271, 359.2513992530294, 359.2513992530294, 359.24641142002656, 359.24641142002656, 359.2437081700482, 359.2437081700482], "b_time_left": [360, 359.9596695000073, 359.9596695000073, 359.9371168749931, 359.9371168749931, 359.91554241697304, 359.91554241697304, 359.89769395897747, 359.89769395897747, 359.87640374997864, 359.87640374997864, 359.8655524579808, 359.8655524579808, 359.8519059579703, 359.8519059579703, 359.8439597079705, 359.8439597079705, 359.81282487497083, 359.81282487497083, 359.7861422919668, 359.7861422919668, 359.7422054169583, 359.7422054169583, 359.71691574994475, 359.71691574994475, 359.6756685419532, 359.6756685419532, 359.65125475093373, 359.65125475093373, 359.6082118349441, 359.6082118349441, 359.5838749179384, 359.5838749179384, 359.5547517099476, 359.5547517099476, 359.5303253759339, 359.5303253759339, 359.4927101259236, 359.4927101259236, 359.46764237593743, 359.46764237593743, 359.4295455009269, 359.4295455009269, 359.4060420009482, 359.4060420009482, 359.3693950009474, 359.3693950009474, 359.35402629192686, 359.35402629192686, 359.3468010839133, 359.3468010839133, 359.341545833915, 359.341545833915, 359.33301666693296, 359.33301666693296, 359.32921437494224, 359.32921437494224, 359.32027924995054, 359.32027924995054, 359.31675774996984, 359.31675774996984, 359.30836824997095, 359.30836824997095, 359.3043496249593, 359.3043496249593, 359.29569229096523, 359.29569229096523, 359.2920669999439, 359.2920669999439, 359.27891366693075, 359.27891366693075, 359.27531629192526, 359.27531629192526, 359.26598537591053, 359.26598537591053, 359.2624278339208, 359.2624278339208, 359.2578759168973, 359.2578759168973, 359.25749608388287], "a_moves_left": [39, 39, 38, 38, 37, 37, 36, 36, 35, 35, 34, 34, 33, 33, 32, 32, 31, 31, 30, 30, 29, 29, 28, 28, 27, 27, 26, 26, 25, 25, 24, 24, 23, 23, 22, 22, 21, 21, 20, 20, 19, 19, 18, 18, 17, 17, 16, 16, 15, 15, 14, 14, 13, 13, 12, 12, 11, 11, 10, 10, 9, 9, 8, 8, 7, 7, 6, 6, 5, 5, 4, 4, 3, 3, 2, 2, 1, 1, 0, 0], "b_moves_left": [40, 39, 39, 38, 38, 37, 37, 36, 36, 35, 35, 34, 34, 33, 33, 32, 32, 31, 31, 30, 30, 29, 29, 28, 28, 27, 27, 26, 26, 25, 25, 24, 24, 23, 23, 22, 22, 21, 21, 20, 20, 19, 19, 18, 18, 17, 17, 16, 16, 15, 15, 14, 14, 13, 13, 12, 12, 11, 11, 10, 10, 9, 9, 8, 8, 7, 7, 6, 6, 5, 5, 4, 4, 3, 3, 2, 2, 1, 1, 0], "trapdoor_triggered": [0, 0, 0, 0, 0, 0, 0, 0, 0, 0, 0, 0, 0, 0, 0, 0, 0, 0, 0, 0, 0, 0, 0, 0, 0, 0, 0, 0, 0, 0, 0, 0, 0, 0, 0, 0, 0, 0, 0, 0, 0, 0, 0, 0, 0, 0, 0, 1, 0, 0, 0, 0, 0, 0, 0, 0, 0, 0, 0, 0, 0, 0, 0, 0, 0, 0, 0, 0, 0, 0, 0, 0, 0, 0, 0, 0, 0, 0, 0, 0], "left_behind": ["egg", "egg", "plain", "turd", "egg", "egg", "plain", "turd", "egg", "egg", "plain", "turd", "egg", "egg", "plain", "plain", "egg", "egg", "plain", "turd", "egg", "egg", "plain", "plain", "egg", "egg", "plain", "plain", "egg", "egg", "plain", "plain", "egg", "egg", "plain", "plain", "egg", "egg", "plain", "plain", "egg", "egg", "plain", "plain", "egg", "egg", "plain", "plain", "egg", "plain", "plain", "plain", "egg", "plain", "plain", "plain", "plain", "plain", "plain", "plain", "plain", "plain", "plain", "plain", "plain", "plain", "plain", "plain", "plain", "plain", "plain", "plain", "plain", "plain", "plain", "plain", "plain", "plain", "plain", "plain"], "errlog_a": "", "errlog_b": "", "start_time": 360, "start_moves": 40, "turn_count": 80, "result": 0, "reason": "EGGS_LAID", "trapdoors": [[3, 5], [4, 3]], "spawn_a": [0, 6], "spawn_b": [7, 6]}