{"pos": [[7, 2], [0, 2], [7, 1], [1, 2], [7, 2], [2, 2], [6, 2], [3, 2], [6, 1], [4, 2], [6, 0], [0, 3], [6, 1], [1, 3], [5, 1], [2, 3], [5, 0], [2, 4], [4, 0], [3, 4], [3, 0], [4, 4], [3, 1], [5, 4], [3, 0], [6, 4], [2, 0], [7, 4], [1, 0], [7, 5], [0, 0], [6, 5], [1, 0], [6, 6], [1, 1], [5, 6], [0, 1], [4, 6], [0, 2], [3, 6], [0, 1], [2, 6], [0, 0], [2, 5], [1, 0], [2, 4], [2, 0], [1, 4], [3, 0], [1, 5], [4, 0], [0, 5], [5, 0], [0, 6], [6, 0], [0, 7], [7, 0], [0, 6], [7, 1], [1, 6], [7, 0], [2, 6], [7, 1], [2, 7], [7, 0], [3, 7], [7, 1], [4, 7], [7, 0], [4, 6], [7, 1], [4, 5], [7, 0], [4, 4], [7, 1], [4, 3], [7, 0], [4, 2], [7, 1], [4, 1]], "a_eggs_laid": [1, 1, 1, 1, 2, 2, 2, 2, 3, 3, 3, 3, 8, 8, 8, 8, 9, 9, 9, 9, 10, 10, 10, 10, 11, 11, 11, 11, 12, 12, 12, 12, 15, 15, 15, 15, 16, 16, 16, 16, 17, 17, 17, 17, 17, 17, 17, 17, 17, 17, 17, 17, 17, 17, 17, 17, 17, 17, 17, 17, 17, 17, 17, 17, 17, 17, 17, 17, 17, 17, 17, 17, 17, 17, 17, 17, 17, 17, 17, 17], "b_eggs_laid": [0, 1, 1, 1, 1, 2, 2, 2, 2, 3, 3, 3, 3, 3, 3, 3, 3, 4, 4, 4, 4, 5, 5, 5, 5, 6, 6, 6, 6, 7, 7, 7, 7, 8, 8, 8, 8, 9, 9, 9, 9, 10, 10, 10, 10, 11, 11, 11, 11, 12, 12, 12, 12, 13, 13, 13, 13, 16, 16, 16, 16, 17, 17, 17, 17, 18, 18, 18, 18, 19, 19, 19, 19, 20, 20, 20, 20, 21, 21, 21], "a_turds_left": [5, 5, 5, 5, 5, 5, 5, 5, 5, 5, 5, 5, 5, 5, 5, 5, 5, 5, 5, 5, 5, 5, 5, 5, 5, 5, 5, 5, 5, 5, 5, 5, 5, 5, 5, 5, 5, 5, 5, 5, 5, 5, 5, 5, 5, 5, 5, 5, 5, 5, 5, 5, 5, 5, 5, 5, 5, 5, 5, 5, 5, 5, 5, 5, 5, 5, 5, 5, 5, 5, 5, 5, 5, 5, 5, 5, 5, 5, 5, 5], "b_turds_left": [5, 5, 5, 5, 5, 5, 5, 4, 4, 4, 4, 3, 3, 3, 3, 2, 2, 2, 2, 2, 2, 2, 2, 2, 2, 2, 2, 2, 2, 2, 2, 2, 2, 2, 2, 2, 2, 2, 2, 2, 2, 2, 2, 2, 2, 2, 2, 1, 1, 1, 1, 1, 1, 1, 1, 1, 1, 1, 1, 1, 1, 1, 1, 1, 1, 1, 1, 1, 1, 1, 1, 1, 1, 1, 1, 0, 0, 0, 0, 0], "a_time_left": [359.95135433302494, 359.95135433302494, 359.9231001250155, 359.9231001250155, 359.8754865830124, 359.8754865830124, 359.8447227500146, 359.8447227500146, 359.77760829101317, 359.77760829101317, 359.73770004100516, 359.73770004100516, 359.7142328740156, 359.7142328740156, 359.67707912402693, 359.67707912402693, 359.6403374990332, 359.6403374990332, 359.61202920702635, 359.61202920702635, 359.5812995820306, 359.5812995820306, 359.55847570704645, 359.55847570704645, 359.54181487404276, 359.54181487404276, 359.52009949905914, 359.52009949905914, 359.5000444580801, 359.5000444580801, 359.47774308305816, 359.47774308305816, 359.44824112407514, 359.44824112407514, 359.42325333307963, 359.42325333307963, 359.39369704105775, 359.39369704105775, 359.37470554106403, 359.37470554106403, 359.3605477080564, 359.3605477080564, 359.3421608330682, 359.3421608330682, 359.3324292910693, 359.3324292910693, 359.31079474906437, 359.31079474906437, 359.3001658740686, 359.3001658740686, 359.28053416506737, 359.28053416506737, 359.27118158209487, 359.27118158209487, 359.25503004010534, 359.25503004010534, 359.2472271241131, 359.2472271241131, 359.2356999150943, 359.2356999150943, 359.222039206099, 359.222039206099, 359.20520299710915, 359.20520299710915, 359.19390195512096, 359.19390195512096, 359.1817889131198, 359.1817889131198, 359.1708297881123, 359.1708297881123, 359.156952788122, 359.156952788122, 359.142772371124, 359.142772371124, 359.1290648711147, 359.1290648711147, 359.1201426621119, 359.1201426621119, 359.11756862010225, 359.11756862010225], "b_time_left": [360, 359.6045773749938, 359.6045773749938, 359.0197919999773, 359.0197919999773, 358.48762337496737, 358.48762337496737, 357.5201725419611, 357.5201725419611, 357.11989137594355, 357.11989137594355, 356.4096742089314, 356.4096742089314, 355.96921754293726, 355.96921754293726, 355.508820917923, 355.508820917923, 355.18743041792186, 355.18743041792186, 354.6291977519286, 354.6291977519286, 354.2426375429495, 354.2426375429495, 353.8908019179653, 353.8908019179653, 353.5923933769518, 353.5923933769518, 353.0382097939728, 353.0382097939728, 352.88241241898504, 352.88241241898504, 352.54741858597845, 352.54741858597845, 352.263588960981, 352.263588960981, 351.69521933596116, 351.69521933596116, 351.3952982109622, 351.3952982109622, 351.16841554496204, 351.16841554496204, 350.8710496289714, 350.8710496289714, 350.5040181699733, 350.5040181699733, 350.15136100296513, 350.15136100296513, 349.71717716997955, 349.71717716997955, 349.4549006289744, 349.4549006289744, 349.1050837949733, 349.1050837949733, 348.8289779619663, 348.8289779619663, 348.54137896196335, 348.54137896196335, 348.3328210449836, 348.3328210449836, 348.0190056699794, 348.0190056699794, 347.7308145870047, 347.7308145870047, 347.25433679498383, 347.25433679498383, 347.0573915869754, 347.0573915869754, 346.8150345449685, 346.8150345449685, 346.6433430869656, 346.6433430869656, 346.32589700297103, 346.32589700297103, 346.06291716897977, 346.06291716897977, 345.9140422109922, 345.9140422109922, 345.90074221100076, 345.90074221100076, 345.89981342002284], "a_moves_left": [39, 39, 38, 38, 37, 37, 36, 36, 35, 35, 34, 34, 33, 33, 32, 32, 31, 31, 30, 30, 29, 29, 28, 28, 27, 27, 26, 26, 25, 25, 24, 24, 23, 23, 22, 22, 21, 21, 20, 20, 19, 19, 18, 18, 17, 17, 16, 16, 15, 15, 14, 14, 13, 13, 12, 12, 11, 11, 10, 10, 9, 9, 8, 8, 7, 7, 6, 6, 5, 5, 4, 4, 3, 3, 2, 2, 1, 1, 0, 0], "b_moves_left": [40, 39, 39, 38, 38, 37, 37, 36, 36, 35, 35, 34, 34, 33, 33, 32, 32, 31, 31, 30, 30, 29, 29, 28, 28, 27, 27, 26, 26, 25, 25, 24, 24, 23, 23, 22, 22, 21, 21, 20, 20, 19, 19, 18, 18, 17, 17, 16, 16, 15, 15, 14, 14, 13, 13, 12, 12, 11, 11, 10, 10, 9, 9, 8, 8, 7, 7, 6, 6, 5, 5, 4, 4, 3, 3, 2, 2, 1, 1, 0], "trapdoor_triggered": [0, 0, 0, 0, 0, 0, 0, 0, 0, 0, 0, 1, 0, 0, 0, 0, 0, 0, 0, 0, 0, 0, 0, 0, 0, 0, 0, 0, 0, 0, 0, 0, 0, 0, 0, 0, 0, 0, 0, 0, 0, 0, 0, 0, 0, 0, 0, 0, 0, 0, 0, 0, 0, 0, 0, 0, 0, 0, 0, 0, 0, 0, 0, 0, 0, 0, 0, 0, 0, 0, 0, 0, 0, 0, 0, 0, 0, 0, 0, 0], "left_behind": ["egg", "egg", "plain", "plain", "egg", "egg", "plain", "turd", "egg", "egg", "plain", "turd", "egg", "plain", "plain", "turd", "egg", "egg", "plain", "plain", "egg", "egg", "plain", "plain", "egg", "egg", "plain", "plain", "egg", "egg", "plain", "plain", "egg", "egg", "plain", "plain", "egg", "egg", "plain", "plain", "egg", "egg", "plain", "plain", "plain", "egg", "plain", "turd", "plain", "egg", "plain", "plain", "plain", "egg", "plain", "plain", "plain", "egg", "plain", "plain", "plain", "egg", "plain", "plain", "plain", "egg", "plain", "plain", "plain", "egg", "plain", "plain", "plain", "egg", "plain", "turd", "plain", "egg", "plain", "plain"], "errlog_a": "", "errlog_b": "", "start_time": 360, "start_moves": 40, "turn_count": 80, "result": 1, "reason": "EGGS_LAID", "trapdoors": [[3, 3], [5, 2]], "spawn_a": [7, 3], "spawn_b": [0, 3]}