{"pos": [[0, 3], [7, 3], [0, 2], [6, 3], [0, 1], [6, 2], [0, 0], [6, 1], [1, 0], [5, 1], [2, 0], [4, 1], [2, 1], [4, 2], [3, 1], [3, 2], [2, 1], [2, 2], [1, 1], [1, 2], [1, 0], [1, 3], [2, 0], [1, 4], [3, 0], [1, 5], [4, 0], [2, 5], [3, 0], [3, 5], [4, 0], [4, 5], [3, 0], [4, 6], [4, 0], [5, 6], [3, 0], [4, 6], [4, 0], [3, 6], [3, 0], [2, 6], [4, 0], [2, 7], [3, 0], [2, 6], [4, 0], [1, 6], [3, 0], [1, 7], [4, 0], [0, 7], [3, 0], [0, 6], [4, 0], [0, 5], [3, 0], [1, 5], [4, 0], [2, 5], [3, 0], [3, 5], [4, 0], [3, 4], [3, 0], [3, 3], [4, 0], [2, 3], [3, 0], [3, 3], [4, 0], [3, 2], [3, 0], [4, 2], [4, 0], [5, 2], [3, 0], [5, 1], [4, 0], [5, 0]], "a_eggs_laid": [1, 1, 1, 1, 2, 2, 2, 2, 5, 5, 5, 5, 6, 6, 6, 6, 7, 7, 7, 7, 8, 8, 8, 8, 8, 8, 8, 8, 9, 9, 9, 9, 9, 9, 9, 9, 9, 9, 9, 9, 9, 9, 9, 9, 9, 9, 9, 9, 9, 9, 9, 9, 9, 9, 9, 9, 9, 9, 9, 9, 9, 9, 9, 9, 9, 9, 9, 9, 9, 9, 9, 9, 9, 9, 9, 9, 9, 9, 9, 9], "b_eggs_laid": [0, 1, 1, 1, 1, 2, 2, 2, 2, 3, 3, 3, 3, 4, 4, 4, 4, 5, 5, 5, 5, 6, 6, 6, 6, 7, 7, 7, 7, 8, 8, 8, 8, 9, 9, 9, 9, 10, 10, 10, 10, 11, 11, 11, 11, 12, 12, 12, 12, 13, 13, 13, 13, 16, 16, 16, 16, 17, 17, 17, 17, 17, 17, 17, 17, 18, 18, 18, 18, 19, 19, 19, 19, 19, 19, 19, 19, 20, 20, 20], "a_turds_left": [5, 5, 5, 5, 5, 5, 5, 5, 5, 5, 5, 5, 5, 5, 5, 5, 5, 5, 5, 5, 5, 5, 5, 5, 5, 5, 5, 5, 5, 5, 5, 5, 5, 5, 5, 5, 5, 5, 5, 5, 5, 5, 5, 5, 5, 5, 5, 5, 5, 5, 5, 5, 5, 5, 5, 5, 5, 5, 5, 5, 5, 5, 5, 5, 5, 5, 5, 5, 5, 5, 5, 5, 5, 5, 5, 5, 5, 5, 5, 5], "b_turds_left": [5, 5, 5, 5, 5, 5, 5, 5, 5, 5, 5, 4, 4, 4, 4, 4, 4, 4, 4, 3, 3, 3, 3, 2, 2, 2, 2, 2, 2, 2, 2, 2, 2, 2, 2, 2, 2, 2, 2, 2, 2, 2, 2, 2, 2, 2, 2, 2, 2, 2, 2, 2, 2, 2, 2, 2, 2, 2, 2, 2, 2, 2, 2, 2, 2, 2, 2, 2, 2, 2, 2, 1, 1, 1, 1, 1, 1, 1, 1, 1], "a_time_left": [359.94457525000325, 359.94457525000325, 359.9022127080243, 359.9022127080243, 359.8496480830363, 359.8496480830363, 359.8218749160296, 359.8218749160296, 359.7897453320329, 359.7897453320329, 359.75624024803983, 359.75624024803983, 359.7069590400497, 359.7069590400497, 359.65461833105655, 359.65461833105655, 359.63676695604227, 359.63676695604227, 359.6233115810319, 359.6233115810319, 359.61047178905574, 359.61047178905574, 359.5894144970516, 359.5894144970516, 359.580823788041, 359.580823788041, 359.5612557460554, 359.5612557460554, 359.5459849960753, 359.5459849960753, 359.52660753708915, 359.52660753708915, 359.5211906200857, 359.5211906200857, 359.5021242040966, 359.5021242040966, 359.49695028708084, 359.49695028708084, 359.4779757030774, 359.4779757030774, 359.472943911067, 359.472943911067, 359.4538272440841, 359.4538272440841, 359.4501991190773, 359.4501991190773, 359.43108853607555, 359.43108853607555, 359.42631307806005, 359.42631307806005, 359.4125158280658, 359.4125158280658, 359.4095112030627, 359.4095112030627, 359.3960181190632, 359.3960181190632, 359.39326286906726, 359.39326286906726, 359.3748517030617, 359.3748517030617, 359.37184878607513, 359.37184878607513, 359.3532179950562, 359.3532179950562, 359.34788595404825, 359.34788595404825, 359.32866324606584, 359.32866324606584, 359.32298116307356, 359.32298116307356, 359.30405716309906, 359.30405716309906, 359.30195574607933, 359.30195574607933, 359.2846199540654, 359.2846199540654, 359.2790732040594, 359.2790732040594, 359.2751198700571, 359.2751198700571], "b_time_left": [360, 359.92887004101067, 359.92887004101067, 359.8912994580169, 359.8912994580169, 359.8376040830335, 359.8376040830335, 359.8058745410235, 359.8058745410235, 359.75272041599965, 359.75272041599965, 359.7088151659991, 359.7088151659991, 359.6523849990044, 359.6523849990044, 359.61285195700475, 359.61285195700475, 359.5746399570198, 359.5746399570198, 359.54126999902655, 359.54126999902655, 359.51831524900626, 359.51831524900626, 359.49767174900626, 359.49767174900626, 359.47302070702426, 359.47302070702426, 359.4592952490202, 359.4592952490202, 359.42172570704133, 359.42172570704133, 359.406138165039, 359.406138165039, 359.3597272900224, 359.3597272900224, 359.3450384980242, 359.3450384980242, 359.2925209150126, 359.2925209150126, 359.27764383199974, 359.27764383199974, 359.22393541497877, 359.22393541497877, 359.2090355819673, 359.2090355819673, 359.1710840819578, 359.1710840819578, 359.1560350409418, 359.1560350409418, 359.104643123952, 359.104643123952, 359.09483991595334, 359.09483991595334, 359.0743203749589, 359.0743203749589, 359.06522791596944, 359.06522791596944, 359.04192854097346, 359.04192854097346, 359.02824099897407, 359.02824099897407, 358.9898472899804, 358.9898472899804, 358.97440570700564, 358.97440570700564, 358.9440729570051, 358.9440729570051, 358.9330910820281, 358.9330910820281, 358.90966699802084, 358.90966699802084, 358.89890424799523, 358.89890424799523, 358.8715041230025, 358.8715041230025, 358.8621024559834, 358.8621024559834, 358.8490835399716, 358.8490835399716, 358.8484005399805], "a_moves_left": [39, 39, 38, 38, 37, 37, 36, 36, 35, 35, 34, 34, 33, 33, 32, 32, 31, 31, 30, 30, 29, 29, 28, 28, 27, 27, 26, 26, 25, 25, 24, 24, 23, 23, 22, 22, 21, 21, 20, 20, 19, 19, 18, 18, 17, 17, 16, 16, 15, 15, 14, 14, 13, 13, 12, 12, 11, 11, 10, 10, 9, 9, 8, 8, 7, 7, 6, 6, 5, 5, 4, 4, 3, 3, 2, 2, 1, 1, 0, 0], "b_moves_left": [40, 39, 39, 38, 38, 37, 37, 36, 36, 35, 35, 34, 34, 33, 33, 32, 32, 31, 31, 30, 30, 29, 29, 28, 28, 27, 27, 26, 26, 25, 25, 24, 24, 23, 23, 22, 22, 21, 21, 20, 20, 19, 19, 18, 18, 17, 17, 16, 16, 15, 15, 14, 14, 13, 13, 12, 12, 11, 11, 10, 10, 9, 9, 8, 8, 7, 7, 6, 6, 5, 5, 4, 4, 3, 3, 2, 2, 1, 1, 0], "trapdoor_triggered": [0, 0, 0, 0, 0, 0, 0, 0, 0, 0, 0, 0, 0, 0, 0, 0, 0, 0, 0, 0, 0, 0, 0, 0, 0, 0, 0, 0, 0, 0, 0, 0, 0, 0, 0, 0, 0, 0, 0, 0, 0, 0, 0, 0, 0, 0, 0, 0, 0, 0, 0, 0, 0, 0, 0, 0, 0, 0, 0, 0, 0, 0, 0, 0, 0, 0, 0, 0, 0, 0, 0, 0, 0, 0, 0, 0, 0, 0, 0, 0], "left_behind": ["egg", "egg", "plain", "plain", "egg", "egg", "plain", "plain", "egg", "egg", "plain", "turd", "egg", "egg", "plain", "plain", "egg", "egg", "plain", "turd", "egg", "egg", "plain", "turd", "plain", "egg", "plain", "plain", "egg", "egg", "plain", "plain", "plain", "egg", "plain", "plain", "plain", "egg", "plain", "plain", "plain", "egg", "plain", "plain", "plain", "egg", "plain", "plain", "plain", "egg", "plain", "plain", "plain", "egg", "plain", "plain", "plain", "egg", "plain", "plain", "plain", "plain", "plain", "plain", "plain", "egg", "plain", "plain", "plain", "egg", "plain", "turd", "plain", "plain", "plain", "plain", "plain", "egg", "plain", "plain"], "errlog_a": "", "errlog_b": "", "start_time": 360, "start_moves": 40, "turn_count": 80, "result": 1, "reason": "EGGS_LAID", "trapdoors": [[2, 4], [4, 3]], "spawn_a": [0, 4], "spawn_b": [7, 4]}