{"pos": [[0, 5], [7, 5], [0, 4], [6, 5], [0, 3], [5, 5], [0, 2], [5, 6], [0, 1], [5, 5], [0, 0], [5, 4], [1, 0], [4, 4], [2, 0], [7, 6], [3, 0], [7, 5], [4, 0], [7, 4], [5, 0], [7, 3], [6, 0], [7, 2], [6, 1], [6, 2], [7, 1], [6, 1], [7, 0], [5, 1], [6, 0], [5, 0], [7, 0], [5, 1], [7, 1], [4, 1], [7, 0], [3, 1], [7, 1], [2, 1], [7, 0], [2, 2], [7, 1], [2, 3], [7, 0], [7, 6], [7, 1], [7, 7], [7, 0], [6, 7], [7, 1], [5, 7], [7, 0], [4, 7], [7, 1], [4, 6], [7, 0], [4, 5], [7, 1], [3, 5], [7, 0], [2, 5], [7, 1], [3, 5], [7, 0], [3, 4], [7, 1], [3, 3], [7, 0], [3, 2], [7, 1], [4, 2], [7, 0], [5, 2], [7, 1], [6, 2], [7, 0], [6, 1], [7, 1], [6, 2]], "a_eggs_laid": [1, 1, 1, 1, 2, 2, 2, 2, 3, 3, 3, 3, 6, 6, 6, 6, 11, 11, 11, 11, 12, 12, 12, 12, 13, 13, 13, 13, 14, 14, 14, 14, 14, 14, 14, 14, 14, 14, 14, 14, 14, 14, 14, 14, 14, 14, 18, 18, 18, 18, 18, 18, 18, 18, 18, 18, 18, 18, 18, 18, 18, 18, 18, 18, 18, 18, 18, 18, 18, 18, 18, 18, 18, 18, 18, 18, 18, 18, 18, 18], "b_eggs_laid": [0, 1, 1, 1, 1, 2, 2, 2, 2, 3, 3, 3, 3, 4, 4, 4, 4, 4, 4, 4, 4, 5, 5, 5, 5, 6, 6, 6, 6, 7, 7, 7, 7, 8, 8, 8, 8, 9, 9, 9, 9, 10, 10, 10, 10, 11, 11, 11, 11, 11, 11, 12, 12, 12, 12, 13, 13, 13, 13, 14, 14, 14, 14, 15, 15, 15, 15, 16, 16, 16, 16, 17, 17, 17, 17, 18, 18, 18, 18, 18], "a_turds_left": [5, 5, 5, 5, 5, 5, 5, 5, 5, 5, 5, 5, 5, 5, 5, 5, 5, 5, 5, 5, 5, 5, 5, 5, 5, 5, 5, 5, 5, 5, 5, 5, 5, 5, 5, 5, 5, 5, 5, 5, 5, 5, 5, 5, 5, 5, 5, 5, 5, 5, 5, 5, 5, 5, 5, 5, 5, 5, 5, 5, 5, 5, 5, 5, 5, 5, 5, 5, 5, 5, 5, 5, 5, 5, 5, 5, 5, 5, 5, 5], "b_turds_left": [5, 5, 5, 5, 5, 5, 5, 4, 4, 4, 4, 4, 4, 4, 4, 3, 3, 3, 3, 2, 2, 2, 2, 1, 1, 1, 1, 1, 1, 1, 1, 1, 1, 1, 1, 1, 1, 1, 1, 1, 1, 1, 1, 1, 1, 1, 1, 1, 1, 1, 1, 1, 1, 1, 1, 1, 1, 1, 1, 1, 1, 1, 1, 1, 1, 1, 1, 1, 1, 1, 1, 1, 1, 1, 1, 1, 1, 0, 0, 0], "a_time_left": [359.9525387499889, 359.9525387499889, 359.90483920800034, 359.90483920800034, 359.85241779198986, 359.85241779198986, 359.8172043339873, 359.8172043339873, 359.77218800000264, 359.77218800000264, 359.75038133299677, 359.75038133299677, 359.7208339170029, 359.7208339170029, 359.6864007920085, 359.6864007920085, 359.6622433339944, 359.6622433339944, 359.6413522090006, 359.6413522090006, 359.60119662599755, 359.60119662599755, 359.5737867100106, 359.5737867100106, 359.54199329402763, 359.54199329402763, 359.5297417100228, 359.5297417100228, 359.52532987704035, 359.52532987704035, 359.51548566902056, 359.51548566902056, 359.51407933601877, 359.51407933601877, 359.50494196102954, 359.50494196102954, 359.5019630030438, 359.5019630030438, 359.49256721205893, 359.49256721205893, 359.4894297950668, 359.4894297950668, 359.4795826700574, 359.4795826700574, 359.47583029506495, 359.47583029506495, 359.4716414610739, 359.4716414610739, 359.4694569190906, 359.4694569190906, 359.45955941910506, 359.45955941910506, 359.45686766912695, 359.45686766912695, 359.4469947941252, 359.4469947941252, 359.44383846010896, 359.44383846010896, 359.4305018771265, 359.4305018771265, 359.42749104311224, 359.42749104311224, 359.4141773341398, 359.4141773341398, 359.4111343761615, 359.4111343761615, 359.3978393341531, 359.3978393341531, 359.3948281261546, 359.3948281261546, 359.38147891813423, 359.38147891813423, 359.37813521013595, 359.37813521013595, 359.3646472511464, 359.3646472511464, 359.3614945431473, 359.3614945431473, 359.35999233517214, 359.35999233517214], "b_time_left": [360, 359.9433519579761, 359.9433519579761, 359.89465883298544, 359.89465883298544, 359.8316641660058, 359.8316641660058, 359.78479883199907, 359.78479883199907, 359.72968762301025, 359.72968762301025, 359.71426333201816, 359.71426333201816, 359.66622137400554, 359.66622137400554, 359.6198665400152, 359.6198665400152, 359.5848363309924, 359.5848363309924, 359.5531498309865, 359.5531498309865, 359.5211134979909, 359.5211134979909, 359.4876987479802, 359.4876987479802, 359.4571213729796, 359.4571213729796, 359.4357774979726, 359.4357774979726, 359.4148534149572, 359.4148534149572, 359.39783683096175, 359.39783683096175, 359.3886931639572, 359.3886931639572, 359.37823228896013, 359.37823228896013, 359.35140366395353, 359.35140366395353, 359.340366497956, 359.340366497956, 359.31356828895514, 359.31356828895514, 359.30099708095076, 359.30099708095076, 359.26601658095024, 359.26601658095024, 359.2592351649364, 359.2592351649364, 359.2432139569428, 359.2432139569428, 359.2364457489457, 359.2364457489457, 359.21193345694337, 359.21193345694337, 359.20430983192637, 359.20430983192637, 359.1685279989324, 359.1685279989324, 359.15955262395437, 359.15955262395437, 359.1220227909507, 359.1220227909507, 359.1137961249624, 359.1137961249624, 359.0763510419347, 359.0763510419347, 359.0690712509386, 359.0690712509386, 359.0419154589472, 359.0419154589472, 359.0309789169405, 359.0309789169405, 359.0046545829391, 359.0046545829391, 358.993650957942, 358.993650957942, 358.97803566695075, 358.97803566695075, 358.9777042919595], "a_moves_left": [39, 39, 38, 38, 37, 37, 36, 36, 35, 35, 34, 34, 33, 33, 32, 32, 31, 31, 30, 30, 29, 29, 28, 28, 27, 27, 26, 26, 25, 25, 24, 24, 23, 23, 22, 22, 21, 21, 20, 20, 19, 19, 18, 18, 17, 17, 16, 16, 15, 15, 14, 14, 13, 13, 12, 12, 11, 11, 10, 10, 9, 9, 8, 8, 7, 7, 6, 6, 5, 5, 4, 4, 3, 3, 2, 2, 1, 1, 0, 0], "b_moves_left": [40, 39, 39, 38, 38, 37, 37, 36, 36, 35, 35, 34, 34, 33, 33, 32, 32, 31, 31, 30, 30, 29, 29, 28, 28, 27, 27, 26, 26, 25, 25, 24, 24, 23, 23, 22, 22, 21, 21, 20, 20, 19, 19, 18, 18, 17, 17, 16, 16, 15, 15, 14, 14, 13, 13, 12, 12, 11, 11, 10, 10, 9, 9, 8, 8, 7, 7, 6, 6, 5, 5, 4, 4, 3, 3, 2, 2, 1, 1, 0], "trapdoor_triggered": [0, 0, 0, 0, 0, 0, 0, 0, 0, 0, 0, 0, 0, 0, 0, 1, 0, 0, 0, 0, 0, 0, 0, 0, 0, 0, 0, 0, 0, 0, 0, 0, 0, 0, 0, 0, 0, 0, 0, 0, 0, 0, 0, 0, 0, 1, 0, 0, 0, 0, 0, 0, 0, 0, 0, 0, 0, 0, 0, 0, 0, 0, 0, 0, 0, 0, 0, 0, 0, 0, 0, 0, 0, 0, 0, 0, 0, 0, 0, 0], "left_behind": ["egg", "egg", "plain", "plain", "egg", "egg", "plain", "turd", "egg", "egg", "plain", "plain", "egg", "egg", "plain", "turd", "egg", "plain", "plain", "turd", "egg", "egg", "plain", "turd", "egg", "egg", "plain", "plain", "egg", "egg", "plain", "plain", "plain", "egg", "plain", "plain", "plain", "egg", "plain", "plain", "plain", "egg", "plain", "plain", "plain", "egg", "plain", "plain", "plain", "plain", "plain", "egg", "plain", "plain", "plain", "egg", "plain", "plain", "plain", "egg", "plain", "plain", "plain", "egg", "plain", "plain", "plain", "egg", "plain", "plain", "plain", "egg", "plain", "plain", "plain", "egg", "plain", "turd", "plain", "plain"], "errlog_a": "", "errlog_b": "", "start_time": 360, "start_moves": 40, "turn_count": 80, "result": 2, "reason": "EGGS_LAID", "trapdoors": [[2, 4], [4, 3]], "spawn_a": [0, 6], "spawn_b": [7, 6]}