{"pos": [[0, 1], [7, 1], [0, 0], [7, 0], [1, 0], [7, 1], [2, 0], [6, 1], [3, 0], [6, 2], [4, 0], [5, 2], [4, 1], [4, 2], [3, 1], [3, 2], [2, 1], [7, 2], [1, 1], [7, 3], [1, 2], [6, 3], [1, 3], [6, 4], [1, 4], [6, 5], [2, 4], [5, 5], [1, 4], [5, 6], [1, 5], [4, 6], [2, 5], [4, 5], [2, 6], [4, 4], [2, 7], [3, 4], [1, 7], [3, 5], [1, 6], [2, 5], [0, 6], [3, 5], [0, 5], [3, 6], [0, 4], [4, 6], [0, 3], [4, 7], [0, 2], [5, 7], [0, 1], [6, 7], [1, 1], [6, 6], [1, 0], [7, 6], [2, 0], [7, 5], [2, 1], [7, 4], [2, 0], [6, 4], [2, 1], [7, 2], [2, 0], [7, 1], [2, 1], [7, 0], [2, 0], [6, 0], [2, 1], [5, 0], [2, 0], [6, 0], [2, 1], [7, 0], [2, 0], [7, 1]], "a_eggs_laid": [1, 1, 1, 1, 4, 4, 4, 4, 5, 5, 5, 5, 6, 6, 6, 6, 7, 7, 11, 11, 12, 12, 12, 12, 13, 13, 13, 13, 14, 14, 14, 14, 15, 15, 15, 15, 16, 16, 16, 16, 17, 17, 17, 17, 18, 18, 18, 18, 19, 19, 19, 19, 19, 19, 19, 19, 19, 19, 19, 19, 19, 19, 19, 19, 19, 19, 23, 23, 23, 23, 23, 23, 23, 23, 23, 23, 23, 23, 23, 23], "b_eggs_laid": [0, 1, 1, 1, 1, 4, 4, 4, 4, 5, 5, 5, 5, 6, 6, 6, 6, 7, 7, 7, 7, 7, 7, 8, 8, 8, 8, 9, 9, 9, 9, 10, 10, 10, 10, 11, 11, 11, 11, 12, 12, 12, 12, 13, 13, 13, 13, 14, 14, 14, 14, 15, 15, 15, 15, 16, 16, 16, 16, 17, 17, 17, 17, 18, 18, 18, 18, 18, 18, 18, 18, 18, 18, 18, 18, 19, 19, 19, 19, 19], "a_turds_left": [5, 5, 5, 5, 5, 5, 5, 5, 5, 5, 5, 5, 5, 5, 5, 5, 5, 5, 5, 5, 5, 5, 5, 5, 5, 5, 5, 5, 5, 5, 5, 5, 5, 5, 5, 5, 5, 5, 5, 5, 5, 5, 5, 5, 5, 5, 5, 5, 5, 5, 5, 5, 5, 5, 5, 5, 5, 5, 5, 5, 5, 5, 5, 5, 5, 5, 5, 5, 5, 5, 5, 5, 5, 5, 5, 5, 5, 5, 5, 5], "b_turds_left": [5, 5, 5, 5, 5, 5, 5, 5, 5, 5, 5, 4, 4, 4, 4, 3, 3, 3, 3, 3, 3, 3, 3, 3, 3, 3, 3, 3, 3, 2, 2, 2, 2, 1, 1, 1, 1, 1, 1, 1, 1, 1, 1, 1, 1, 1, 1, 1, 1, 1, 1, 1, 1, 1, 1, 1, 1, 1, 1, 1, 1, 1, 1, 1, 1, 1, 1, 1, 1, 1, 1, 1, 1, 1, 1, 1, 1, 0, 0, 0], "a_time_left": [359.9512513749942, 359.9512513749942, 359.92692050000187, 359.92692050000187, 359.90919987499365, 359.90919987499365, 359.8791600409895, 359.8791600409895, 359.827517748985, 359.827517748985, 359.79150774897425, 359.79150774897425, 359.7407017069636, 359.7407017069636, 359.7259267909685, 359.7259267909685, 359.7070311239513, 359.7070311239513, 359.6954284989333, 359.6954284989333, 359.6332553739485, 359.6332553739485, 359.59387458194396, 359.59387458194396, 359.51424358194345, 359.51424358194345, 359.46677699894644, 359.46677699894644, 359.38935408194084, 359.38935408194084, 359.33892745693447, 359.33892745693447, 359.2473130399594, 359.2473130399594, 359.2132578319579, 359.2132578319579, 359.16438024895615, 359.16438024895615, 359.14145345793804, 359.14145345793804, 359.1078102499305, 359.1078102499305, 359.09602754193475, 359.09602754193475, 359.064215124934, 359.064215124934, 359.0418259589351, 359.0418259589351, 359.01243833391345, 359.01243833391345, 358.9891792499111, 358.9891792499111, 358.97759629090433, 358.97759629090433, 358.9574769579049, 358.9574769579049, 358.93862983290455, 358.93862983290455, 358.91598683290067, 358.91598683290067, 358.90688916589716, 358.90688916589716, 358.8840614568908, 358.8840614568908, 358.86933124787174, 358.86933124787174, 358.85908512285096, 358.85908512285096, 358.8451802058553, 358.8451802058553, 358.8375428718573, 358.8375428718573, 358.8246169128688, 358.8246169128688, 358.8073127878597, 358.8073127878597, 358.79574603785295, 358.79574603785295, 358.7929816628748, 358.7929816628748], "b_time_left": [360, 359.79874241599464, 359.79874241599464, 359.43855575000634, 359.43855575000634, 359.21038604099886, 359.21038604099886, 358.6084363749833, 358.6084363749833, 358.20414808398345, 358.20414808398345, 357.3451915009937, 357.3451915009937, 356.9107555009832, 356.9107555009832, 356.10656295900117, 356.10656295900117, 355.84296483400976, 355.84296483400976, 355.4134078340139, 355.4134078340139, 354.6925177920202, 354.6925177920202, 354.0139129169984, 354.0139129169984, 352.4708233749843, 352.4708233749843, 351.62284291596734, 351.62284291596734, 350.3544580829912, 350.3544580829912, 349.7594662079937, 349.7594662079937, 349.17832649999764, 349.17832649999764, 348.819782208011, 348.819782208011, 348.37263666602666, 348.37263666602666, 348.1465641660325, 348.1465641660325, 347.72796416605706, 347.72796416605706, 347.66941370707355, 347.66941370707355, 347.416779248073, 347.416779248073, 347.2446510390728, 347.2446510390728, 346.84861224805354, 346.84861224805354, 346.6667154150491, 346.6667154150491, 346.35747295603505, 346.35747295603505, 346.06871353901806, 346.06871353901806, 345.6482476640085, 345.6482476640085, 345.42960128901177, 345.42960128901177, 345.05726787200547, 345.05726787200547, 344.7447369550064, 344.7447369550064, 344.07679666302283, 344.07679666302283, 343.7876617050206, 343.7876617050206, 343.38606758002425, 343.38606758002425, 343.1892023710243, 343.1892023710243, 342.8025704550382, 342.8025704550382, 342.7269242470211, 342.7269242470211, 342.6885832050175, 342.6885832050175, 342.68767495502834], "a_moves_left": [39, 39, 38, 38, 37, 37, 36, 36, 35, 35, 34, 34, 33, 33, 32, 32, 31, 31, 30, 30, 29, 29, 28, 28, 27, 27, 26, 26, 25, 25, 24, 24, 23, 23, 22, 22, 21, 21, 20, 20, 19, 19, 18, 18, 17, 17, 16, 16, 15, 15, 14, 14, 13, 13, 12, 12, 11, 11, 10, 10, 9, 9, 8, 8, 7, 7, 6, 6, 5, 5, 4, 4, 3, 3, 2, 2, 1, 1, 0, 0], "b_moves_left": [40, 39, 39, 38, 38, 37, 37, 36, 36, 35, 35, 34, 34, 33, 33, 32, 32, 31, 31, 30, 30, 29, 29, 28, 28, 27, 27, 26, 26, 25, 25, 24, 24, 23, 23, 22, 22, 21, 21, 20, 20, 19, 19, 18, 18, 17, 17, 16, 16, 15, 15, 14, 14, 13, 13, 12, 12, 11, 11, 10, 10, 9, 9, 8, 8, 7, 7, 6, 6, 5, 5, 4, 4, 3, 3, 2, 2, 1, 1, 0], "trapdoor_triggered": [0, 0, 0, 0, 0, 0, 0, 0, 0, 0, 0, 0, 0, 0, 0, 0, 0, 1, 0, 0, 0, 0, 0, 0, 0, 0, 0, 0, 0, 0, 0, 0, 0, 0, 0, 0, 0, 0, 0, 0, 0, 0, 0, 0, 0, 0, 0, 0, 0, 0, 0, 0, 0, 0, 0, 0, 0, 0, 0, 0, 0, 0, 0, 0, 0, 1, 0, 0, 0, 0, 0, 0, 0, 0, 0, 0, 0, 0, 0, 0], "left_behind": ["egg", "egg", "plain", "plain", "egg", "egg", "plain", "plain", "egg", "egg", "plain", "turd", "egg", "egg", "plain", "turd", "egg", "egg", "plain", "plain", "egg", "plain", "plain", "egg", "egg", "plain", "plain", "egg", "egg", "turd", "plain", "egg", "egg", "turd", "plain", "egg", "egg", "plain", "plain", "egg", "egg", "plain", "plain", "egg", "egg", "plain", "plain", "egg", "egg", "plain", "plain", "egg", "plain", "plain", "plain", "egg", "plain", "plain", "plain", "egg", "plain", "plain", "plain", "egg", "plain", "plain", "plain", "plain", "plain", "plain", "plain", "plain", "plain", "plain", "plain", "egg", "plain", "turd", "plain", "plain"], "errlog_a": "", "errlog_b": "", "start_time": 360, "start_moves": 40, "turn_count": 80, "result": 0, "reason": "EGGS_LAID", "trapdoors": [[2, 2], [5, 4]], "spawn_a": [0, 2], "spawn_b": [7, 2]}