{"pos": [[7, 2], [1, 3], [7, 1], [1, 4], [7, 2], [2, 4], [6, 2], [2, 5], [6, 1], [3, 5], [6, 0], [4, 5], [6, 1], [4, 4], [5, 1], [5, 4], [4, 1], [6, 4], [4, 0], [6, 5], [4, 1], [6, 6], [3, 1], [5, 6], [2, 1], [4, 6], [2, 0], [3, 6], [2, 1], [2, 6], [1, 1], [2, 7], [2, 1], [2, 6], [2, 2], [1, 6], [3, 2], [1, 5], [4, 2], [0, 5], [5, 2], [0, 6], [5, 3], [0, 7], [5, 2], [0, 6], [5, 1], [0, 5], [5, 0], [0, 4], [6, 0], [0, 3], [6, 1], [1, 3], [6, 0], [1, 2], [6, 1], [1, 3], [6, 0], [2, 3], [6, 1], [0, 3], [6, 0], [0, 2], [6, 1], [0, 1], [6, 0], [0, 0], [6, 1], [1, 0], [6, 0], [0, 0], [6, 1], [0, 1], [6, 0], [0, 2], [6, 1], [0, 1], [6, 0], [0, 0]], "a_eggs_laid": [1, 1, 1, 1, 2, 2, 2, 2, 3, 3, 3, 3, 4, 4, 4, 4, 5, 5, 5, 5, 6, 6, 6, 6, 7, 7, 7, 7, 8, 8, 8, 8, 9, 9, 9, 9, 10, 10, 10, 10, 11, 11, 11, 11, 12, 12, 12, 12, 12, 12, 12, 12, 12, 12, 12, 12, 12, 12, 12, 12, 12, 12, 16, 16, 16, 16, 16, 16, 16, 16, 16, 16, 16, 16, 16, 16, 16, 16, 16, 16], "b_eggs_laid": [0, 1, 1, 1, 1, 2, 2, 2, 2, 3, 3, 3, 3, 4, 4, 4, 4, 5, 5, 5, 5, 6, 6, 6, 6, 7, 7, 7, 7, 8, 8, 8, 8, 9, 9, 9, 9, 10, 10, 10, 10, 11, 11, 11, 11, 14, 14, 14, 14, 14, 14, 14, 14, 14, 14, 14, 14, 15, 15, 15, 15, 16, 16, 16, 16, 16, 16, 17, 17, 17, 17, 18, 18, 18, 18, 18, 18, 18, 18, 18], "a_turds_left": [5, 5, 5, 5, 5, 5, 5, 5, 5, 5, 5, 5, 5, 5, 5, 5, 5, 5, 5, 5, 5, 5, 5, 5, 5, 5, 5, 5, 5, 5, 5, 5, 5, 5, 5, 5, 5, 5, 5, 5, 5, 5, 5, 5, 5, 5, 5, 5, 5, 5, 5, 5, 5, 5, 5, 5, 5, 5, 5, 5, 5, 5, 5, 5, 5, 5, 5, 5, 5, 5, 5, 5, 5, 5, 5, 5, 5, 5, 5, 5], "b_turds_left": [5, 5, 5, 5, 5, 5, 5, 4, 4, 4, 4, 3, 3, 3, 3, 3, 3, 3, 3, 2, 2, 2, 2, 2, 2, 2, 2, 2, 2, 2, 2, 2, 2, 2, 2, 1, 1, 1, 1, 1, 1, 1, 1, 1, 1, 1, 1, 1, 1, 1, 1, 1, 1, 1, 1, 1, 1, 1, 1, 1, 1, 1, 1, 1, 1, 1, 1, 1, 1, 1, 1, 1, 1, 1, 1, 1, 1, 0, 0, 0], "a_time_left": [359.95318420798867, 359.95318420798867, 359.92130004099454, 359.92130004099454, 359.87485887500225, 359.87485887500225, 359.8392584579997, 359.8392584579997, 359.7660557909985, 359.7660557909985, 359.7243390409858, 359.7243390409858, 359.6776732499711, 359.6776732499711, 359.63779466599226, 359.63779466599226, 359.5689214579761, 359.5689214579761, 359.5237911239674, 359.5237911239674, 359.4662303329678, 359.4662303329678, 359.41460737396847, 359.41460737396847, 359.3460852909775, 359.3460852909775, 359.29288083297433, 359.29288083297433, 359.2455428749963, 359.2455428749963, 359.195288124989, 359.195288124989, 359.1450704159797, 359.1450704159797, 359.1068382069643, 359.1068382069643, 359.0574117069773, 359.0574117069773, 359.0191037489858, 359.0191037489858, 358.960155873996, 358.960155873996, 358.93085604099906, 358.93085604099906, 358.912405665993, 358.912405665993, 358.8875137490104, 358.8875137490104, 358.8757756240084, 358.8757756240084, 358.8546758739976, 358.8546758739976, 358.84720812397427, 358.84720812397427, 358.8175102909736, 358.8175102909736, 358.809427665954, 358.809427665954, 358.77668829096365, 358.77668829096365, 358.7633520409581, 358.7633520409581, 358.7481681239442, 358.7481681239442, 358.7399091239495, 358.7399091239495, 358.7189211239456, 358.7189211239456, 358.7131083739514, 358.7131083739514, 358.7018367079436, 358.7018367079436, 358.6932462909317, 358.6932462909317, 358.6819969579228, 358.6819969579228, 358.67105191689916, 358.67105191689916, 358.6674419589108, 358.6674419589108], "b_time_left": [360, 359.9482710000011, 359.9482710000011, 359.89447212501545, 359.89447212501545, 359.82539366700803, 359.82539366700803, 359.58488704200136, 359.58488704200136, 359.52029720900464, 359.52029720900464, 359.473632209003, 359.473632209003, 359.4077372929896, 359.4077372929896, 359.34241262698197, 359.34241262698197, 359.280145044002, 359.280145044002, 359.2437555020151, 359.2437555020151, 359.1888242099958, 359.1888242099958, 359.13454383501085, 359.13454383501085, 359.0765137100243, 359.0765137100243, 359.03326958502294, 359.03326958502294, 358.9692298770242, 358.9692298770242, 358.9272921270167, 358.9272921270167, 358.8825577100215, 358.8825577100215, 358.8418528760376, 358.8418528760376, 358.7920368340274, 358.7920368340274, 358.74988241805113, 358.74988241805113, 358.7116341260553, 358.7116341260553, 358.6942766260472, 358.6942766260472, 358.6731024590554, 358.6731024590554, 358.64277087606024, 358.64277087606024, 358.60135770906345, 358.60135770906345, 358.5764885840763, 358.5764885840763, 358.5277044590912, 358.5277044590912, 358.49804979210603, 358.49804979210603, 358.464813250117, 358.464813250117, 358.43566008409834, 358.43566008409834, 358.39482387609314, 358.39482387609314, 358.37487104311003, 358.37487104311003, 358.3324905851332, 358.3324905851332, 358.32130858514574, 358.32130858514574, 358.2955537511443, 358.2955537511443, 358.2905954171438, 358.2905954171438, 358.2651463341317, 358.2651463341317, 358.2539095011307, 358.2539095011307, 358.23084158511483, 358.23084158511483, 358.2304241681122], "a_moves_left": [39, 39, 38, 38, 37, 37, 36, 36, 35, 35, 34, 34, 33, 33, 32, 32, 31, 31, 30, 30, 29, 29, 28, 28, 27, 27, 26, 26, 25, 25, 24, 24, 23, 23, 22, 22, 21, 21, 20, 20, 19, 19, 18, 18, 17, 17, 16, 16, 15, 15, 14, 14, 13, 13, 12, 12, 11, 11, 10, 10, 9, 9, 8, 8, 7, 7, 6, 6, 5, 5, 4, 4, 3, 3, 2, 2, 1, 1, 0, 0], "b_moves_left": [40, 39, 39, 38, 38, 37, 37, 36, 36, 35, 35, 34, 34, 33, 33, 32, 32, 31, 31, 30, 30, 29, 29, 28, 28, 27, 27, 26, 26, 25, 25, 24, 24, 23, 23, 22, 22, 21, 21, 20, 20, 19, 19, 18, 18, 17, 17, 16, 16, 15, 15, 14, 14, 13, 13, 12, 12, 11, 11, 10, 10, 9, 9, 8, 8, 7, 7, 6, 6, 5, 5, 4, 4, 3, 3, 2, 2, 1, 1, 0], "trapdoor_triggered": [0, 0, 0, 0, 0, 0, 0, 0, 0, 0, 0, 0, 0, 0, 0, 0, 0, 0, 0, 0, 0, 0, 0, 0, 0, 0, 0, 0, 0, 0, 0, 0, 0, 0, 0, 0, 0, 0, 0, 0, 0, 0, 0, 0, 0, 0, 0, 0, 0, 0, 0, 0, 0, 0, 0, 0, 0, 0, 0, 0, 0, 1, 0, 0, 0, 0, 0, 0, 0, 0, 0, 0, 0, 0, 0, 0, 0, 0, 0, 0], "left_behind": ["egg", "egg", "plain", "plain", "egg", "egg", "plain", "turd", "egg", "egg", "plain", "turd", "egg", "egg", "plain", "plain", "egg", "egg", "plain", "turd", "egg", "egg", "plain", "plain", "egg", "egg", "plain", "plain", "egg", "egg", "plain", "plain", "egg", "egg", "plain", "turd", "egg", "egg", "plain", "plain", "egg", "egg", "plain", "plain", "egg", "egg", "plain", "plain", "plain", "plain", "plain", "plain", "plain", "plain", "plain", "plain", "plain", "egg", "plain", "plain", "plain", "egg", "plain", "plain", "plain", "plain", "plain", "egg", "plain", "plain", "plain", "egg", "plain", "plain", "plain", "plain", "plain", "turd", "plain", "plain"], "errlog_a": "", "errlog_b": "", "start_time": 360, "start_moves": 40, "turn_count": 80, "result": 1, "reason": "EGGS_LAID", "trapdoors": [[3, 3], [3, 4]], "spawn_a": [7, 3], "spawn_b": [0, 3]}