{"pos": [[7, 2], [1, 1], [7, 3], [2, 1], [7, 2], [3, 1], [6, 2], [4, 1], [6, 3], [3, 1], [6, 4], [3, 2], [6, 5], [2, 2], [7, 5], [1, 2], [7, 6], [1, 3], [7, 7], [1, 4], [7, 6], [2, 4], [6, 6], [2, 5], [5, 6], [2, 6], [5, 7], [3, 6], [5, 6], [4, 6], [5, 5], [4, 5], [5, 4], [4, 4], [5, 3], [5, 4], [5, 2], [4, 4], [5, 1], [3, 4], [5, 0], [2, 4], [6, 0], [2, 3], [6, 1], [1, 3], [6, 0], [0, 3], [6, 1], [0, 4], [6, 0], [0, 5], [6, 1], [1, 5], [6, 0], [1, 6], [6, 1], [2, 6], [6, 0], [2, 7], [6, 1], [3, 7], [6, 0], [4, 7], [6, 1], [4, 6], [6, 0], [5, 6], [6, 1], [4, 6], [6, 0], [4, 5], [6, 1], [4, 4], [6, 0], [0, 1], [6, 1], [0, 0], [6, 0], [1, 0]], "a_eggs_laid": [1, 1, 1, 1, 2, 2, 2, 2, 3, 3, 3, 3, 4, 4, 4, 4, 5, 5, 5, 5, 8, 8, 8, 8, 9, 9, 9, 9, 10, 10, 10, 10, 11, 11, 11, 11, 12, 12, 12, 12, 13, 13, 13, 13, 14, 14, 14, 14, 14, 14, 14, 14, 14, 14, 14, 14, 14, 14, 14, 14, 14, 14, 14, 14, 14, 14, 14, 14, 14, 14, 14, 14, 14, 14, 14, 14, 18, 18, 18, 18], "b_eggs_laid": [0, 1, 1, 1, 1, 2, 2, 2, 2, 3, 3, 3, 3, 4, 4, 4, 4, 5, 5, 5, 5, 6, 6, 6, 6, 7, 7, 7, 7, 8, 8, 8, 8, 9, 9, 9, 9, 10, 10, 10, 10, 11, 11, 11, 11, 12, 12, 12, 12, 13, 13, 13, 13, 14, 14, 14, 14, 15, 15, 15, 15, 16, 16, 16, 16, 17, 17, 17, 17, 18, 18, 18, 18, 18, 18, 18, 18, 18, 18, 18], "a_turds_left": [5, 5, 5, 5, 5, 5, 5, 5, 5, 5, 5, 5, 5, 5, 5, 5, 5, 5, 5, 5, 5, 5, 5, 5, 5, 5, 5, 5, 5, 5, 5, 5, 5, 5, 5, 5, 5, 5, 5, 5, 5, 5, 5, 5, 5, 5, 5, 5, 5, 5, 5, 5, 5, 5, 5, 5, 5, 5, 5, 5, 5, 5, 5, 5, 5, 5, 5, 5, 5, 5, 5, 5, 5, 5, 5, 5, 5, 5, 5, 5], "b_turds_left": [5, 5, 5, 4, 4, 4, 4, 3, 3, 3, 3, 3, 3, 3, 3, 2, 2, 2, 2, 1, 1, 1, 1, 1, 1, 1, 1, 1, 1, 1, 1, 1, 1, 1, 1, 1, 1, 1, 1, 1, 1, 1, 1, 1, 1, 1, 1, 1, 1, 1, 1, 1, 1, 1, 1, 1, 1, 1, 1, 1, 1, 1, 1, 1, 1, 1, 1, 1, 1, 1, 1, 1, 1, 1, 1, 1, 1, 1, 1, 0], "a_time_left": [359.9707729999791, 359.9707729999791, 359.93362487497507, 359.93362487497507, 359.9044574999716, 359.9044574999716, 359.8863322499674, 359.8863322499674, 359.849044166971, 359.849044166971, 359.83214720894466, 359.83214720894466, 359.7888295839366, 359.7888295839366, 359.7609070429462, 359.7609070429462, 359.73126958395005, 359.73126958395005, 359.711745167966, 359.711745167966, 359.6936354179634, 359.6936354179634, 359.6777831679792, 359.6777831679792, 359.64073091797763, 359.64073091797763, 359.61777979295584, 359.61777979295584, 359.59332679296494, 359.59332679296494, 359.58623520995025, 359.58623520995025, 359.5700713349506, 359.5700713349506, 359.56262654293096, 359.56262654293096, 359.55552208493464, 359.55552208493464, 359.53437804293935, 359.53437804293935, 359.5091810019512, 359.5091810019512, 359.4970489189436, 359.4970489189436, 359.4707312939281, 359.4707312939281, 359.4581850019458, 359.4581850019458, 359.45220283494564, 359.45220283494564, 359.4374742099317, 359.4374742099317, 359.4305310009513, 359.4305310009513, 359.4127736679511, 359.4127736679511, 359.4048897509347, 359.4048897509347, 359.38717108391575, 359.38717108391575, 359.38114075092017, 359.38114075092017, 359.36752562591573, 359.36752562591573, 359.3626577508985, 359.3626577508985, 359.3438112089061, 359.3438112089061, 359.340803542902, 359.340803542902, 359.3222737098986, 359.3222737098986, 359.31857300089905, 359.31857300089905, 359.30021683391533, 359.30021683391533, 359.2960971669236, 359.2960971669236, 359.2931332499138, 359.2931332499138], "b_time_left": [360, 359.9679819160083, 359.9679819160083, 359.9240961660107, 359.9240961660107, 359.8920146659948, 359.8920146659948, 359.86432083300315, 359.86432083300315, 359.82364079199033, 359.82364079199033, 359.80967320798663, 359.80967320798663, 359.75926441699266, 359.75926441699266, 359.7338900009927, 359.7338900009927, 359.70159370900365, 359.70159370900365, 359.6856794169871, 359.6856794169871, 359.656412249984, 359.656412249984, 359.63146708297427, 359.63146708297427, 359.58949445796316, 359.58949445796316, 359.5700720829773, 359.5700720829773, 359.5451859579771, 359.5451859579771, 359.53092637399095, 359.53092637399095, 359.51368833199376, 359.51368833199376, 359.49857041597716, 359.49857041597716, 359.48914429097204, 359.48914429097204, 359.47013979096664, 359.47013979096664, 359.44562662398675, 359.44562662398675, 359.42556458199397, 359.42556458199397, 359.38691803999245, 359.38691803999245, 359.38143737296923, 359.38143737296923, 359.35236833197996, 359.35236833197996, 359.34520591498585, 359.34520591498585, 359.31031228997745, 359.31031228997745, 359.3002674979798, 359.3002674979798, 359.25214516496635, 359.25214516496635, 359.2422793319856, 359.2422793319856, 359.20994562399574, 359.20994562399574, 359.2035462069907, 359.2035462069907, 359.1836482489889, 359.1836482489889, 359.17573549898225, 359.17573549898225, 359.1664710409823, 359.1664710409823, 359.1595066659793, 359.1595066659793, 359.1497422079847, 359.1497422079847, 359.1412737490027, 359.1412737490027, 359.1368887909921, 359.1368887909921, 359.13645258298493], "a_moves_left": [39, 39, 38, 38, 37, 37, 36, 36, 35, 35, 34, 34, 33, 33, 32, 32, 31, 31, 30, 30, 29, 29, 28, 28, 27, 27, 26, 26, 25, 25, 24, 24, 23, 23, 22, 22, 21, 21, 20, 20, 19, 19, 18, 18, 17, 17, 16, 16, 15, 15, 14, 14, 13, 13, 12, 12, 11, 11, 10, 10, 9, 9, 8, 8, 7, 7, 6, 6, 5, 5, 4, 4, 3, 3, 2, 2, 1, 1, 0, 0], "b_moves_left": [40, 39, 39, 38, 38, 37, 37, 36, 36, 35, 35, 34, 34, 33, 33, 32, 32, 31, 31, 30, 30, 29, 29, 28, 28, 27, 27, 26, 26, 25, 25, 24, 24, 23, 23, 22, 22, 21, 21, 20, 20, 19, 19, 18, 18, 17, 17, 16, 16, 15, 15, 14, 14, 13, 13, 12, 12, 11, 11, 10, 10, 9, 9, 8, 8, 7, 7, 6, 6, 5, 5, 4, 4, 3, 3, 2, 2, 1, 1, 0], "trapdoor_triggered": [0, 0, 0, 0, 0, 0, 0, 0, 0, 0, 0, 0, 0, 0, 0, 0, 0, 0, 0, 0, 0, 0, 0, 0, 0, 0, 0, 0, 0, 0, 0, 0, 0, 0, 0, 0, 0, 0, 0, 0, 0, 0, 0, 0, 0, 0, 0, 0, 0, 0, 0, 0, 0, 0, 0, 0, 0, 0, 0, 0, 0, 0, 0, 0, 0, 0, 0, 0, 0, 0, 0, 0, 0, 0, 0, 1, 0, 0, 0, 0], "left_behind": ["egg", "egg", "plain", "turd", "egg", "egg", "plain", "turd", "egg", "egg", "plain", "plain", "egg", "egg", "plain", "turd", "egg", "egg", "plain", "turd", "egg", "egg", "plain", "plain", "egg", "egg", "plain", "plain", "egg", "egg", "plain", "plain", "egg", "egg", "plain", "plain", "egg", "egg", "plain", "plain", "egg", "egg", "plain", "plain", "egg", "egg", "plain", "plain", "plain", "egg", "plain", "plain", "plain", "egg", "plain", "plain", "plain", "egg", "plain", "plain", "plain", "egg", "plain", "plain", "plain", "egg", "plain", "plain", "plain", "egg", "plain", "plain", "plain", "plain", "plain", "plain", "plain", "plain", "plain", "turd"], "errlog_a": "", "errlog_b": "", "start_time": 360, "start_moves": 40, "turn_count": 80, "result": 2, "reason": "EGGS_LAID", "trapdoors": [[4, 2], [4, 3]], "spawn_a": [7, 1], "spawn_b": [0, 1]}