{"pos": [[7, 4], [0, 4], [7, 3], [1, 4], [7, 2], [1, 3], [7, 1], [0, 3], [7, 2], [0, 2], [6, 2], [1, 2], [6, 1], [1, 1], [6, 0], [2, 1], [6, 1], [3, 1], [5, 1], [3, 0], [5, 2], [2, 0], [5, 3], [1, 0], [6, 3], [1, 1], [6, 4], [0, 1], [6, 5], [1, 1], [6, 6], [2, 1], [5, 6], [3, 1], [5, 7], [4, 1], [5, 6], [4, 2], [4, 6], [3, 2], [3, 6], [3, 3], [3, 5], [2, 3], [3, 6], [2, 4], [3, 7], [2, 5], [2, 7], [2, 6], [1, 7], [1, 6], [0, 7], [0, 6], [1, 7], [0, 5], [0, 7], [0, 6], [1, 7], [0, 5], [0, 7], [0, 6], [1, 7], [0, 5], [0, 7], [0, 6], [1, 7], [0, 5], [0, 7], [0, 6], [1, 7], [0, 5], [0, 7], [0, 6], [1, 7], [0, 5], [0, 7], [0, 4], [0, 6], [0, 3]], "a_eggs_laid": [1, 1, 1, 1, 2, 2, 2, 2, 3, 3, 3, 3, 4, 4, 4, 4, 5, 5, 5, 5, 6, 6, 6, 6, 7, 7, 7, 7, 8, 8, 8, 8, 9, 9, 9, 9, 10, 10, 10, 10, 11, 11, 11, 11, 12, 12, 12, 12, 13, 13, 13, 13, 14, 14, 14, 14, 14, 14, 14, 14, 14, 14, 14, 14, 14, 14, 14, 14, 14, 14, 14, 14, 14, 14, 14, 14, 14, 14, 14, 14], "b_eggs_laid": [0, 1, 1, 1, 1, 2, 2, 2, 2, 3, 3, 3, 3, 4, 4, 4, 4, 5, 5, 5, 5, 6, 6, 6, 6, 7, 7, 7, 7, 8, 8, 8, 8, 8, 8, 8, 8, 9, 9, 9, 9, 10, 10, 10, 10, 11, 11, 11, 11, 12, 12, 12, 12, 13, 13, 13, 13, 13, 13, 13, 13, 13, 13, 13, 13, 13, 13, 13, 13, 13, 13, 13, 13, 13, 13, 13, 13, 13, 13, 13], "a_turds_left": [5, 5, 5, 5, 5, 5, 5, 5, 5, 5, 5, 5, 5, 5, 5, 5, 5, 5, 5, 5, 5, 5, 5, 5, 5, 5, 5, 5, 5, 5, 5, 5, 5, 5, 5, 5, 5, 5, 5, 5, 5, 5, 5, 5, 5, 5, 5, 5, 5, 5, 5, 5, 5, 5, 5, 5, 5, 5, 5, 5, 5, 5, 5, 5, 5, 5, 5, 5, 5, 5, 5, 5, 5, 5, 5, 5, 5, 5, 5, 5], "b_turds_left": [5, 5, 5, 5, 5, 5, 5, 5, 5, 5, 5, 5, 5, 5, 5, 5, 5, 5, 5, 5, 5, 5, 5, 5, 5, 5, 5, 5, 5, 5, 5, 5, 5, 5, 5, 5, 5, 5, 5, 5, 5, 5, 5, 4, 4, 4, 4, 3, 3, 3, 3, 2, 2, 2, 2, 2, 2, 2, 2, 2, 2, 2, 2, 2, 2, 2, 2, 2, 2, 2, 2, 2, 2, 2, 2, 2, 2, 2, 2, 1], "a_time_left": [359.9485362500127, 359.9485362500127, 359.9031027079909, 359.9031027079909, 359.84829462500056, 359.84829462500056, 359.8179569579952, 359.8179569579952, 359.77888608298963, 359.77888608298963, 359.7529718329897, 359.7529718329897, 359.6862492909713, 359.6862492909713, 359.6442459569662, 359.6442459569662, 359.59436553996056, 359.59436553996056, 359.554089831945, 359.554089831945, 359.5017643319443, 359.5017643319443, 359.45866216596914, 359.45866216596914, 359.39809620697633, 359.39809620697633, 359.3553152909735, 359.3553152909735, 359.2987048739742, 359.2987048739742, 359.2529643329617, 359.2529643329617, 359.21039183295215, 359.21039183295215, 359.15681566594867, 359.15681566594867, 359.115295165946, 359.115295165946, 359.0673112909426, 359.0673112909426, 359.0031043739582, 359.0031043739582, 358.9552702079818, 358.9552702079818, 358.9041008329659, 358.9041008329659, 358.8615023329621, 358.8615023329621, 358.82326412497787, 358.82326412497787, 358.81607741696644, 358.81607741696644, 358.8107472919801, 358.8107472919801, 358.8095901249908, 358.8095901249908, 358.8078114159871, 358.8078114159871, 358.80663116599317, 358.80663116599317, 358.8048595410073, 358.8048595410073, 358.8036848740012, 358.8036848740012, 358.80188079099753, 358.80188079099753, 358.8007000820071, 358.8007000820071, 358.7986889150343, 358.7986889150343, 358.79750354003045, 358.79750354003045, 358.79572841501795, 358.79572841501795, 358.79454504002933, 358.79454504002933, 358.79275929002324, 358.79275929002324, 358.78987920601503, 358.78987920601503], "b_time_left": [360, 359.94444079100504, 359.94444079100504, 359.8956210830074, 359.8956210830074, 359.8405826240196, 359.8405826240196, 359.7877788320184, 359.7877788320184, 359.73695420700824, 359.73695420700824, 359.69337558202096, 359.69337558202096, 359.637619540008, 359.637619540008, 359.59481166501064, 359.59481166501064, 359.5260846650053, 359.5260846650053, 359.4746656230127, 359.4746656230127, 359.32831362300203, 359.32831362300203, 359.1131759559794, 359.1131759559794, 358.96709758098586, 358.96709758098586, 358.7149757469888, 358.7149757469888, 358.5340991219855, 358.5340991219855, 358.31797783097136, 358.31797783097136, 358.0956389559724, 358.0956389559724, 357.97185483097564, 357.97185483097564, 357.8206100809912, 357.8206100809912, 357.6466538729728, 357.6466538729728, 356.9537889569765, 356.9537889569765, 356.2216330819647, 356.2216330819647, 355.69213974897866, 355.69213974897866, 355.1619179149857, 355.1619179149857, 355.030442622985, 355.030442622985, 354.9274821639701, 354.9274821639701, 354.8905366229592, 354.8905366229592, 354.8725452069484, 354.8725452069484, 354.82840795695665, 354.82840795695665, 354.810393164953, 354.810393164953, 354.7352363319369, 354.7352363319369, 354.69420124893077, 354.69420124893077, 354.6176619149337, 354.6176619149337, 354.5792997899407, 354.5792997899407, 354.5038103739207, 354.5038103739207, 354.46554024892976, 354.46554024892976, 354.39060933192377, 354.39060933192377, 354.3769315399404, 354.3769315399404, 354.366775998933, 354.366775998933, 354.36531637393637], "a_moves_left": [39, 39, 38, 38, 37, 37, 36, 36, 35, 35, 34, 34, 33, 33, 32, 32, 31, 31, 30, 30, 29, 29, 28, 28, 27, 27, 26, 26, 25, 25, 24, 24, 23, 23, 22, 22, 21, 21, 20, 20, 19, 19, 18, 18, 17, 17, 16, 16, 15, 15, 14, 14, 13, 13, 12, 12, 11, 11, 10, 10, 9, 9, 8, 8, 7, 7, 6, 6, 5, 5, 4, 4, 3, 3, 2, 2, 1, 1, 0, 0], "b_moves_left": [40, 39, 39, 38, 38, 37, 37, 36, 36, 35, 35, 34, 34, 33, 33, 32, 32, 31, 31, 30, 30, 29, 29, 28, 28, 27, 27, 26, 26, 25, 25, 24, 24, 23, 23, 22, 22, 21, 21, 20, 20, 19, 19, 18, 18, 17, 17, 16, 16, 15, 15, 14, 14, 13, 13, 12, 12, 11, 11, 10, 10, 9, 9, 8, 8, 7, 7, 6, 6, 5, 5, 4, 4, 3, 3, 2, 2, 1, 1, 0], "trapdoor_triggered": [0, 0, 0, 0, 0, 0, 0, 0, 0, 0, 0, 0, 0, 0, 0, 0, 0, 0, 0, 0, 0, 0, 0, 0, 0, 0, 0, 0, 0, 0, 0, 0, 0, 0, 0, 0, 0, 0, 0, 0, 0, 0, 0, 0, 0, 0, 0, 0, 0, 0, 0, 0, 0, 0, 0, 0, 0, 0, 0, 0, 0, 0, 0, 0, 0, 0, 0, 0, 0, 0, 0, 0, 0, 0, 0, 0, 0, 0, 0, 0], "left_behind": ["egg", "egg", "plain", "plain", "egg", "egg", "plain", "plain", "egg", "egg", "plain", "plain", "egg", "egg", "plain", "plain", "egg", "egg", "plain", "plain", "egg", "egg", "plain", "plain", "egg", "egg", "plain", "plain", "egg", "egg", "plain", "plain", "egg", "plain", "plain", "plain", "egg", "egg", "plain", "plain", "egg", "egg", "plain", "turd", "egg", "egg", "plain", "turd", "egg", "egg", "plain", "turd", "egg", "egg", "plain", "plain", "plain", "plain", "plain", "plain", "plain", "plain", "plain", "plain", "plain", "plain", "plain", "plain", "plain", "plain", "plain", "plain", "plain", "plain", "plain", "plain", "plain", "plain", "plain", "turd"], "errlog_a": "", "errlog_b": "", "start_time": 360, "start_moves": 40, "turn_count": 80, "result": 0, "reason": "EGGS_LAID", "trapdoors": [[5, 5], [4, 5]], "spawn_a": [7, 5], "spawn_b": [0, 5]}