{"pos": [[0, 3], [7, 3], [0, 2], [7, 2], [0, 1], [7, 1], [0, 0], [7, 0], [1, 0], [7, 1], [2, 0], [6, 1], [3, 0], [5, 1], [3, 1], [5, 0], [2, 1], [5, 1], [1, 1], [4, 1], [1, 2], [5, 1], [1, 3], [5, 2], [1, 4], [6, 2], [1, 5], [6, 3], [2, 5], [6, 4], [2, 6], [6, 5], [3, 6], [5, 5], [4, 6], [5, 6], [4, 5], [5, 5], [4, 4], [5, 4], [4, 3], [5, 3], [4, 2], [4, 3], [3, 2], [3, 3], [2, 2], [3, 4], [0, 4], [2, 4], [0, 5], [2, 5], [0, 6], [7, 4], [1, 6], [7, 5], [1, 7], [7, 6], [2, 7], [7, 7], [3, 7], [6, 7], [3, 6], [6, 6], [4, 6], [6, 5], [4, 5], [5, 5], [4, 4], [5, 4], [4, 5], [5, 5], [4, 4], [5, 4], [4, 5], [5, 5], [4, 4], [5, 4], [4, 5], [5, 3]], "a_eggs_laid": [1, 1, 1, 1, 2, 2, 2, 2, 5, 5, 5, 5, 6, 6, 6, 6, 7, 7, 7, 7, 8, 8, 8, 8, 9, 9, 9, 9, 10, 10, 10, 10, 11, 11, 11, 11, 12, 12, 12, 12, 13, 13, 13, 13, 14, 14, 14, 14, 15, 15, 15, 15, 15, 15, 20, 20, 20, 20, 21, 21, 21, 21, 22, 22, 22, 22, 22, 22, 22, 22, 22, 22, 22, 22, 22, 22, 22, 22, 22, 22], "b_eggs_laid": [0, 1, 1, 1, 1, 2, 2, 2, 2, 5, 5, 5, 5, 6, 6, 6, 6, 7, 7, 7, 7, 8, 8, 8, 8, 9, 9, 9, 9, 10, 10, 10, 10, 11, 11, 11, 11, 12, 12, 12, 12, 13, 13, 13, 13, 14, 14, 14, 14, 19, 19, 19, 19, 20, 20, 20, 20, 20, 20, 21, 21, 21, 21, 22, 22, 22, 22, 22, 22, 22, 22, 22, 22, 22, 22, 22, 22, 22, 22, 22], "a_turds_left": [5, 5, 5, 5, 5, 5, 5, 5, 5, 5, 5, 5, 5, 5, 5, 5, 5, 5, 5, 5, 5, 5, 5, 5, 5, 5, 5, 5, 5, 5, 5, 5, 5, 5, 5, 5, 5, 5, 5, 5, 5, 5, 5, 5, 5, 5, 5, 5, 5, 5, 5, 5, 5, 5, 5, 5, 5, 5, 5, 5, 5, 5, 5, 5, 5, 5, 5, 5, 5, 5, 5, 5, 5, 5, 5, 5, 5, 5, 5, 5], "b_turds_left": [5, 5, 5, 5, 5, 5, 5, 5, 5, 5, 5, 5, 5, 5, 5, 5, 5, 5, 5, 5, 5, 5, 5, 5, 5, 5, 5, 5, 5, 5, 5, 5, 5, 5, 5, 5, 5, 5, 5, 5, 5, 5, 5, 5, 5, 5, 5, 5, 5, 5, 5, 5, 5, 5, 5, 5, 5, 5, 5, 5, 5, 5, 5, 5, 5, 5, 5, 5, 5, 5, 5, 5, 5, 5, 5, 5, 5, 5, 5, 5], "a_time_left": [359.9250590830052, 359.9250590830052, 359.90005308300897, 359.90005308300897, 359.8725598330202, 359.8725598330202, 359.85528191702906, 359.85528191702906, 359.84437541702937, 359.84437541702937, 359.82404037503875, 359.82404037503875, 359.7874192080344, 359.7874192080344, 359.77004091703566, 359.77004091703566, 359.7357139590313, 359.7357139590313, 359.70253212502575, 359.70253212502575, 359.66275129101996, 359.66275129101996, 359.6294298740104, 359.6294298740104, 359.57487079000566, 359.57487079000566, 359.54486449800606, 359.54486449800606, 359.493567248006, 359.493567248006, 359.45867403900775, 359.45867403900775, 359.4089865390124, 359.4089865390124, 359.3845118300087, 359.3845118300087, 359.3678216630069, 359.3678216630069, 359.35922549600946, 359.35922549600946, 359.3395101620117, 359.3395101620117, 359.3320765370154, 359.3320765370154, 359.32718866200594, 359.32718866200594, 359.3211284530116, 359.3211284530116, 359.28440178601886, 359.28440178601886, 359.2754912030214, 359.2754912030214, 359.26612195301277, 359.26612195301277, 359.25079970301886, 359.25079970301886, 359.23358832803206, 359.23358832803206, 359.2089237860346, 359.2089237860346, 359.1978136610269, 359.1978136610269, 359.17628049402265, 359.17628049402265, 359.1618722860294, 359.1618722860294, 359.1561055360362, 359.1561055360362, 359.1531595360284, 359.1531595360284, 359.1514649110177, 359.1514649110177, 359.14852020301623, 359.14852020301623, 359.1467540780286, 359.1467540780286, 359.1438049950375, 359.1438049950375, 359.1433880780387, 359.1433880780387], "b_time_left": [360, 359.97297845799767, 359.97297845799767, 359.9449034999998, 359.9449034999998, 359.92443170800107, 359.92443170800107, 359.91411341598723, 359.91411341598723, 359.90033166598005, 359.90033166598005, 359.885468915978, 359.885468915978, 359.8536036659789, 359.8536036659789, 359.8281014569802, 359.8281014569802, 359.79649824797525, 359.79649824797525, 359.7691161649709, 359.7691161649709, 359.73841120596626, 359.73841120596626, 359.7134289559617, 359.7134289559617, 359.6726343719638, 359.6726343719638, 359.64789078896865, 359.64789078896865, 359.61212424696714, 359.61212424696714, 359.5856908309652, 359.5856908309652, 359.5431437059742, 359.5431437059742, 359.5240188729658, 359.5240188729658, 359.50128137296997, 359.50128137296997, 359.48601024797244, 359.48601024797244, 359.4630457889725, 359.4630457889725, 359.454589579982, 359.454589579982, 359.4404379969783, 359.4404379969783, 359.42656282999087, 359.42656282999087, 359.41374387199176, 359.41374387199176, 359.40357320499606, 359.40357320499606, 359.3884846629953, 359.3884846629953, 359.3805309129966, 359.3805309129966, 359.36741895500745, 359.36741895500745, 359.3485444960097, 359.3485444960097, 359.339849704018, 359.339849704018, 359.3163603290159, 359.3163603290159, 359.3088927040226, 359.3088927040226, 359.2978567870159, 359.2978567870159, 359.2958879950165, 359.2958879950165, 359.2878128700104, 359.2878128700104, 359.2860957030207, 359.2860957030207, 359.2784244530194, 359.2784244530194, 359.27704670302046, 359.27704670302046, 359.27653916101553], "a_moves_left": [39, 39, 38, 38, 37, 37, 36, 36, 35, 35, 34, 34, 33, 33, 32, 32, 31, 31, 30, 30, 29, 29, 28, 28, 27, 27, 26, 26, 25, 25, 24, 24, 23, 23, 22, 22, 21, 21, 20, 20, 19, 19, 18, 18, 17, 17, 16, 16, 15, 15, 14, 14, 13, 13, 12, 12, 11, 11, 10, 10, 9, 9, 8, 8, 7, 7, 6, 6, 5, 5, 4, 4, 3, 3, 2, 2, 1, 1, 0, 0], "b_moves_left": [40, 39, 39, 38, 38, 37, 37, 36, 36, 35, 35, 34, 34, 33, 33, 32, 32, 31, 31, 30, 30, 29, 29, 28, 28, 27, 27, 26, 26, 25, 25, 24, 24, 23, 23, 22, 22, 21, 21, 20, 20, 19, 19, 18, 18, 17, 17, 16, 16, 15, 15, 14, 14, 13, 13, 12, 12, 11, 11, 10, 10, 9, 9, 8, 8, 7, 7, 6, 6, 5, 5, 4, 4, 3, 3, 2, 2, 1, 1, 0], "trapdoor_triggered": [0, 0, 0, 0, 0, 0, 0, 0, 0, 0, 0, 0, 0, 0, 0, 0, 0, 0, 0, 0, 0, 0, 0, 0, 0, 0, 0, 0, 0, 0, 0, 0, 0, 0, 0, 0, 0, 0, 0, 0, 0, 0, 0, 0, 0, 0, 0, 0, 1, 0, 0, 0, 0, 1, 0, 0, 0, 0, 0, 0, 0, 0, 0, 0, 0, 0, 0, 0, 0, 0, 0, 0, 0, 0, 0, 0, 0, 0, 0, 0], "left_behind": ["egg", "egg", "plain", "plain", "egg", "egg", "plain", "plain", "egg", "egg", "plain", "plain", "egg", "egg", "plain", "plain", "egg", "egg", "plain", "plain", "egg", "egg", "plain", "plain", "egg", "egg", "plain", "plain", "egg", "egg", "plain", "plain", "egg", "egg", "plain", "plain", "egg", "egg", "plain", "plain", "egg", "egg", "plain", "plain", "egg", "egg", "plain", "plain", "egg", "egg", "plain", "plain", "plain", "egg", "egg", "plain", "plain", "plain", "egg", "egg", "plain", "plain", "egg", "egg", "plain", "plain", "plain", "plain", "plain", "plain", "plain", "plain", "plain", "plain", "plain", "plain", "plain", "plain", "plain", "plain"], "errlog_a": "", "errlog_b": "", "start_time": 360, "start_moves": 40, "turn_count": 80, "result": 2, "reason": "EGGS_LAID", "trapdoors": [[3, 5], [2, 3]], "spawn_a": [0, 4], "spawn_b": [7, 4]}