{"pos": [[7, 2], [1, 1], [7, 3], [2, 1], [7, 2], [3, 1], [6, 2], [3, 0], [6, 1], [3, 1], [6, 0], [4, 1], [6, 1], [4, 2], [5, 1], [0, 1], [6, 1], [1, 1], [6, 0], [1, 2], [6, 1], [1, 3], [6, 0], [2, 3], [6, 1], [2, 4], [6, 0], [3, 4], [6, 1], [3, 3], [6, 0], [3, 2], [6, 1], [4, 2], [6, 0], [4, 3], [6, 1], [5, 3], [6, 0], [6, 3], [7, 0], [6, 4], [7, 1], [5, 4], [7, 0], [5, 5], [7, 1], [4, 5], [7, 0], [4, 6], [7, 1], [3, 6], [7, 0], [3, 5], [7, 1], [2, 5], [7, 0], [2, 4], [7, 1], [1, 4], [7, 0], [1, 5], [7, 1], [1, 6], [7, 0], [1, 5], [7, 1], [0, 5], [7, 0], [0, 4], [7, 1], [0, 3], [7, 0], [1, 3], [7, 1], [2, 3], [7, 0], [2, 2], [7, 1], [2, 1]], "a_eggs_laid": [1, 1, 1, 1, 2, 2, 2, 2, 3, 3, 3, 3, 4, 4, 4, 4, 9, 9, 9, 9, 9, 9, 9, 9, 9, 9, 9, 9, 9, 9, 9, 9, 9, 9, 9, 9, 9, 9, 9, 9, 9, 9, 9, 9, 9, 9, 9, 9, 9, 9, 9, 9, 9, 9, 9, 9, 9, 9, 9, 9, 9, 9, 9, 9, 9, 9, 9, 9, 9, 9, 9, 9, 9, 9, 9, 9, 9, 9, 9, 9], "b_eggs_laid": [0, 1, 1, 1, 1, 2, 2, 2, 2, 3, 3, 3, 3, 4, 4, 4, 4, 4, 4, 4, 4, 5, 5, 5, 5, 6, 6, 6, 6, 7, 7, 7, 7, 8, 8, 8, 8, 9, 9, 9, 9, 10, 10, 10, 10, 11, 11, 11, 11, 12, 12, 12, 12, 13, 13, 13, 13, 14, 14, 14, 14, 15, 15, 15, 15, 16, 16, 16, 16, 17, 17, 17, 17, 18, 18, 18, 18, 18, 18, 18], "a_turds_left": [5, 5, 5, 5, 5, 5, 5, 5, 5, 5, 5, 5, 5, 5, 5, 5, 5, 5, 5, 5, 5, 5, 5, 5, 5, 5, 5, 5, 5, 5, 5, 5, 5, 5, 5, 5, 5, 5, 5, 5, 5, 5, 5, 5, 5, 5, 5, 5, 5, 5, 5, 5, 5, 5, 5, 5, 5, 5, 5, 5, 5, 5, 5, 5, 5, 5, 5, 5, 5, 5, 5, 5, 5, 5, 5, 5, 5, 5, 5, 5], "b_turds_left": [5, 5, 5, 4, 4, 4, 4, 4, 4, 4, 4, 3, 3, 3, 3, 3, 3, 3, 3, 3, 3, 3, 3, 2, 2, 2, 2, 1, 1, 1, 1, 1, 1, 1, 1, 1, 1, 1, 1, 1, 1, 1, 1, 1, 1, 1, 1, 1, 1, 1, 1, 1, 1, 1, 1, 1, 1, 1, 1, 1, 1, 1, 1, 1, 1, 1, 1, 1, 1, 1, 1, 1, 1, 1, 1, 1, 1, 1, 1, 0], "a_time_left": [359.97221508299117, 359.97221508299117, 359.92722987398156, 359.92722987398156, 359.879742332967, 359.879742332967, 359.83603341595153, 359.83603341595153, 359.77849924893235, 359.77849924893235, 359.7293546659348, 359.7293546659348, 359.6864337499137, 359.6864337499137, 359.63950637492235, 359.63950637492235, 359.61311549990205, 359.61311549990205, 359.58928012489923, 359.58928012489923, 359.56357029190985, 359.56357029190985, 359.5218873328995, 359.5218873328995, 359.50922408289625, 359.50922408289625, 359.4586020408897, 359.4586020408897, 359.43849562390824, 359.43849562390824, 359.40020974891377, 359.40020974891377, 359.3738716239168, 359.3738716239168, 359.33984379092, 359.33984379092, 359.3183028328931, 359.3183028328931, 359.2931774998724, 359.2931774998724, 359.27687787488685, 359.27687787488685, 359.25174608288216, 359.25174608288216, 359.2284131248889, 359.2284131248889, 359.2055311668664, 359.2055311668664, 359.18175437586615, 359.18175437586615, 359.1576824168733, 359.1576824168733, 359.14493412486627, 359.14493412486627, 359.12289370785584, 359.12289370785584, 359.0984524168598, 359.0984524168598, 359.0821567088715, 359.0821567088715, 359.0595015838917, 359.0595015838917, 359.0354999168776, 359.0354999168776, 359.01168425087235, 359.01168425087235, 358.9956760838977, 358.9956760838977, 358.9753737919091, 358.9753737919091, 358.9657992499124, 358.9657992499124, 358.94729433290195, 358.94729433290195, 358.92429358288064, 358.92429358288064, 358.9096145828662, 358.9096145828662, 358.89913995788083, 358.89913995788083], "b_time_left": [360, 359.9470825000026, 359.9470825000026, 359.9002633749915, 359.9002633749915, 359.8350267499918, 359.8350267499918, 359.7661414159811, 359.7661414159811, 359.7160692079924, 359.7160692079924, 359.66636162498617, 359.66636162498617, 359.5990630000015, 359.5990630000015, 359.5547802080109, 359.5547802080109, 359.54179524900974, 359.54179524900974, 359.52686099900166, 359.52686099900166, 359.45439633200294, 359.45439633200294, 359.4168602899881, 359.4168602899881, 359.3420436649758, 359.3420436649758, 359.3129602489644, 359.3129602489644, 359.2402110399562, 359.2402110399562, 359.21888162294636, 359.21888162294636, 359.13800203995197, 359.13800203995197, 359.1129785399535, 359.1129785399535, 359.02835195697844, 359.02835195697844, 359.00419274898013, 359.00419274898013, 358.9746814990067, 358.9746814990067, 358.939308874018, 358.939308874018, 358.89771066600224, 358.89771066600224, 358.85906712402357, 358.85906712402357, 358.8059236660192, 358.8059236660192, 358.77351099901716, 358.77351099901716, 358.72795762401074, 358.72795762401074, 358.69217895701877, 358.69217895701877, 358.6421296650078, 358.6421296650078, 358.6306706230098, 358.6306706230098, 358.5906978730054, 358.5906978730054, 358.5571374979918, 358.5571374979918, 358.51011603997904, 358.51011603997904, 358.4781906649587, 358.4781906649587, 358.43884803997935, 358.43884803997935, 358.4137910819554, 358.4137910819554, 358.3717104989628, 358.3717104989628, 358.36051454095286, 358.36051454095286, 358.3471687079291, 358.3471687079291, 358.34352695793496], "a_moves_left": [39, 39, 38, 38, 37, 37, 36, 36, 35, 35, 34, 34, 33, 33, 32, 32, 31, 31, 30, 30, 29, 29, 28, 28, 27, 27, 26, 26, 25, 25, 24, 24, 23, 23, 22, 22, 21, 21, 20, 20, 19, 19, 18, 18, 17, 17, 16, 16, 15, 15, 14, 14, 13, 13, 12, 12, 11, 11, 10, 10, 9, 9, 8, 8, 7, 7, 6, 6, 5, 5, 4, 4, 3, 3, 2, 2, 1, 1, 0, 0], "b_moves_left": [40, 39, 39, 38, 38, 37, 37, 36, 36, 35, 35, 34, 34, 33, 33, 32, 32, 31, 31, 30, 30, 29, 29, 28, 28, 27, 27, 26, 26, 25, 25, 24, 24, 23, 23, 22, 22, 21, 21, 20, 20, 19, 19, 18, 18, 17, 17, 16, 16, 15, 15, 14, 14, 13, 13, 12, 12, 11, 11, 10, 10, 9, 9, 8, 8, 7, 7, 6, 6, 5, 5, 4, 4, 3, 3, 2, 2, 1, 1, 0], "trapdoor_triggered": [0, 0, 0, 0, 0, 0, 0, 0, 0, 0, 0, 0, 0, 0, 0, 1, 0, 0, 0, 0, 0, 0, 0, 0, 0, 0, 0, 0, 0, 0, 0, 0, 0, 0, 0, 0, 0, 0, 0, 0, 0, 0, 0, 0, 0, 0, 0, 0, 0, 0, 0, 0, 0, 0, 0, 0, 0, 0, 0, 0, 0, 0, 0, 0, 0, 0, 0, 0, 0, 0, 0, 0, 0, 0, 0, 0, 0, 0, 0, 0], "left_behind": ["egg", "egg", "plain", "turd", "egg", "egg", "plain", "plain", "egg", "egg", "plain", "turd", "egg", "egg", "plain", "plain", "egg", "plain", "plain", "plain", "plain", "egg", "plain", "turd", "plain", "egg", "plain", "turd", "plain", "egg", "plain", "plain", "plain", "egg", "plain", "plain", "plain", "egg", "plain", "plain", "plain", "egg", "plain", "plain", "plain", "egg", "plain", "plain", "plain", "egg", "plain", "plain", "plain", "egg", "plain", "plain", "plain", "egg", "plain", "plain", "plain", "egg", "plain", "plain", "plain", "egg", "plain", "plain", "plain", "egg", "plain", "plain", "plain", "egg", "plain", "plain", "plain", "plain", "plain", "turd"], "errlog_a": "", "errlog_b": "", "start_time": 360, "start_moves": 40, "turn_count": 80, "result": 1, "reason": "EGGS_LAID", "trapdoors": [[4, 4], [5, 2]], "spawn_a": [7, 1], "spawn_b": [0, 1]}