{"pos": [[7, 4], [0, 6], [7, 3], [0, 7], [7, 2], [0, 6], [7, 1], [1, 6], [7, 2], [2, 6], [6, 2], [2, 5], [6, 1], [3, 5], [6, 0], [0, 5], [6, 1], [0, 4], [5, 1], [0, 3], [4, 1], [1, 3], [4, 0], [2, 3], [4, 1], [3, 3], [3, 1], [4, 3], [3, 0], [5, 3], [2, 0], [6, 3], [2, 1], [6, 4], [1, 1], [7, 4], [1, 0], [6, 4], [0, 0], [5, 4], [1, 0], [5, 5], [2, 0], [6, 5], [3, 0], [6, 6], [4, 0], [5, 6], [4, 1], [5, 5], [4, 2], [5, 4], [4, 1], [5, 5], [4, 0], [5, 4], [5, 0], [5, 5], [6, 0], [5, 4], [6, 1], [5, 5], [6, 0], [5, 4], [6, 1], [5, 5], [6, 0], [5, 4], [6, 1], [5, 5], [6, 0], [5, 4], [6, 1], [5, 5], [6, 0], [5, 4], [6, 1], [5, 3], [6, 0], [5, 2]], "a_eggs_laid": [1, 1, 1, 1, 2, 2, 2, 2, 3, 3, 3, 3, 4, 4, 4, 4, 9, 9, 9, 9, 10, 10, 10, 10, 11, 11, 11, 11, 12, 12, 12, 12, 13, 13, 13, 13, 14, 14, 14, 14, 17, 17, 17, 17, 17, 17, 17, 17, 17, 17, 17, 17, 18, 18, 18, 18, 18, 18, 18, 18, 18, 18, 18, 18, 18, 18, 18, 18, 18, 18, 18, 18, 18, 18, 18, 18, 18, 18, 18, 18], "b_eggs_laid": [0, 1, 1, 1, 1, 4, 4, 4, 4, 5, 5, 5, 5, 6, 6, 6, 6, 6, 6, 6, 6, 7, 7, 7, 7, 8, 8, 8, 8, 9, 9, 9, 9, 10, 10, 10, 10, 11, 11, 11, 11, 12, 12, 12, 12, 13, 13, 13, 13, 14, 14, 14, 14, 14, 14, 14, 14, 14, 14, 14, 14, 14, 14, 14, 14, 14, 14, 14, 14, 14, 14, 14, 14, 14, 14, 14, 14, 14, 14, 14], "a_turds_left": [5, 5, 5, 5, 5, 5, 5, 5, 5, 5, 5, 5, 5, 5, 5, 5, 5, 5, 5, 5, 5, 5, 5, 5, 5, 5, 5, 5, 5, 5, 5, 5, 5, 5, 5, 5, 5, 5, 5, 5, 5, 5, 5, 5, 5, 5, 5, 5, 5, 5, 5, 5, 5, 5, 5, 5, 5, 5, 5, 5, 5, 5, 5, 5, 5, 5, 5, 5, 5, 5, 5, 5, 5, 5, 5, 5, 5, 5, 5, 5], "b_turds_left": [5, 5, 5, 5, 5, 5, 5, 5, 5, 5, 5, 5, 5, 5, 5, 4, 4, 4, 4, 4, 4, 4, 4, 3, 3, 3, 3, 2, 2, 2, 2, 2, 2, 2, 2, 2, 2, 2, 2, 2, 2, 2, 2, 2, 2, 2, 2, 1, 1, 1, 1, 1, 1, 1, 1, 1, 1, 1, 1, 1, 1, 1, 1, 1, 1, 1, 1, 1, 1, 1, 1, 1, 1, 1, 1, 0, 0, 0, 0, 0], "a_time_left": [359.94509691701387, 359.94509691701387, 359.9175505420135, 359.9175505420135, 359.89127754201763, 359.89127754201763, 359.86443395903916, 359.86443395903916, 359.818099584023, 359.818099584023, 359.78781750102644, 359.78781750102644, 359.71932491700863, 359.71932491700863, 359.6770617920265, 359.6770617920265, 359.65329675003886, 359.65329675003886, 359.621501708054, 359.621501708054, 359.56190783306374, 359.56190783306374, 359.51897004104103, 359.51897004104103, 359.46474066603696, 359.46474066603696, 359.42107424902497, 359.42107424902497, 359.37216566602, 359.37216566602, 359.3451931660238, 359.3451931660238, 359.31790437403833, 359.31790437403833, 359.27944191603456, 359.27944191603456, 359.2621004160319, 359.2621004160319, 359.2360512910527, 359.2360512910527, 359.2064732910367, 359.2064732910367, 359.18078562401934, 359.18078562401934, 359.1686061240034, 359.1686061240034, 359.1423192069924, 359.1423192069924, 359.10697991497, 359.10697991497, 359.0726304149721, 359.0726304149721, 359.0544322899659, 359.0544322899659, 359.0223215399601, 359.0223215399601, 359.01429920695955, 359.01429920695955, 358.98942637394066, 358.98942637394066, 358.98105662394664, 358.98105662394664, 358.94800208194647, 358.94800208194647, 358.9396660399507, 358.9396660399507, 358.9066492069396, 358.9066492069396, 358.89827166491887, 358.89827166491887, 358.8654115399113, 358.8654115399113, 358.85711162289954, 358.85711162289954, 358.8241834559012, 358.8241834559012, 358.81735195592046, 358.81735195592046, 358.8123242469155, 358.8123242469155], "b_time_left": [360, 359.68204166699434, 359.68204166699434, 359.1437677080103, 359.1437677080103, 358.94873950001784, 358.94873950001784, 358.440706125024, 358.440706125024, 357.9688459580357, 357.9688459580357, 357.2108811660437, 357.2108811660437, 356.73128583302605, 356.73128583302605, 355.7457689580333, 355.7457689580333, 355.36643866603845, 355.36643866603845, 354.8174177490291, 354.8174177490291, 354.45519804104697, 354.45519804104697, 353.6135287490615, 353.6135287490615, 353.0762510410568, 353.0762510410568, 352.3845267490542, 352.3845267490542, 352.01227320707403, 352.01227320707403, 351.2717959150614, 351.2717959150614, 351.0644399150624, 351.0644399150624, 350.57329845704953, 350.57329845704953, 350.4815696660662, 350.4815696660662, 350.023896458064, 350.023896458064, 349.7024775830505, 349.7024775830505, 348.9972219580377, 348.9972219580377, 348.6547999580507, 348.6547999580507, 347.9167909580574, 347.9167909580574, 347.37979629207985, 347.37979629207985, 347.0141310420586, 347.0141310420586, 346.47332525005913, 346.47332525005913, 345.9681212080468, 345.9681212080468, 345.54700304105063, 345.54700304105063, 345.0731576240505, 345.0731576240505, 344.49363995707245, 344.49363995707245, 344.01858387407265, 344.01858387407265, 343.438474040071, 343.438474040071, 342.9644172900589, 342.9644172900589, 342.3846214990481, 342.3846214990481, 341.90699633205077, 341.90699633205077, 341.3270251650247, 341.3270251650247, 341.2016660400259, 341.2016660400259, 341.17851941502886, 341.17851941502886, 341.1773474980437], "a_moves_left": [39, 39, 38, 38, 37, 37, 36, 36, 35, 35, 34, 34, 33, 33, 32, 32, 31, 31, 30, 30, 29, 29, 28, 28, 27, 27, 26, 26, 25, 25, 24, 24, 23, 23, 22, 22, 21, 21, 20, 20, 19, 19, 18, 18, 17, 17, 16, 16, 15, 15, 14, 14, 13, 13, 12, 12, 11, 11, 10, 10, 9, 9, 8, 8, 7, 7, 6, 6, 5, 5, 4, 4, 3, 3, 2, 2, 1, 1, 0, 0], "b_moves_left": [40, 39, 39, 38, 38, 37, 37, 36, 36, 35, 35, 34, 34, 33, 33, 32, 32, 31, 31, 30, 30, 29, 29, 28, 28, 27, 27, 26, 26, 25, 25, 24, 24, 23, 23, 22, 22, 21, 21, 20, 20, 19, 19, 18, 18, 17, 17, 16, 16, 15, 15, 14, 14, 13, 13, 12, 12, 11, 11, 10, 10, 9, 9, 8, 8, 7, 7, 6, 6, 5, 5, 4, 4, 3, 3, 2, 2, 1, 1, 0], "trapdoor_triggered": [0, 0, 0, 0, 0, 0, 0, 0, 0, 0, 0, 0, 0, 0, 0, 1, 0, 0, 0, 0, 0, 0, 0, 0, 0, 0, 0, 0, 0, 0, 0, 0, 0, 0, 0, 0, 0, 0, 0, 0, 0, 0, 0, 0, 0, 0, 0, 0, 0, 0, 0, 0, 0, 0, 0, 0, 0, 0, 0, 0, 0, 0, 0, 0, 0, 0, 0, 0, 0, 0, 0, 0, 0, 0, 0, 0, 0, 0, 0, 0], "left_behind": ["egg", "egg", "plain", "plain", "egg", "egg", "plain", "plain", "egg", "egg", "plain", "plain", "egg", "egg", "plain", "turd", "egg", "plain", "plain", "plain", "egg", "egg", "plain", "turd", "egg", "egg", "plain", "turd", "egg", "egg", "plain", "plain", "egg", "egg", "plain", "plain", "egg", "egg", "plain", "plain", "egg", "egg", "plain", "plain", "plain", "egg", "plain", "turd", "plain", "egg", "plain", "plain", "egg", "plain", "plain", "plain", "plain", "plain", "plain", "plain", "plain", "plain", "plain", "plain", "plain", "plain", "plain", "plain", "plain", "plain", "plain", "plain", "plain", "plain", "plain", "turd", "plain", "plain", "plain", "plain"], "errlog_a": "", "errlog_b": "", "start_time": 360, "start_moves": 40, "turn_count": 80, "result": 0, "reason": "EGGS_LAID", "trapdoors": [[4, 4], [4, 5]], "spawn_a": [7, 5], "spawn_b": [0, 5]}