{"pos": [[0, 5], [7, 5], [0, 4], [7, 4], [0, 3], [7, 3], [0, 2], [7, 2], [0, 1], [7, 1], [0, 0], [7, 0], [1, 0], [7, 1], [2, 0], [6, 1], [3, 0], [5, 1], [3, 1], [4, 1], [2, 1], [4, 2], [1, 1], [3, 2], [1, 2], [2, 2], [1, 3], [2, 3], [1, 4], [2, 4], [1, 5], [2, 5], [1, 6], [2, 6], [1, 7], [3, 6], [0, 7], [3, 5], [0, 6], [3, 4], [0, 5], [4, 4], [0, 4], [4, 3], [0, 3], [5, 3], [1, 3], [5, 2], [1, 4], [5, 3], [2, 4], [5, 4], [1, 4], [5, 5], [1, 3], [6, 5], [1, 4], [6, 6], [1, 3], [6, 7], [1, 4], [6, 6], [1, 3], [5, 6], [1, 4], [5, 5], [1, 3], [7, 6], [1, 4], [6, 6], [1, 3], [6, 5], [1, 4], [5, 5], [1, 3], [5, 4], [1, 4], [5, 3], [1, 3], [5, 2]], "a_eggs_laid": [1, 1, 1, 1, 2, 2, 2, 2, 3, 3, 3, 3, 6, 6, 6, 6, 7, 7, 7, 7, 8, 8, 8, 8, 9, 9, 9, 9, 10, 10, 10, 10, 11, 11, 11, 11, 12, 12, 12, 12, 12, 12, 12, 12, 12, 12, 12, 12, 12, 12, 12, 12, 13, 13, 13, 13, 13, 13, 13, 13, 13, 13, 13, 13, 13, 13, 13, 13, 17, 17, 17, 17, 17, 17, 17, 17, 17, 17, 17, 17], "b_eggs_laid": [0, 1, 1, 1, 1, 2, 2, 2, 2, 3, 3, 3, 3, 6, 6, 6, 6, 7, 7, 7, 7, 8, 8, 8, 8, 9, 9, 9, 9, 10, 10, 10, 10, 11, 11, 11, 11, 12, 12, 12, 12, 13, 13, 13, 13, 14, 14, 14, 14, 15, 15, 15, 15, 16, 16, 16, 16, 17, 17, 17, 17, 18, 18, 18, 18, 19, 19, 19, 19, 19, 19, 19, 19, 19, 19, 19, 19, 19, 19, 19], "a_turds_left": [5, 5, 5, 5, 5, 5, 5, 5, 5, 5, 5, 5, 5, 5, 5, 5, 5, 5, 5, 5, 5, 5, 5, 5, 5, 5, 5, 5, 5, 5, 5, 5, 5, 5, 5, 5, 5, 5, 5, 5, 5, 5, 5, 5, 5, 5, 5, 5, 5, 5, 5, 5, 5, 5, 5, 5, 5, 5, 5, 5, 5, 5, 5, 5, 5, 5, 5, 5, 5, 5, 5, 5, 5, 5, 5, 5, 5, 5, 5, 5], "b_turds_left": [5, 5, 5, 5, 5, 5, 5, 5, 5, 5, 5, 5, 5, 5, 5, 5, 5, 5, 5, 4, 4, 4, 4, 3, 3, 3, 3, 2, 2, 2, 2, 2, 2, 2, 2, 1, 1, 1, 1, 1, 1, 1, 1, 1, 1, 1, 1, 1, 1, 1, 1, 1, 1, 1, 1, 1, 1, 1, 1, 1, 1, 1, 1, 1, 1, 1, 1, 1, 1, 1, 1, 1, 1, 1, 1, 0, 0, 0, 0, 0], "a_time_left": [359.9542674170225, 359.9542674170225, 359.92659325001296, 359.92659325001296, 359.8858458750183, 359.8858458750183, 359.8590321250085, 359.8590321250085, 359.8168186249968, 359.8168186249968, 359.792942207976, 359.792942207976, 359.77600087499013, 359.77600087499013, 359.7462724999932, 359.7462724999932, 359.6949831660022, 359.6949831660022, 359.66282737400616, 359.66282737400616, 359.63415783198434, 359.63415783198434, 359.58657720699557, 359.58657720699557, 359.5393216240045, 359.5393216240045, 359.5266657489992, 359.5266657489992, 359.5084095400234, 359.5084095400234, 359.49564558200655, 359.49564558200655, 359.44213808199856, 359.44213808199856, 359.43111912399763, 359.43111912399763, 359.41934070698335, 359.41934070698335, 359.40630228997907, 359.40630228997907, 359.3975378309842, 359.3975378309842, 359.377100830985, 359.377100830985, 359.35970803999226, 359.35970803999226, 359.33938066498376, 359.33938066498376, 359.3275815809902, 359.3275815809902, 359.30198883099365, 359.30198883099365, 359.2847298719862, 359.2847298719862, 359.25891128898365, 359.25891128898365, 359.2482011219836, 359.2482011219836, 359.22157437197166, 359.22157437197166, 359.214172330976, 359.214172330976, 359.1882074139721, 359.1882074139721, 359.1773296229658, 359.1773296229658, 359.1509383729717, 359.1509383729717, 359.14520258197444, 359.14520258197444, 359.11855049896985, 359.11855049896985, 359.1128091659921, 359.1128091659921, 359.08596195699647, 359.08596195699647, 359.0809522070049, 359.0809522070049, 359.0763629990106, 359.0763629990106], "b_time_left": [360, 359.692526290979, 359.692526290979, 359.2111613319721, 359.2111613319721, 358.8798632489634, 358.8798632489634, 358.3022983739502, 358.3022983739502, 358.12733299896354, 358.12733299896354, 357.7816812489764, 357.7816812489764, 357.557894914964, 357.557894914964, 356.96427495597163, 356.96427495597163, 356.5552743729786, 356.5552743729786, 355.4490677889844, 355.4490677889844, 355.0847909139993, 355.0847909139993, 354.0684812889958, 354.0684812889958, 353.7880188719719, 353.7880188719719, 353.4166569549707, 353.4166569549707, 353.2103496209893, 353.2103496209893, 352.77983003799454, 352.77983003799454, 352.5148079129867, 352.5148079129867, 352.27663432998816, 352.27663432998816, 352.0592172469769, 352.0592172469769, 351.7752940809587, 351.7752940809587, 351.41443012296804, 351.41443012296804, 350.8963648319477, 350.8963648319477, 350.5547867489513, 350.5547867489513, 350.05215733195655, 350.05215733195655, 349.75927187295747, 349.75927187295747, 349.4437944559613, 349.4437944559613, 348.88250187196536, 348.88250187196536, 348.4113967049925, 348.4113967049925, 347.860965121974, 347.860965121974, 347.37577182997484, 347.37577182997484, 347.06468716295785, 347.06468716295785, 346.61070862194174, 346.61070862194174, 346.08997637193534, 346.08997637193534, 345.7178484549222, 345.7178484549222, 345.38705649692565, 345.38705649692565, 345.00827766393195, 345.00827766393195, 344.5020987059397, 344.5020987059397, 344.4005789559451, 344.4005789559451, 344.37851645593764, 344.37851645593764, 344.3773882059322], "a_moves_left": [39, 39, 38, 38, 37, 37, 36, 36, 35, 35, 34, 34, 33, 33, 32, 32, 31, 31, 30, 30, 29, 29, 28, 28, 27, 27, 26, 26, 25, 25, 24, 24, 23, 23, 22, 22, 21, 21, 20, 20, 19, 19, 18, 18, 17, 17, 16, 16, 15, 15, 14, 14, 13, 13, 12, 12, 11, 11, 10, 10, 9, 9, 8, 8, 7, 7, 6, 6, 5, 5, 4, 4, 3, 3, 2, 2, 1, 1, 0, 0], "b_moves_left": [40, 39, 39, 38, 38, 37, 37, 36, 36, 35, 35, 34, 34, 33, 33, 32, 32, 31, 31, 30, 30, 29, 29, 28, 28, 27, 27, 26, 26, 25, 25, 24, 24, 23, 23, 22, 22, 21, 21, 20, 20, 19, 19, 18, 18, 17, 17, 16, 16, 15, 15, 14, 14, 13, 13, 12, 12, 11, 11, 10, 10, 9, 9, 8, 8, 7, 7, 6, 6, 5, 5, 4, 4, 3, 3, 2, 2, 1, 1, 0], "trapdoor_triggered": [0, 0, 0, 0, 0, 0, 0, 0, 0, 0, 0, 0, 0, 0, 0, 0, 0, 0, 0, 0, 0, 0, 0, 0, 0, 0, 0, 0, 0, 0, 0, 0, 0, 0, 0, 0, 0, 0, 0, 0, 0, 0, 0, 0, 0, 0, 0, 0, 0, 0, 0, 0, 0, 0, 0, 0, 0, 0, 0, 0, 0, 0, 0, 0, 0, 0, 0, 1, 0, 0, 0, 0, 0, 0, 0, 0, 0, 0, 0, 0], "left_behind": ["egg", "egg", "plain", "plain", "egg", "egg", "plain", "plain", "egg", "egg", "plain", "plain", "egg", "egg", "plain", "plain", "egg", "egg", "plain", "turd", "egg", "egg", "plain", "turd", "egg", "egg", "plain", "turd", "egg", "egg", "plain", "plain", "egg", "egg", "plain", "turd", "egg", "egg", "plain", "plain", "plain", "egg", "plain", "plain", "plain", "egg", "plain", "plain", "plain", "egg", "plain", "plain", "egg", "egg", "plain", "plain", "plain", "egg", "plain", "plain", "plain", "egg", "plain", "plain", "plain", "egg", "plain", "plain", "plain", "plain", "plain", "plain", "plain", "plain", "plain", "turd", "plain", "plain", "plain", "plain"], "errlog_a": "", "errlog_b": "", "start_time": 360, "start_moves": 40, "turn_count": 80, "result": 1, "reason": "EGGS_LAID", "trapdoors": [[3, 3], [4, 5]], "spawn_a": [0, 6], "spawn_b": [7, 6]}