{"pos": [[0, 5], [7, 5], [0, 4], [7, 4], [0, 3], [7, 3], [0, 2], [7, 2], [0, 1], [7, 1], [0, 0], [7, 0], [1, 0], [7, 1], [2, 0], [6, 1], [3, 0], [5, 1], [3, 1], [7, 6], [2, 1], [7, 5], [1, 1], [6, 5], [1, 2], [6, 4], [1, 3], [6, 3], [1, 4], [6, 4], [1, 5], [5, 4], [2, 5], [5, 5], [2, 6], [5, 6], [2, 5], [6, 6], [2, 4], [6, 7], [2, 3], [5, 7], [2, 2], [4, 7], [3, 2], [4, 6], [3, 3], [4, 5], [3, 2], [4, 6], [4, 2], [3, 6], [3, 2], [3, 7], [3, 1], [2, 7], [2, 1], [3, 7], [2, 0], [3, 6], [2, 1], [3, 5], [2, 0], [3, 4], [2, 1], [4, 4], [2, 0], [4, 3], [2, 1], [4, 4], [2, 0], [4, 3], [2, 1], [4, 4], [2, 0], [4, 3], [2, 1], [4, 4], [2, 0], [4, 3]], "a_eggs_laid": [1, 1, 1, 1, 2, 2, 2, 2, 3, 3, 3, 3, 6, 6, 6, 6, 7, 7, 7, 7, 12, 12, 12, 12, 13, 13, 13, 13, 14, 14, 14, 14, 15, 15, 15, 15, 16, 16, 16, 16, 17, 17, 17, 17, 18, 18, 18, 18, 19, 19, 19, 19, 20, 20, 20, 20, 20, 20, 20, 20, 20, 20, 20, 20, 20, 20, 20, 20, 20, 20, 20, 20, 20, 20, 20, 20, 20, 20, 20, 20], "b_eggs_laid": [0, 1, 1, 1, 1, 2, 2, 2, 2, 3, 3, 3, 3, 6, 6, 6, 6, 7, 7, 7, 7, 7, 7, 7, 7, 8, 8, 8, 8, 9, 9, 9, 9, 10, 10, 10, 10, 11, 11, 11, 11, 12, 12, 12, 12, 13, 13, 13, 13, 14, 14, 14, 14, 15, 15, 15, 15, 16, 16, 16, 16, 16, 16, 16, 16, 17, 17, 17, 17, 18, 18, 18, 18, 18, 18, 18, 18, 18, 18, 18], "a_turds_left": [5, 5, 5, 5, 5, 5, 5, 5, 5, 5, 5, 5, 5, 5, 5, 5, 5, 5, 5, 5, 5, 5, 5, 5, 5, 5, 5, 5, 5, 5, 5, 5, 5, 5, 5, 5, 5, 5, 5, 5, 5, 5, 5, 5, 5, 5, 5, 5, 5, 5, 5, 5, 5, 5, 5, 5, 5, 5, 5, 5, 5, 5, 5, 5, 5, 5, 5, 5, 5, 5, 5, 5, 5, 5, 5, 5, 5, 5, 5, 5], "b_turds_left": [5, 5, 5, 4, 4, 4, 4, 3, 3, 3, 3, 2, 2, 2, 2, 2, 2, 2, 2, 1, 1, 1, 1, 1, 1, 1, 1, 1, 1, 1, 1, 1, 1, 1, 1, 1, 1, 1, 1, 1, 1, 1, 1, 1, 1, 1, 1, 1, 1, 1, 1, 1, 1, 1, 1, 1, 1, 1, 1, 1, 1, 1, 1, 1, 1, 1, 1, 1, 1, 1, 1, 1, 1, 1, 1, 1, 1, 1, 1, 0], "a_time_left": [359.970841250004, 359.970841250004, 359.9514125830028, 359.9514125830028, 359.9222363330191, 359.9222363330191, 359.9055697080039, 359.9055697080039, 359.8815162489773, 359.8815162489773, 359.8676678740012, 359.8676678740012, 359.8569210830028, 359.8569210830028, 359.8438068329997, 359.8438068329997, 359.8142589579802, 359.8142589579802, 359.7960240409593, 359.7960240409593, 359.77851220796583, 359.77851220796583, 359.7636951249733, 359.7636951249733, 359.7282607499801, 359.7282607499801, 359.70783312499407, 359.70783312499407, 359.67104895898956, 359.67104895898956, 359.64707425097004, 359.64707425097004, 359.61056320994976, 359.61056320994976, 359.5834632929473, 359.5834632929473, 359.5460625849373, 359.5460625849373, 359.52217650195234, 359.52217650195234, 359.49244962693774, 359.49244962693774, 359.4723151269427, 359.4723151269427, 359.44174262695014, 359.44174262695014, 359.4233192099491, 359.4233192099491, 359.3862158349366, 359.3862158349366, 359.3657420439413, 359.3657420439413, 359.3511940849421, 359.3511940849421, 359.3301964599523, 359.3301964599523, 359.32396087696543, 359.32396087696543, 359.309529251972, 359.309529251972, 359.3055911689589, 359.3055911689589, 359.2882159189612, 359.2882159189612, 359.2831712529587, 359.2831712529587, 359.26664358595735, 359.26664358595735, 359.26151287797256, 359.26151287797256, 359.24280283696135, 359.24280283696135, 359.2397591279587, 359.2397591279587, 359.2210267109622, 359.2210267109622, 359.21783146096277, 359.21783146096277, 359.2052390439494, 359.2052390439494], "b_time_left": [360, 359.97115262498846, 359.97115262498846, 359.9404606249882, 359.9404606249882, 359.9153985839803, 359.9153985839803, 359.8956294589734, 359.8956294589734, 359.874608708953, 359.874608708953, 359.8636691249558, 359.8636691249558, 359.8500947909779, 359.8500947909779, 359.84198474898585, 359.84198474898585, 359.8108422489895, 359.8108422489895, 359.7847810819803, 359.7847810819803, 359.7742818739789, 359.7742818739789, 359.7636924989638, 359.7636924989638, 359.7213519149518, 359.7213519149518, 359.6969327069528, 359.6969327069528, 359.656173456955, 359.656173456955, 359.63232808196335, 359.63232808196335, 359.5891257489857, 359.5891257489857, 359.56429274898255, 359.56429274898255, 359.5275776659837, 359.5275776659837, 359.50458449998405, 359.50458449998405, 359.4807319160027, 359.4807319160027, 359.4641513740062, 359.4641513740062, 359.4370577489899, 359.4370577489899, 359.4138947079773, 359.4138947079773, 359.36403133298154, 359.36403133298154, 359.35060012398753, 359.35060012398753, 359.3141300819989, 359.3141300819989, 359.3037975410116, 359.3037975410116, 359.2807990410365, 359.2807990410365, 359.27519233201747, 359.27519233201747, 359.26395916502224, 359.26395916502224, 359.2554313740111, 359.2554313740111, 359.229965999024, 359.229965999024, 359.22123891604133, 359.22123891604133, 359.19903612404596, 359.19903612404596, 359.19105141606997, 359.19105141606997, 359.1844943750475, 359.1844943750475, 359.17663912504213, 359.17663912504213, 359.17326991603477, 359.17326991603477, 359.17166424903553], "a_moves_left": [39, 39, 38, 38, 37, 37, 36, 36, 35, 35, 34, 34, 33, 33, 32, 32, 31, 31, 30, 30, 29, 29, 28, 28, 27, 27, 26, 26, 25, 25, 24, 24, 23, 23, 22, 22, 21, 21, 20, 20, 19, 19, 18, 18, 17, 17, 16, 16, 15, 15, 14, 14, 13, 13, 12, 12, 11, 11, 10, 10, 9, 9, 8, 8, 7, 7, 6, 6, 5, 5, 4, 4, 3, 3, 2, 2, 1, 1, 0, 0], "b_moves_left": [40, 39, 39, 38, 38, 37, 37, 36, 36, 35, 35, 34, 34, 33, 33, 32, 32, 31, 31, 30, 30, 29, 29, 28, 28, 27, 27, 26, 26, 25, 25, 24, 24, 23, 23, 22, 22, 21, 21, 20, 20, 19, 19, 18, 18, 17, 17, 16, 16, 15, 15, 14, 14, 13, 13, 12, 12, 11, 11, 10, 10, 9, 9, 8, 8, 7, 7, 6, 6, 5, 5, 4, 4, 3, 3, 2, 2, 1, 1, 0], "trapdoor_triggered": [0, 0, 0, 0, 0, 0, 0, 0, 0, 0, 0, 0, 0, 0, 0, 0, 0, 0, 0, 1, 0, 0, 0, 0, 0, 0, 0, 0, 0, 0, 0, 0, 0, 0, 0, 0, 0, 0, 0, 0, 0, 0, 0, 0, 0, 0, 0, 0, 0, 0, 0, 0, 0, 0, 0, 0, 0, 0, 0, 0, 0, 0, 0, 0, 0, 0, 0, 0, 0, 0, 0, 0, 0, 0, 0, 0, 0, 0, 0, 0], "left_behind": ["egg", "egg", "plain", "turd", "egg", "egg", "plain", "turd", "egg", "egg", "plain", "turd", "egg", "egg", "plain", "plain", "egg", "egg", "plain", "turd", "egg", "plain", "plain", "plain", "egg", "egg", "plain", "plain", "egg", "egg", "plain", "plain", "egg", "egg", "plain", "plain", "egg", "egg", "plain", "plain", "egg", "egg", "plain", "plain", "egg", "egg", "plain", "plain", "egg", "egg", "plain", "plain", "egg", "egg", "plain", "plain", "plain", "egg", "plain", "plain", "plain", "plain", "plain", "plain", "plain", "egg", "plain", "plain", "plain", "egg", "plain", "plain", "plain", "plain", "plain", "plain", "plain", "plain", "plain", "turd"], "errlog_a": "", "errlog_b": "", "start_time": 360, "start_moves": 40, "turn_count": 80, "result": 0, "reason": "EGGS_LAID", "trapdoors": [[5, 3], [5, 2]], "spawn_a": [0, 6], "spawn_b": [7, 6]}