{"pos": [[0, 5], [7, 5], [0, 4], [7, 4], [0, 3], [7, 3], [0, 2], [6, 3], [0, 1], [6, 4], [0, 0], [5, 4], [1, 0], [5, 3], [2, 0], [4, 3], [3, 0], [4, 2], [4, 0], [4, 1], [5, 0], [5, 1], [6, 0], [5, 2], [7, 0], [4, 2], [7, 1], [3, 2], [7, 0], [4, 2], [7, 1], [4, 3], [7, 0], [4, 4], [7, 1], [4, 5], [7, 0], [4, 6], [7, 1], [3, 6], [7, 0], [3, 5], [7, 1], [3, 4], [7, 0], [3, 5], [7, 1], [2, 5], [7, 0], [1, 5], [7, 1], [1, 4], [7, 0], [2, 4], [7, 1], [7, 6], [7, 0], [7, 5], [7, 1], [6, 5], [7, 0], [6, 6], [7, 1], [5, 6], [7, 0], [5, 5], [7, 1], [5, 4], [7, 0], [5, 3], [7, 1], [5, 4], [7, 0], [5, 3], [7, 1], [5, 4], [7, 0], [6, 4], [7, 1], [6, 3]], "a_eggs_laid": [1, 1, 1, 1, 2, 2, 2, 2, 3, 3, 3, 3, 6, 6, 6, 6, 7, 7, 7, 7, 8, 8, 8, 8, 9, 9, 9, 9, 10, 10, 10, 10, 10, 10, 10, 10, 10, 10, 10, 10, 10, 10, 10, 10, 10, 10, 10, 10, 10, 10, 10, 10, 10, 10, 10, 10, 14, 14, 14, 14, 14, 14, 14, 14, 14, 14, 14, 14, 14, 14, 14, 14, 14, 14, 14, 14, 14, 14, 14, 14], "b_eggs_laid": [0, 1, 1, 1, 1, 2, 2, 2, 2, 3, 3, 3, 3, 4, 4, 4, 4, 5, 5, 5, 5, 6, 6, 6, 6, 7, 7, 7, 7, 8, 8, 8, 8, 8, 8, 8, 8, 9, 9, 9, 9, 10, 10, 10, 10, 11, 11, 11, 11, 12, 12, 12, 12, 13, 13, 13, 13, 13, 13, 13, 13, 14, 14, 14, 14, 15, 15, 15, 15, 15, 15, 15, 15, 15, 15, 15, 15, 15, 15, 15], "a_turds_left": [5, 5, 5, 5, 5, 5, 5, 5, 5, 5, 5, 5, 5, 5, 5, 5, 5, 5, 5, 5, 5, 5, 5, 5, 5, 5, 5, 5, 5, 5, 5, 5, 5, 5, 5, 5, 5, 5, 5, 5, 5, 5, 5, 5, 5, 5, 5, 5, 5, 5, 5, 5, 5, 5, 5, 5, 5, 5, 5, 5, 5, 5, 5, 5, 5, 5, 5, 5, 5, 5, 5, 5, 5, 5, 5, 5, 5, 5, 5, 5], "b_turds_left": [5, 5, 5, 4, 4, 4, 4, 3, 3, 3, 3, 2, 2, 2, 2, 1, 1, 1, 1, 1, 1, 1, 1, 0, 0, 0, 0, 0, 0, 0, 0, 0, 0, 0, 0, 0, 0, 0, 0, 0, 0, 0, 0, 0, 0, 0, 0, 0, 0, 0, 0, 0, 0, 0, 0, 0, 0, 0, 0, 0, 0, 0, 0, 0, 0, 0, 0, 0, 0, 0, 0, 0, 0, 0, 0, 0, 0, 0, 0, 0], "a_time_left": [359.97152670801734, 359.97152670801734, 359.9337514580402, 359.9337514580402, 359.88439670804655, 359.88439670804655, 359.8474499580625, 359.8474499580625, 359.7933459170454, 359.7933459170454, 359.75636125105666, 359.75636125105666, 359.7118269590428, 359.7118269590428, 359.67325233403244, 359.67325233403244, 359.61910991801415, 359.61910991801415, 359.5940698760096, 359.5940698760096, 359.57213554301416, 359.57213554301416, 359.5587878350052, 359.5587878350052, 359.5454866689979, 359.5454866689979, 359.53265387701686, 359.53265387701686, 359.5183323350211, 359.5183323350211, 359.51142562701716, 359.51142562701716, 359.510469085013, 359.510469085013, 359.49928904301487, 359.49928904301487, 359.49256746002357, 359.49256746002357, 359.481109543005, 359.481109543005, 359.47577850098605, 359.47577850098605, 359.4637062929978, 359.4637062929978, 359.4567451259936, 359.4567451259936, 359.4451375429926, 359.4451375429926, 359.44211996000377, 359.44211996000377, 359.43856358499033, 359.43856358499033, 359.4330028349941, 359.4330028349941, 359.41857233500923, 359.41857233500923, 359.4133242930111, 359.4133242930111, 359.40409687600913, 359.40409687600913, 359.39757050099433, 359.39757050099433, 359.386661875993, 359.386661875993, 359.38125629298156, 359.38125629298156, 359.3695499599853, 359.3695499599853, 359.36274791898904, 359.36274791898904, 359.349001709983, 359.349001709983, 359.3455298349727, 359.3455298349727, 359.33370433497475, 359.33370433497475, 359.32949866796844, 359.32949866796844, 359.32756208398496, 359.32756208398496], "b_time_left": [360, 359.9549083329912, 359.9549083329912, 359.91805499998736, 359.91805499998736, 359.8824127089756, 359.8824127089756, 359.84249229196575, 359.84249229196575, 359.7885365419497, 359.7885365419497, 359.7474701249448, 359.7474701249448, 359.6899583749473, 359.6899583749473, 359.63638133296627, 359.63638133296627, 359.5707430829643, 359.5707430829643, 359.529951540957, 359.529951540957, 359.49102004096494, 359.49102004096494, 359.45860462496057, 359.45860462496057, 359.423139624967, 359.423139624967, 359.414256790973, 359.414256790973, 359.384889998968, 359.384889998968, 359.37779224896803, 359.37779224896803, 359.3679684579838, 359.3679684579838, 359.3547207079828, 359.3547207079828, 359.3305692499853, 359.3305692499853, 359.31724145798944, 359.31724145798944, 359.2919915409875, 359.2919915409875, 359.28272249898873, 359.28272249898873, 359.2564097910072, 359.2564097910072, 359.2478382079862, 359.2478382079862, 359.2227337079821, 359.2227337079821, 359.2143874989997, 359.2143874989997, 359.1916719150031, 359.1916719150031, 359.1831708730024, 359.1831708730024, 359.17161020601634, 359.17161020601634, 359.1651877060358, 359.1651877060358, 359.13505441404413, 359.13505441404413, 359.130608039035, 359.130608039035, 359.10542724703555, 359.10542724703555, 359.0988431640435, 359.0988431640435, 359.08307949706796, 359.08307949706796, 359.0755403720832, 359.0755403720832, 359.05925358008244, 359.05925358008244, 359.0519481630763, 359.0519481630763, 359.0415494130866, 359.0415494130866, 359.03873612210737], "a_moves_left": [39, 39, 38, 38, 37, 37, 36, 36, 35, 35, 34, 34, 33, 33, 32, 32, 31, 31, 30, 30, 29, 29, 28, 28, 27, 27, 26, 26, 25, 25, 24, 24, 23, 23, 22, 22, 21, 21, 20, 20, 19, 19, 18, 18, 17, 17, 16, 16, 15, 15, 14, 14, 13, 13, 12, 12, 11, 11, 10, 10, 9, 9, 8, 8, 7, 7, 6, 6, 5, 5, 4, 4, 3, 3, 2, 2, 1, 1, 0, 0], "b_moves_left": [40, 39, 39, 38, 38, 37, 37, 36, 36, 35, 35, 34, 34, 33, 33, 32, 32, 31, 31, 30, 30, 29, 29, 28, 28, 27, 27, 26, 26, 25, 25, 24, 24, 23, 23, 22, 22, 21, 21, 20, 20, 19, 19, 18, 18, 17, 17, 16, 16, 15, 15, 14, 14, 13, 13, 12, 12, 11, 11, 10, 10, 9, 9, 8, 8, 7, 7, 6, 6, 5, 5, 4, 4, 3, 3, 2, 2, 1, 1, 0], "trapdoor_triggered": [0, 0, 0, 0, 0, 0, 0, 0, 0, 0, 0, 0, 0, 0, 0, 0, 0, 0, 0, 0, 0, 0, 0, 0, 0, 0, 0, 0, 0, 0, 0, 0, 0, 0, 0, 0, 0, 0, 0, 0, 0, 0, 0, 0, 0, 0, 0, 0, 0, 0, 0, 0, 0, 0, 0, 1, 0, 0, 0, 0, 0, 0, 0, 0, 0, 0, 0, 0, 0, 0, 0, 0, 0, 0, 0, 0, 0, 0, 0, 0], "left_behind": ["egg", "egg", "plain", "turd", "egg", "egg", "plain", "turd", "egg", "egg", "plain", "turd", "egg", "egg", "plain", "turd", "egg", "egg", "plain", "plain", "egg", "egg", "plain", "turd", "egg", "egg", "plain", "plain", "egg", "egg", "plain", "plain", "plain", "plain", "plain", "plain", "plain", "egg", "plain", "plain", "plain", "egg", "plain", "plain", "plain", "egg", "plain", "plain", "plain", "egg", "plain", "plain", "plain", "egg", "plain", "plain", "plain", "plain", "plain", "plain", "plain", "egg", "plain", "plain", "plain", "egg", "plain", "plain", "plain", "plain", "plain", "plain", "plain", "plain", "plain", "plain", "plain", "plain", "plain", "plain"], "errlog_a": "", "errlog_b": "", "start_time": 360, "start_moves": 40, "turn_count": 80, "result": 1, "reason": "EGGS_LAID", "trapdoors": [[2, 2], [2, 3]], "spawn_a": [0, 6], "spawn_b": [7, 6]}