{"pos": [[0, 1], [7, 1], [0, 0], [7, 0], [1, 0], [7, 1], [2, 0], [6, 1], [3, 0], [5, 1], [3, 1], [5, 2], [2, 1], [6, 2], [1, 1], [6, 3], [1, 2], [6, 4], [1, 3], [6, 5], [1, 4], [6, 6], [2, 4], [7, 6], [1, 4], [6, 6], [1, 5], [6, 7], [1, 6], [6, 6], [2, 6], [5, 6], [3, 6], [4, 6], [3, 5], [4, 5], [3, 4], [4, 4], [3, 3], [7, 2], [3, 2], [7, 3], [4, 2], [7, 4], [4, 3], [7, 5], [5, 3], [7, 6], [4, 3], [7, 5], [4, 4], [7, 6], [4, 3], [7, 5], [4, 2], [7, 6], [4, 3], [7, 5], [4, 2], [7, 6], [4, 3], [7, 5], [4, 2], [7, 6], [4, 3], [7, 5], [4, 2], [7, 6], [4, 3], [7, 5], [4, 2], [7, 6]], "a_eggs_laid": [1, 1, 1, 1, 4, 4, 4, 4, 5, 5, 5, 5, 6, 6, 6, 6, 7, 7, 7, 7, 8, 8, 8, 8, 9, 9, 9, 9, 10, 10, 10, 10, 11, 11, 11, 11, 12, 12, 12, 12, 17, 17, 17, 17, 18, 18, 18, 18, 19, 19, 19, 19, 20, 20, 20, 20, 20, 20, 20, 20, 20, 20, 20, 20, 20, 20, 20, 20, 20, 20, 20, 20], "b_eggs_laid": [0, 1, 1, 1, 1, 4, 4, 4, 4, 5, 5, 5, 5, 6, 6, 6, 6, 7, 7, 7, 7, 8, 8, 8, 8, 9, 9, 9, 9, 10, 10, 10, 10, 11, 11, 11, 11, 12, 12, 12, 12, 12, 12, 12, 12, 13, 13, 13, 13, 13, 13, 13, 13, 13, 13, 13, 13, 13, 13, 13, 13, 13, 13, 13, 13, 13, 13, 13, 13, 13, 13, 13], "a_turds_left": [5, 5, 5, 5, 5, 5, 5, 5, 5, 5, 5, 5, 5, 5, 5, 5, 5, 5, 5, 5, 5, 5, 5, 5, 5, 5, 5, 5, 5, 5, 5, 5, 5, 5, 5, 5, 5, 5, 5, 5, 5, 5, 5, 5, 5, 5, 5, 5, 5, 5, 5, 5, 5, 5, 5, 5, 5, 5, 5, 5, 5, 5, 5, 5, 5, 5, 5, 5, 5, 5, 5, 5], "b_turds_left": [5, 5, 5, 4, 4, 4, 4, 4, 4, 4, 4, 3, 3, 3, 3, 2, 2, 2, 2, 1, 1, 1, 1, 1, 1, 1, 1, 1, 1, 1, 1, 1, 1, 1, 1, 1, 1, 1, 1, 1, 1, 1, 1, 1, 1, 1, 1, 1, 1, 1, 1, 1, 1, 1, 1, 1, 1, 1, 1, 1, 1, 1, 1, 1, 1, 1, 1, 1, 1, 1, 1, 1], "a_time_left": [359.95661804199335, 359.95661804199335, 359.91681916700327, 359.91681916700327, 359.89071841700934, 359.89071841700934, 359.8690723339969, 359.8690723339969, 359.81495408399496, 359.81495408399496, 359.77021766800317, 359.77021766800317, 359.7174977090035, 359.7174977090035, 359.66854420900927, 359.66854420900927, 359.5945378340257, 359.5945378340257, 359.5385340010107, 359.5385340010107, 359.45937520902953, 359.45937520902953, 359.4036483760283, 359.4036483760283, 359.3410507920489, 359.3410507920489, 359.2850099170464, 359.2850099170464, 359.22237866703654, 359.22237866703654, 359.1698880000331, 359.1698880000331, 359.1034275830316, 359.1034275830316, 359.07781125002657, 359.07781125002657, 359.0408707500028, 359.0408707500028, 359.0168689999846, 359.0168689999846, 358.9729307089874, 358.9729307089874, 358.92951708397595, 358.92951708397595, 358.90710375097115, 358.90710375097115, 358.88080433395226, 358.88080433395226, 358.86483908395167, 358.86483908395167, 358.82783945894334, 358.82783945894334, 358.80785387492506, 358.80785387492506, 358.7920585409156, 358.7920585409156, 358.7809599159227, 358.7809599159227, 358.75144108294626, 358.75144108294626, 358.74009862495586, 358.74009862495586, 358.71193937494536, 358.71193937494536, 358.7004320839478, 358.7004320839478, 358.669961958949, 358.669961958949, 358.65860354193137, 358.65860354193137, 358.63486983292387, 358.63486983292387], "b_time_left": [360, 359.9497273330053, 359.9497273330053, 359.89265254102065, 359.89265254102065, 359.85630624901387, 359.85630624901387, 359.84071883300203, 359.84071883300203, 359.7796587490011, 359.7796587490011, 359.7279698319908, 359.7279698319908, 359.6586076229869, 359.6586076229869, 359.6087139559968, 359.6087139559968, 359.54115137297777, 359.54115137297777, 359.4817359139852, 359.4817359139852, 359.41163474699715, 359.41163474699715, 359.36012657999527, 359.36012657999527, 359.3044023299881, 359.3044023299881, 359.26028907997534, 359.26028907997534, 359.20816174699576, 359.20816174699576, 359.16422657997464, 359.16422657997464, 359.1068157469563, 359.1068157469563, 359.0842503309832, 359.0842503309832, 359.03826108100475, 359.03826108100475, 359.0052909560036, 359.0052909560036, 358.97859799698927, 358.97859799698927, 358.94614503797493, 358.94614503797493, 358.8999402879854, 358.8999402879854, 358.8833388289786, 358.8833388289786, 358.86053624597844, 358.86053624597844, 358.83279424597276, 358.83279424597276, 358.8090890789463, 358.8090890789463, 358.7947237039334, 358.7947237039334, 358.76847995395656, 358.76847995395656, 358.75264378695283, 358.75264378695283, 358.7299808289681, 358.7299808289681, 358.7140382869693, 358.7140382869693, 358.6922800789762, 358.6922800789762, 358.67445562098874, 358.67445562098874, 358.6504617879982, 358.6504617879982, 358.6378380380047], "a_moves_left": [39, 39, 38, 38, 37, 37, 36, 36, 35, 35, 34, 34, 33, 33, 32, 32, 31, 31, 30, 30, 29, 29, 28, 28, 27, 27, 26, 26, 25, 25, 24, 24, 23, 23, 22, 22, 21, 21, 20, 20, 19, 19, 18, 18, 17, 17, 16, 16, 15, 15, 14, 14, 13, 13, 12, 12, 11, 11, 10, 10, 9, 9, 8, 8, 7, 7, 6, 6, 5, 5, 4, 4], "b_moves_left": [40, 39, 39, 38, 38, 37, 37, 36, 36, 35, 35, 34, 34, 33, 33, 32, 32, 31, 31, 30, 30, 29, 29, 28, 28, 27, 27, 26, 26, 25, 25, 24, 24, 23, 23, 22, 22, 21, 21, 20, 20, 19, 19, 18, 18, 17, 17, 16, 16, 15, 15, 14, 14, 13, 13, 12, 12, 11, 11, 10, 10, 9, 9, 8, 8, 7, 7, 6, 6, 5, 5, 4], "trapdoor_triggered": [0, 0, 0, 0, 0, 0, 0, 0, 0, 0, 0, 0, 0, 0, 0, 0, 0, 0, 0, 0, 0, 0, 0, 0, 0, 0, 0, 0, 0, 0, 0, 0, 0, 0, 0, 0, 0, 0, 0, 1, 0, 0, 0, 0, 0, 0, 0, 0, 0, 0, 0, 0, 0, 0, 0, 0, 0, 0, 0, 0, 0, 0, 0, 0, 0, 0, 0, 0, 0, 0, 0, 0], "left_behind": ["egg", "egg", "plain", "turd", "egg", "egg", "plain", "plain", "egg", "egg", "plain", "turd", "egg", "egg", "plain", "turd", "egg", "egg", "plain", "turd", "egg", "egg", "plain", "plain", "egg", "egg", "plain", "plain", "egg", "egg", "plain", "plain", "egg", "egg", "plain", "plain", "egg", "egg", "plain", "plain", "egg", "plain", "plain", "plain", "egg", "egg", "plain", "plain", "egg", "plain", "plain", "plain", "egg", "plain", "plain", "plain", "plain", "plain", "plain", "plain", "plain", "plain", "plain", "plain", "plain", "plain", "plain", "plain", "plain", "plain", "plain", "plain"], "errlog_a": "Timeout", "errlog_b": "", "start_time": 360, "start_moves": 40, "turn_count": 72, "result": 1, "reason": "CODE_CRASH", "trapdoors": [[2, 2], [5, 4]], "spawn_a": [0, 2], "spawn_b": [7, 2]}