{"pos": [[7, 2], [0, 2], [7, 1], [0, 1], [7, 2], [1, 1], [6, 2], [2, 1], [6, 1], [3, 1], [6, 0], [4, 1], [6, 1], [4, 2], [5, 1], [3, 2], [5, 0], [2, 2], [4, 0], [1, 2], [5, 0], [1, 3], [6, 0], [1, 4], [7, 0], [1, 5], [7, 1], [1, 6], [7, 0], [2, 6], [7, 1], [3, 6], [7, 0], [4, 6], [7, 1], [4, 5], [7, 0], [4, 6], [7, 1], [5, 6], [7, 0], [6, 6], [7, 1], [6, 5], [7, 0], [6, 4], [7, 1], [6, 3], [7, 0], [6, 4], [7, 1], [7, 4], [7, 0], [6, 4], [7, 1], [5, 4], [7, 0], [5, 3], [7, 1], [5, 2], [7, 0], [5, 3], [7, 1], [4, 3], [7, 0], [3, 3], [7, 1], [2, 3], [7, 0], [3, 3], [7, 1], [3, 4], [7, 0], [3, 3], [7, 1], [3, 2], [7, 0], [3, 1], [7, 1], [3, 0]], "a_eggs_laid": [1, 1, 1, 1, 2, 2, 2, 2, 3, 3, 3, 3, 4, 4, 4, 4, 5, 5, 5, 5, 6, 6, 6, 6, 6, 6, 6, 6, 6, 6, 6, 6, 6, 6, 6, 6, 6, 6, 6, 6, 6, 6, 6, 6, 6, 6, 6, 6, 6, 6, 6, 6, 6, 6, 6, 6, 6, 6, 6, 6, 6, 6, 6, 6, 6, 6, 6, 6, 6, 6, 6, 6, 6, 6, 6, 6, 6, 6, 6, 6], "b_eggs_laid": [0, 1, 1, 1, 1, 2, 2, 2, 2, 3, 3, 3, 3, 4, 4, 4, 4, 5, 5, 5, 5, 6, 6, 6, 6, 7, 7, 7, 7, 8, 8, 8, 8, 9, 9, 9, 9, 10, 10, 10, 10, 11, 11, 11, 11, 12, 12, 12, 12, 13, 13, 13, 13, 14, 14, 14, 14, 15, 15, 15, 15, 16, 16, 16, 16, 17, 17, 17, 17, 18, 18, 18, 18, 19, 19, 19, 19, 19, 19, 19], "a_turds_left": [5, 5, 5, 5, 5, 5, 5, 5, 5, 5, 5, 5, 5, 5, 5, 5, 5, 5, 5, 5, 5, 5, 5, 5, 5, 5, 5, 5, 5, 5, 5, 5, 5, 5, 5, 5, 5, 5, 5, 5, 5, 5, 5, 5, 5, 5, 5, 5, 5, 5, 5, 5, 5, 5, 5, 5, 5, 5, 5, 5, 5, 5, 5, 5, 5, 5, 5, 5, 5, 5, 5, 5, 5, 5, 5, 5, 5, 5, 5, 5], "b_turds_left": [5, 5, 5, 4, 4, 4, 4, 3, 3, 3, 3, 2, 2, 2, 2, 1, 1, 1, 1, 1, 1, 1, 1, 1, 1, 1, 1, 1, 1, 1, 1, 1, 1, 1, 1, 1, 1, 1, 1, 1, 1, 1, 1, 1, 1, 1, 1, 1, 1, 1, 1, 1, 1, 1, 1, 1, 1, 1, 1, 1, 1, 1, 1, 1, 1, 1, 1, 1, 1, 1, 1, 1, 1, 1, 1, 1, 1, 1, 1, 1], "a_time_left": [359.96658870799, 359.96658870799, 359.9389187079796, 359.9389187079796, 359.9068227909738, 359.9068227909738, 359.88879054097924, 359.88879054097924, 359.8469469579868, 359.8469469579868, 359.8221775419952, 359.8221775419952, 359.7985008339747, 359.7985008339747, 359.77552975097205, 359.77552975097205, 359.7563142089639, 359.7563142089639, 359.7439212089521, 359.7439212089521, 359.73528612495284, 359.73528612495284, 359.7238124999567, 359.7238124999567, 359.7162531669601, 359.7162531669601, 359.7064606669592, 359.7064606669592, 359.6937391249521, 359.6937391249521, 359.6851942089561, 359.6851942089561, 359.67761741694994, 359.67761741694994, 359.66919841695926, 359.66919841695926, 359.6613086259749, 359.6613086259749, 359.6532844589674, 359.6532844589674, 359.64565612596925, 359.64565612596925, 359.63719737596693, 359.63719737596693, 359.6294346259674, 359.6294346259674, 359.6210194589803, 359.6210194589803, 359.6165813760017, 359.6165813760017, 359.6078840009868, 359.6078840009868, 359.6023142930062, 359.6023142930062, 359.59355287702056, 359.59355287702056, 359.5859500860097, 359.5859500860097, 359.5774343780067, 359.5774343780067, 359.5729562950146, 359.5729562950146, 359.5642371280119, 359.5642371280119, 359.55668454500847, 359.55668454500847, 359.54745266999817, 359.54745266999817, 359.5398257120105, 359.5398257120105, 359.53068971200264, 359.53068971200264, 359.5230128370167, 359.5230128370167, 359.5125576700084, 359.5125576700084, 359.50791975299944, 359.50791975299944, 359.50627383598476, 359.50627383598476], "b_time_left": [360, 359.9682365419867, 359.9682365419867, 359.94710054199095, 359.94710054199095, 359.92038612498436, 359.92038612498436, 359.8932159169635, 359.8932159169635, 359.8571766249661, 359.8571766249661, 359.8323053329659, 359.8323053329659, 359.794824957964, 359.794824957964, 359.77454745795694, 359.77454745795694, 359.743607582961, 359.743607582961, 359.7346852919727, 359.7346852919727, 359.70492804195965, 359.70492804195965, 359.6928844169597, 359.6928844169597, 359.6659067919827, 359.6659067919827, 359.6485981250007, 359.6485981250007, 359.6222216669994, 359.6222216669994, 359.606032916985, 359.606032916985, 359.58195283295936, 359.58195283295936, 359.56585774896666, 359.56585774896666, 359.5406255409471, 359.5406255409471, 359.52662587494706, 359.52662587494706, 359.5019988329441, 359.5019988329441, 359.4868627079413, 359.4868627079413, 359.46124699994107, 359.46124699994107, 359.4479043749161, 359.4479043749161, 359.43278883292805, 359.43278883292805, 359.42050583293894, 359.42050583293894, 359.40707804093836, 359.40707804093836, 359.39610941594583, 359.39610941594583, 359.37106758294976, 359.37106758294976, 359.358855999948, 359.358855999948, 359.34615724993637, 359.34615724993637, 359.3350441659277, 359.3350441659277, 359.30930133291986, 359.30930133291986, 359.29410729091614, 359.29410729091614, 359.2686384989065, 359.2686384989065, 359.2556575399067, 359.2556575399067, 359.2340426649025, 359.2340426649025, 359.2233284568938, 359.2233284568938, 359.2197503318894, 359.2197503318894, 359.21933012391673], "a_moves_left": [39, 39, 38, 38, 37, 37, 36, 36, 35, 35, 34, 34, 33, 33, 32, 32, 31, 31, 30, 30, 29, 29, 28, 28, 27, 27, 26, 26, 25, 25, 24, 24, 23, 23, 22, 22, 21, 21, 20, 20, 19, 19, 18, 18, 17, 17, 16, 16, 15, 15, 14, 14, 13, 13, 12, 12, 11, 11, 10, 10, 9, 9, 8, 8, 7, 7, 6, 6, 5, 5, 4, 4, 3, 3, 2, 2, 1, 1, 0, 0], "b_moves_left": [40, 39, 39, 38, 38, 37, 37, 36, 36, 35, 35, 34, 34, 33, 33, 32, 32, 31, 31, 30, 30, 29, 29, 28, 28, 27, 27, 26, 26, 25, 25, 24, 24, 23, 23, 22, 22, 21, 21, 20, 20, 19, 19, 18, 18, 17, 17, 16, 16, 15, 15, 14, 14, 13, 13, 12, 12, 11, 11, 10, 10, 9, 9, 8, 8, 7, 7, 6, 6, 5, 5, 4, 4, 3, 3, 2, 2, 1, 1, 0], "trapdoor_triggered": [0, 0, 0, 0, 0, 0, 0, 0, 0, 0, 0, 0, 0, 0, 0, 0, 0, 0, 0, 0, 0, 0, 0, 0, 0, 0, 0, 0, 0, 0, 0, 0, 0, 0, 0, 0, 0, 0, 0, 0, 0, 0, 0, 0, 0, 0, 0, 0, 0, 0, 0, 0, 0, 0, 0, 0, 0, 0, 0, 0, 0, 0, 0, 0, 0, 0, 0, 0, 0, 0, 0, 0, 0, 0, 0, 0, 0, 0, 0, 0], "left_behind": ["egg", "egg", "plain", "turd", "egg", "egg", "plain", "turd", "egg", "egg", "plain", "turd", "egg", "egg", "plain", "turd", "egg", "egg", "plain", "plain", "egg", "egg", "plain", "plain", "plain", "egg", "plain", "plain", "plain", "egg", "plain", "plain", "plain", "egg", "plain", "plain", "plain", "egg", "plain", "plain", "plain", "egg", "plain", "plain", "plain", "egg", "plain", "plain", "plain", "egg", "plain", "plain", "plain", "egg", "plain", "plain", "plain", "egg", "plain", "plain", "plain", "egg", "plain", "plain", "plain", "egg", "plain", "plain", "plain", "egg", "plain", "plain", "plain", "egg", "plain", "plain", "plain", "plain", "plain", "plain"], "errlog_a": "", "errlog_b": "", "start_time": 360, "start_moves": 40, "turn_count": 80, "result": 1, "reason": "EGGS_LAID", "trapdoors": [[4, 4], [2, 5]], "spawn_a": [7, 3], "spawn_b": [0, 3]}