{"pos": [[0, 3], [7, 3], [0, 2], [7, 2], [0, 1], [7, 1], [0, 0], [7, 0], [1, 0], [7, 1], [2, 0], [6, 1], [3, 0], [6, 2], [4, 0], [6, 3], [4, 1], [6, 4], [5, 1], [6, 5], [4, 1], [6, 4], [3, 1], [5, 4], [2, 1], [5, 3], [1, 1], [4, 3], [1, 2], [3, 3], [1, 3], [3, 2], [1, 4], [3, 3], [2, 4], [3, 4], [2, 5], [3, 5], [2, 6], [4, 5], [2, 5], [5, 5], [1, 5], [5, 6], [1, 6], [6, 6], [1, 7], [7, 6], [1, 6], [7, 7], [0, 6], [6, 7], [0, 5], [5, 7], [0, 4], [4, 7], [0, 3], [4, 6], [0, 2], [3, 6], [1, 2], [3, 5], [2, 2], [2, 5], [2, 1], [3, 5], [2, 0], [3, 4], [2, 1], [3, 3], [2, 0], [2, 3], [2, 1], [3, 3], [2, 0], [3, 2], [2, 1], [4, 2], [2, 0], [4, 1]], "a_eggs_laid": [1, 1, 1, 1, 2, 2, 2, 2, 5, 5, 5, 5, 6, 6, 6, 6, 7, 7, 7, 7, 8, 8, 8, 8, 9, 9, 9, 9, 10, 10, 10, 10, 11, 11, 11, 11, 12, 12, 12, 12, 13, 13, 13, 13, 14, 14, 14, 14, 15, 15, 15, 15, 16, 16, 16, 16, 16, 16, 16, 16, 16, 16, 16, 16, 17, 17, 17, 17, 17, 17, 17, 17, 17, 17, 17, 17, 17, 17, 17, 17], "b_eggs_laid": [0, 1, 1, 1, 1, 2, 2, 2, 2, 5, 5, 5, 5, 6, 6, 6, 6, 7, 7, 7, 7, 8, 8, 8, 8, 9, 9, 9, 9, 10, 10, 10, 10, 11, 11, 11, 11, 12, 12, 12, 12, 13, 13, 13, 13, 14, 14, 14, 14, 15, 15, 15, 15, 16, 16, 16, 16, 17, 17, 17, 17, 18, 18, 18, 18, 19, 19, 19, 19, 19, 19, 19, 19, 20, 20, 20, 20, 20, 20, 20], "a_turds_left": [5, 5, 5, 5, 5, 5, 5, 5, 5, 5, 5, 5, 5, 5, 5, 5, 5, 5, 5, 5, 5, 5, 5, 5, 5, 5, 5, 5, 5, 5, 5, 5, 5, 5, 5, 5, 5, 5, 5, 5, 5, 5, 5, 5, 5, 5, 5, 5, 5, 5, 5, 5, 5, 5, 5, 5, 5, 5, 5, 5, 5, 5, 5, 5, 5, 5, 5, 5, 5, 5, 5, 5, 5, 5, 5, 5, 5, 5, 5, 5], "b_turds_left": [5, 5, 5, 4, 4, 4, 4, 3, 3, 3, 3, 3, 3, 3, 3, 2, 2, 2, 2, 1, 1, 1, 1, 1, 1, 1, 1, 1, 1, 1, 1, 1, 1, 1, 1, 1, 1, 1, 1, 1, 1, 1, 1, 1, 1, 1, 1, 1, 1, 1, 1, 1, 1, 1, 1, 1, 1, 1, 1, 1, 1, 1, 1, 1, 1, 1, 1, 1, 1, 1, 1, 1, 1, 1, 1, 1, 1, 1, 1, 0], "a_time_left": [359.9632631250133, 359.9632631250133, 359.9412355000095, 359.9412355000095, 359.91096195799764, 359.91096195799764, 359.89736191599513, 359.89736191599513, 359.8868012080202, 359.8868012080202, 359.8736355410074, 359.8736355410074, 359.84245079100947, 359.84245079100947, 359.8219655410212, 359.8219655410212, 359.7906108320167, 359.7906108320167, 359.76531545701437, 359.76531545701437, 359.7443257490231, 359.7443257490231, 359.727910791029, 359.727910791029, 359.68500704102917, 359.68500704102917, 359.6600399580202, 359.6600399580202, 359.6230136670056, 359.6230136670056, 359.59914662499796, 359.59914662499796, 359.57194629198057, 359.57194629198057, 359.549775374966, 359.549775374966, 359.5351457079523, 359.5351457079523, 359.52604495795094, 359.52604495795094, 359.4907587909547, 359.4907587909547, 359.46798695696634, 359.46798695696634, 359.42695374795585, 359.42695374795585, 359.4059966649511, 359.4059966649511, 359.38450108197867, 359.38450108197867, 359.37251308196574, 359.37251308196574, 359.3541133739636, 359.3541133739636, 359.343746539962, 359.343746539962, 359.337206164957, 359.337206164957, 359.3236079979688, 359.3236079979688, 359.3165167479601, 359.3165167479601, 359.29644908197224, 359.29644908197224, 359.28596041497076, 359.28596041497076, 359.2671637479507, 359.2671637479507, 359.26332328893477, 359.26332328893477, 359.24649728892837, 359.24649728892837, 359.243221580924, 359.243221580924, 359.22710391492, 359.22710391492, 359.2241472489259, 359.2241472489259, 359.2189617069089, 359.2189617069089], "b_time_left": [360, 359.9420305840031, 359.9420305840031, 359.91315158398356, 359.91315158398356, 359.89107420897926, 359.89107420897926, 359.88056633397355, 359.88056633397355, 359.8674062509672, 359.8674062509672, 359.8590358339716, 359.8590358339716, 359.82883533398854, 359.82883533398854, 359.8051372509799, 359.8051372509799, 359.76362379296916, 359.76362379296916, 359.74465120898094, 359.74465120898094, 359.7015559169522, 359.7015559169522, 359.686871666956, 359.686871666956, 359.637886374956, 359.637886374956, 359.6114689169626, 359.6114689169626, 359.5691760419577, 359.5691760419577, 359.5487959579623, 359.5487959579623, 359.5180311239674, 359.5180311239674, 359.5031473739655, 359.5031473739655, 359.47431524895364, 359.47431524895364, 359.4582175819378, 359.4582175819378, 359.4210749149497, 359.4210749149497, 359.39633441492333, 359.39633441492333, 359.35058937291615, 359.35058937291615, 359.33332783094374, 359.33332783094374, 359.30629291394143, 359.30629291394143, 359.29696453895303, 359.29696453895303, 359.2733484139608, 359.2733484139608, 359.26590541395126, 359.26590541395126, 359.2395397059445, 359.2395397059445, 359.2298519559263, 359.2298519559263, 359.2054181229323, 359.2054181229323, 359.18958483194, 359.18958483194, 359.18112124793697, 359.18112124793697, 359.1735262059374, 359.1735262059374, 359.1638953729416, 359.1638953729416, 359.1563379979634, 359.1563379979634, 359.1478521639656, 359.1478521639656, 359.140763288975, 359.140763288975, 359.13754087197594, 359.13754087197594, 359.136770246987], "a_moves_left": [39, 39, 38, 38, 37, 37, 36, 36, 35, 35, 34, 34, 33, 33, 32, 32, 31, 31, 30, 30, 29, 29, 28, 28, 27, 27, 26, 26, 25, 25, 24, 24, 23, 23, 22, 22, 21, 21, 20, 20, 19, 19, 18, 18, 17, 17, 16, 16, 15, 15, 14, 14, 13, 13, 12, 12, 11, 11, 10, 10, 9, 9, 8, 8, 7, 7, 6, 6, 5, 5, 4, 4, 3, 3, 2, 2, 1, 1, 0, 0], "b_moves_left": [40, 39, 39, 38, 38, 37, 37, 36, 36, 35, 35, 34, 34, 33, 33, 32, 32, 31, 31, 30, 30, 29, 29, 28, 28, 27, 27, 26, 26, 25, 25, 24, 24, 23, 23, 22, 22, 21, 21, 20, 20, 19, 19, 18, 18, 17, 17, 16, 16, 15, 15, 14, 14, 13, 13, 12, 12, 11, 11, 10, 10, 9, 9, 8, 8, 7, 7, 6, 6, 5, 5, 4, 4, 3, 3, 2, 2, 1, 1, 0], "trapdoor_triggered": [0, 0, 0, 0, 0, 0, 0, 0, 0, 0, 0, 0, 0, 0, 0, 0, 0, 0, 0, 0, 0, 0, 0, 0, 0, 0, 0, 0, 0, 0, 0, 0, 0, 0, 0, 0, 0, 0, 0, 0, 0, 0, 0, 0, 0, 0, 0, 0, 0, 0, 0, 0, 0, 0, 0, 0, 0, 0, 0, 0, 0, 0, 0, 0, 0, 0, 0, 0, 0, 0, 0, 0, 0, 0, 0, 0, 0, 0, 0, 0], "left_behind": ["egg", "egg", "plain", "turd", "egg", "egg", "plain", "turd", "egg", "egg", "plain", "plain", "egg", "egg", "plain", "turd", "egg", "egg", "plain", "turd", "egg", "egg", "plain", "plain", "egg", "egg", "plain", "plain", "egg", "egg", "plain", "plain", "egg", "egg", "plain", "plain", "egg", "egg", "plain", "plain", "egg", "egg", "plain", "plain", "egg", "egg", "plain", "plain", "egg", "egg", "plain", "plain", "egg", "egg", "plain", "plain", "plain", "egg", "plain", "plain", "plain", "egg", "plain", "plain", "egg", "egg", "plain", "plain", "plain", "plain", "plain", "plain", "plain", "egg", "plain", "plain", "plain", "plain", "plain", "turd"], "errlog_a": "", "errlog_b": "", "start_time": 360, "start_moves": 40, "turn_count": 80, "result": 1, "reason": "EGGS_LAID", "trapdoors": [[4, 4], [5, 2]], "spawn_a": [0, 4], "spawn_b": [7, 4]}