{"pos": [[7, 2], [1, 3], [7, 1], [1, 4], [7, 2], [0, 3], [6, 2], [1, 3], [6, 1], [2, 3], [6, 0], [2, 2], [6, 1], [3, 2], [5, 1], [3, 3], [5, 2], [3, 4], [5, 3], [3, 5], [6, 3], [3, 6], [6, 4], [2, 6], [6, 5], [2, 7], [7, 5], [2, 6], [7, 6], [1, 6], [7, 7], [1, 5], [7, 6], [0, 5], [6, 6], [1, 5], [6, 5], [2, 5], [5, 5], [3, 5], [5, 6], [4, 5], [5, 7], [4, 4], [5, 6], [0, 3], [4, 6], [0, 2], [5, 6], [0, 1], [5, 5], [1, 1], [5, 4], [1, 0], [4, 4], [2, 0], [5, 4], [3, 0], [5, 3], [3, 1], [5, 2], [4, 1], [4, 2], [3, 1], [5, 2], [2, 1], [5, 1], [2, 2], [6, 1], [1, 2], [6, 0], [1, 3], [6, 1], [1, 4], [6, 0], [1, 5], [6, 1], [1, 4], [6, 0], [1, 3]], "a_eggs_laid": [1, 1, 1, 1, 2, 2, 6, 6, 7, 7, 7, 7, 8, 8, 8, 8, 9, 9, 9, 9, 10, 10, 10, 10, 11, 11, 11, 11, 12, 12, 12, 12, 15, 15, 15, 15, 16, 16, 16, 16, 17, 17, 17, 17, 18, 18, 22, 22, 23, 23, 23, 23, 23, 23, 23, 23, 24, 24, 24, 24, 24, 24, 24, 24, 25, 25, 25, 25, 25, 25, 25, 25, 25, 25, 25, 25, 25, 25, 25, 25], "b_eggs_laid": [0, 1, 1, 1, 1, 2, 2, 2, 2, 2, 2, 3, 3, 3, 3, 4, 4, 4, 4, 5, 5, 5, 5, 6, 6, 6, 6, 7, 7, 7, 7, 8, 8, 8, 8, 9, 9, 9, 9, 10, 10, 10, 10, 11, 11, 11, 11, 11, 11, 11, 11, 12, 12, 12, 12, 13, 13, 13, 13, 14, 14, 14, 14, 15, 15, 15, 15, 16, 16, 16, 16, 17, 17, 17, 17, 17, 17, 17, 17, 17], "a_turds_left": [5, 5, 5, 5, 5, 5, 5, 5, 5, 5, 5, 5, 5, 5, 5, 5, 5, 5, 5, 5, 5, 5, 5, 5, 5, 5, 5, 5, 5, 5, 5, 5, 5, 5, 5, 5, 5, 5, 5, 5, 5, 5, 5, 5, 5, 5, 5, 5, 5, 5, 5, 5, 5, 5, 5, 5, 5, 5, 5, 5, 5, 5, 5, 5, 5, 5, 5, 5, 5, 5, 5, 5, 5, 5, 5, 5, 5, 5, 5, 5], "b_turds_left": [5, 5, 5, 4, 4, 4, 4, 4, 4, 4, 4, 4, 4, 3, 3, 3, 3, 2, 2, 2, 2, 1, 1, 1, 1, 1, 1, 1, 1, 1, 1, 1, 1, 1, 1, 1, 1, 1, 1, 1, 1, 1, 1, 1, 1, 1, 1, 1, 1, 1, 1, 1, 1, 1, 1, 1, 1, 1, 1, 1, 1, 1, 1, 1, 1, 1, 1, 1, 1, 1, 1, 1, 1, 1, 1, 1, 1, 0, 0, 0], "a_time_left": [359.93856737500755, 359.93856737500755, 359.85706358400057, 359.85706358400057, 359.8063117089914, 359.8063117089914, 359.79380416698405, 359.79380416698405, 359.7581669999927, 359.7581669999927, 359.7129336250073, 359.7129336250073, 359.66348412499065, 359.66348412499065, 359.62010137501056, 359.62010137501056, 359.53603716602083, 359.53603716602083, 359.48889433202567, 359.48889433202567, 359.4252349160088, 359.4252349160088, 359.38051854103105, 359.38051854103105, 359.32476379105356, 359.32476379105356, 359.2898022910522, 359.2898022910522, 359.2506438740529, 359.2506438740529, 359.22064358205535, 359.22064358205535, 359.19076024903916, 359.19076024903916, 359.16577149904333, 359.16577149904333, 359.106742374046, 359.106742374046, 359.06194158204016, 359.06194158204016, 359.0296410820447, 359.0296410820447, 359.006765415048, 359.006765415048, 358.9618999150698, 358.9618999150698, 358.9485959560843, 358.9485959560843, 358.9255775390775, 358.9255775390775, 358.89661495605833, 358.89661495605833, 358.88099020606023, 358.88099020606023, 358.8512681230495, 358.8512681230495, 358.83750216505723, 358.83750216505723, 358.8075938320544, 358.8075938320544, 358.7894323320361, 358.7894323320361, 358.7664621650183, 358.7664621650183, 358.75157924802625, 358.75157924802625, 358.7137561230047, 358.7137561230047, 358.70245999802137, 358.70245999802137, 358.6663707480184, 358.6663707480184, 358.6585623730207, 358.6585623730207, 358.63904791502864, 358.63904791502864, 358.62701079002, 358.62701079002, 358.621337582008, 358.621337582008], "b_time_left": [360, 359.9584977919876, 359.9584977919876, 359.89503587500076, 359.89503587500076, 359.83851562501513, 359.83851562501513, 359.8085702499957, 359.8085702499957, 359.76300766598433, 359.76300766598433, 359.73897116599255, 359.73897116599255, 359.6377558329841, 359.6377558329841, 359.5927838749776, 359.5927838749776, 359.50726841698634, 359.50726841698634, 359.481541333982, 359.481541333982, 359.3945203339972, 359.3945203339972, 359.3534357510216, 359.3534357510216, 359.27052883501165, 359.27052883501165, 359.24514612701023, 359.24514612701023, 359.18002046001493, 359.18002046001493, 359.15620912701706, 359.15620912701706, 359.096874918032, 359.096874918032, 359.0691000020306, 359.0691000020306, 358.9949596270162, 358.9949596270162, 358.97370766903623, 358.97370766903623, 358.9352692520479, 358.9352692520479, 358.919993543037, 358.919993543037, 358.85882095905254, 358.85882095905254, 358.8473850010487, 358.8473850010487, 358.79615721004666, 358.79615721004666, 358.77706687606405, 358.77706687606405, 358.7003258760669, 358.7003258760669, 358.69231679307995, 358.69231679307995, 358.6383251680818, 358.6383251680818, 358.6169189600914, 358.6169189600914, 358.5510315850843, 358.5510315850843, 358.5451730020868, 358.5451730020868, 358.48199208508595, 358.48199208508595, 358.45350829308154, 358.45350829308154, 358.4192881260824, 358.4192881260824, 358.39929537606076, 358.39929537606076, 358.36470666804234, 358.36470666804234, 358.3488071260508, 358.3488071260508, 358.3158266680548, 358.3158266680548, 358.31523887606454], "a_moves_left": [39, 39, 38, 38, 37, 37, 36, 36, 35, 35, 34, 34, 33, 33, 32, 32, 31, 31, 30, 30, 29, 29, 28, 28, 27, 27, 26, 26, 25, 25, 24, 24, 23, 23, 22, 22, 21, 21, 20, 20, 19, 19, 18, 18, 17, 17, 16, 16, 15, 15, 14, 14, 13, 13, 12, 12, 11, 11, 10, 10, 9, 9, 8, 8, 7, 7, 6, 6, 5, 5, 4, 4, 3, 3, 2, 2, 1, 1, 0, 0], "b_moves_left": [40, 39, 39, 38, 38, 37, 37, 36, 36, 35, 35, 34, 34, 33, 33, 32, 32, 31, 31, 30, 30, 29, 29, 28, 28, 27, 27, 26, 26, 25, 25, 24, 24, 23, 23, 22, 22, 21, 21, 20, 20, 19, 19, 18, 18, 17, 17, 16, 16, 15, 15, 14, 14, 13, 13, 12, 12, 11, 11, 10, 10, 9, 9, 8, 8, 7, 7, 6, 6, 5, 5, 4, 4, 3, 3, 2, 2, 1, 1, 0], "trapdoor_triggered": [0, 0, 0, 0, 0, 1, 0, 0, 0, 0, 0, 0, 0, 0, 0, 0, 0, 0, 0, 0, 0, 0, 0, 0, 0, 0, 0, 0, 0, 0, 0, 0, 0, 0, 0, 0, 0, 0, 0, 0, 0, 0, 0, 0, 0, 1, 0, 0, 0, 0, 0, 0, 0, 0, 0, 0, 0, 0, 0, 0, 0, 0, 0, 0, 0, 0, 0, 0, 0, 0, 0, 0, 0, 0, 0, 0, 0, 0, 0, 0], "left_behind": ["egg", "egg", "plain", "turd", "egg", "egg", "plain", "plain", "egg", "plain", "plain", "egg", "egg", "turd", "plain", "egg", "egg", "turd", "plain", "egg", "egg", "turd", "plain", "egg", "egg", "plain", "plain", "egg", "egg", "plain", "plain", "egg", "egg", "plain", "plain", "egg", "egg", "plain", "plain", "egg", "egg", "plain", "plain", "egg", "egg", "plain", "plain", "plain", "egg", "plain", "plain", "egg", "plain", "plain", "plain", "egg", "egg", "plain", "plain", "egg", "plain", "plain", "plain", "egg", "egg", "plain", "plain", "egg", "plain", "plain", "plain", "egg", "plain", "plain", "plain", "plain", "plain", "turd", "plain", "plain"], "errlog_a": "", "errlog_b": "", "start_time": 360, "start_moves": 40, "turn_count": 80, "result": 0, "reason": "EGGS_LAID", "trapdoors": [[2, 4], [4, 3]], "spawn_a": [7, 3], "spawn_b": [0, 3]}