{"pos": [[0, 5], [7, 5], [0, 4], [7, 4], [0, 3], [7, 3], [0, 2], [7, 2], [0, 1], [7, 1], [0, 0], [7, 0], [1, 0], [7, 1], [2, 0], [6, 1], [3, 0], [5, 1], [3, 1], [5, 2], [2, 1], [6, 2], [1, 1], [6, 3], [1, 2], [6, 4], [1, 3], [6, 5], [1, 4], [6, 6], [1, 5], [6, 7], [1, 6], [6, 6], [2, 6], [5, 6], [2, 5], [5, 7], [2, 4], [4, 7], [2, 3], [4, 6], [2, 2], [3, 6], [2, 3], [3, 5], [3, 3], [3, 4], [3, 2], [4, 4], [4, 2], [4, 5], [3, 2], [4, 4], [3, 1], [5, 4], [2, 1], [5, 3], [2, 0], [7, 6], [2, 1], [7, 5], [2, 0], [7, 4], [2, 1], [7, 3], [2, 0], [7, 2], [2, 1], [7, 1], [2, 0], [7, 2], [2, 1], [7, 1], [2, 0], [7, 2], [2, 1], [7, 1], [2, 0], [7, 0]], "a_eggs_laid": [1, 1, 1, 1, 2, 2, 2, 2, 3, 3, 3, 3, 6, 6, 6, 6, 7, 7, 7, 7, 8, 8, 8, 8, 9, 9, 9, 9, 10, 10, 10, 10, 11, 11, 11, 11, 12, 12, 12, 12, 13, 13, 13, 13, 14, 14, 14, 14, 15, 15, 15, 15, 16, 16, 16, 16, 16, 16, 16, 16, 20, 20, 20, 20, 20, 20, 20, 20, 20, 20, 20, 20, 20, 20, 20, 20, 20, 20, 20, 20], "b_eggs_laid": [0, 1, 1, 1, 1, 2, 2, 2, 2, 3, 3, 3, 3, 6, 6, 6, 6, 7, 7, 7, 7, 8, 8, 8, 8, 9, 9, 9, 9, 10, 10, 10, 10, 11, 11, 11, 11, 12, 12, 12, 12, 13, 13, 13, 13, 14, 14, 14, 14, 15, 15, 15, 15, 16, 16, 16, 16, 17, 17, 17, 17, 17, 17, 17, 17, 17, 17, 17, 17, 17, 17, 17, 17, 17, 17, 17, 17, 17, 17, 17], "a_turds_left": [5, 5, 5, 5, 5, 5, 5, 5, 5, 5, 5, 5, 5, 5, 5, 5, 5, 5, 5, 5, 5, 5, 5, 5, 5, 5, 5, 5, 5, 5, 5, 5, 5, 5, 5, 5, 5, 5, 5, 5, 5, 5, 5, 5, 5, 5, 5, 5, 5, 5, 5, 5, 5, 5, 5, 5, 5, 5, 5, 5, 5, 5, 5, 5, 5, 5, 5, 5, 5, 5, 5, 5, 5, 5, 5, 5, 5, 5, 5, 5], "b_turds_left": [5, 5, 5, 4, 4, 4, 4, 3, 3, 3, 3, 2, 2, 2, 2, 2, 2, 2, 2, 1, 1, 1, 1, 1, 1, 1, 1, 1, 1, 1, 1, 1, 1, 1, 1, 1, 1, 1, 1, 1, 1, 1, 1, 1, 1, 1, 1, 1, 1, 1, 1, 1, 1, 1, 1, 1, 1, 1, 1, 1, 1, 1, 1, 1, 1, 1, 1, 1, 1, 1, 1, 1, 1, 1, 1, 1, 1, 1, 1, 1], "a_time_left": [359.96430212500854, 359.96430212500854, 359.9421289580059, 359.9421289580059, 359.91176195800654, 359.91176195800654, 359.8961574580171, 359.8961574580171, 359.8729266250157, 359.8729266250157, 359.85766387500917, 359.85766387500917, 359.84691191700404, 359.84691191700404, 359.83390729199164, 359.83390729199164, 359.80408570898, 359.80408570898, 359.7857381249778, 359.7857381249778, 359.75527058399166, 359.75527058399166, 359.7312563339947, 359.7312563339947, 359.6956190839992, 359.6956190839992, 359.6710394169786, 359.6710394169786, 359.63435579198995, 359.63435579198995, 359.60656462499173, 359.60656462499173, 359.5787773329939, 359.5787773329939, 359.55623762501637, 359.55623762501637, 359.51937783299945, 359.51937783299945, 359.498835291015, 359.498835291015, 359.46882441599155, 359.46882441599155, 359.4402428329922, 359.4402428329922, 359.40939433299354, 359.40939433299354, 359.39162204100285, 359.39162204100285, 359.37983770799474, 359.37983770799474, 359.3636184579809, 359.3636184579809, 359.3451527500001, 359.3451527500001, 359.3301383750222, 359.3301383750222, 359.32090020901524, 359.32090020901524, 359.30100212601246, 359.30100212601246, 359.29544725100277, 359.29544725100277, 359.2854287090013, 359.2854287090013, 359.2807885420043, 359.2807885420043, 359.2707602090086, 359.2707602090086, 359.265399084019, 359.265399084019, 359.2547094170004, 359.2547094170004, 359.24982429199736, 359.24982429199736, 359.23925612599123, 359.23925612599123, 359.23459245898994, 359.23459245898994, 359.2318247509829, 359.2318247509829], "b_time_left": [360, 359.97281070798635, 359.97281070798635, 359.953969123977, 359.953969123977, 359.9325626239879, 359.9325626239879, 359.9149544989923, 359.9149544989923, 359.8870206660067, 359.8870206660067, 359.8756568740064, 359.8756568740064, 359.862010790006, 359.862010790006, 359.85393987299176, 359.85393987299176, 359.82274041499477, 359.82274041499477, 359.79596903998754, 359.79596903998754, 359.75231253998936, 359.75231253998936, 359.7267372900096, 359.7267372900096, 359.6844107900106, 359.6844107900106, 359.6602123740013, 359.6602123740013, 359.6177858739975, 359.6177858739975, 359.5938903740025, 359.5938903740025, 359.5671393320081, 359.5671393320081, 359.54439454100793, 359.54439454100793, 359.5093279990251, 359.5093279990251, 359.49271245804266, 359.49271245804266, 359.46657766605495, 359.46657766605495, 359.4434089160641, 359.4434089160641, 359.41605812404305, 359.41605812404305, 359.3985313330486, 359.3985313330486, 359.3723220830434, 359.3723220830434, 359.36177129106363, 359.36177129106363, 359.3106924990716, 359.3106924990716, 359.3000661240658, 359.3000661240658, 359.25619370807544, 359.25619370807544, 359.24686850007856, 359.24686850007856, 359.2389105410839, 359.2389105410839, 359.2351584570715, 359.2351584570715, 359.2263533320511, 359.2263533320511, 359.22277249905164, 359.22277249905164, 359.2137266660575, 359.2137266660575, 359.21043270805967, 359.21043270805967, 359.2015384580591, 359.2015384580591, 359.1982054160617, 359.1982054160617, 359.19359695806634, 359.19359695806634, 359.193266041053], "a_moves_left": [39, 39, 38, 38, 37, 37, 36, 36, 35, 35, 34, 34, 33, 33, 32, 32, 31, 31, 30, 30, 29, 29, 28, 28, 27, 27, 26, 26, 25, 25, 24, 24, 23, 23, 22, 22, 21, 21, 20, 20, 19, 19, 18, 18, 17, 17, 16, 16, 15, 15, 14, 14, 13, 13, 12, 12, 11, 11, 10, 10, 9, 9, 8, 8, 7, 7, 6, 6, 5, 5, 4, 4, 3, 3, 2, 2, 1, 1, 0, 0], "b_moves_left": [40, 39, 39, 38, 38, 37, 37, 36, 36, 35, 35, 34, 34, 33, 33, 32, 32, 31, 31, 30, 30, 29, 29, 28, 28, 27, 27, 26, 26, 25, 25, 24, 24, 23, 23, 22, 22, 21, 21, 20, 20, 19, 19, 18, 18, 17, 17, 16, 16, 15, 15, 14, 14, 13, 13, 12, 12, 11, 11, 10, 10, 9, 9, 8, 8, 7, 7, 6, 6, 5, 5, 4, 4, 3, 3, 2, 2, 1, 1, 0], "trapdoor_triggered": [0, 0, 0, 0, 0, 0, 0, 0, 0, 0, 0, 0, 0, 0, 0, 0, 0, 0, 0, 0, 0, 0, 0, 0, 0, 0, 0, 0, 0, 0, 0, 0, 0, 0, 0, 0, 0, 0, 0, 0, 0, 0, 0, 0, 0, 0, 0, 0, 0, 0, 0, 0, 0, 0, 0, 0, 0, 0, 0, 1, 0, 0, 0, 0, 0, 0, 0, 0, 0, 0, 0, 0, 0, 0, 0, 0, 0, 0, 0, 0], "left_behind": ["egg", "egg", "plain", "turd", "egg", "egg", "plain", "turd", "egg", "egg", "plain", "turd", "egg", "egg", "plain", "plain", "egg", "egg", "plain", "turd", "egg", "egg", "plain", "plain", "egg", "egg", "plain", "plain", "egg", "egg", "plain", "plain", "egg", "egg", "plain", "plain", "egg", "egg", "plain", "plain", "egg", "egg", "plain", "plain", "egg", "egg", "plain", "plain", "egg", "egg", "plain", "plain", "egg", "egg", "plain", "plain", "plain", "egg", "plain", "plain", "plain", "plain", "plain", "plain", "plain", "plain", "plain", "plain", "plain", "plain", "plain", "plain", "plain", "plain", "plain", "plain", "plain", "plain", "plain", "plain"], "errlog_a": "", "errlog_b": "", "start_time": 360, "start_moves": 40, "turn_count": 80, "result": 0, "reason": "EGGS_LAID", "trapdoors": [[5, 5], [4, 3]], "spawn_a": [0, 6], "spawn_b": [7, 6]}