{"pos": [[7, 4], [0, 6], [7, 3], [0, 7], [7, 2], [0, 6], [7, 1], [1, 6], [7, 2], [1, 5], [6, 2], [2, 5], [6, 1], [2, 4], [6, 0], [3, 4], [6, 1], [0, 5], [5, 1], [0, 4], [4, 1], [0, 3], [4, 0], [0, 2], [4, 1], [0, 1], [4, 2], [1, 1], [5, 2], [2, 1], [5, 3], [2, 0], [6, 3], [3, 0], [6, 4], [3, 1], [6, 5], [3, 2], [6, 6], [2, 2], [6, 5], [1, 2], [5, 5], [2, 2], [5, 6], [2, 3], [5, 7], [2, 4], [5, 6], [1, 4], [4, 6], [1, 3], [4, 7], [1, 2], [3, 7], [1, 1], [3, 6], [1, 0], [3, 5], [2, 0], [7, 5], [3, 0], [7, 6], [3, 1], [7, 7], [3, 2], [7, 6], [3, 1], [7, 5], [3, 2], [7, 4], [3, 1], [7, 3], [3, 0], [7, 2], [3, 1], [7, 1], [3, 0], [7, 0], [3, 1]], "a_eggs_laid": [1, 1, 1, 1, 2, 2, 2, 2, 3, 3, 3, 3, 4, 4, 4, 4, 5, 5, 9, 9, 10, 10, 10, 10, 11, 11, 11, 11, 12, 12, 12, 12, 13, 13, 13, 13, 14, 14, 14, 14, 15, 15, 15, 15, 16, 16, 16, 16, 17, 17, 17, 17, 18, 18, 18, 18, 19, 19, 19, 19, 20, 20, 20, 20, 20, 20, 23, 23, 23, 23, 23, 23, 23, 23, 23, 23, 23, 23, 23, 23], "b_eggs_laid": [0, 1, 1, 1, 1, 4, 4, 4, 4, 5, 5, 5, 5, 6, 6, 6, 6, 7, 7, 7, 7, 7, 7, 8, 8, 8, 8, 9, 9, 9, 9, 10, 10, 10, 10, 11, 11, 11, 11, 12, 12, 12, 12, 13, 13, 13, 13, 14, 14, 14, 14, 15, 15, 15, 15, 15, 15, 15, 15, 16, 16, 20, 20, 20, 20, 20, 20, 20, 20, 20, 20, 20, 20, 20, 20, 20, 20, 20, 20, 20], "a_turds_left": [5, 5, 5, 5, 5, 5, 5, 5, 5, 5, 5, 5, 5, 5, 5, 5, 5, 5, 5, 5, 5, 5, 5, 5, 5, 5, 5, 5, 5, 5, 5, 5, 5, 5, 5, 5, 5, 5, 5, 5, 5, 5, 5, 5, 5, 5, 5, 5, 5, 5, 5, 5, 5, 5, 5, 5, 5, 5, 5, 5, 5, 5, 5, 5, 5, 5, 5, 5, 5, 5, 5, 5, 5, 5, 5, 5, 5, 5, 5, 5], "b_turds_left": [5, 5, 5, 5, 5, 5, 5, 5, 5, 5, 5, 4, 4, 4, 4, 3, 3, 3, 3, 3, 3, 3, 3, 3, 3, 3, 3, 3, 3, 3, 3, 3, 3, 3, 3, 3, 3, 2, 2, 2, 2, 1, 1, 1, 1, 1, 1, 1, 1, 1, 1, 1, 1, 1, 1, 1, 1, 1, 1, 1, 1, 1, 1, 1, 1, 1, 1, 1, 1, 1, 1, 1, 1, 1, 1, 1, 1, 1, 1, 1], "a_time_left": [359.94881733399234, 359.94881733399234, 359.92049458398833, 359.92049458398833, 359.8929899169889, 359.8929899169889, 359.8657381249941, 359.8657381249941, 359.81727158400463, 359.81727158400463, 359.7886568759859, 359.7886568759859, 359.7211073760118, 359.7211073760118, 359.67722104201675, 359.67722104201675, 359.63020358403446, 359.63020358403446, 359.6133297930355, 359.6133297930355, 359.5566187930526, 359.5566187930526, 359.5118046680582, 359.5118046680582, 359.4725162930554, 359.4725162930554, 359.43155016805395, 359.43155016805395, 359.3491684180335, 359.3491684180335, 359.3008459180419, 359.3008459180419, 359.2388354600407, 359.2388354600407, 359.21222575203865, 359.21222575203865, 359.13731312705204, 359.13731312705204, 359.0918700020411, 359.0918700020411, 359.0217240440543, 359.0217240440543, 358.9236098770634, 358.9236098770634, 358.8573433770507, 358.8573433770507, 358.79858287703246, 358.79858287703246, 358.76139833501657, 358.76139833501657, 358.72027116903337, 358.72027116903337, 358.6597031270503, 358.6597031270503, 358.6458462100418, 358.6458462100418, 358.6126141270506, 358.6126141270506, 358.5805548360513, 358.5805548360513, 358.5536490440427, 358.5536490440427, 358.54669621103676, 358.54669621103676, 358.5291282940598, 358.5291282940598, 358.51300912708393, 358.51300912708393, 358.4981356271019, 358.4981356271019, 358.4894343770866, 358.4894343770866, 358.47332046108204, 358.47332046108204, 358.46633246107376, 358.46633246107376, 358.4504381280858, 358.4504381280858, 358.44899029508815, 358.44899029508815], "b_time_left": [360, 355.97314249997726, 355.97314249997726, 351.20249870899715, 351.20249870899715, 348.8077952929889, 348.8077952929889, 345.6530362509948, 345.6530362509948, 339.9873322509811, 339.9873322509811, 334.8934405009786, 334.8934405009786, 330.3880800009647, 330.3880800009647, 323.81103808397893, 323.81103808397893, 315.8106952509843, 315.8106952509843, 313.56638075097, 313.56638075097, 309.7643936679524, 309.7643936679524, 307.3198850019544, 307.3198850019544, 301.2882710019476, 301.2882710019476, 298.16771529393736, 298.16771529393736, 290.4713511269365, 290.4713511269365, 284.9502137929376, 284.9502137929376, 279.45467166794697, 279.45467166794697, 276.11454179295106, 276.11454179295106, 268.11400241797674, 268.11400241797674, 266.28446750197327, 266.28446750197327, 258.2841402099875, 258.2841402099875, 252.6542965020053, 252.6542965020053, 247.12514054300846, 247.12514054300846, 244.78552766802022, 244.78552766802022, 240.02592950200778, 240.02592950200778, 236.95828646002337, 236.95828646002337, 232.25935837600264, 232.25935837600264, 231.0359697510139, 231.0359697510139, 228.83846075102338, 228.83846075102338, 227.46533862603246, 227.46533862603246, 226.1053032510099, 226.1053032510099, 225.3747854590183, 225.3747854590183, 224.57795016802265, 224.57795016802265, 223.23649575104355, 223.23649575104355, 221.89906716704718, 221.89906716704718, 220.406121542037, 220.406121542037, 219.74317791702924, 219.74317791702924, 219.65830387501046, 219.65830387501046, 219.64256858301815, 219.64256858301815, 219.64186141602113], "a_moves_left": [39, 39, 38, 38, 37, 37, 36, 36, 35, 35, 34, 34, 33, 33, 32, 32, 31, 31, 30, 30, 29, 29, 28, 28, 27, 27, 26, 26, 25, 25, 24, 24, 23, 23, 22, 22, 21, 21, 20, 20, 19, 19, 18, 18, 17, 17, 16, 16, 15, 15, 14, 14, 13, 13, 12, 12, 11, 11, 10, 10, 9, 9, 8, 8, 7, 7, 6, 6, 5, 5, 4, 4, 3, 3, 2, 2, 1, 1, 0, 0], "b_moves_left": [40, 39, 39, 38, 38, 37, 37, 36, 36, 35, 35, 34, 34, 33, 33, 32, 32, 31, 31, 30, 30, 29, 29, 28, 28, 27, 27, 26, 26, 25, 25, 24, 24, 23, 23, 22, 22, 21, 21, 20, 20, 19, 19, 18, 18, 17, 17, 16, 16, 15, 15, 14, 14, 13, 13, 12, 12, 11, 11, 10, 10, 9, 9, 8, 8, 7, 7, 6, 6, 5, 5, 4, 4, 3, 3, 2, 2, 1, 1, 0], "trapdoor_triggered": [0, 0, 0, 0, 0, 0, 0, 0, 0, 0, 0, 0, 0, 0, 0, 0, 0, 1, 0, 0, 0, 0, 0, 0, 0, 0, 0, 0, 0, 0, 0, 0, 0, 0, 0, 0, 0, 0, 0, 0, 0, 0, 0, 0, 0, 0, 0, 0, 0, 0, 0, 0, 0, 0, 0, 0, 0, 0, 0, 0, 1, 0, 0, 0, 0, 0, 0, 0, 0, 0, 0, 0, 0, 0, 0, 0, 0, 0, 0, 0], "left_behind": ["egg", "egg", "plain", "plain", "egg", "egg", "plain", "plain", "egg", "egg", "plain", "turd", "egg", "egg", "plain", "turd", "egg", "egg", "plain", "plain", "egg", "plain", "plain", "egg", "egg", "plain", "plain", "egg", "egg", "plain", "plain", "egg", "egg", "plain", "plain", "egg", "egg", "turd", "plain", "egg", "egg", "turd", "plain", "egg", "egg", "plain", "plain", "egg", "egg", "plain", "plain", "egg", "egg", "plain", "plain", "plain", "egg", "plain", "plain", "egg", "egg", "plain", "plain", "plain", "plain", "plain", "egg", "plain", "plain", "plain", "plain", "plain", "plain", "plain", "plain", "plain", "plain", "plain", "plain", "plain"], "errlog_a": "", "errlog_b": "", "start_time": 360, "start_moves": 40, "turn_count": 80, "result": 0, "reason": "EGGS_LAID", "trapdoors": [[3, 3], [4, 5]], "spawn_a": [7, 5], "spawn_b": [0, 5]}