{"pos": [[0, 3], [7, 3], [0, 2], [7, 2]], "a_eggs_laid": [0, 0, 0, 0], "b_eggs_laid": [0, 1, 1, 1], "a_turds_left": [5, 5, 5, 5], "b_turds_left": [5, 5, 5, 5], "a_time_left": [352.0497915839951, 352.0497915839951, 344.0995651669946, 344.0995651669946], "b_time_left": [360, 359.9996828750009, 359.9996828750009, 359.99873891699826], "a_moves_left": [39, 39, 38, 38], "b_moves_left": [40, 39, 39, 38], "trapdoor_triggered": [0, 0, 0, 0], "left_behind": ["plain", "egg", "plain", "plain"], "errlog_a": "Timeout", "errlog_b": "", "start_time": 360, "start_moves": 40, "turn_count": 4, "result": 1, "reason": "CODE_CRASH", "trapdoors": [[4, 4], [4, 3]], "spawn_a": [0, 4], "spawn_b": [7, 4]}