{"pos": [[0, 5], [7, 5], [0, 4], [7, 4], [0, 3], [7, 3], [0, 2], [7, 2], [0, 1], [7, 1], [0, 0], [7, 0], [1, 0], [7, 1], [2, 0], [6, 1], [3, 0], [6, 0], [4, 0], [5, 0], [4, 1], [6, 0], [5, 1], [5, 0], [4, 1], [6, 0], [3, 1], [6, 1], [2, 1], [6, 2], [1, 1], [6, 3], [1, 2], [6, 2], [1, 3], [6, 3], [1, 4], [6, 4], [2, 4], [6, 5], [3, 4], [6, 4], [4, 4], [6, 5], [4, 3], [6, 6], [5, 3], [5, 6], [4, 3], [6, 6], [3, 3], [5, 6], [3, 4], [4, 6], [3, 5], [3, 6], [2, 5], [4, 6], [2, 6], [3, 6], [2, 5], [3, 7], [1, 5], [2, 7], [1, 4], [3, 7], [1, 3], [2, 7], [1, 2], [1, 7], [2, 2], [0, 7], [2, 1], [1, 7], [2, 0], [2, 7], [3, 0], [3, 7], [4, 0], [4, 7]], "a_eggs_laid": [1, 1, 1, 1, 2, 2, 2, 2, 3, 3, 3, 3, 6, 6, 6, 6, 7, 7, 7, 7, 8, 8, 8, 8, 9, 9, 9, 9, 10, 10, 10, 10, 11, 11, 11, 11, 12, 12, 12, 12, 13, 13, 13, 13, 14, 14, 14, 14, 15, 15, 15, 15, 16, 16, 16, 16, 17, 17, 17, 17, 18, 18, 18, 18, 19, 19, 19, 19, 19, 19, 19, 19, 20, 20, 20, 20, 20, 20, 20, 20], "b_eggs_laid": [0, 1, 1, 1, 1, 2, 2, 2, 2, 3, 3, 3, 3, 6, 6, 6, 6, 7, 7, 7, 7, 8, 8, 8, 8, 8, 8, 8, 8, 8, 8, 8, 8, 9, 9, 9, 9, 9, 9, 9, 9, 10, 10, 10, 10, 10, 10, 10, 10, 11, 11, 11, 11, 11, 11, 11, 11, 12, 12, 12, 12, 12, 12, 12, 12, 13, 13, 13, 13, 13, 13, 13, 13, 16, 16, 16, 16, 16, 16, 16], "a_turds_left": [5, 5, 5, 5, 5, 5, 5, 5, 5, 5, 5, 5, 5, 5, 5, 5, 5, 5, 5, 5, 5, 5, 5, 5, 5, 5, 5, 5, 5, 5, 5, 5, 5, 5, 5, 5, 5, 5, 5, 5, 5, 5, 5, 5, 5, 5, 5, 5, 5, 5, 5, 5, 5, 5, 5, 5, 5, 5, 5, 5, 5, 5, 5, 5, 5, 5, 5, 5, 5, 5, 5, 5, 5, 5, 5, 5, 5, 5, 5, 5], "b_turds_left": [5, 5, 5, 5, 5, 5, 5, 5, 5, 5, 5, 5, 5, 5, 5, 5, 5, 5, 5, 5, 5, 5, 5, 5, 5, 5, 5, 5, 5, 5, 5, 5, 5, 5, 5, 5, 5, 5, 5, 5, 5, 5, 5, 5, 5, 5, 5, 5, 5, 5, 5, 5, 5, 5, 5, 5, 5, 5, 5, 5, 5, 5, 5, 5, 5, 5, 5, 5, 5, 5, 5, 5, 5, 5, 5, 5, 5, 5, 5, 5], "a_time_left": [359.9599764159939, 359.9599764159939, 359.94092795699544, 359.94092795699544, 359.89920429099584, 359.89920429099584, 359.8831729159865, 359.8831729159865, 359.8600638739881, 359.8600638739881, 359.8463149149902, 359.8463149149902, 359.83709795598406, 359.83709795598406, 359.82014087299467, 359.82014087299467, 359.7905579149956, 359.7905579149956, 359.7732648730016, 359.7732648730016, 359.76434428899665, 359.76434428899665, 359.7450393719919, 359.7450393719919, 359.7411303719855, 359.7411303719855, 359.72298437198333, 359.72298437198333, 359.70253324699297, 359.70253324699297, 359.6776490799966, 359.6776490799966, 359.60627699700126, 359.60627699700126, 359.57659808101016, 359.57659808101016, 359.55697637301637, 359.55697637301637, 359.5320270810189, 359.5320270810189, 359.4948718730302, 359.4948718730302, 359.46803799804184, 359.46803799804184, 359.4480308310449, 359.4480308310449, 359.416466247043, 359.416466247043, 359.38845191404107, 359.38845191404107, 359.3646587890398, 359.3646587890398, 359.3431279970391, 359.3431279970391, 359.3220868720382, 359.3220868720382, 359.306113956045, 359.306113956045, 359.2848508310417, 359.2848508310417, 359.27767333104566, 359.27767333104566, 359.2612968730391, 359.2612968730391, 359.24037437303923, 359.24037437303923, 359.2247472480376, 359.2247472480376, 359.2198354560387, 359.2198354560387, 359.2060245400353, 359.2060245400353, 359.19209441503335, 359.19209441503335, 359.17914949903206, 359.17914949903206, 359.17616187402746, 359.17616187402746, 359.17305245701573, 359.17305245701573], "b_time_left": [360, 359.99965254099516, 359.99965254099516, 359.99786916600715, 359.99786916600715, 359.9975613330025, 359.9975613330025, 359.99688470800174, 359.99688470800174, 359.9967743330053, 359.9967743330053, 359.995961624998, 359.995961624998, 359.99586429199553, 359.99586429199553, 359.9952175840008, 359.9952175840008, 359.99508233398956, 359.99508233398956, 359.99444450098963, 359.99444450098963, 359.99433350098843, 359.99433350098843, 359.9937154169893, 359.9937154169893, 359.9931554169889, 359.9931554169889, 359.9925457079953, 359.9925457079953, 359.9919451669848, 359.9919451669848, 359.9913560829882, 359.9913560829882, 359.99120966598275, 359.99120966598275, 359.9906006659876, 359.9906006659876, 359.99006066599395, 359.99006066599395, 359.98950983199757, 359.98950983199757, 359.9893984569935, 359.9893984569935, 359.9888683320023, 359.9888683320023, 359.9883907070034, 359.9883907070034, 359.9878784570028, 359.9878784570028, 359.9877674150048, 359.9877674150048, 359.98725033200753, 359.98725033200753, 359.9867891239992, 359.9867891239992, 359.9863191239856, 359.9863191239856, 359.986198707993, 359.986198707993, 359.98574720798933, 359.98574720798933, 359.98534866598493, 359.98534866598493, 359.98492024998995, 359.98492024998995, 359.9847754589864, 359.9847754589864, 359.9843189589883, 359.9843189589883, 359.9838924179785, 359.9838924179785, 359.9833556259837, 359.9833556259837, 359.98326141799043, 359.98326141799043, 359.9828617930034, 359.9828617930034, 359.9825097520079, 359.9825097520079, 359.98213008602033], "a_moves_left": [39, 39, 38, 38, 37, 37, 36, 36, 35, 35, 34, 34, 33, 33, 32, 32, 31, 31, 30, 30, 29, 29, 28, 28, 27, 27, 26, 26, 25, 25, 24, 24, 23, 23, 22, 22, 21, 21, 20, 20, 19, 19, 18, 18, 17, 17, 16, 16, 15, 15, 14, 14, 13, 13, 12, 12, 11, 11, 10, 10, 9, 9, 8, 8, 7, 7, 6, 6, 5, 5, 4, 4, 3, 3, 2, 2, 1, 1, 0, 0], "b_moves_left": [40, 39, 39, 38, 38, 37, 37, 36, 36, 35, 35, 34, 34, 33, 33, 32, 32, 31, 31, 30, 30, 29, 29, 28, 28, 27, 27, 26, 26, 25, 25, 24, 24, 23, 23, 22, 22, 21, 21, 20, 20, 19, 19, 18, 18, 17, 17, 16, 16, 15, 15, 14, 14, 13, 13, 12, 12, 11, 11, 10, 10, 9, 9, 8, 8, 7, 7, 6, 6, 5, 5, 4, 4, 3, 3, 2, 2, 1, 1, 0], "trapdoor_triggered": [0, 0, 0, 0, 0, 0, 0, 0, 0, 0, 0, 0, 0, 0, 0, 0, 0, 0, 0, 0, 0, 0, 0, 0, 0, 0, 0, 0, 0, 0, 0, 0, 0, 0, 0, 0, 0, 0, 0, 0, 0, 0, 0, 0, 0, 0, 0, 0, 0, 0, 0, 0, 0, 0, 0, 0, 0, 0, 0, 0, 0, 0, 0, 0, 0, 0, 0, 0, 0, 0, 0, 0, 0, 0, 0, 0, 0, 0, 0, 0], "left_behind": ["egg", "egg", "plain", "plain", "egg", "egg", "plain", "plain", "egg", "egg", "plain", "plain", "egg", "egg", "plain", "plain", "egg", "egg", "plain", "plain", "egg", "egg", "plain", "plain", "egg", "plain", "plain", "plain", "egg", "plain", "plain", "plain", "egg", "egg", "plain", "plain", "egg", "plain", "plain", "plain", "egg", "egg", "plain", "plain", "egg", "plain", "plain", "plain", "egg", "egg", "plain", "plain", "egg", "plain", "plain", "plain", "egg", "egg", "plain", "plain", "egg", "plain", "plain", "plain", "egg", "egg", "plain", "plain", "plain", "plain", "plain", "plain", "egg", "egg", "plain", "plain", "plain", "plain", "plain", "plain"], "errlog_a": "", "errlog_b": "", "start_time": 360, "start_moves": 40, "turn_count": 80, "result": 0, "reason": "EGGS_LAID", "trapdoors": [[4, 2], [2, 3]], "spawn_a": [0, 6], "spawn_b": [7, 6]}