{"pos": [[7, 2], [1, 3], [7, 1], [2, 3], [7, 2], [2, 4], [6, 2], [3, 4], [6, 1], [3, 5], [6, 0], [4, 5], [6, 1], [4, 4], [5, 1], [4, 3], [4, 1], [4, 2], [3, 1], [5, 2], [2, 1], [5, 3], [2, 0], [0, 3], [2, 1], [1, 3], [1, 1], [1, 4], [1, 0], [1, 5], [0, 0], [1, 6], [0, 1], [2, 6], [0, 2], [2, 7], [0, 1], [2, 6], [1, 1], [3, 6], [1, 0], [4, 6], [2, 0], [5, 6], [3, 0], [5, 5], [4, 0], [6, 5], [5, 0], [7, 5], [6, 0], [7, 4], [7, 0], [7, 5], [7, 1], [7, 6], [7, 0], [7, 7], [7, 1], [6, 7], [7, 0], [5, 7], [7, 1], [4, 7], [7, 0], [4, 6], [7, 1], [3, 6], [7, 0], [3, 5], [7, 1], [2, 5], [7, 0], [1, 5], [7, 1], [0, 5], [7, 0], [0, 4], [7, 1], [0, 3]], "a_eggs_laid": [1, 1, 1, 1, 2, 2, 2, 2, 3, 3, 3, 3, 4, 4, 4, 4, 5, 5, 5, 5, 6, 6, 6, 6, 11, 11, 11, 11, 12, 12, 12, 12, 15, 15, 15, 15, 16, 16, 16, 16, 16, 16, 16, 16, 16, 16, 16, 16, 17, 17, 17, 17, 17, 17, 17, 17, 17, 17, 17, 17, 17, 17, 17, 17, 17, 17, 17, 17, 17, 17, 17, 17, 17, 17, 17, 17, 17, 17, 17, 17], "b_eggs_laid": [0, 1, 1, 1, 1, 2, 2, 2, 2, 3, 3, 3, 3, 4, 4, 4, 4, 5, 5, 5, 5, 6, 6, 6, 6, 6, 6, 6, 6, 7, 7, 7, 7, 8, 8, 8, 8, 9, 9, 9, 9, 10, 10, 10, 10, 11, 11, 11, 11, 12, 12, 12, 12, 13, 13, 13, 13, 14, 14, 14, 14, 15, 15, 15, 15, 16, 16, 16, 16, 16, 16, 16, 16, 17, 17, 17, 17, 18, 18, 18], "a_turds_left": [5, 5, 5, 5, 5, 5, 5, 5, 5, 5, 5, 5, 5, 5, 5, 5, 5, 5, 5, 5, 5, 5, 5, 5, 5, 5, 5, 5, 5, 5, 5, 5, 5, 5, 5, 5, 5, 5, 5, 5, 5, 5, 5, 5, 5, 5, 5, 5, 5, 5, 5, 5, 5, 5, 5, 5, 5, 5, 5, 5, 5, 5, 5, 5, 5, 5, 5, 5, 5, 5, 5, 5, 5, 5, 5, 5, 5, 5, 5, 5], "b_turds_left": [5, 5, 5, 5, 5, 5, 5, 4, 4, 4, 4, 3, 3, 3, 3, 2, 2, 2, 2, 1, 1, 1, 1, 1, 1, 1, 1, 1, 1, 1, 1, 1, 1, 1, 1, 1, 1, 1, 1, 1, 1, 1, 1, 1, 1, 1, 1, 1, 1, 1, 1, 1, 1, 1, 1, 1, 1, 1, 1, 1, 1, 1, 1, 1, 1, 1, 1, 1, 1, 1, 1, 1, 1, 1, 1, 1, 1, 1, 1, 0], "a_time_left": [359.9543530420051, 359.9543530420051, 359.9189039579942, 359.9189039579942, 359.8713549989916, 359.8713549989916, 359.84089208199293, 359.84089208199293, 359.77402887298376, 359.77402887298376, 359.731852455996, 359.731852455996, 359.68509858098696, 359.68509858098696, 359.64795624796534, 359.64795624796534, 359.5807094559714, 359.5807094559714, 359.5664857059601, 359.5664857059601, 359.54461170596187, 359.54461170596187, 359.50664762195083, 359.50664762195083, 359.48073182994267, 359.48073182994267, 359.44816237094346, 359.44816237094346, 359.38779249595245, 359.38779249595245, 359.3622921629576, 359.3622921629576, 359.333789495955, 359.333789495955, 359.31215995395905, 359.31215995395905, 359.2894229119411, 359.2894229119411, 359.26921686995775, 359.26921686995775, 359.2466529539379, 359.2466529539379, 359.2242619119352, 359.2242619119352, 359.2089591619151, 359.2089591619151, 359.18665766192134, 359.18665766192134, 359.15793878692784, 359.15793878692784, 359.1421844959259, 359.1421844959259, 359.1325202459411, 359.1325202459411, 359.1207329129393, 359.1207329129393, 359.108553954924, 359.108553954924, 359.09996816291823, 359.09996816291823, 359.0895235799253, 359.0895235799253, 359.07681457992294, 359.07681457992294, 359.06623712193687, 359.06623712193687, 359.04783262195997, 359.04783262195997, 359.0376727889816, 359.0376727889816, 359.02656895597465, 359.02656895597465, 359.0110047889757, 359.0110047889757, 358.99386599697755, 358.99386599697755, 358.9816302059626, 358.9816302059626, 358.9779164559732, 358.9779164559732], "b_time_left": [360, 359.95374566700775, 359.95374566700775, 359.90010145900305, 359.90010145900305, 359.8356472919986, 359.8356472919986, 359.770938792004, 359.770938792004, 359.70654479198856, 359.70654479198856, 359.65950750000775, 359.65950750000775, 359.5918706250086, 359.5918706250086, 359.526224790985, 359.526224790985, 359.4844437490101, 359.4844437490101, 359.44704262400046, 359.44704262400046, 359.4207156659977, 359.4207156659977, 359.37980408300064, 359.37980408300064, 359.3385939160071, 359.3385939160071, 359.29718420800054, 359.29718420800054, 359.2426775000058, 359.2426775000058, 359.21621774998493, 359.21621774998493, 359.1540363339882, 359.1540363339882, 359.1230879589857, 359.1230879589857, 359.07980658399174, 359.07980658399174, 359.0324357089994, 359.0324357089994, 358.97716770900297, 358.97716770900297, 358.9407101259858, 358.9407101259858, 358.89733333399636, 358.89733333399636, 358.87885262497, 358.87885262497, 358.82980166596826, 358.82980166596826, 358.8064694159839, 358.8064694159839, 358.7882026239822, 358.7882026239822, 358.7653247489943, 358.7653247489943, 358.73911599899293, 358.73911599899293, 358.72263662400655, 358.72263662400655, 358.6948242909857, 358.6948242909857, 358.6685422069859, 358.6685422069859, 358.6426919569785, 358.6426919569785, 358.6053334149765, 358.6053334149765, 358.56966312398436, 358.56966312398436, 358.5486729989643, 358.5486729989643, 358.51483978997567, 358.51483978997567, 358.4762003729702, 358.4762003729702, 358.46884312297334, 358.46884312297334, 358.4677431229793], "a_moves_left": [39, 39, 38, 38, 37, 37, 36, 36, 35, 35, 34, 34, 33, 33, 32, 32, 31, 31, 30, 30, 29, 29, 28, 28, 27, 27, 26, 26, 25, 25, 24, 24, 23, 23, 22, 22, 21, 21, 20, 20, 19, 19, 18, 18, 17, 17, 16, 16, 15, 15, 14, 14, 13, 13, 12, 12, 11, 11, 10, 10, 9, 9, 8, 8, 7, 7, 6, 6, 5, 5, 4, 4, 3, 3, 2, 2, 1, 1, 0, 0], "b_moves_left": [40, 39, 39, 38, 38, 37, 37, 36, 36, 35, 35, 34, 34, 33, 33, 32, 32, 31, 31, 30, 30, 29, 29, 28, 28, 27, 27, 26, 26, 25, 25, 24, 24, 23, 23, 22, 22, 21, 21, 20, 20, 19, 19, 18, 18, 17, 17, 16, 16, 15, 15, 14, 14, 13, 13, 12, 12, 11, 11, 10, 10, 9, 9, 8, 8, 7, 7, 6, 6, 5, 5, 4, 4, 3, 3, 2, 2, 1, 1, 0], "trapdoor_triggered": [0, 0, 0, 0, 0, 0, 0, 0, 0, 0, 0, 0, 0, 0, 0, 0, 0, 0, 0, 0, 0, 0, 0, 1, 0, 0, 0, 0, 0, 0, 0, 0, 0, 0, 0, 0, 0, 0, 0, 0, 0, 0, 0, 0, 0, 0, 0, 0, 0, 0, 0, 0, 0, 0, 0, 0, 0, 0, 0, 0, 0, 0, 0, 0, 0, 0, 0, 0, 0, 0, 0, 0, 0, 0, 0, 0, 0, 0, 0, 0], "left_behind": ["egg", "egg", "plain", "plain", "egg", "egg", "plain", "turd", "egg", "egg", "plain", "turd", "egg", "egg", "plain", "turd", "egg", "egg", "plain", "turd", "egg", "egg", "plain", "plain", "egg", "plain", "plain", "plain", "egg", "egg", "plain", "plain", "egg", "egg", "plain", "plain", "egg", "egg", "plain", "plain", "plain", "egg", "plain", "plain", "plain", "egg", "plain", "plain", "egg", "egg", "plain", "plain", "plain", "egg", "plain", "plain", "plain", "egg", "plain", "plain", "plain", "egg", "plain", "plain", "plain", "egg", "plain", "plain", "plain", "plain", "plain", "plain", "plain", "egg", "plain", "plain", "plain", "egg", "plain", "turd"], "errlog_a": "", "errlog_b": "", "start_time": 360, "start_moves": 40, "turn_count": 80, "result": 1, "reason": "EGGS_LAID", "trapdoors": [[2, 2], [5, 4]], "spawn_a": [7, 3], "spawn_b": [0, 3]}