{"pos": [[0, 1], [7, 3], [0, 0], [6, 3], [1, 0], [6, 4], [2, 0], [7, 4], [3, 0], [6, 4], [4, 0], [6, 5], [5, 0], [5, 5], [6, 0], [5, 6], [6, 1], [4, 6], [7, 1], [3, 6], [6, 1], [2, 6], [6, 2], [1, 6], [6, 1], [1, 5], [5, 1], [1, 4], [4, 1], [1, 3], [3, 1], [0, 3], [2, 1], [1, 3], [2, 2], [1, 2], [3, 2], [1, 3], [0, 2], [2, 3], [0, 1], [2, 4], [1, 1], [2, 5], [2, 1], [3, 5], [2, 0], [4, 5], [3, 0], [4, 4], [4, 0], [4, 3], [5, 0], [5, 3], [6, 0], [5, 4], [6, 1], [4, 4], [6, 0], [4, 5], [6, 1], [4, 6], [6, 0], [4, 7], [6, 1], [3, 7], [6, 0], [2, 7], [6, 1], [1, 7], [6, 0], [0, 7], [6, 1], [0, 6], [6, 0], [0, 5], [6, 1], [0, 4], [6, 0], [0, 3]], "a_eggs_laid": [1, 1, 1, 1, 4, 4, 4, 4, 5, 5, 5, 5, 6, 6, 6, 6, 7, 7, 7, 7, 8, 8, 8, 8, 9, 9, 9, 9, 10, 10, 10, 10, 11, 11, 11, 11, 12, 12, 12, 12, 12, 12, 12, 12, 13, 13, 13, 13, 13, 13, 13, 13, 13, 13, 13, 13, 13, 13, 13, 13, 13, 13, 13, 13, 13, 13, 13, 13, 13, 13, 13, 13, 13, 13, 13, 13, 13, 13, 13, 13], "b_eggs_laid": [0, 1, 1, 1, 1, 2, 2, 2, 2, 3, 3, 3, 3, 4, 4, 4, 4, 5, 5, 5, 5, 6, 6, 6, 6, 7, 7, 7, 7, 8, 8, 8, 8, 9, 9, 9, 9, 10, 10, 14, 14, 15, 15, 15, 15, 16, 16, 16, 16, 17, 17, 17, 17, 18, 18, 18, 18, 19, 19, 19, 19, 19, 19, 19, 19, 20, 20, 20, 20, 21, 21, 21, 21, 24, 24, 24, 24, 25, 25, 25], "a_turds_left": [5, 5, 5, 5, 5, 5, 5, 5, 5, 5, 5, 5, 5, 5, 5, 5, 5, 5, 5, 5, 5, 5, 5, 5, 5, 5, 5, 5, 5, 5, 5, 5, 5, 5, 5, 5, 5, 5, 4, 4, 4, 4, 4, 4, 4, 4, 4, 4, 4, 4, 4, 4, 4, 4, 4, 4, 4, 4, 4, 4, 4, 4, 4, 4, 4, 4, 4, 4, 4, 4, 4, 4, 4, 4, 4, 4, 4, 4, 4, 4], "b_turds_left": [5, 5, 5, 5, 5, 5, 5, 5, 5, 5, 5, 4, 4, 4, 4, 3, 3, 3, 3, 3, 3, 3, 3, 2, 2, 2, 2, 1, 1, 1, 1, 1, 1, 1, 1, 1, 1, 1, 1, 1, 1, 1, 1, 1, 1, 1, 1, 1, 1, 1, 1, 1, 1, 1, 1, 1, 1, 1, 1, 1, 1, 1, 1, 1, 1, 1, 1, 1, 1, 1, 1, 1, 1, 1, 1, 1, 1, 1, 1, 0], "a_time_left": [359.94738908400177, 359.94738908400177, 359.90843733400106, 359.90843733400106, 359.8740753339953, 359.8740753339953, 359.8356922089879, 359.8356922089879, 359.7947935840057, 359.7947935840057, 359.7596797090082, 359.7596797090082, 359.70310545901884, 359.70310545901884, 359.66664479201427, 359.66664479201427, 359.61714158402174, 359.61714158402174, 359.56958241702523, 359.56958241702523, 359.5380517510057, 359.5380517510057, 359.4929347510042, 359.4929347510042, 359.4589954179828, 359.4589954179828, 359.4246113769768, 359.4246113769768, 359.3606215439795, 359.3606215439795, 359.3194132519711, 359.3194132519711, 359.28190733498195, 359.28190733498195, 359.2448887099745, 359.2448887099745, 359.2242322099919, 359.2242322099919, 359.17842316799215, 359.17842316799215, 359.1755806259753, 359.1755806259753, 359.1562491679797, 359.1562491679797, 359.11176258398336, 359.11176258398336, 359.08460183397983, 359.08460183397983, 359.06997187499655, 359.06997187499655, 359.04842291699606, 359.04842291699606, 359.0393072080042, 359.0393072080042, 359.01685858299606, 359.01685858299606, 359.00252083298983, 359.00252083298983, 358.97315045798314, 358.97315045798314, 358.9649334170099, 358.9649334170099, 358.93592062502285, 358.93592062502285, 358.9251772920252, 358.9251772920252, 358.9021729590313, 358.9021729590313, 358.8895153340127, 358.8895153340127, 358.8663204590266, 358.8663204590266, 358.8581134180422, 358.8581134180422, 358.8384480010427, 358.8384480010427, 358.8275998760364, 358.8275998760364, 358.8207966260379, 358.8207966260379], "b_time_left": [360, 359.94316262501525, 359.94316262501525, 359.9129103750165, 359.9129103750165, 359.84970266601886, 359.84970266601886, 359.8042616660241, 359.8042616660241, 359.76634508304414, 359.76634508304414, 359.72144329204457, 359.72144329204457, 359.6693957510579, 359.6693957510579, 359.62020862606005, 359.62020862606005, 359.54760875104694, 359.54760875104694, 359.5122780010279, 359.5122780010279, 359.44529466802487, 359.44529466802487, 359.41111025202554, 359.41111025202554, 359.36407858502935, 359.36407858502935, 359.3067444600165, 359.3067444600165, 359.2427128350246, 359.2427128350246, 359.19632741902024, 359.19632741902024, 359.16711933602346, 359.16711933602346, 359.1390900030383, 359.1390900030383, 359.10773350304225, 359.10773350304225, 359.0953047530493, 359.0953047530493, 359.076683336054, 359.076683336054, 359.05641704404843, 359.05641704404843, 359.00752271004603, 359.00752271004603, 358.9822462940356, 358.9822462940356, 358.93538041901775, 358.93538041901775, 358.9121132940345, 358.9121132940345, 358.88099816904287, 358.88099816904287, 358.85317546103033, 358.85317546103033, 358.8185562110448, 358.8185562110448, 358.79552687806427, 358.79552687806427, 358.7504752530658, 358.7504752530658, 358.71772787807276, 358.71772787807276, 358.6714955860807, 358.6714955860807, 358.6482541700825, 358.6482541700825, 358.6118890870712, 358.6118890870712, 358.58931750405463, 358.58931750405463, 358.5655996290443, 358.5655996290443, 358.54330229604966, 358.54330229604966, 358.53089883804205, 358.53089883804205, 358.5297868800408], "a_moves_left": [39, 39, 38, 38, 37, 37, 36, 36, 35, 35, 34, 34, 33, 33, 32, 32, 31, 31, 30, 30, 29, 29, 28, 28, 27, 27, 26, 26, 25, 25, 24, 24, 23, 23, 22, 22, 21, 21, 20, 20, 19, 19, 18, 18, 17, 17, 16, 16, 15, 15, 14, 14, 13, 13, 12, 12, 11, 11, 10, 10, 9, 9, 8, 8, 7, 7, 6, 6, 5, 5, 4, 4, 3, 3, 2, 2, 1, 1, 0, 0], "b_moves_left": [40, 39, 39, 38, 38, 37, 37, 36, 36, 35, 35, 34, 34, 33, 33, 32, 32, 31, 31, 30, 30, 29, 29, 28, 28, 27, 27, 26, 26, 25, 25, 24, 24, 23, 23, 22, 22, 21, 21, 20, 20, 19, 19, 18, 18, 17, 17, 16, 16, 15, 15, 14, 14, 13, 13, 12, 12, 11, 11, 10, 10, 9, 9, 8, 8, 7, 7, 6, 6, 5, 5, 4, 4, 3, 3, 2, 2, 1, 1, 0], "trapdoor_triggered": [0, 0, 0, 0, 0, 0, 0, 0, 0, 0, 0, 0, 0, 0, 0, 0, 0, 0, 0, 0, 0, 0, 0, 0, 0, 0, 0, 0, 0, 0, 0, 0, 0, 0, 0, 0, 0, 0, 1, 0, 0, 0, 0, 0, 0, 0, 0, 0, 0, 0, 0, 0, 0, 0, 0, 0, 0, 0, 0, 0, 0, 0, 0, 0, 0, 0, 0, 0, 0, 0, 0, 0, 0, 0, 0, 0, 0, 0, 0, 0], "left_behind": ["egg", "egg", "plain", "plain", "egg", "egg", "plain", "plain", "egg", "egg", "plain", "turd", "egg", "egg", "plain", "turd", "egg", "egg", "plain", "plain", "egg", "egg", "plain", "turd", "egg", "egg", "plain", "turd", "egg", "egg", "plain", "plain", "egg", "egg", "plain", "plain", "egg", "egg", "turd", "plain", "plain", "egg", "plain", "plain", "egg", "egg", "plain", "plain", "plain", "egg", "plain", "plain", "plain", "egg", "plain", "plain", "plain", "egg", "plain", "plain", "plain", "plain", "plain", "plain", "plain", "egg", "plain", "plain", "plain", "egg", "plain", "plain", "plain", "egg", "plain", "plain", "plain", "egg", "plain", "turd"], "errlog_a": "", "errlog_b": "", "start_time": 360, "start_moves": 40, "turn_count": 80, "result": 1, "reason": "EGGS_LAID", "trapdoors": [[4, 2], [3, 4]], "spawn_a": [0, 2], "spawn_b": [7, 2]}