{"pos": [[0, 1], [7, 3], [0, 0], [6, 3], [1, 0], [6, 4], [2, 0], [7, 4], [3, 0], [6, 4], [4, 0], [6, 5], [5, 0], [5, 5], [6, 0], [5, 6], [6, 1], [4, 6], [7, 1], [3, 6], [6, 1], [3, 5], [6, 2], [2, 5], [6, 1], [1, 5], [5, 1], [1, 4], [4, 1], [1, 3], [3, 1], [2, 3], [2, 1], [2, 2], [1, 1], [1, 2], [2, 1], [2, 2], [2, 0], [3, 2], [3, 0], [4, 2], [4, 0], [5, 2], [5, 0], [5, 3], [6, 0], [4, 3], [7, 0], [4, 4], [7, 1], [4, 5], [7, 0], [4, 4], [7, 1], [3, 4], [7, 0], [3, 5], [7, 1], [3, 6], [7, 0], [2, 6], [7, 1], [2, 7], [7, 0], [2, 6], [7, 1], [1, 6], [7, 0], [1, 5], [7, 1], [0, 5], [7, 0], [0, 6], [7, 1], [0, 7], [7, 0], [0, 6], [7, 1], [0, 5]], "a_eggs_laid": [1, 1, 1, 1, 4, 4, 4, 4, 5, 5, 5, 5, 6, 6, 6, 6, 7, 7, 7, 7, 8, 8, 8, 8, 9, 9, 9, 9, 10, 10, 10, 10, 11, 11, 11, 11, 12, 12, 12, 12, 12, 12, 12, 12, 12, 12, 12, 12, 12, 12, 12, 12, 12, 12, 12, 12, 12, 12, 12, 12, 12, 12, 12, 12, 12, 12, 12, 12, 12, 12, 12, 12, 12, 12, 12, 12, 12, 12, 12, 12], "b_eggs_laid": [0, 1, 1, 1, 1, 2, 2, 2, 2, 3, 3, 3, 3, 4, 4, 4, 4, 5, 5, 5, 5, 6, 6, 6, 6, 7, 7, 7, 7, 8, 8, 8, 8, 9, 9, 9, 9, 10, 10, 10, 10, 11, 11, 11, 11, 12, 12, 12, 12, 13, 13, 13, 13, 14, 14, 14, 14, 15, 15, 15, 15, 15, 15, 15, 15, 16, 16, 16, 16, 17, 17, 17, 17, 18, 18, 18, 18, 21, 21, 21], "a_turds_left": [5, 5, 5, 5, 5, 5, 5, 5, 5, 5, 5, 5, 5, 5, 5, 5, 5, 5, 5, 5, 5, 5, 5, 5, 5, 5, 5, 5, 5, 5, 5, 5, 5, 5, 5, 5, 5, 5, 5, 5, 5, 5, 5, 5, 5, 5, 5, 5, 5, 5, 5, 5, 5, 5, 5, 5, 5, 5, 5, 5, 5, 5, 5, 5, 5, 5, 5, 5, 5, 5, 5, 5, 5, 5, 5, 5, 5, 5, 5, 5], "b_turds_left": [5, 5, 5, 5, 5, 5, 5, 5, 5, 5, 5, 4, 4, 4, 4, 3, 3, 3, 3, 3, 3, 3, 3, 2, 2, 2, 2, 1, 1, 1, 1, 1, 1, 1, 1, 1, 1, 1, 1, 1, 1, 1, 1, 1, 1, 1, 1, 1, 1, 1, 1, 1, 1, 1, 1, 1, 1, 1, 1, 1, 1, 1, 1, 1, 1, 1, 1, 1, 1, 1, 1, 1, 1, 1, 1, 1, 1, 1, 1, 0], "a_time_left": [359.95429845899343, 359.95429845899343, 359.91605370899197, 359.91605370899197, 359.88612995899166, 359.88612995899166, 359.8478434999997, 359.8478434999997, 359.8067912090046, 359.8067912090046, 359.77112770901294, 359.77112770901294, 359.7126664170064, 359.7126664170064, 359.6755903759913, 359.6755903759913, 359.62700804299675, 359.62700804299675, 359.5786097929813, 359.5786097929813, 359.54259883397026, 359.54259883397026, 359.5003128759854, 359.5003128759854, 359.4650972929958, 359.4650972929958, 359.4310528350179, 359.4310528350179, 359.36636429303326, 359.36636429303326, 359.3256042510329, 359.3256042510329, 359.26024258404505, 359.26024258404505, 359.2473270010378, 359.2473270010378, 359.228544126061, 359.228544126061, 359.2186683350592, 359.2186683350592, 359.2080233760644, 359.2080233760644, 359.1867085850681, 359.1867085850681, 359.17881221006974, 359.17881221006974, 359.1556931260566, 359.1556931260566, 359.1414993760409, 359.1414993760409, 359.1269268350443, 359.1269268350443, 359.1177832510439, 359.1177832510439, 359.10408933405415, 359.10408933405415, 359.0933847920678, 359.0933847920678, 359.0837132080633, 359.0837132080633, 359.0775867080665, 359.0775867080665, 359.06283241606434, 359.06283241606434, 359.05568358305027, 359.05568358305027, 359.0414990000427, 359.0414990000427, 359.0314015840413, 359.0314015840413, 359.0223117090354, 359.0223117090354, 359.0152701260522, 359.0152701260522, 359.00331816705875, 359.00331816705875, 358.998182001058, 358.998182001058, 358.9947596260463, 358.9947596260463], "b_time_left": [360, 359.94203299999936, 359.94203299999936, 359.9168651670043, 359.9168651670043, 359.86265687600826, 359.86265687600826, 359.8175605010183, 359.8175605010183, 359.77964783401694, 359.77964783401694, 359.73332841700176, 359.73332841700176, 359.68262379200314, 359.68262379200314, 359.63301387501997, 359.63301387501997, 359.56198816600954, 359.56198816600954, 359.52740824900684, 359.52740824900684, 359.46150970700546, 359.46150970700546, 359.42080220702337, 359.42080220702337, 359.36824449902633, 359.36824449902633, 359.3194157910184, 359.3194157910184, 359.25417487401864, 359.25417487401864, 359.2196838319942, 359.2196838319942, 359.17180079000536, 359.17180079000536, 359.14912704000017, 359.14912704000017, 359.12753108202014, 359.12753108202014, 359.1039665400167, 359.1039665400167, 359.06943862402113, 359.06943862402113, 359.0467622070282, 359.0467622070282, 359.0193809980119, 359.0193809980119, 358.98431187300594, 358.98431187300594, 358.9498786639888, 358.9498786639888, 358.9220803309872, 358.9220803309872, 358.88947266500327, 358.88947266500327, 358.86164162299247, 358.86164162299247, 358.83162545599043, 358.83162545599043, 358.81703791496693, 358.81703791496693, 358.7762838319759, 358.7762838319759, 358.7497029979713, 358.7497029979713, 358.72204849799164, 358.72204849799164, 358.6957066229952, 358.6957066229952, 358.6636602060171, 358.6636602060171, 358.6494874560158, 358.6494874560158, 358.6289925810124, 358.6289925810124, 358.61199520601076, 358.61199520601076, 358.60727420600597, 358.60727420600597, 358.60631983098574], "a_moves_left": [39, 39, 38, 38, 37, 37, 36, 36, 35, 35, 34, 34, 33, 33, 32, 32, 31, 31, 30, 30, 29, 29, 28, 28, 27, 27, 26, 26, 25, 25, 24, 24, 23, 23, 22, 22, 21, 21, 20, 20, 19, 19, 18, 18, 17, 17, 16, 16, 15, 15, 14, 14, 13, 13, 12, 12, 11, 11, 10, 10, 9, 9, 8, 8, 7, 7, 6, 6, 5, 5, 4, 4, 3, 3, 2, 2, 1, 1, 0, 0], "b_moves_left": [40, 39, 39, 38, 38, 37, 37, 36, 36, 35, 35, 34, 34, 33, 33, 32, 32, 31, 31, 30, 30, 29, 29, 28, 28, 27, 27, 26, 26, 25, 25, 24, 24, 23, 23, 22, 22, 21, 21, 20, 20, 19, 19, 18, 18, 17, 17, 16, 16, 15, 15, 14, 14, 13, 13, 12, 12, 11, 11, 10, 10, 9, 9, 8, 8, 7, 7, 6, 6, 5, 5, 4, 4, 3, 3, 2, 2, 1, 1, 0], "trapdoor_triggered": [0, 0, 0, 0, 0, 0, 0, 0, 0, 0, 0, 0, 0, 0, 0, 0, 0, 0, 0, 0, 0, 0, 0, 0, 0, 0, 0, 0, 0, 0, 0, 0, 0, 0, 0, 0, 0, 0, 0, 0, 0, 0, 0, 0, 0, 0, 0, 0, 0, 0, 0, 0, 0, 0, 0, 0, 0, 0, 0, 0, 0, 0, 0, 0, 0, 0, 0, 0, 0, 0, 0, 0, 0, 0, 0, 0, 0, 0, 0, 0], "left_behind": ["egg", "egg", "plain", "plain", "egg", "egg", "plain", "plain", "egg", "egg", "plain", "turd", "egg", "egg", "plain", "turd", "egg", "egg", "plain", "plain", "egg", "egg", "plain", "turd", "egg", "egg", "plain", "turd", "egg", "egg", "plain", "plain", "egg", "egg", "plain", "plain", "egg", "egg", "plain", "plain", "plain", "egg", "plain", "plain", "plain", "egg", "plain", "plain", "plain", "egg", "plain", "plain", "plain", "egg", "plain", "plain", "plain", "egg", "plain", "plain", "plain", "plain", "plain", "plain", "plain", "egg", "plain", "plain", "plain", "egg", "plain", "plain", "plain", "egg", "plain", "plain", "plain", "egg", "plain", "turd"], "errlog_a": "", "errlog_b": "", "start_time": 360, "start_moves": 40, "turn_count": 80, "result": 1, "reason": "EGGS_LAID", "trapdoors": [[3, 3], [5, 4]], "spawn_a": [0, 2], "spawn_b": [7, 2]}