{"pos": [[7, 4], [0, 4], [7, 3], [1, 4], [7, 2], [1, 3], [7, 1], [0, 3], [7, 2], [0, 2], [6, 2], [1, 2], [6, 1], [1, 1], [6, 0], [2, 1], [6, 1], [3, 1], [5, 1], [3, 0], [4, 1], [3, 1], [4, 2], [3, 2], [7, 5], [3, 3], [7, 4], [2, 3], [6, 4], [2, 4], [6, 5], [2, 5], [6, 6], [2, 6], [6, 5], [3, 6], [5, 5], [3, 5], [4, 5], [3, 4], [4, 4], [3, 5], [4, 5], [3, 4], [4, 6], [3, 5], [5, 6], [4, 5], [5, 7], [3, 5], [6, 7], [3, 4], [7, 7], [3, 3], [7, 6], [3, 2], [7, 5], [3, 1], [7, 4], [4, 1], [7, 3], [3, 1], [7, 2], [3, 2], [7, 1], [3, 3], [7, 2], [3, 2], [7, 1], [3, 3], [7, 2], [3, 2], [7, 1], [3, 3], [7, 2], [3, 2], [7, 1], [3, 1], [7, 0], [3, 0]], "a_eggs_laid": [1, 1, 1, 1, 2, 2, 2, 2, 3, 3, 3, 3, 4, 4, 4, 4, 5, 5, 5, 5, 6, 6, 6, 6, 7, 7, 7, 7, 7, 7, 8, 8, 8, 8, 9, 9, 9, 9, 10, 10, 10, 10, 11, 11, 11, 11, 12, 12, 12, 12, 13, 13, 13, 13, 16, 16, 16, 16, 16, 16, 16, 16, 16, 16, 16, 16, 16, 16, 16, 16, 16, 16, 16, 16, 16, 16, 16, 16, 16, 16], "b_eggs_laid": [0, 1, 1, 1, 1, 2, 2, 2, 2, 3, 3, 3, 3, 4, 4, 4, 4, 5, 5, 5, 5, 6, 6, 6, 6, 11, 11, 11, 11, 12, 12, 12, 12, 13, 13, 13, 13, 14, 14, 14, 14, 15, 15, 15, 15, 15, 15, 15, 15, 16, 16, 16, 16, 16, 16, 16, 16, 16, 16, 16, 16, 17, 17, 17, 17, 17, 17, 17, 17, 17, 17, 17, 17, 17, 17, 17, 17, 17, 17, 17], "a_turds_left": [5, 5, 5, 5, 5, 5, 5, 5, 5, 5, 5, 5, 5, 5, 5, 5, 5, 5, 5, 5, 5, 5, 5, 5, 5, 5, 5, 5, 5, 5, 5, 5, 5, 5, 5, 5, 5, 5, 5, 5, 5, 5, 5, 5, 5, 5, 5, 5, 5, 5, 5, 5, 5, 5, 5, 5, 5, 5, 5, 5, 5, 5, 5, 5, 5, 5, 5, 5, 5, 5, 5, 5, 5, 5, 5, 5, 5, 5, 5, 5], "b_turds_left": [5, 5, 5, 5, 5, 5, 5, 5, 5, 5, 5, 5, 5, 5, 5, 5, 5, 5, 5, 5, 5, 5, 5, 4, 4, 4, 4, 4, 4, 4, 4, 3, 3, 3, 3, 2, 2, 2, 2, 2, 2, 2, 2, 2, 2, 2, 2, 2, 2, 2, 2, 1, 1, 1, 1, 1, 1, 1, 1, 1, 1, 1, 1, 1, 1, 1, 1, 1, 1, 1, 1, 1, 1, 1, 1, 1, 1, 1, 1, 1], "a_time_left": [359.954695583001, 359.954695583001, 359.9244138750073, 359.9244138750073, 359.87657162500545, 359.87657162500545, 359.8447934160067, 359.8447934160067, 359.80542724902625, 359.80542724902625, 359.78027412403026, 359.78027412403026, 359.7126667490229, 359.7126667490229, 359.6701021240151, 359.6701021240151, 359.61964941502083, 359.61964941502083, 359.5768474150391, 359.5768474150391, 359.524433040031, 359.524433040031, 359.50915641503525, 359.50915641503525, 359.48774295602925, 359.48774295602925, 359.47057929003495, 359.47057929003495, 359.43660945704323, 359.43660945704323, 359.3640750410559, 359.3640750410559, 359.31200441604597, 359.31200441604597, 359.239213582041, 359.239213582041, 359.1967271230242, 359.1967271230242, 359.1443800810084, 359.1443800810084, 359.11605545599014, 359.11605545599014, 359.09336212297785, 359.09336212297785, 359.08107095595915, 359.08107095595915, 359.03825258096913, 359.03825258096913, 359.02593553898623, 359.02593553898623, 358.98082141397754, 358.98082141397754, 358.9701644559973, 358.9701644559973, 358.94008528999984, 358.94008528999984, 358.92874658099026, 358.92874658099026, 358.91946120598004, 358.91946120598004, 358.90439633096685, 358.90439633096685, 358.8939723309595, 358.8939723309595, 358.8814347469597, 358.8814347469597, 358.8658164549561, 358.8658164549561, 358.8533843709447, 358.8533843709447, 358.83865482895635, 358.83865482895635, 358.82614849493257, 358.82614849493257, 358.81134736994863, 358.81134736994863, 358.79881116194883, 358.79881116194883, 358.79687457793625, 358.79687457793625], "b_time_left": [360, 359.95337420902797, 359.95337420902797, 359.914749751013, 359.914749751013, 359.8609476260317, 359.8609476260317, 359.80737933403, 359.80737933403, 359.7622771260503, 359.7622771260503, 359.71878433504025, 359.71878433504025, 359.658170418028, 359.658170418028, 359.61511541804066, 359.61511541804066, 359.5449614180252, 359.5449614180252, 359.49250066801324, 359.49250066801324, 359.460024917993, 359.460024917993, 359.42270454301615, 359.42270454301615, 359.39529308502097, 359.39529308502097, 359.3423853350105, 359.3423853350105, 359.29566646003514, 359.29566646003514, 359.2088626270415, 359.2088626270415, 359.1659946690197, 359.1659946690197, 359.07828208603314, 359.07828208603314, 359.04848921103985, 359.04848921103985, 359.02438958603307, 359.02438958603307, 359.0048775030591, 359.0048775030591, 358.98103746105335, 358.98103746105335, 358.9629342520493, 358.9629342520493, 358.8973153360712, 358.8973153360712, 358.89157654406154, 358.89157654406154, 358.84345971007133, 358.84345971007133, 358.83384671006934, 358.83384671006934, 358.7963147520786, 358.7963147520786, 358.77804416808067, 358.77804416808067, 358.7515962100879, 358.7515962100879, 358.7401761690853, 358.7401761690853, 358.71135721108294, 358.71135721108294, 358.68873866909416, 358.68873866909416, 358.6504893771198, 358.6504893771198, 358.62787616913556, 358.62787616913556, 358.58969175312086, 358.58969175312086, 358.5667605441413, 358.5667605441413, 358.5286700441502, 358.5286700441502, 358.5225986271689, 358.5225986271689, 358.52196437714156], "a_moves_left": [39, 39, 38, 38, 37, 37, 36, 36, 35, 35, 34, 34, 33, 33, 32, 32, 31, 31, 30, 30, 29, 29, 28, 28, 27, 27, 26, 26, 25, 25, 24, 24, 23, 23, 22, 22, 21, 21, 20, 20, 19, 19, 18, 18, 17, 17, 16, 16, 15, 15, 14, 14, 13, 13, 12, 12, 11, 11, 10, 10, 9, 9, 8, 8, 7, 7, 6, 6, 5, 5, 4, 4, 3, 3, 2, 2, 1, 1, 0, 0], "b_moves_left": [40, 39, 39, 38, 38, 37, 37, 36, 36, 35, 35, 34, 34, 33, 33, 32, 32, 31, 31, 30, 30, 29, 29, 28, 28, 27, 27, 26, 26, 25, 25, 24, 24, 23, 23, 22, 22, 21, 21, 20, 20, 19, 19, 18, 18, 17, 17, 16, 16, 15, 15, 14, 14, 13, 13, 12, 12, 11, 11, 10, 10, 9, 9, 8, 8, 7, 7, 6, 6, 5, 5, 4, 4, 3, 3, 2, 2, 1, 1, 0], "trapdoor_triggered": [0, 0, 0, 0, 0, 0, 0, 0, 0, 0, 0, 0, 0, 0, 0, 0, 0, 0, 0, 0, 0, 0, 0, 0, 1, 0, 0, 0, 0, 0, 0, 0, 0, 0, 0, 0, 0, 0, 0, 0, 0, 0, 0, 0, 0, 0, 0, 0, 0, 0, 0, 0, 0, 0, 0, 0, 0, 0, 0, 0, 0, 0, 0, 0, 0, 0, 0, 0, 0, 0, 0, 0, 0, 0, 0, 0, 0, 0, 0, 0], "left_behind": ["egg", "egg", "plain", "plain", "egg", "egg", "plain", "plain", "egg", "egg", "plain", "plain", "egg", "egg", "plain", "plain", "egg", "egg", "plain", "plain", "egg", "egg", "plain", "turd", "egg", "egg", "plain", "plain", "plain", "egg", "egg", "turd", "plain", "egg", "egg", "turd", "plain", "egg", "egg", "plain", "plain", "egg", "egg", "plain", "plain", "plain", "egg", "plain", "plain", "egg", "egg", "turd", "plain", "plain", "egg", "plain", "plain", "plain", "plain", "plain", "plain", "egg", "plain", "plain", "plain", "plain", "plain", "plain", "plain", "plain", "plain", "plain", "plain", "plain", "plain", "plain", "plain", "plain", "plain", "plain"], "errlog_a": "", "errlog_b": "", "start_time": 360, "start_moves": 40, "turn_count": 80, "result": 1, "reason": "EGGS_LAID", "trapdoors": [[5, 3], [4, 3]], "spawn_a": [7, 5], "spawn_b": [0, 5]}