{"pos": [[7, 2], [1, 3], [7, 1], [1, 4], [7, 2], [2, 4], [6, 2], [2, 5], [6, 1], [3, 5], [6, 0], [3, 6], [6, 1], [3, 5], [5, 1], [4, 5], [4, 1], [4, 4], [4, 0], [5, 4], [4, 1], [6, 4], [3, 1], [6, 5], [2, 1], [6, 6], [2, 0], [5, 6], [2, 1], [5, 7], [1, 1], [4, 7], [2, 1], [3, 7], [2, 2], [2, 7], [7, 3], [2, 6], [7, 2], [1, 6], [7, 1], [1, 5], [6, 1], [0, 5], [6, 0], [0, 6], [6, 1], [0, 7], [6, 0], [0, 6], [6, 1], [0, 5], [6, 0], [0, 4], [6, 1], [0, 3], [6, 0], [1, 3], [6, 1], [1, 2], [6, 0], [1, 3], [6, 1], [2, 3], [6, 0], [0, 3], [6, 1], [0, 2], [6, 0], [0, 1], [6, 1], [0, 0], [6, 0], [1, 0], [6, 1], [0, 0], [6, 0], [1, 0], [7, 0], [0, 0]], "a_eggs_laid": [1, 1, 1, 1, 2, 2, 2, 2, 3, 3, 3, 3, 4, 4, 4, 4, 5, 5, 5, 5, 6, 6, 6, 6, 7, 7, 7, 7, 8, 8, 8, 8, 9, 9, 9, 9, 10, 10, 10, 10, 10, 10, 10, 10, 10, 10, 10, 10, 10, 10, 10, 10, 10, 10, 10, 10, 10, 10, 10, 10, 10, 10, 10, 10, 10, 10, 14, 14, 14, 14, 14, 14, 14, 14, 14, 14, 14, 14, 14, 14], "b_eggs_laid": [0, 1, 1, 1, 1, 2, 2, 2, 2, 3, 3, 3, 3, 4, 4, 4, 4, 5, 5, 5, 5, 6, 6, 6, 6, 7, 7, 7, 7, 8, 8, 8, 8, 9, 9, 9, 9, 14, 14, 14, 14, 15, 15, 15, 15, 16, 16, 16, 16, 19, 19, 19, 19, 19, 19, 19, 19, 19, 19, 19, 19, 20, 20, 20, 20, 21, 21, 21, 21, 21, 21, 22, 22, 22, 22, 23, 23, 23, 23, 23], "a_turds_left": [5, 5, 5, 5, 5, 5, 5, 5, 5, 5, 5, 5, 5, 5, 5, 5, 5, 5, 5, 5, 5, 5, 5, 5, 5, 5, 5, 5, 5, 5, 5, 5, 5, 5, 5, 5, 5, 5, 5, 5, 5, 5, 5, 5, 5, 5, 5, 5, 5, 5, 5, 5, 5, 5, 5, 5, 5, 5, 5, 5, 5, 5, 5, 5, 5, 5, 5, 5, 5, 5, 5, 5, 5, 5, 5, 5, 5, 5, 5, 5], "b_turds_left": [5, 5, 5, 5, 5, 5, 5, 4, 4, 4, 4, 3, 3, 3, 3, 3, 3, 3, 3, 2, 2, 2, 2, 1, 1, 1, 1, 1, 1, 1, 1, 1, 1, 1, 1, 1, 1, 1, 1, 1, 1, 1, 1, 1, 1, 1, 1, 1, 1, 1, 1, 1, 1, 1, 1, 1, 1, 1, 1, 1, 1, 1, 1, 1, 1, 1, 1, 1, 1, 1, 1, 1, 1, 1, 1, 1, 1, 0, 0, 0], "a_time_left": [359.95180079201236, 359.95180079201236, 359.9166524170141, 359.9166524170141, 359.86980120802764, 359.86980120802764, 359.8353221670259, 359.8353221670259, 359.7672547920083, 359.7672547920083, 359.7255745420116, 359.7255745420116, 359.67953620900516, 359.67953620900516, 359.6530852090218, 359.6530852090218, 359.5846389590297, 359.5846389590297, 359.5430071670271, 359.5430071670271, 359.494872958021, 359.494872958021, 359.45309541601455, 359.45309541601455, 359.3715733740246, 359.3715733740246, 359.25816479104105, 359.25816479104105, 359.2104461250419, 359.2104461250419, 359.1767065830354, 359.1767065830354, 359.12749283303856, 359.12749283303856, 359.09810375003144, 359.09810375003144, 359.0584024580312, 359.0584024580312, 359.05382325002574, 359.05382325002574, 359.02661970802, 359.02661970802, 359.01278316701064, 359.01278316701064, 358.98254704198916, 358.98254704198916, 358.9700535419979, 358.9700535419979, 358.94917383400025, 358.94917383400025, 358.93796250098967, 358.93796250098967, 358.9228160419734, 358.9228160419734, 358.9116026259726, 358.9116026259726, 358.89639283396536, 358.89639283396536, 358.88426970897126, 358.88426970897126, 358.8637312929786, 358.8637312929786, 358.8516175849654, 358.8516175849654, 358.8216918769758, 358.8216918769758, 358.8143287929706, 358.8143287929706, 358.79336975095794, 358.79336975095794, 358.7842077919631, 358.7842077919631, 358.7670817919425, 358.7670817919425, 358.76223691692576, 358.76223691692576, 358.74451858291286, 358.74451858291286, 358.7435791659227, 358.7435791659227], "b_time_left": [360, 359.94193379199714, 359.94193379199714, 359.88816841700464, 359.88816841700464, 359.8204787080176, 359.8204787080176, 359.75487729202723, 359.75487729202723, 359.69904154201504, 359.69904154201504, 359.6523584590177, 359.6523584590177, 359.5850490430312, 359.5850490430312, 359.55691291802214, 359.55691291802214, 359.49777425199864, 359.49777425199864, 359.4524931269989, 359.4524931269989, 359.39947691900306, 359.39947691900306, 359.346471834986, 359.346471834986, 359.27405950197135, 359.27405950197135, 359.2345052929595, 359.2345052929595, 359.1700487929629, 359.1700487929629, 359.1413315019454, 359.1413315019454, 359.0968693769246, 359.0968693769246, 359.0722289189289, 359.0722289189289, 359.063216668932, 359.063216668932, 359.0151430439437, 359.0151430439437, 358.98323754392914, 358.98323754392914, 358.91499354393454, 358.91499354393454, 358.8933680859336, 358.8933680859336, 358.8458296279423, 358.8458296279423, 358.830841836927, 358.830841836927, 358.7822047949303, 358.7822047949303, 358.76050337791094, 358.76050337791094, 358.7074873779202, 358.7074873779202, 358.68574000292574, 358.68574000292574, 358.62530408691964, 358.62530408691964, 358.61094491989934, 358.61094491989934, 358.5470392119023, 358.5470392119023, 358.5277312119142, 358.5277312119142, 358.4781659618893, 358.4781659618893, 358.4583073788672, 358.4583073788672, 358.42914100387134, 358.42914100387134, 358.41834462888073, 358.41834462888073, 358.40536033789976, 358.40536033789976, 358.3987890878925, 358.3987890878925, 358.3985595458944], "a_moves_left": [39, 39, 38, 38, 37, 37, 36, 36, 35, 35, 34, 34, 33, 33, 32, 32, 31, 31, 30, 30, 29, 29, 28, 28, 27, 27, 26, 26, 25, 25, 24, 24, 23, 23, 22, 22, 21, 21, 20, 20, 19, 19, 18, 18, 17, 17, 16, 16, 15, 15, 14, 14, 13, 13, 12, 12, 11, 11, 10, 10, 9, 9, 8, 8, 7, 7, 6, 6, 5, 5, 4, 4, 3, 3, 2, 2, 1, 1, 0, 0], "b_moves_left": [40, 39, 39, 38, 38, 37, 37, 36, 36, 35, 35, 34, 34, 33, 33, 32, 32, 31, 31, 30, 30, 29, 29, 28, 28, 27, 27, 26, 26, 25, 25, 24, 24, 23, 23, 22, 22, 21, 21, 20, 20, 19, 19, 18, 18, 17, 17, 16, 16, 15, 15, 14, 14, 13, 13, 12, 12, 11, 11, 10, 10, 9, 9, 8, 8, 7, 7, 6, 6, 5, 5, 4, 4, 3, 3, 2, 2, 1, 1, 0], "trapdoor_triggered": [0, 0, 0, 0, 0, 0, 0, 0, 0, 0, 0, 0, 0, 0, 0, 0, 0, 0, 0, 0, 0, 0, 0, 0, 0, 0, 0, 0, 0, 0, 0, 0, 0, 0, 0, 0, 1, 0, 0, 0, 0, 0, 0, 0, 0, 0, 0, 0, 0, 0, 0, 0, 0, 0, 0, 0, 0, 0, 0, 0, 0, 0, 0, 0, 0, 1, 0, 0, 0, 0, 0, 0, 0, 0, 0, 0, 0, 0, 0, 0], "left_behind": ["egg", "egg", "plain", "plain", "egg", "egg", "plain", "turd", "egg", "egg", "plain", "turd", "egg", "egg", "plain", "plain", "egg", "egg", "plain", "turd", "egg", "egg", "plain", "turd", "egg", "egg", "plain", "plain", "egg", "egg", "plain", "plain", "egg", "egg", "plain", "plain", "egg", "egg", "plain", "plain", "plain", "egg", "plain", "plain", "plain", "egg", "plain", "plain", "plain", "egg", "plain", "plain", "plain", "plain", "plain", "plain", "plain", "plain", "plain", "plain", "plain", "egg", "plain", "plain", "plain", "egg", "plain", "plain", "plain", "plain", "plain", "egg", "plain", "plain", "plain", "egg", "plain", "turd", "plain", "plain"], "errlog_a": "", "errlog_b": "", "start_time": 360, "start_moves": 40, "turn_count": 80, "result": 1, "reason": "EGGS_LAID", "trapdoors": [[3, 3], [3, 2]], "spawn_a": [7, 3], "spawn_b": [0, 3]}