{"pos": [[7, 2], [1, 1], [7, 3], [1, 2], [7, 2], [1, 3], [6, 2], [1, 4], [6, 1], [1, 5], [6, 0], [2, 5], [6, 1], [3, 5], [5, 1], [3, 6], [4, 1], [4, 6], [4, 0], [5, 6], [4, 1], [5, 5], [3, 1], [6, 5], [3, 0], [6, 6], [2, 0], [6, 7], [2, 1], [5, 7], [2, 2], [4, 7], [3, 2], [3, 7], [7, 1], [2, 7], [7, 2], [2, 6], [7, 1], [1, 6], [7, 2], [1, 7], [7, 1], [0, 7], [7, 2], [0, 6], [7, 1], [0, 5], [7, 2], [0, 4], [7, 1], [0, 3], [7, 2], [1, 3], [7, 1], [2, 3], [7, 2], [3, 3], [7, 1], [0, 1], [7, 2], [0, 0], [7, 1], [1, 0], [7, 2], [1, 1], [7, 1], [2, 1], [7, 2], [1, 1], [7, 1], [1, 2], [7, 2], [1, 3], [7, 1], [1, 2], [7, 2], [1, 1], [7, 1], [1, 0]], "a_eggs_laid": [1, 1, 1, 1, 2, 2, 2, 2, 3, 3, 3, 3, 4, 4, 4, 4, 5, 5, 5, 5, 6, 6, 6, 6, 7, 7, 7, 7, 8, 8, 8, 8, 9, 9, 9, 9, 9, 9, 9, 9, 9, 9, 9, 9, 9, 9, 9, 9, 9, 9, 9, 9, 9, 9, 9, 9, 9, 9, 9, 9, 13, 13, 13, 13, 13, 13, 13, 13, 13, 13, 13, 13, 13, 13, 13, 13, 13, 13, 13, 13], "b_eggs_laid": [0, 1, 1, 1, 1, 2, 2, 2, 2, 3, 3, 3, 3, 4, 4, 4, 4, 5, 5, 5, 5, 6, 6, 6, 6, 7, 7, 7, 7, 8, 8, 8, 8, 9, 9, 13, 13, 14, 14, 14, 14, 15, 15, 15, 15, 18, 18, 18, 18, 19, 19, 19, 19, 20, 20, 20, 20, 21, 21, 21, 21, 21, 21, 21, 21, 22, 22, 22, 22, 23, 23, 23, 23, 23, 23, 23, 23, 23, 23, 23], "a_turds_left": [5, 5, 5, 5, 5, 5, 5, 5, 5, 5, 5, 5, 5, 5, 5, 5, 5, 5, 5, 5, 5, 5, 5, 5, 5, 5, 5, 5, 5, 5, 5, 5, 5, 5, 5, 5, 5, 5, 5, 5, 5, 5, 5, 5, 5, 5, 5, 5, 5, 5, 5, 5, 5, 5, 5, 5, 5, 5, 5, 5, 5, 5, 5, 5, 5, 5, 5, 5, 5, 5, 5, 5, 5, 5, 5, 5, 5, 5, 5, 5], "b_turds_left": [5, 5, 5, 5, 5, 5, 5, 5, 5, 5, 5, 5, 5, 5, 5, 4, 4, 4, 4, 4, 4, 4, 4, 3, 3, 3, 3, 2, 2, 2, 2, 2, 2, 2, 2, 2, 2, 2, 2, 2, 2, 2, 2, 2, 2, 2, 2, 2, 2, 2, 2, 2, 2, 2, 2, 2, 2, 2, 2, 2, 2, 2, 2, 2, 2, 2, 2, 2, 2, 2, 2, 2, 2, 2, 2, 1, 1, 1, 1, 0], "a_time_left": [359.95303200001945, 359.95303200001945, 359.9128572080226, 359.9128572080226, 359.86228304202086, 359.86228304202086, 359.82910479200655, 359.82910479200655, 359.76280016699457, 359.76280016699457, 359.7167272079969, 359.7167272079969, 359.67005820799386, 359.67005820799386, 359.6305091249815, 359.6305091249815, 359.56381891597994, 359.56381891597994, 359.5235155829869, 359.5235155829869, 359.47565112498705, 359.47565112498705, 359.43506479100324, 359.43506479100324, 359.3710848740011, 359.3710848740011, 359.34238862400525, 359.34238862400525, 359.30283933202736, 359.30283933202736, 359.2727297490346, 359.2727297490346, 359.23370216501644, 359.23370216501644, 359.1996612480143, 359.1996612480143, 359.1886953310168, 359.1886953310168, 359.1632962060103, 359.1632962060103, 359.1486134970328, 359.1486134970328, 359.12771233104286, 359.12771233104286, 359.1193475810287, 359.1193475810287, 359.1021379150334, 359.1021379150334, 359.0894834570354, 359.0894834570354, 359.07197699905373, 359.07197699905373, 359.05876408307813, 359.05876408307813, 359.0321447910683, 359.0321447910683, 359.01975537405815, 359.01975537405815, 358.99250008308445, 358.99250008308445, 358.9853430830699, 358.9853430830699, 358.97130445807124, 358.97130445807124, 358.9632379170507, 358.9632379170507, 358.9364555000502, 358.9364555000502, 358.93100945904735, 358.93100945904735, 358.9044908340438, 358.9044908340438, 358.89818025004934, 358.89818025004934, 358.86932812505984, 358.86932812505984, 358.8636957910494, 358.8636957910494, 358.85678379103774, 358.85678379103774], "b_time_left": [360, 359.9415663330001, 359.9415663330001, 359.8837223330047, 359.8837223330047, 359.81799020801554, 359.81799020801554, 359.75826854101615, 359.75826854101615, 359.6985129160166, 359.6985129160166, 359.65389920803136, 359.65389920803136, 359.5750081250444, 359.5750081250444, 359.51563941605855, 359.51563941605855, 359.44584470803966, 359.44584470803966, 359.40159708305146, 359.40159708305146, 359.17663529203855, 359.17663529203855, 358.9130594590388, 358.9130594590388, 358.75705175101757, 358.75705175101757, 358.57316566701047, 358.57316566701047, 358.46350470901234, 358.46350470901234, 358.30439537600614, 358.30439537600614, 358.15506650099996, 358.15506650099996, 358.0517797100183, 358.0517797100183, 357.9177894600434, 357.9177894600434, 357.7720845430158, 357.7720845430158, 357.229905626009, 357.229905626009, 356.8582699589897, 356.8582699589897, 356.5708392090164, 356.5708392090164, 356.309504001023, 356.309504001023, 355.9639677920495, 355.9639677920495, 355.6662496670324, 355.6662496670324, 355.24678470904473, 355.24678470904473, 354.90571625102893, 354.90571625102893, 354.55796212604037, 354.55796212604037, 354.1825408760342, 354.1825408760342, 353.4638312100433, 353.4638312100433, 353.01751208506175, 353.01751208506175, 352.5054910440522, 352.5054910440522, 351.42986279402976, 351.42986279402976, 351.03483833602513, 351.03483833602513, 349.60575133602833, 349.60575133602833, 348.4600209190103, 348.4600209190103, 348.2756654190307, 348.2756654190307, 348.25507887703134, 348.25507887703134, 348.25244258501334], "a_moves_left": [39, 39, 38, 38, 37, 37, 36, 36, 35, 35, 34, 34, 33, 33, 32, 32, 31, 31, 30, 30, 29, 29, 28, 28, 27, 27, 26, 26, 25, 25, 24, 24, 23, 23, 22, 22, 21, 21, 20, 20, 19, 19, 18, 18, 17, 17, 16, 16, 15, 15, 14, 14, 13, 13, 12, 12, 11, 11, 10, 10, 9, 9, 8, 8, 7, 7, 6, 6, 5, 5, 4, 4, 3, 3, 2, 2, 1, 1, 0, 0], "b_moves_left": [40, 39, 39, 38, 38, 37, 37, 36, 36, 35, 35, 34, 34, 33, 33, 32, 32, 31, 31, 30, 30, 29, 29, 28, 28, 27, 27, 26, 26, 25, 25, 24, 24, 23, 23, 22, 22, 21, 21, 20, 20, 19, 19, 18, 18, 17, 17, 16, 16, 15, 15, 14, 14, 13, 13, 12, 12, 11, 11, 10, 10, 9, 9, 8, 8, 7, 7, 6, 6, 5, 5, 4, 4, 3, 3, 2, 2, 1, 1, 0], "trapdoor_triggered": [0, 0, 0, 0, 0, 0, 0, 0, 0, 0, 0, 0, 0, 0, 0, 0, 0, 0, 0, 0, 0, 0, 0, 0, 0, 0, 0, 0, 0, 0, 0, 0, 0, 0, 1, 0, 0, 0, 0, 0, 0, 0, 0, 0, 0, 0, 0, 0, 0, 0, 0, 0, 0, 0, 0, 0, 0, 0, 0, 1, 0, 0, 0, 0, 0, 0, 0, 0, 0, 0, 0, 0, 0, 0, 0, 0, 0, 0, 0, 0], "left_behind": ["egg", "egg", "plain", "plain", "egg", "egg", "plain", "plain", "egg", "egg", "plain", "plain", "egg", "egg", "plain", "turd", "egg", "egg", "plain", "plain", "egg", "egg", "plain", "turd", "egg", "egg", "plain", "turd", "egg", "egg", "plain", "plain", "egg", "egg", "plain", "plain", "plain", "egg", "plain", "plain", "plain", "egg", "plain", "plain", "plain", "egg", "plain", "plain", "plain", "egg", "plain", "plain", "plain", "egg", "plain", "plain", "plain", "egg", "plain", "plain", "plain", "plain", "plain", "plain", "plain", "egg", "plain", "plain", "plain", "egg", "plain", "plain", "plain", "plain", "plain", "turd", "plain", "plain", "plain", "turd"], "errlog_a": "", "errlog_b": "", "start_time": 360, "start_moves": 40, "turn_count": 80, "result": 1, "reason": "EGGS_LAID", "trapdoors": [[4, 2], [4, 3]], "spawn_a": [7, 1], "spawn_b": [0, 1]}