{"pos": [[0, 3], [7, 3], [0, 2], [6, 3], [0, 1], [5, 3], [0, 0], [5, 2], [1, 0], [4, 2], [2, 0], [4, 1], [2, 1], [3, 1], [2, 2], [2, 1], [1, 2], [3, 1], [1, 1], [3, 0], [1, 2], [3, 1], [1, 3], [3, 2], [1, 4], [3, 3], [1, 5], [4, 3], [1, 6], [4, 4], [2, 6], [4, 5], [3, 6], [4, 6], [3, 7], [4, 7], [2, 7], [4, 6], [1, 7], [5, 6], [1, 6], [6, 6], [0, 6], [6, 5], [0, 5], [7, 5], [0, 4], [7, 6], [1, 4], [7, 7], [2, 4], [6, 7], [1, 4], [6, 6], [1, 3], [6, 5], [1, 4], [6, 4], [1, 3], [6, 3], [1, 4], [6, 2], [1, 3], [6, 1], [1, 4], [6, 0], [1, 3], [7, 0], [1, 4], [7, 1], [1, 3], [7, 2], [1, 4], [6, 2], [1, 3], [6, 3], [1, 4], [6, 2], [1, 3], [6, 1]], "a_eggs_laid": [1, 1, 1, 1, 2, 2, 2, 2, 5, 5, 5, 5, 6, 6, 6, 6, 7, 7, 7, 7, 8, 8, 8, 8, 9, 9, 9, 9, 10, 10, 10, 10, 11, 11, 11, 11, 12, 12, 12, 12, 13, 13, 13, 13, 14, 14, 14, 14, 14, 14, 14, 14, 15, 15, 15, 15, 15, 15, 15, 15, 15, 15, 15, 15, 15, 15, 15, 15, 15, 15, 15, 15, 15, 15, 15, 15, 15, 15, 15, 15], "b_eggs_laid": [0, 1, 1, 1, 1, 2, 2, 2, 2, 3, 3, 3, 3, 4, 4, 4, 4, 5, 5, 5, 5, 6, 6, 6, 6, 7, 7, 7, 7, 8, 8, 8, 8, 9, 9, 9, 9, 10, 10, 10, 10, 11, 11, 11, 11, 12, 12, 12, 12, 13, 13, 13, 13, 14, 14, 14, 14, 14, 14, 14, 14, 14, 14, 14, 14, 15, 15, 15, 15, 18, 18, 18, 18, 19, 19, 19, 19, 19, 19, 19], "a_turds_left": [5, 5, 5, 5, 5, 5, 5, 5, 5, 5, 5, 5, 5, 5, 5, 5, 5, 5, 5, 5, 5, 5, 5, 5, 5, 5, 5, 5, 5, 5, 5, 5, 5, 5, 5, 5, 5, 5, 5, 5, 5, 5, 5, 5, 5, 5, 5, 5, 5, 5, 5, 5, 5, 5, 5, 5, 5, 5, 5, 5, 5, 5, 5, 5, 5, 5, 5, 5, 5, 5, 5, 5, 5, 5, 5, 5, 5, 5, 5, 5], "b_turds_left": [5, 5, 5, 5, 5, 5, 5, 5, 5, 5, 5, 4, 4, 4, 4, 3, 3, 3, 3, 3, 3, 3, 3, 3, 3, 3, 3, 2, 2, 2, 2, 1, 1, 1, 1, 1, 1, 1, 1, 1, 1, 1, 1, 1, 1, 1, 1, 1, 1, 1, 1, 1, 1, 1, 1, 1, 1, 1, 1, 1, 1, 1, 1, 1, 1, 1, 1, 1, 1, 1, 1, 1, 1, 1, 1, 1, 1, 1, 1, 0], "a_time_left": [359.94611629098654, 359.94611629098654, 359.9168265830085, 359.9168265830085, 359.8710773740022, 359.8710773740022, 359.7695318739861, 359.7695318739861, 359.73820312396856, 359.73820312396856, 359.7085382899677, 359.7085382899677, 359.66004091495415, 359.66004091495415, 359.6451647489448, 359.6451647489448, 359.6277178329474, 359.6277178329474, 359.6033419579617, 359.6033419579617, 359.5780947909516, 359.5780947909516, 359.55251670695725, 359.55251670695725, 359.4949220819399, 359.4949220819399, 359.4507144569361, 359.4507144569361, 359.3757444159128, 359.3757444159128, 359.3378383748932, 359.3378383748932, 359.2664988328761, 359.2664988328761, 359.25548299986986, 359.25548299986986, 359.24341162486235, 359.24341162486235, 359.2223036248761, 359.2223036248761, 359.17791474988917, 359.17791474988917, 359.14781904188567, 359.14781904188567, 359.10489279188914, 359.10489279188914, 359.0869984168967, 359.0869984168967, 359.0740119998809, 359.0740119998809, 359.0547303748899, 359.0547303748899, 359.03010095789796, 359.03010095789796, 358.9994745419244, 358.9994745419244, 358.99156291692634, 358.99156291692634, 358.96039712490165, 358.96039712490165, 358.952525291912, 358.952525291912, 358.9241137499048, 358.9241137499048, 358.90491274988744, 358.90491274988744, 358.88143945788033, 358.88143945788033, 358.87273216588073, 358.87273216588073, 358.84965091588674, 358.84965091588674, 358.83562812488526, 358.83562812488526, 358.8017077498953, 358.8017077498953, 358.79396045790054, 358.79396045790054, 358.78467608289793, 358.78467608289793], "b_time_left": [360, 359.94820750001236, 359.94820750001236, 359.9157038750127, 359.9157038750127, 359.85580041701905, 359.85580041701905, 359.8233022080385, 359.8233022080385, 359.76907258303254, 359.76907258303254, 359.7226130410272, 359.7226130410272, 359.6657948330394, 359.6657948330394, 359.6353535830276, 359.6353535830276, 359.6169169580389, 359.6169169580389, 359.60054300003685, 359.60054300003685, 359.5766126670351, 359.5766126670351, 359.5550216260599, 359.5550216260599, 359.51778146007564, 359.51778146007564, 359.46723287706845, 359.46723287706845, 359.4189160850656, 359.4189160850656, 359.3783755020704, 359.3783755020704, 359.34322516809334, 359.34322516809334, 359.32387116810423, 359.32387116810423, 359.3019550011086, 359.3019550011086, 359.2770178341307, 359.2770178341307, 359.2323960841168, 359.2323960841168, 359.20116170911933, 359.20116170911933, 359.1452947501093, 359.1452947501093, 359.12288495810935, 359.12288495810935, 359.08417187511805, 359.08417187511805, 359.0735272501188, 359.0735272501188, 359.0370282091317, 359.0370282091317, 359.0052372921491, 359.0052372921491, 358.9476794581569, 358.9476794581569, 358.92338591616135, 358.92338591616135, 358.86405362415826, 358.86405362415826, 358.8315979161416, 358.8315979161416, 358.76427370714373, 358.76427370714373, 358.7427365401527, 358.7427365401527, 358.7089709151478, 358.7089709151478, 358.6866972061689, 358.6866972061689, 358.6384814151679, 358.6384814151679, 358.603150998184, 358.603150998184, 358.5858650401642, 358.5858650401642, 358.58429633118794], "a_moves_left": [39, 39, 38, 38, 37, 37, 36, 36, 35, 35, 34, 34, 33, 33, 32, 32, 31, 31, 30, 30, 29, 29, 28, 28, 27, 27, 26, 26, 25, 25, 24, 24, 23, 23, 22, 22, 21, 21, 20, 20, 19, 19, 18, 18, 17, 17, 16, 16, 15, 15, 14, 14, 13, 13, 12, 12, 11, 11, 10, 10, 9, 9, 8, 8, 7, 7, 6, 6, 5, 5, 4, 4, 3, 3, 2, 2, 1, 1, 0, 0], "b_moves_left": [40, 39, 39, 38, 38, 37, 37, 36, 36, 35, 35, 34, 34, 33, 33, 32, 32, 31, 31, 30, 30, 29, 29, 28, 28, 27, 27, 26, 26, 25, 25, 24, 24, 23, 23, 22, 22, 21, 21, 20, 20, 19, 19, 18, 18, 17, 17, 16, 16, 15, 15, 14, 14, 13, 13, 12, 12, 11, 11, 10, 10, 9, 9, 8, 8, 7, 7, 6, 6, 5, 5, 4, 4, 3, 3, 2, 2, 1, 1, 0], "trapdoor_triggered": [0, 0, 0, 0, 0, 0, 0, 0, 0, 0, 0, 0, 0, 0, 0, 0, 0, 0, 0, 0, 0, 0, 0, 0, 0, 0, 0, 0, 0, 0, 0, 0, 0, 0, 0, 0, 0, 0, 0, 0, 0, 0, 0, 0, 0, 0, 0, 0, 0, 0, 0, 0, 0, 0, 0, 0, 0, 0, 0, 0, 0, 0, 0, 0, 0, 0, 0, 0, 0, 0, 0, 0, 0, 0, 0, 0, 0, 0, 0, 0], "left_behind": ["egg", "egg", "plain", "plain", "egg", "egg", "plain", "plain", "egg", "egg", "plain", "turd", "egg", "egg", "plain", "turd", "egg", "egg", "plain", "plain", "egg", "egg", "plain", "plain", "egg", "egg", "plain", "turd", "egg", "egg", "plain", "turd", "egg", "egg", "plain", "plain", "egg", "egg", "plain", "plain", "egg", "egg", "plain", "plain", "egg", "egg", "plain", "plain", "plain", "egg", "plain", "plain", "egg", "egg", "plain", "plain", "plain", "plain", "plain", "plain", "plain", "plain", "plain", "plain", "plain", "egg", "plain", "plain", "plain", "egg", "plain", "plain", "plain", "egg", "plain", "plain", "plain", "plain", "plain", "turd"], "errlog_a": "", "errlog_b": "", "start_time": 360, "start_moves": 40, "turn_count": 80, "result": 1, "reason": "EGGS_LAID", "trapdoors": [[3, 5], [5, 4]], "spawn_a": [0, 4], "spawn_b": [7, 4]}