{"pos": [[0, 1], [7, 1], [0, 0], [7, 0], [1, 0], [7, 1], [2, 0], [6, 1], [3, 0], [6, 2], [4, 0], [5, 2], [4, 1], [4, 2], [3, 1], [3, 2], [2, 1], [2, 2], [1, 1], [1, 2], [1, 0], [1, 3], [2, 0], [1, 4], [3, 0], [1, 5], [4, 0], [1, 6], [5, 0], [1, 7], [6, 0], [0, 7], [5, 0], [1, 7], [5, 1], [2, 7], [5, 0], [2, 6], [6, 0], [3, 6], [5, 0], [4, 6], [6, 0], [5, 6], [5, 0], [5, 5], [6, 0], [5, 4], [5, 0], [5, 3], [6, 0], [4, 3], [5, 0], [4, 4], [6, 0], [3, 4], [5, 0], [4, 4], [6, 0], [4, 5], [5, 0], [5, 5], [6, 0], [6, 5], [5, 0], [6, 4], [6, 0], [7, 4], [5, 0], [7, 5], [6, 0], [7, 6], [5, 0], [7, 7], [6, 0], [7, 6], [5, 0], [7, 5], [6, 0], [7, 4]], "a_eggs_laid": [1, 1, 1, 1, 4, 4, 4, 4, 5, 5, 5, 5, 6, 6, 6, 6, 7, 7, 7, 7, 8, 8, 8, 8, 8, 8, 8, 8, 8, 8, 8, 8, 9, 9, 9, 9, 10, 10, 10, 10, 10, 10, 10, 10, 10, 10, 10, 10, 10, 10, 10, 10, 10, 10, 10, 10, 10, 10, 10, 10, 10, 10, 10, 10, 10, 10, 10, 10, 10, 10, 10, 10, 10, 10, 10, 10, 10, 10, 10, 10], "b_eggs_laid": [0, 1, 1, 1, 1, 4, 4, 4, 4, 5, 5, 5, 5, 6, 6, 6, 6, 7, 7, 7, 7, 8, 8, 8, 8, 9, 9, 9, 9, 10, 10, 10, 10, 13, 13, 13, 13, 14, 14, 14, 14, 15, 15, 15, 15, 16, 16, 16, 16, 17, 17, 17, 17, 18, 18, 18, 18, 19, 19, 19, 19, 20, 20, 20, 20, 21, 21, 21, 21, 22, 22, 22, 22, 23, 23, 23, 23, 23, 23, 23], "a_turds_left": [5, 5, 5, 5, 5, 5, 5, 5, 5, 5, 5, 5, 5, 5, 5, 5, 5, 5, 5, 5, 5, 5, 5, 5, 5, 5, 5, 5, 5, 5, 5, 5, 5, 5, 5, 5, 5, 5, 5, 5, 5, 5, 5, 5, 5, 5, 5, 5, 5, 5, 5, 5, 5, 5, 5, 5, 5, 5, 5, 5, 5, 5, 5, 5, 5, 5, 5, 5, 5, 5, 5, 5, 5, 5, 5, 5, 5, 5, 5, 5], "b_turds_left": [5, 5, 5, 5, 5, 5, 5, 5, 5, 5, 5, 4, 4, 4, 4, 3, 3, 3, 3, 2, 2, 2, 2, 1, 1, 1, 1, 1, 1, 1, 1, 1, 1, 1, 1, 1, 1, 1, 1, 1, 1, 1, 1, 1, 1, 1, 1, 1, 1, 1, 1, 1, 1, 1, 1, 1, 1, 1, 1, 1, 1, 1, 1, 1, 1, 1, 1, 1, 1, 1, 1, 1, 1, 1, 1, 0, 0, 0, 0, 0], "a_time_left": [359.9431708329939, 359.9431708329939, 359.9185929579835, 359.9185929579835, 359.9022170409735, 359.9022170409735, 359.87224995798897, 359.87224995798897, 359.82080020799185, 359.82080020799185, 359.7852416669775, 359.7852416669775, 359.74059445897, 359.74059445897, 359.7258652089804, 359.7258652089804, 359.70680062597967, 359.70680062597967, 359.69304600098985, 359.69304600098985, 359.68110770898056, 359.68110770898056, 359.6608601259941, 359.6608601259941, 359.65029245900223, 359.65029245900223, 359.63109300099313, 359.63109300099313, 359.6220550010039, 359.6220550010039, 359.60701808400336, 359.60701808400336, 359.5995548760111, 359.5995548760111, 359.58552975099883, 359.58552975099883, 359.5752411680005, 359.5752411680005, 359.5581677930022, 359.5581677930022, 359.5532876260113, 359.5532876260113, 359.5360337100283, 359.5360337100283, 359.5311910850287, 359.5311910850287, 359.51335191802355, 359.51335191802355, 359.508133085008, 359.508133085008, 359.4908845429891, 359.4908845429891, 359.48545241798274, 359.48545241798274, 359.4678236269974, 359.4678236269974, 359.46273995999945, 359.46273995999945, 359.44510891800746, 359.44510891800746, 359.44001720900997, 359.44001720900997, 359.42281891801395, 359.42281891801395, 359.41794983501313, 359.41794983501313, 359.4007786690199, 359.4007786690199, 359.3966145860031, 359.3966145860031, 359.38357175301644, 359.38357175301644, 359.37963271100307, 359.37963271100307, 359.37051083601546, 359.37051083601546, 359.3685817530204, 359.3685817530204, 359.3658742530097, 359.3658742530097], "b_time_left": [360, 359.8063904999872, 359.8063904999872, 359.4495328749763, 359.4495328749763, 359.22348154196516, 359.22348154196516, 358.6215577919502, 358.6215577919502, 358.21740908396896, 358.21740908396896, 357.3587768759753, 357.3587768759753, 356.9381517509755, 356.9381517509755, 356.12243487595697, 356.12243487595697, 355.87192091695033, 355.87192091695033, 355.37741762495716, 355.37741762495716, 355.24643516595825, 355.24643516595825, 354.88403379096417, 354.88403379096417, 354.59220216597896, 354.59220216597896, 354.3383603319817, 354.3383603319817, 354.1118028739875, 354.1118028739875, 354.0009060819866, 354.0009060819866, 353.9178341649822, 353.9178341649822, 353.8158251649875, 353.8158251649875, 353.64755987300305, 353.64755987300305, 353.5003135809966, 353.5003135809966, 353.2111125399824, 353.2111125399824, 353.0883601239766, 353.0883601239766, 352.8009263739805, 352.8009263739805, 352.6318996239861, 352.6318996239861, 352.281711248972, 352.281711248972, 352.0461483739782, 352.0461483739782, 351.76956824897206, 351.76956824897206, 351.55862391597475, 351.55862391597475, 351.1984190819785, 351.1984190819785, 351.0102456229797, 351.0102456229797, 350.6794380399806, 350.6794380399806, 350.5218734149821, 350.5218734149821, 350.24219553996227, 350.24219553996227, 350.09612170697073, 350.09612170697073, 349.8935458729684, 349.8935458729684, 349.79072087295935, 349.79072087295935, 349.60817170594237, 349.60817170594237, 349.5835239139269, 349.5835239139269, 349.57182241394185, 349.57182241394185, 349.57114258094225], "a_moves_left": [39, 39, 38, 38, 37, 37, 36, 36, 35, 35, 34, 34, 33, 33, 32, 32, 31, 31, 30, 30, 29, 29, 28, 28, 27, 27, 26, 26, 25, 25, 24, 24, 23, 23, 22, 22, 21, 21, 20, 20, 19, 19, 18, 18, 17, 17, 16, 16, 15, 15, 14, 14, 13, 13, 12, 12, 11, 11, 10, 10, 9, 9, 8, 8, 7, 7, 6, 6, 5, 5, 4, 4, 3, 3, 2, 2, 1, 1, 0, 0], "b_moves_left": [40, 39, 39, 38, 38, 37, 37, 36, 36, 35, 35, 34, 34, 33, 33, 32, 32, 31, 31, 30, 30, 29, 29, 28, 28, 27, 27, 26, 26, 25, 25, 24, 24, 23, 23, 22, 22, 21, 21, 20, 20, 19, 19, 18, 18, 17, 17, 16, 16, 15, 15, 14, 14, 13, 13, 12, 12, 11, 11, 10, 10, 9, 9, 8, 8, 7, 7, 6, 6, 5, 5, 4, 4, 3, 3, 2, 2, 1, 1, 0], "trapdoor_triggered": [0, 0, 0, 0, 0, 0, 0, 0, 0, 0, 0, 0, 0, 0, 0, 0, 0, 0, 0, 0, 0, 0, 0, 0, 0, 0, 0, 0, 0, 0, 0, 0, 0, 0, 0, 0, 0, 0, 0, 0, 0, 0, 0, 0, 0, 0, 0, 0, 0, 0, 0, 0, 0, 0, 0, 0, 0, 0, 0, 0, 0, 0, 0, 0, 0, 0, 0, 0, 0, 0, 0, 0, 0, 0, 0, 0, 0, 0, 0, 0], "left_behind": ["egg", "egg", "plain", "plain", "egg", "egg", "plain", "plain", "egg", "egg", "plain", "turd", "egg", "egg", "plain", "turd", "egg", "egg", "plain", "turd", "egg", "egg", "plain", "turd", "plain", "egg", "plain", "plain", "plain", "egg", "plain", "plain", "egg", "egg", "plain", "plain", "egg", "egg", "plain", "plain", "plain", "egg", "plain", "plain", "plain", "egg", "plain", "plain", "plain", "egg", "plain", "plain", "plain", "egg", "plain", "plain", "plain", "egg", "plain", "plain", "plain", "egg", "plain", "plain", "plain", "egg", "plain", "plain", "plain", "egg", "plain", "plain", "plain", "egg", "plain", "turd", "plain", "plain", "plain", "plain"], "errlog_a": "", "errlog_b": "", "start_time": 360, "start_moves": 40, "turn_count": 80, "result": 1, "reason": "EGGS_LAID", "trapdoors": [[3, 3], [2, 5]], "spawn_a": [0, 2], "spawn_b": [7, 2]}