{"pos": [[7, 2], [1, 1], [7, 3], [2, 1], [7, 2], [3, 1], [6, 2], [4, 1], [6, 3], [3, 1], [6, 4], [3, 2], [6, 5], [2, 2], [7, 5], [1, 2], [7, 6], [1, 3], [7, 7], [1, 4], [7, 6], [1, 5], [6, 6], [2, 5], [5, 6], [2, 6], [5, 7], [3, 6], [4, 7], [4, 6], [3, 7], [4, 7], [2, 7], [4, 6], [2, 6], [4, 5], [2, 7], [3, 5], [1, 7], [3, 4], [1, 6], [3, 3], [1, 5], [4, 3], [1, 6], [4, 2], [0, 6], [5, 2], [0, 5], [5, 1], [0, 4], [5, 0], [0, 5], [4, 0], [1, 5], [3, 0], [1, 6], [2, 0], [1, 5], [1, 0], [1, 6], [2, 0], [1, 5], [3, 0], [1, 6], [4, 0], [1, 5], [5, 0], [1, 6], [6, 0], [1, 5], [7, 0], [1, 6], [6, 0], [1, 5], [6, 1], [1, 6], [6, 0], [1, 5], [7, 0]], "a_eggs_laid": [1, 1, 1, 1, 2, 2, 2, 2, 3, 3, 3, 3, 4, 4, 4, 4, 5, 5, 5, 5, 8, 8, 8, 8, 9, 9, 9, 9, 10, 10, 10, 10, 11, 11, 11, 11, 12, 12, 12, 12, 13, 13, 13, 13, 14, 14, 14, 14, 15, 15, 15, 15, 16, 16, 16, 16, 16, 16, 16, 16, 16, 16, 16, 16, 16, 16, 16, 16, 16, 16, 16, 16, 16, 16, 16, 16, 16, 16, 16, 16], "b_eggs_laid": [0, 1, 1, 1, 1, 2, 2, 2, 2, 3, 3, 3, 3, 4, 4, 4, 4, 5, 5, 5, 5, 6, 6, 6, 6, 7, 7, 7, 7, 8, 8, 8, 8, 9, 9, 9, 9, 10, 10, 10, 10, 11, 11, 11, 11, 12, 12, 12, 12, 13, 13, 13, 13, 14, 14, 14, 14, 15, 15, 15, 15, 16, 16, 16, 16, 16, 16, 16, 16, 16, 16, 16, 16, 19, 19, 19, 19, 20, 20, 20], "a_turds_left": [5, 5, 5, 5, 5, 5, 5, 5, 5, 5, 5, 5, 5, 5, 5, 5, 5, 5, 5, 5, 5, 5, 5, 5, 5, 5, 5, 5, 5, 5, 5, 5, 5, 5, 5, 5, 5, 5, 5, 5, 5, 5, 5, 5, 5, 5, 5, 5, 5, 5, 5, 5, 5, 5, 5, 5, 5, 5, 5, 5, 5, 5, 5, 5, 5, 5, 5, 5, 5, 5, 5, 5, 5, 5, 5, 5, 5, 5, 5, 5], "b_turds_left": [5, 5, 5, 4, 4, 4, 4, 3, 3, 3, 3, 3, 3, 3, 3, 2, 2, 2, 2, 1, 1, 1, 1, 1, 1, 1, 1, 1, 1, 1, 1, 1, 1, 1, 1, 1, 1, 1, 1, 1, 1, 1, 1, 1, 1, 1, 1, 1, 1, 1, 1, 1, 1, 1, 1, 1, 1, 1, 1, 1, 1, 1, 1, 1, 1, 1, 1, 1, 1, 1, 1, 1, 1, 1, 1, 1, 1, 1, 1, 0], "a_time_left": [359.96520299999975, 359.96520299999975, 359.93409220900503, 359.93409220900503, 359.89342125100666, 359.89342125100666, 359.87509729200974, 359.87509729200974, 359.83755962600117, 359.83755962600117, 359.82036937598605, 359.82036937598605, 359.7742370419728, 359.7742370419728, 359.74542616697727, 359.74542616697727, 359.7154633339669, 359.7154633339669, 359.69712041696766, 359.69712041696766, 359.67804599998635, 359.67804599998635, 359.6619995839719, 359.6619995839719, 359.624364333984, 359.624364333984, 359.60094058400136, 359.60094058400136, 359.5758574170177, 359.5758574170177, 359.57198779203463, 359.57198779203463, 359.5696130010474, 359.5696130010474, 359.55674083402846, 359.55674083402846, 359.5385753340379, 359.5385753340379, 359.523655667057, 359.523655667057, 359.4934312920668, 359.4934312920668, 359.4742450840713, 359.4742450840713, 359.45534708406194, 359.45534708406194, 359.4382264170854, 359.4382264170854, 359.41896304208785, 359.41896304208785, 359.40866633408586, 359.40866633408586, 359.40169470908586, 359.40169470908586, 359.3929696260893, 359.3929696260893, 359.38866166808293, 359.38866166808293, 359.3755181680899, 359.3755181680899, 359.37151046007057, 359.37151046007057, 359.35871037706966, 359.35871037706966, 359.3561979600927, 359.3561979600927, 359.34326912710094, 359.34326912710094, 359.34007521008607, 359.34007521008607, 359.32916421009577, 359.32916421009577, 359.32713121009874, 359.32713121009874, 359.3165966681263, 359.3165966681263, 359.312695793109, 359.312695793109, 359.3085372511123, 359.3085372511123], "b_time_left": [360, 359.95585795800434, 359.95585795800434, 359.9171399580082, 359.9171399580082, 359.88555075001204, 359.88555075001204, 359.8573497500038, 359.8573497500038, 359.8165970000264, 359.8165970000264, 359.8027079590247, 359.8027079590247, 359.75260158401215, 359.75260158401215, 359.72604766802397, 359.72604766802397, 359.69406896000146, 359.69406896000146, 359.67749658500543, 359.67749658500543, 359.6482951680082, 359.6482951680082, 359.62332525200327, 359.62332525200327, 359.57293696000124, 359.57293696000124, 359.5536190439889, 359.5536190439889, 359.53671650297474, 359.53671650297474, 359.52818729399587, 359.52818729399587, 359.52133079399937, 359.52133079399937, 359.50866862700786, 359.50866862700786, 359.4795375850226, 359.4795375850226, 359.46182750101434, 359.46182750101434, 359.42439533400466, 359.42439533400466, 359.40990900000907, 359.40990900000907, 359.3688527090126, 359.3688527090126, 359.3497698340216, 359.3497698340216, 359.326919876039, 359.326919876039, 359.3195817510132, 359.3195817510132, 359.29510520902113, 359.29510520902113, 359.29035620903596, 359.29035620903596, 359.2634859170357, 359.2634859170357, 359.25861625003745, 359.25861625003745, 359.2361941670533, 359.2361941670533, 359.2318024170527, 359.2318024170527, 359.2235789580445, 359.2235789580445, 359.21950470804586, 359.21950470804586, 359.20776900005876, 359.20776900005876, 359.20387383404886, 359.20387383404886, 359.1940485420346, 359.1940485420346, 359.19014887503, 359.19014887503, 359.18182120801066, 359.18182120801066, 359.1812674580142], "a_moves_left": [39, 39, 38, 38, 37, 37, 36, 36, 35, 35, 34, 34, 33, 33, 32, 32, 31, 31, 30, 30, 29, 29, 28, 28, 27, 27, 26, 26, 25, 25, 24, 24, 23, 23, 22, 22, 21, 21, 20, 20, 19, 19, 18, 18, 17, 17, 16, 16, 15, 15, 14, 14, 13, 13, 12, 12, 11, 11, 10, 10, 9, 9, 8, 8, 7, 7, 6, 6, 5, 5, 4, 4, 3, 3, 2, 2, 1, 1, 0, 0], "b_moves_left": [40, 39, 39, 38, 38, 37, 37, 36, 36, 35, 35, 34, 34, 33, 33, 32, 32, 31, 31, 30, 30, 29, 29, 28, 28, 27, 27, 26, 26, 25, 25, 24, 24, 23, 23, 22, 22, 21, 21, 20, 20, 19, 19, 18, 18, 17, 17, 16, 16, 15, 15, 14, 14, 13, 13, 12, 12, 11, 11, 10, 10, 9, 9, 8, 8, 7, 7, 6, 6, 5, 5, 4, 4, 3, 3, 2, 2, 1, 1, 0], "trapdoor_triggered": [0, 0, 0, 0, 0, 0, 0, 0, 0, 0, 0, 0, 0, 0, 0, 0, 0, 0, 0, 0, 0, 0, 0, 0, 0, 0, 0, 0, 0, 0, 0, 0, 0, 0, 0, 0, 0, 0, 0, 0, 0, 0, 0, 0, 0, 0, 0, 0, 0, 0, 0, 0, 0, 0, 0, 0, 0, 0, 0, 0, 0, 0, 0, 0, 0, 0, 0, 0, 0, 0, 0, 0, 0, 0, 0, 0, 0, 0, 0, 0], "left_behind": ["egg", "egg", "plain", "turd", "egg", "egg", "plain", "turd", "egg", "egg", "plain", "plain", "egg", "egg", "plain", "turd", "egg", "egg", "plain", "turd", "egg", "egg", "plain", "plain", "egg", "egg", "plain", "plain", "egg", "egg", "plain", "plain", "egg", "egg", "plain", "plain", "egg", "egg", "plain", "plain", "egg", "egg", "plain", "plain", "egg", "egg", "plain", "plain", "egg", "egg", "plain", "plain", "egg", "egg", "plain", "plain", "plain", "egg", "plain", "plain", "plain", "egg", "plain", "plain", "plain", "plain", "plain", "plain", "plain", "plain", "plain", "plain", "plain", "egg", "plain", "plain", "plain", "egg", "plain", "turd"], "errlog_a": "", "errlog_b": "", "start_time": 360, "start_moves": 40, "turn_count": 80, "result": 1, "reason": "EGGS_LAID", "trapdoors": [[5, 5], [2, 3]], "spawn_a": [7, 1], "spawn_b": [0, 1]}