{"pos": [[7, 4], [1, 5], [7, 3], [1, 4], [7, 2], [1, 3], [7, 1], [2, 3], [7, 2], [3, 3], [6, 2], [4, 3], [6, 1], [5, 3], [6, 0], [5, 4], [6, 1], [5, 5], [5, 1], [4, 5], [5, 0], [4, 6], [4, 0], [3, 6], [4, 1], [3, 5], [3, 1], [2, 5], [3, 0], [2, 6], [2, 0], [2, 7], [2, 1], [2, 6], [1, 1], [1, 6], [1, 0], [1, 7], [0, 0], [0, 7], [1, 0], [0, 6], [2, 0], [1, 6], [3, 0], [2, 6], [4, 0], [3, 6], [5, 0], [4, 6], [6, 0], [5, 6], [7, 0], [5, 5], [7, 1], [6, 5], [7, 0], [6, 6], [7, 1], [7, 6], [7, 0], [7, 7], [7, 1], [6, 7], [7, 0], [5, 7], [7, 1], [4, 7], [7, 0], [4, 6], [7, 1], [4, 5], [7, 0], [0, 5], [7, 1], [0, 4], [7, 0], [0, 3], [7, 1], [0, 2]], "a_eggs_laid": [1, 1, 1, 1, 2, 2, 2, 2, 3, 3, 3, 3, 4, 4, 4, 4, 5, 5, 5, 5, 6, 6, 6, 6, 7, 7, 7, 7, 8, 8, 8, 8, 9, 9, 9, 9, 10, 10, 10, 10, 13, 13, 13, 13, 13, 13, 13, 13, 13, 13, 13, 13, 13, 13, 13, 13, 13, 13, 13, 13, 13, 13, 13, 13, 13, 13, 13, 13, 13, 13, 13, 13, 13, 13, 17, 17, 17, 17, 17, 17], "b_eggs_laid": [0, 1, 1, 1, 1, 2, 2, 2, 2, 3, 3, 3, 3, 4, 4, 4, 4, 5, 5, 5, 5, 6, 6, 6, 6, 7, 7, 7, 7, 8, 8, 8, 8, 9, 9, 9, 9, 10, 10, 10, 10, 13, 13, 13, 13, 13, 13, 13, 13, 13, 13, 13, 13, 14, 14, 14, 14, 15, 15, 15, 15, 16, 16, 16, 16, 17, 17, 17, 17, 18, 18, 18, 18, 18, 18, 18, 18, 18, 18, 19], "a_turds_left": [5, 5, 5, 5, 5, 5, 5, 5, 5, 5, 5, 5, 5, 5, 5, 5, 5, 5, 5, 5, 5, 5, 5, 5, 5, 5, 5, 5, 5, 5, 5, 5, 5, 5, 5, 5, 5, 5, 5, 5, 5, 5, 5, 5, 5, 5, 5, 5, 5, 5, 5, 5, 5, 5, 5, 5, 5, 5, 5, 5, 5, 5, 5, 5, 5, 5, 5, 5, 5, 5, 5, 5, 5, 5, 5, 5, 5, 5, 5, 5], "b_turds_left": [5, 5, 5, 4, 4, 4, 4, 3, 3, 3, 3, 2, 2, 2, 2, 1, 1, 1, 1, 1, 1, 1, 1, 1, 1, 1, 1, 1, 1, 1, 1, 1, 1, 1, 1, 1, 1, 1, 1, 1, 1, 1, 1, 1, 1, 1, 1, 1, 1, 1, 1, 1, 1, 1, 1, 1, 1, 1, 1, 1, 1, 1, 1, 1, 1, 1, 1, 1, 1, 1, 1, 1, 1, 1, 1, 1, 1, 0, 0, 0], "a_time_left": [359.9534129999811, 359.9534129999811, 359.91205695897224, 359.91205695897224, 359.86506537595415, 359.86506537595415, 359.834275917965, 359.834275917965, 359.77966408396605, 359.77966408396605, 359.74926879195846, 359.74926879195846, 359.6834375829785, 359.6834375829785, 359.64149170796736, 359.64149170796736, 359.59726516596857, 359.59726516596857, 359.56331233197125, 359.56331233197125, 359.5162237069744, 359.5162237069744, 359.4918942069635, 359.4918942069635, 359.44689145698794, 359.44689145698794, 359.4095911649929, 359.4095911649929, 359.3627652069845, 359.3627652069845, 359.3337283319852, 359.3337283319852, 359.2985892899742, 359.2985892899742, 359.2646803309908, 359.2646803309908, 359.2153748309938, 359.2153748309938, 359.1961141649808, 359.1961141649808, 359.18056037297356, 359.18056037297356, 359.16299583096406, 359.16299583096406, 359.1538518309535, 359.1538518309535, 359.12844616395887, 359.12844616395887, 359.1212531639612, 359.1212531639612, 359.10009553894633, 359.10009553894633, 359.0864741229452, 359.0864741229452, 359.0714152069413, 359.0714152069413, 359.06052504092804, 359.06052504092804, 359.0448417489242, 359.0448417489242, 359.0350069159176, 359.0350069159176, 359.0259592909133, 359.0259592909133, 359.01538791591884, 359.01538791591884, 359.00293229089584, 359.00293229089584, 358.99234341588453, 358.99234341588453, 358.9741961658583, 358.9741961658583, 358.96740533286356, 358.96740533286356, 358.95914658287074, 358.95914658287074, 358.95054641587194, 358.95054641587194, 358.94702741585206, 358.94702741585206], "b_time_left": [360, 359.96129379200283, 359.96129379200283, 359.90635195799405, 359.90635195799405, 359.8578397499805, 359.8578397499805, 359.8055503749638, 359.8055503749638, 359.7503917909635, 359.7503917909635, 359.68792270796257, 359.68792270796257, 359.63677554097376, 359.63677554097376, 359.5979517909582, 359.5979517909582, 359.52838162495755, 359.52838162495755, 359.481558749947, 359.481558749947, 359.41777220895165, 359.41777220895165, 359.38070829195203, 359.38070829195203, 359.31642599997576, 359.31642599997576, 359.2685351659602, 359.2685351659602, 359.21498008296476, 359.21498008296476, 359.17807187495055, 359.17807187495055, 359.1286844169663, 359.1286844169663, 359.0922217919724, 359.0922217919724, 359.0492571249779, 359.0492571249779, 359.0306615829759, 359.0306615829759, 359.01346620797995, 359.01346620797995, 358.9900053749734, 358.9900053749734, 358.95503116596956, 358.95503116596956, 358.9196950409678, 358.9196950409678, 358.86957129096845, 358.86957129096845, 358.8353924569674, 358.8353924569674, 358.7954001239559, 358.7954001239559, 358.7546079159656, 358.7546079159656, 358.7325549159723, 358.7325549159723, 358.6982654989697, 358.6982654989697, 358.67774528998416, 358.67774528998416, 358.662508747977, 358.662508747977, 358.6401682479773, 358.6401682479773, 358.613743289985, 358.613743289985, 358.5988832069852, 358.5988832069852, 358.5610004980117, 358.5610004980117, 358.5395435820101, 358.5395435820101, 358.52076458203373, 358.52076458203373, 358.5069369150151, 358.5069369150151, 358.50635658201645], "a_moves_left": [39, 39, 38, 38, 37, 37, 36, 36, 35, 35, 34, 34, 33, 33, 32, 32, 31, 31, 30, 30, 29, 29, 28, 28, 27, 27, 26, 26, 25, 25, 24, 24, 23, 23, 22, 22, 21, 21, 20, 20, 19, 19, 18, 18, 17, 17, 16, 16, 15, 15, 14, 14, 13, 13, 12, 12, 11, 11, 10, 10, 9, 9, 8, 8, 7, 7, 6, 6, 5, 5, 4, 4, 3, 3, 2, 2, 1, 1, 0, 0], "b_moves_left": [40, 39, 39, 38, 38, 37, 37, 36, 36, 35, 35, 34, 34, 33, 33, 32, 32, 31, 31, 30, 30, 29, 29, 28, 28, 27, 27, 26, 26, 25, 25, 24, 24, 23, 23, 22, 22, 21, 21, 20, 20, 19, 19, 18, 18, 17, 17, 16, 16, 15, 15, 14, 14, 13, 13, 12, 12, 11, 11, 10, 10, 9, 9, 8, 8, 7, 7, 6, 6, 5, 5, 4, 4, 3, 3, 2, 2, 1, 1, 0], "trapdoor_triggered": [0, 0, 0, 0, 0, 0, 0, 0, 0, 0, 0, 0, 0, 0, 0, 0, 0, 0, 0, 0, 0, 0, 0, 0, 0, 0, 0, 0, 0, 0, 0, 0, 0, 0, 0, 0, 0, 0, 0, 0, 0, 0, 0, 0, 0, 0, 0, 0, 0, 0, 0, 0, 0, 0, 0, 0, 0, 0, 0, 0, 0, 0, 0, 0, 0, 0, 0, 0, 0, 0, 0, 0, 0, 1, 0, 0, 0, 0, 0, 0], "left_behind": ["egg", "egg", "plain", "turd", "egg", "egg", "plain", "turd", "egg", "egg", "plain", "turd", "egg", "egg", "plain", "turd", "egg", "egg", "plain", "plain", "egg", "egg", "plain", "plain", "egg", "egg", "plain", "plain", "egg", "egg", "plain", "plain", "egg", "egg", "plain", "plain", "egg", "egg", "plain", "plain", "egg", "egg", "plain", "plain", "plain", "plain", "plain", "plain", "plain", "plain", "plain", "plain", "plain", "egg", "plain", "plain", "plain", "egg", "plain", "plain", "plain", "egg", "plain", "plain", "plain", "egg", "plain", "plain", "plain", "egg", "plain", "plain", "plain", "plain", "plain", "plain", "plain", "turd", "plain", "egg"], "errlog_a": "", "errlog_b": "", "start_time": 360, "start_moves": 40, "turn_count": 80, "result": 1, "reason": "EGGS_LAID", "trapdoors": [[4, 4], [3, 4]], "spawn_a": [7, 5], "spawn_b": [0, 5]}