{"pos": [[7, 2], [1, 1], [7, 3], [1, 2], [7, 2], [1, 3], [6, 2], [1, 4], [6, 1], [2, 4], [6, 0], [2, 5], [6, 1], [2, 6], [5, 1], [3, 6], [5, 2], [4, 6], [5, 3], [4, 5], [6, 3], [5, 5], [6, 4], [6, 5], [7, 4], [6, 6], [7, 5], [7, 6], [7, 4], [6, 6], [7, 3], [5, 6], [7, 2], [5, 7], [7, 1], [4, 7], [7, 2], [3, 7], [7, 1], [2, 7], [7, 2], [2, 6], [7, 1], [1, 6], [7, 2], [1, 5], [7, 1], [0, 5], [7, 2], [0, 4], [7, 1], [0, 3], [7, 2], [1, 3], [7, 1], [2, 3], [7, 2], [2, 2], [7, 1], [0, 1], [7, 2], [1, 1], [7, 1], [2, 1], [7, 2], [3, 1], [7, 1], [4, 1], [7, 2], [4, 2], [7, 1], [4, 3], [7, 2], [4, 4], [7, 1], [5, 4], [7, 2], [5, 5], [7, 1], [5, 4]], "a_eggs_laid": [1, 1, 1, 1, 2, 2, 2, 2, 3, 3, 3, 3, 4, 4, 4, 4, 5, 5, 5, 5, 6, 6, 6, 6, 7, 7, 7, 7, 8, 8, 8, 8, 8, 8, 8, 8, 8, 8, 8, 8, 8, 8, 8, 8, 8, 8, 8, 8, 8, 8, 8, 8, 8, 8, 8, 8, 8, 8, 8, 8, 12, 12, 12, 12, 12, 12, 12, 12, 12, 12, 12, 12, 12, 12, 12, 12, 12, 12, 12, 12], "b_eggs_laid": [0, 1, 1, 1, 1, 2, 2, 2, 2, 3, 3, 3, 3, 4, 4, 4, 4, 5, 5, 5, 5, 6, 6, 6, 6, 7, 7, 7, 7, 8, 8, 8, 8, 9, 9, 9, 9, 10, 10, 10, 10, 11, 11, 11, 11, 12, 12, 12, 12, 13, 13, 13, 13, 14, 14, 14, 14, 15, 15, 15, 15, 15, 15, 15, 15, 16, 16, 16, 16, 17, 17, 17, 17, 18, 18, 18, 18, 19, 19, 19], "a_turds_left": [5, 5, 5, 5, 5, 5, 5, 5, 5, 5, 5, 5, 5, 5, 5, 5, 5, 5, 5, 5, 5, 5, 5, 5, 5, 5, 5, 5, 5, 5, 5, 5, 5, 5, 5, 5, 5, 5, 5, 5, 5, 5, 5, 5, 5, 5, 5, 5, 5, 5, 5, 5, 5, 5, 5, 5, 5, 5, 5, 5, 5, 5, 5, 5, 5, 5, 5, 5, 5, 5, 5, 5, 5, 5, 5, 5, 5, 5, 5, 5], "b_turds_left": [5, 5, 5, 4, 4, 4, 4, 3, 3, 3, 3, 2, 2, 2, 2, 1, 1, 1, 1, 1, 1, 1, 1, 1, 1, 1, 1, 1, 1, 1, 1, 1, 1, 1, 1, 1, 1, 1, 1, 1, 1, 1, 1, 1, 1, 1, 1, 1, 1, 1, 1, 1, 1, 1, 1, 1, 1, 1, 1, 1, 1, 1, 1, 1, 1, 1, 1, 1, 1, 1, 1, 1, 1, 1, 1, 1, 1, 1, 1, 0], "a_time_left": [359.9563567499863, 359.9563567499863, 359.90399762499146, 359.90399762499146, 359.8401192909805, 359.8401192909805, 359.798458706995, 359.798458706995, 359.64453245699406, 359.64453245699406, 359.5887927900185, 359.5887927900185, 359.5393467480317, 359.5393467480317, 359.50021979003213, 359.50021979003213, 359.43187133202446, 359.43187133202446, 359.3865122490097, 359.3865122490097, 359.3146190820262, 359.3146190820262, 359.27088766600355, 359.27088766600355, 359.2334198319877, 359.2334198319877, 359.19825183198554, 359.19825183198554, 359.1826944569766, 359.1826944569766, 359.13367024896434, 359.13367024896434, 359.1187131649931, 359.1187131649931, 359.09703624798567, 359.09703624798567, 359.08040562298265, 359.08040562298265, 359.05373495598906, 359.05373495598906, 359.0363609979686, 359.0363609979686, 359.01352249798947, 359.01352249798947, 358.9935219139734, 358.9935219139734, 358.9619619139703, 358.9619619139703, 358.9483466229576, 358.9483466229576, 358.92612591496436, 358.92612591496436, 358.90798328994424, 358.90798328994424, 358.8927912899526, 358.8927912899526, 358.87228949795826, 358.87228949795826, 358.83938741497695, 358.83938741497695, 358.82915045597474, 358.82915045597474, 358.80604070599657, 358.80604070599657, 358.78339474799577, 358.78339474799577, 358.7548139980063, 358.7548139980063, 358.7360569149896, 358.7360569149896, 358.7013487899967, 358.7013487899967, 358.68125824801973, 358.68125824801973, 358.6557954150194, 358.6557954150194, 358.63886104003177, 358.63886104003177, 358.6258997490222, 358.6258997490222], "b_time_left": [360, 359.85982583399164, 359.85982583399164, 359.70949858397944, 359.70949858397944, 359.5165662499785, 359.5165662499785, 359.3363147499913, 359.3363147499913, 359.15120212498005, 359.15120212498005, 359.02399241697276, 359.02399241697276, 358.82647808399634, 358.82647808399634, 358.6568419179821, 358.6568419179821, 358.45681720998255, 358.45681720998255, 358.2981338769896, 358.2981338769896, 358.12508050198085, 358.12508050198085, 357.9887292519852, 357.9887292519852, 357.9060476269806, 357.9060476269806, 357.85471608498483, 357.85471608498483, 357.7775032519712, 357.7775032519712, 357.7192437099584, 357.7192437099584, 357.5465737519553, 357.5465737519553, 357.4930921269406, 357.4930921269406, 357.3681626689213, 357.3681626689213, 357.32154512792476, 357.32154512792476, 357.22187012791983, 357.22187012791983, 357.180924502929, 357.180924502929, 357.0305242949398, 357.0305242949398, 356.9698907119455, 356.9698907119455, 356.85559700394515, 356.85559700394515, 356.8174574619625, 356.8174574619625, 356.7041518789774, 356.7041518789774, 356.6635678789753, 356.6635678789753, 356.5218342539738, 356.5218342539738, 356.44811237897375, 356.44811237897375, 356.41235492099077, 356.41235492099077, 356.3792962550069, 356.3792962550069, 356.2332732969953, 356.2332732969953, 356.1820544639777, 356.1820544639777, 356.0528993799817, 356.0528993799817, 356.00590183897293, 356.00590183897293, 355.87451792295906, 355.87451792295906, 355.81645229796413, 355.81645229796413, 355.7893556729541, 355.7893556729541, 355.78376258997014], "a_moves_left": [39, 39, 38, 38, 37, 37, 36, 36, 35, 35, 34, 34, 33, 33, 32, 32, 31, 31, 30, 30, 29, 29, 28, 28, 27, 27, 26, 26, 25, 25, 24, 24, 23, 23, 22, 22, 21, 21, 20, 20, 19, 19, 18, 18, 17, 17, 16, 16, 15, 15, 14, 14, 13, 13, 12, 12, 11, 11, 10, 10, 9, 9, 8, 8, 7, 7, 6, 6, 5, 5, 4, 4, 3, 3, 2, 2, 1, 1, 0, 0], "b_moves_left": [40, 39, 39, 38, 38, 37, 37, 36, 36, 35, 35, 34, 34, 33, 33, 32, 32, 31, 31, 30, 30, 29, 29, 28, 28, 27, 27, 26, 26, 25, 25, 24, 24, 23, 23, 22, 22, 21, 21, 20, 20, 19, 19, 18, 18, 17, 17, 16, 16, 15, 15, 14, 14, 13, 13, 12, 12, 11, 11, 10, 10, 9, 9, 8, 8, 7, 7, 6, 6, 5, 5, 4, 4, 3, 3, 2, 2, 1, 1, 0], "trapdoor_triggered": [0, 0, 0, 0, 0, 0, 0, 0, 0, 0, 0, 0, 0, 0, 0, 0, 0, 0, 0, 0, 0, 0, 0, 0, 0, 0, 0, 0, 0, 0, 0, 0, 0, 0, 0, 0, 0, 0, 0, 0, 0, 0, 0, 0, 0, 0, 0, 0, 0, 0, 0, 0, 0, 0, 0, 0, 0, 0, 0, 1, 0, 0, 0, 0, 0, 0, 0, 0, 0, 0, 0, 0, 0, 0, 0, 0, 0, 0, 0, 0], "left_behind": ["egg", "egg", "plain", "turd", "egg", "egg", "plain", "turd", "egg", "egg", "plain", "turd", "egg", "egg", "plain", "turd", "egg", "egg", "plain", "plain", "egg", "egg", "plain", "plain", "egg", "egg", "plain", "plain", "egg", "egg", "plain", "plain", "plain", "egg", "plain", "plain", "plain", "egg", "plain", "plain", "plain", "egg", "plain", "plain", "plain", "egg", "plain", "plain", "plain", "egg", "plain", "plain", "plain", "egg", "plain", "plain", "plain", "egg", "plain", "plain", "plain", "plain", "plain", "plain", "plain", "egg", "plain", "plain", "plain", "egg", "plain", "plain", "plain", "egg", "plain", "plain", "plain", "egg", "plain", "turd"], "errlog_a": "", "errlog_b": "", "start_time": 360, "start_moves": 40, "turn_count": 80, "result": 1, "reason": "EGGS_LAID", "trapdoors": [[3, 3], [3, 2]], "spawn_a": [7, 1], "spawn_b": [0, 1]}