{"pos": [[0, 5], [6, 6], [0, 4], [6, 5], [0, 3], [6, 4], [0, 2], [6, 3], [0, 1], [5, 3], [0, 0], [5, 2], [1, 0], [5, 1], [2, 0], [4, 1], [2, 1], [3, 1], [2, 2], [3, 2], [2, 1], [4, 2], [3, 1], [4, 3], [2, 1], [5, 3], [1, 1], [5, 4], [1, 2], [7, 6], [1, 3], [6, 6], [1, 4], [5, 6], [2, 4], [4, 6], [2, 5], [4, 5], [3, 5], [4, 6], [3, 6], [4, 7], [2, 6], [5, 7], [2, 5], [6, 7], [1, 5], [6, 6], [1, 6], [6, 5], [1, 7], [6, 4], [2, 7], [7, 4], [3, 7], [7, 3], [3, 6], [7, 2], [4, 6], [7, 1], [3, 6], [7, 0], [3, 5], [7, 1], [3, 4], [6, 1], [3, 3], [6, 0], [3, 4], [5, 0], [4, 4], [4, 0], [3, 4], [3, 0], [3, 3], [4, 0], [3, 4], [5, 0], [3, 3], [6, 0]], "a_eggs_laid": [1, 1, 1, 1, 2, 2, 2, 2, 3, 3, 3, 3, 6, 6, 6, 6, 7, 7, 7, 7, 8, 8, 8, 8, 9, 9, 9, 9, 10, 10, 14, 14, 15, 15, 15, 15, 16, 16, 16, 16, 17, 17, 17, 17, 18, 18, 18, 18, 19, 19, 19, 19, 20, 20, 20, 20, 21, 21, 21, 21, 22, 22, 22, 22, 22, 22, 22, 22, 23, 23, 23, 23, 24, 24, 24, 24, 24, 24, 24, 24], "b_eggs_laid": [0, 1, 1, 1, 1, 2, 2, 2, 2, 3, 3, 3, 3, 4, 4, 4, 4, 5, 5, 5, 5, 6, 6, 6, 6, 7, 7, 7, 7, 8, 8, 8, 8, 8, 8, 9, 9, 9, 9, 10, 10, 10, 10, 11, 11, 11, 11, 12, 12, 12, 12, 12, 12, 12, 12, 13, 13, 13, 13, 14, 14, 14, 14, 17, 17, 17, 17, 18, 18, 18, 18, 19, 19, 19, 19, 20, 20, 20, 20, 20], "a_turds_left": [5, 5, 5, 5, 5, 5, 5, 5, 5, 5, 5, 5, 5, 5, 5, 5, 5, 5, 5, 5, 5, 5, 5, 5, 5, 5, 5, 5, 5, 5, 5, 5, 5, 5, 5, 5, 5, 5, 5, 5, 5, 5, 4, 4, 4, 4, 4, 4, 4, 4, 4, 4, 4, 4, 4, 4, 4, 4, 4, 4, 4, 4, 4, 4, 4, 4, 4, 4, 4, 4, 4, 4, 4, 4, 4, 4, 4, 4, 4, 4], "b_turds_left": [5, 5, 5, 4, 4, 4, 4, 3, 3, 3, 3, 2, 2, 2, 2, 1, 1, 1, 1, 1, 1, 1, 1, 1, 1, 1, 1, 1, 1, 1, 1, 1, 1, 1, 1, 1, 1, 1, 1, 1, 1, 1, 1, 1, 1, 1, 1, 1, 1, 1, 1, 1, 1, 1, 1, 1, 1, 1, 1, 1, 1, 1, 1, 1, 1, 1, 1, 1, 1, 1, 1, 1, 1, 1, 1, 1, 1, 0, 0, 0], "a_time_left": [359.9521827499848, 359.9521827499848, 359.89691404098994, 359.89691404098994, 359.8436736239819, 359.8436736239819, 359.8095193319896, 359.8095193319896, 359.75743112398777, 359.75743112398777, 359.7246435819834, 359.7246435819834, 359.68668979097856, 359.68668979097856, 359.6417060829699, 359.6417060829699, 359.59610454097856, 359.59610454097856, 359.57294274895685, 359.57294274895685, 359.52877304094727, 359.52877304094727, 359.4759014999436, 359.4759014999436, 359.43957545791636, 359.43957545791636, 359.40721949894214, 359.40721949894214, 359.33002253994346, 359.33002253994346, 359.31216599894105, 359.31216599894105, 359.2485237069486, 359.2485237069486, 359.18278283195104, 359.18278283195104, 359.10774108197074, 359.10774108197074, 359.0609347909631, 359.0609347909631, 359.0130020409706, 359.0130020409706, 358.9865673749882, 358.9865673749882, 358.92813070799457, 358.92813070799457, 358.88322283301386, 358.88322283301386, 358.8412924160075, 358.8412924160075, 358.80876125002396, 358.80876125002396, 358.77453708302346, 358.77453708302346, 358.7406931660371, 358.7406931660371, 358.714461458032, 358.714461458032, 358.68915720802033, 358.68915720802033, 358.6800062080438, 358.6800062080438, 358.6636362080462, 358.6636362080462, 358.64845116704237, 358.64845116704237, 358.6008320420515, 358.6008320420515, 358.57044604205294, 358.57044604205294, 358.5414111670689, 358.5414111670689, 358.5219039170479, 358.5219039170479, 358.5031262500561, 358.5031262500561, 358.48945933405776, 358.48945933405776, 358.48072708403924, 358.48072708403924], "b_time_left": [360, 359.89133512499393, 359.89133512499393, 359.7598546250083, 359.7598546250083, 359.6097275420034, 359.6097275420034, 359.47811908402946, 359.47811908402946, 359.3410998340405, 359.3410998340405, 359.25707687603426, 359.25707687603426, 359.1065968340263, 359.1065968340263, 358.97995425103, 358.97995425103, 358.8325180840329, 358.8325180840329, 358.7452820010367, 358.7452820010367, 358.6316107100283, 358.6316107100283, 358.5714062510233, 358.5714062510233, 358.40302596002584, 358.40302596002584, 358.33239616901847, 358.33239616901847, 358.191384336038, 358.191384336038, 358.14274979403126, 358.14274979403126, 358.08908550304477, 358.08908550304477, 357.9431376280554, 357.9431376280554, 357.83907042004284, 357.83907042004284, 357.78305575303966, 357.78305575303966, 357.72427937804605, 357.72427937804605, 357.6699131280475, 357.6699131280475, 357.6096807530557, 357.6096807530557, 357.5048400030646, 357.5048400030646, 357.4687267530826, 357.4687267530826, 357.4328285860829, 357.4328285860829, 357.39757254408323, 357.39757254408323, 357.33034583510016, 357.33034583510016, 357.29176304410794, 357.29176304410794, 357.2462969190965, 357.2462969190965, 357.20463400208973, 357.20463400208973, 357.16074391809525, 357.16074391809525, 357.1105124601163, 357.1105124601163, 357.0325120011112, 357.0325120011112, 356.9782366681029, 356.9782366681029, 356.9403502930945, 356.9403502930945, 356.8924755010812, 356.8924755010812, 356.8726583350799, 356.8726583350799, 356.84315821010387, 356.84315821010387, 356.84095279310714], "a_moves_left": [39, 39, 38, 38, 37, 37, 36, 36, 35, 35, 34, 34, 33, 33, 32, 32, 31, 31, 30, 30, 29, 29, 28, 28, 27, 27, 26, 26, 25, 25, 24, 24, 23, 23, 22, 22, 21, 21, 20, 20, 19, 19, 18, 18, 17, 17, 16, 16, 15, 15, 14, 14, 13, 13, 12, 12, 11, 11, 10, 10, 9, 9, 8, 8, 7, 7, 6, 6, 5, 5, 4, 4, 3, 3, 2, 2, 1, 1, 0, 0], "b_moves_left": [40, 39, 39, 38, 38, 37, 37, 36, 36, 35, 35, 34, 34, 33, 33, 32, 32, 31, 31, 30, 30, 29, 29, 28, 28, 27, 27, 26, 26, 25, 25, 24, 24, 23, 23, 22, 22, 21, 21, 20, 20, 19, 19, 18, 18, 17, 17, 16, 16, 15, 15, 14, 14, 13, 13, 12, 12, 11, 11, 10, 10, 9, 9, 8, 8, 7, 7, 6, 6, 5, 5, 4, 4, 3, 3, 2, 2, 1, 1, 0], "trapdoor_triggered": [0, 0, 0, 0, 0, 0, 0, 0, 0, 0, 0, 0, 0, 0, 0, 0, 0, 0, 0, 0, 0, 0, 0, 0, 0, 0, 0, 0, 0, 1, 0, 0, 0, 0, 0, 0, 0, 0, 0, 0, 0, 0, 0, 0, 0, 0, 0, 0, 0, 0, 0, 0, 0, 0, 0, 0, 0, 0, 0, 0, 0, 0, 0, 0, 0, 0, 0, 0, 0, 0, 0, 0, 0, 0, 0, 0, 0, 0, 0, 0], "left_behind": ["egg", "egg", "plain", "turd", "egg", "egg", "plain", "turd", "egg", "egg", "plain", "turd", "egg", "egg", "plain", "turd", "egg", "egg", "plain", "plain", "egg", "egg", "plain", "plain", "egg", "egg", "plain", "plain", "egg", "egg", "plain", "plain", "egg", "plain", "plain", "egg", "egg", "plain", "plain", "egg", "egg", "plain", "turd", "egg", "egg", "plain", "plain", "egg", "egg", "plain", "plain", "plain", "egg", "plain", "plain", "egg", "egg", "plain", "plain", "egg", "egg", "plain", "plain", "egg", "plain", "plain", "plain", "egg", "egg", "plain", "plain", "egg", "egg", "plain", "plain", "egg", "plain", "turd", "plain", "plain"], "errlog_a": "", "errlog_b": "", "start_time": 360, "start_moves": 40, "turn_count": 80, "result": 0, "reason": "EGGS_LAID", "trapdoors": [[5, 5], [2, 3]], "spawn_a": [0, 6], "spawn_b": [7, 6]}