{"pos": [[7, 2], [1, 1], [7, 3], [1, 2], [7, 2], [2, 2], [6, 2], [2, 1], [6, 1], [3, 1], [6, 0], [4, 1], [6, 1], [4, 2], [5, 1], [3, 2], [5, 0], [3, 3], [4, 0], [2, 3], [5, 0], [1, 3], [6, 0], [1, 4], [7, 0], [1, 5], [7, 1], [0, 1], [7, 0], [0, 2], [7, 1], [0, 3], [7, 0], [0, 4], [7, 1], [0, 5], [7, 0], [1, 5], [7, 1], [1, 6], [7, 0], [2, 6], [7, 1], [3, 6], [7, 0], [4, 6], [7, 1], [4, 5], [7, 0], [5, 5], [7, 1], [5, 4], [7, 0], [6, 4], [7, 1], [7, 4], [7, 0], [7, 5], [7, 1], [6, 5], [7, 0], [6, 6], [7, 1], [5, 6], [7, 0], [5, 7], [7, 1], [4, 7], [7, 0], [3, 7], [7, 1], [2, 7], [7, 0], [1, 7], [7, 1], [0, 7], [7, 0], [0, 6], [7, 1], [0, 5]], "a_eggs_laid": [1, 1, 1, 1, 2, 2, 2, 2, 3, 3, 3, 3, 4, 4, 4, 4, 5, 5, 5, 5, 6, 6, 6, 6, 6, 6, 6, 6, 10, 10, 10, 10, 10, 10, 10, 10, 10, 10, 10, 10, 10, 10, 10, 10, 10, 10, 10, 10, 10, 10, 10, 10, 10, 10, 10, 10, 10, 10, 10, 10, 10, 10, 10, 10, 10, 10, 10, 10, 10, 10, 10, 10, 10, 10, 10, 10, 10, 10, 10, 10], "b_eggs_laid": [0, 1, 1, 1, 1, 2, 2, 2, 2, 3, 3, 3, 3, 4, 4, 4, 4, 5, 5, 5, 5, 6, 6, 6, 6, 7, 7, 7, 7, 7, 7, 7, 7, 8, 8, 8, 8, 9, 9, 9, 9, 10, 10, 10, 10, 11, 11, 11, 11, 12, 12, 12, 12, 13, 13, 13, 13, 14, 14, 14, 14, 15, 15, 15, 15, 16, 16, 16, 16, 17, 17, 17, 17, 18, 18, 18, 18, 21, 21, 21], "a_turds_left": [5, 5, 5, 5, 5, 5, 5, 5, 5, 5, 5, 5, 5, 5, 5, 5, 5, 5, 5, 5, 5, 5, 5, 5, 5, 5, 5, 5, 5, 5, 5, 5, 5, 5, 5, 5, 5, 5, 5, 5, 5, 5, 5, 5, 5, 5, 5, 5, 5, 5, 5, 5, 5, 5, 5, 5, 5, 5, 5, 5, 5, 5, 5, 5, 5, 5, 5, 5, 5, 5, 5, 5, 5, 5, 5, 5, 5, 5, 5, 5], "b_turds_left": [5, 5, 5, 5, 5, 5, 5, 4, 4, 4, 4, 3, 3, 3, 3, 2, 2, 2, 2, 1, 1, 1, 1, 1, 1, 1, 1, 1, 1, 1, 1, 1, 1, 1, 1, 1, 1, 1, 1, 1, 1, 1, 1, 1, 1, 1, 1, 1, 1, 1, 1, 1, 1, 1, 1, 1, 1, 1, 1, 1, 1, 1, 1, 1, 1, 1, 1, 1, 1, 1, 1, 1, 1, 1, 1, 1, 1, 1, 1, 0], "a_time_left": [359.95446712500416, 359.95446712500416, 359.91349087501294, 359.91349087501294, 359.86600379200536, 359.86600379200536, 359.8358351259958, 359.8358351259958, 359.76235816799453, 359.76235816799453, 359.7148506259837, 359.7148506259837, 359.672680210002, 359.672680210002, 359.6324312929937, 359.6324312929937, 359.59580833499786, 359.59580833499786, 359.5711958349857, 359.5711958349857, 359.55760941799963, 359.55760941799963, 359.5376420429966, 359.5376420429966, 359.5240836679877, 359.5240836679877, 359.5078329179669, 359.5078329179669, 359.5006611679855, 359.5006611679855, 359.487831625971, 359.487831625971, 359.4754795009794, 359.4754795009794, 359.46261579197017, 359.46261579197017, 359.45021162496414, 359.45021162496414, 359.434377958969, 359.434377958969, 359.42092854197836, 359.42092854197836, 359.4051605830027, 359.4051605830027, 359.3913792910171, 359.3913792910171, 359.37611558201024, 359.37611558201024, 359.35948433200247, 359.35948433200247, 359.34342441600165, 359.34342441600165, 359.3296227079991, 359.3296227079991, 359.30296774898306, 359.30296774898306, 359.29218729099375, 359.29218729099375, 359.2777384989895, 359.2777384989895, 359.25234895799076, 359.25234895799076, 359.23348512500525, 359.23348512500525, 359.2175047909841, 359.2175047909841, 359.20427054099855, 359.20427054099855, 359.193534999009, 359.193534999009, 359.1808597079944, 359.1808597079944, 359.1700229579874, 359.1700229579874, 359.15693287499016, 359.15693287499016, 359.14926141599426, 359.14926141599426, 359.14572995799244, 359.14572995799244], "b_time_left": [360, 359.9487576249812, 359.9487576249812, 359.89755537497695, 359.89755537497695, 359.8287539999874, 359.8287539999874, 359.76345620898064, 359.76345620898064, 359.7082247919752, 359.7082247919752, 359.66263137498754, 359.66263137498754, 359.60346062498866, 359.60346062498866, 359.5662774160155, 359.5662774160155, 359.5213980830158, 359.5213980830158, 359.5015425410238, 359.5015425410238, 359.44911533303093, 359.44911533303093, 359.4100810830423, 359.4100810830423, 359.36305037504644, 359.36305037504644, 359.3178282090521, 359.3178282090521, 359.28876554206363, 359.28876554206363, 359.2570298330684, 359.2570298330684, 359.2291650000552, 359.2291650000552, 359.1977669580374, 359.1977669580374, 359.1685183750524, 359.1685183750524, 359.1359480000392, 359.1359480000392, 359.09731829105294, 359.09731829105294, 359.06454058305826, 359.06454058305826, 359.0234822080529, 359.0234822080529, 358.97847583304974, 358.97847583304974, 358.9351469160465, 358.9351469160465, 358.89518049903563, 358.89518049903563, 358.83338137404644, 358.83338137404644, 358.7914028330415, 358.7914028330415, 358.7260786250408, 358.7260786250408, 358.6885445830412, 358.6885445830412, 358.6295558740385, 358.6295558740385, 358.5872462900297, 358.5872462900297, 358.54974999901606, 358.54974999901606, 358.5237934990146, 358.5237934990146, 358.4978303319949, 358.4978303319949, 358.4720258319867, 358.4720258319867, 358.4497762899846, 358.4497762899846, 358.42598516496946, 358.42598516496946, 358.4213732899807, 358.4213732899807, 358.4203254150052], "a_moves_left": [39, 39, 38, 38, 37, 37, 36, 36, 35, 35, 34, 34, 33, 33, 32, 32, 31, 31, 30, 30, 29, 29, 28, 28, 27, 27, 26, 26, 25, 25, 24, 24, 23, 23, 22, 22, 21, 21, 20, 20, 19, 19, 18, 18, 17, 17, 16, 16, 15, 15, 14, 14, 13, 13, 12, 12, 11, 11, 10, 10, 9, 9, 8, 8, 7, 7, 6, 6, 5, 5, 4, 4, 3, 3, 2, 2, 1, 1, 0, 0], "b_moves_left": [40, 39, 39, 38, 38, 37, 37, 36, 36, 35, 35, 34, 34, 33, 33, 32, 32, 31, 31, 30, 30, 29, 29, 28, 28, 27, 27, 26, 26, 25, 25, 24, 24, 23, 23, 22, 22, 21, 21, 20, 20, 19, 19, 18, 18, 17, 17, 16, 16, 15, 15, 14, 14, 13, 13, 12, 12, 11, 11, 10, 10, 9, 9, 8, 8, 7, 7, 6, 6, 5, 5, 4, 4, 3, 3, 2, 2, 1, 1, 0], "trapdoor_triggered": [0, 0, 0, 0, 0, 0, 0, 0, 0, 0, 0, 0, 0, 0, 0, 0, 0, 0, 0, 0, 0, 0, 0, 0, 0, 0, 0, 1, 0, 0, 0, 0, 0, 0, 0, 0, 0, 0, 0, 0, 0, 0, 0, 0, 0, 0, 0, 0, 0, 0, 0, 0, 0, 0, 0, 0, 0, 0, 0, 0, 0, 0, 0, 0, 0, 0, 0, 0, 0, 0, 0, 0, 0, 0, 0, 0, 0, 0, 0, 0], "left_behind": ["egg", "egg", "plain", "plain", "egg", "egg", "plain", "turd", "egg", "egg", "plain", "turd", "egg", "egg", "plain", "turd", "egg", "egg", "plain", "turd", "egg", "egg", "plain", "plain", "plain", "egg", "plain", "plain", "plain", "plain", "plain", "plain", "plain", "egg", "plain", "plain", "plain", "egg", "plain", "plain", "plain", "egg", "plain", "plain", "plain", "egg", "plain", "plain", "plain", "egg", "plain", "plain", "plain", "egg", "plain", "plain", "plain", "egg", "plain", "plain", "plain", "egg", "plain", "plain", "plain", "egg", "plain", "plain", "plain", "egg", "plain", "plain", "plain", "egg", "plain", "plain", "plain", "egg", "plain", "turd"], "errlog_a": "", "errlog_b": "", "start_time": 360, "start_moves": 40, "turn_count": 80, "result": 1, "reason": "EGGS_LAID", "trapdoors": [[3, 5], [2, 5]], "spawn_a": [7, 1], "spawn_b": [0, 1]}