{"pos": [[7, 2], [0, 2], [7, 1], [0, 3], [7, 0], [0, 4], [7, 1], [0, 5], [7, 0], [0, 4], [7, 1], [0, 5], [7, 0], [0, 6], [7, 1], [0, 7], [7, 0], [0, 6], [7, 1], [0, 5], [7, 0], [0, 4], [7, 1], [0, 3], [7, 0], [0, 2], [7, 1], [0, 1], [7, 0], [0, 0], [7, 1], [1, 0], [7, 0], [2, 0], [7, 1], [3, 0], [7, 0], [4, 0], [7, 1], [5, 0], [7, 0], [6, 0], [7, 1], [7, 0], [7, 2], [7, 1], [7, 3], [7, 2], [7, 4], [7, 1], [7, 3], [7, 2], [7, 4], [6, 2], [7, 3], [6, 3], [7, 4], [6, 2], [7, 3], [6, 1], [7, 4], [6, 0], [7, 3], [6, 1], [7, 4], [6, 2], [7, 3], [6, 3], [7, 4], [6, 4], [7, 3], [7, 4]], "a_eggs_laid": [0, 0, 0, 0, 0, 0, 0, 0, 0, 0, 0, 0, 0, 0, 0, 0, 0, 0, 0, 0, 0, 0, 0, 0, 0, 0, 0, 0, 0, 0, 0, 0, 0, 0, 0, 0, 0, 0, 0, 0, 0, 0, 0, 0, 0, 0, 0, 0, 0, 0, 0, 0, 0, 0, 0, 0, 0, 0, 0, 0, 0, 0, 0, 0, 0, 0, 0, 0, 0, 0, 0, 0], "b_eggs_laid": [0, 1, 1, 1, 1, 1, 1, 1, 1, 2, 2, 2, 2, 2, 2, 2, 2, 5, 5, 5, 5, 5, 5, 5, 5, 5, 5, 5, 5, 6, 6, 6, 6, 7, 7, 7, 7, 8, 8, 8, 8, 9, 9, 9, 9, 12, 12, 12, 12, 13, 13, 13, 13, 13, 13, 13, 13, 14, 14, 14, 14, 15, 15, 15, 15, 15, 15, 15, 15, 15, 15, 20], "a_turds_left": [5, 5, 5, 5, 5, 5, 5, 5, 5, 5, 5, 5, 5, 5, 5, 5, 5, 5, 5, 5, 5, 5, 5, 5, 5, 5, 5, 5, 5, 5, 5, 5, 5, 5, 5, 5, 5, 5, 5, 5, 5, 5, 5, 5, 5, 5, 5, 5, 5, 5, 5, 5, 5, 5, 5, 5, 5, 5, 5, 5, 5, 5, 5, 5, 5, 5, 5, 5, 5, 5, 5, 5], "b_turds_left": [5, 5, 5, 5, 5, 5, 5, 5, 5, 5, 5, 5, 5, 5, 5, 5, 5, 5, 5, 5, 5, 5, 5, 5, 5, 5, 5, 5, 5, 5, 5, 5, 5, 5, 5, 5, 5, 5, 5, 5, 5, 5, 5, 5, 5, 5, 5, 5, 5, 5, 5, 5, 5, 5, 5, 5, 5, 5, 5, 5, 5, 5, 5, 5, 5, 5, 5, 5, 5, 5, 5, 5], "a_time_left": [359.9998166669975, 359.9998166669975, 359.99967329199717, 359.99967329199717, 359.9995188329922, 359.9995188329922, 359.9993967909977, 359.9993967909977, 359.9992577499943, 359.9992577499943, 359.9991403330059, 359.9991403330059, 359.99899600000936, 359.99899600000936, 359.99891458400816, 359.99891458400816, 359.9988279590034, 359.9988279590034, 359.9987780010124, 359.9987780010124, 359.9986396260065, 359.9986396260065, 359.99852225101495, 359.99852225101495, 359.9983866260154, 359.9983866260154, 359.9982535430172, 359.9982535430172, 359.99810995902226, 359.99810995902226, 359.99800395903003, 359.99800395903003, 359.9978643760405, 359.9978643760405, 359.9977467100398, 359.9977467100398, 359.99760891903134, 359.99760891903134, 359.9974950860342, 359.9974950860342, 359.997354377032, 359.997354377032, 359.99730108604126, 359.99730108604126, 359.99724421104474, 359.99724421104474, 359.997197461038, 359.997197461038, 359.9971495020436, 359.9971495020436, 359.997099002052, 359.997099002052, 359.9970533360611, 359.9970533360611, 359.99700416906853, 359.99700416906853, 359.9969595860748, 359.9969595860748, 359.99689675208356, 359.99689675208356, 359.99685429409146, 359.99685429409146, 359.9968099610851, 359.9968099610851, 359.9967606280843, 359.9967606280843, 359.99671158607816, 359.99671158607816, 359.9966645860695, 359.9966645860695, 359.99661908605776, 359.99661908605776], "b_time_left": [360, 359.9998453750013, 359.9998453750013, 359.9979474580032, 359.9979474580032, 359.9962381670048, 359.9962381670048, 359.99448150000535, 359.99448150000535, 359.9942130420095, 359.9942130420095, 359.9934585830051, 359.9934585830051, 359.99171912400925, 359.99171912400925, 359.98995999900217, 359.98995999900217, 359.9898517489928, 359.9898517489928, 359.9891080829984, 359.9891080829984, 359.98740591699607, 359.98740591699607, 359.9856144590012, 359.9856144590012, 359.9838598760107, 359.9838598760107, 359.9821140010172, 359.9821140010172, 359.98186779301614, 359.98186779301614, 359.979950501016, 359.979950501016, 359.9797160840244, 359.9797160840244, 359.97730891703395, 359.97730891703395, 359.97704662503384, 359.97704662503384, 359.9753004170343, 359.9753004170343, 359.97516683304275, 359.97516683304275, 359.9744145000295, 359.9744145000295, 359.97431045804115, 359.97431045804115, 359.9734962910443, 359.9734962910443, 359.97339108304004, 359.97339108304004, 359.97271079104394, 359.97271079104394, 359.9720495410438, 359.9720495410438, 359.9713423740468, 359.9713423740468, 359.9712442070595, 359.9712442070595, 359.97050874805427, 359.97050874805427, 359.9703943730565, 359.9703943730565, 359.9697070390539, 359.9697070390539, 359.9690366640425, 359.9690366640425, 359.9683534560463, 359.9683534560463, 359.96768920605246, 359.96768920605246, 359.9670154140622], "a_moves_left": [39, 39, 38, 38, 37, 37, 36, 36, 35, 35, 34, 34, 33, 33, 32, 32, 31, 31, 30, 30, 29, 29, 28, 28, 27, 27, 26, 26, 25, 25, 24, 24, 23, 23, 22, 22, 21, 21, 20, 20, 19, 19, 18, 18, 17, 17, 16, 16, 15, 15, 14, 14, 13, 13, 12, 12, 11, 11, 10, 10, 9, 9, 8, 8, 7, 7, 6, 6, 5, 5, 4, 4], "b_moves_left": [40, 39, 39, 38, 38, 37, 37, 36, 36, 35, 35, 34, 34, 33, 33, 32, 32, 31, 31, 30, 30, 29, 29, 28, 28, 27, 27, 26, 26, 25, 25, 24, 24, 23, 23, 22, 22, 21, 21, 20, 20, 19, 19, 18, 18, 17, 17, 16, 16, 15, 15, 14, 14, 13, 13, 12, 12, 11, 11, 10, 10, 9, 9, 8, 8, 7, 7, 6, 6, 5, 5, 4], "trapdoor_triggered": [0, 0, 0, 0, 0, 0, 0, 0, 0, 0, 0, 0, 0, 0, 0, 0, 0, 0, 0, 0, 0, 0, 0, 0, 0, 0, 0, 0, 0, 0, 0, 0, 0, 0, 0, 0, 0, 0, 0, 0, 0, 0, 0, 0, 0, 0, 0, 0, 0, 0, 0, 0, 0, 0, 0, 0, 0, 0, 0, 0, 0, 0, 0, 0, 0, 0, 0, 0, 0, 0, 0, 0], "left_behind": ["plain", "egg", "plain", "plain", "plain", "plain", "plain", "plain", "plain", "egg", "plain", "plain", "plain", "plain", "plain", "plain", "plain", "egg", "plain", "plain", "plain", "plain", "plain", "plain", "plain", "plain", "plain", "plain", "plain", "egg", "plain", "plain", "plain", "egg", "plain", "plain", "plain", "egg", "plain", "plain", "plain", "egg", "plain", "plain", "plain", "egg", "plain", "plain", "plain", "egg", "plain", "plain", "plain", "plain", "plain", "plain", "plain", "egg", "plain", "plain", "plain", "egg", "plain", "plain", "plain", "plain", "plain", "plain", "plain", "plain", "plain", "plain"], "errlog_a": "", "errlog_b": "", "start_time": 360, "start_moves": 40, "turn_count": 72, "result": 1, "reason": "BLOCKING_END", "trapdoors": [[3, 5], [4, 3]], "spawn_a": [7, 3], "spawn_b": [0, 3]}