{"pos": [[0, 3], [6, 4], [0, 2], [6, 3], [0, 1], [5, 3], [0, 0], [5, 2], [1, 0], [5, 1], [2, 0], [4, 1], [2, 1], [3, 1], [2, 2], [2, 1], [1, 2], [3, 1], [1, 1], [3, 2], [1, 2], [4, 2], [1, 3], [4, 3], [1, 4], [5, 3], [1, 5], [5, 4], [1, 6], [5, 5], [2, 6], [7, 4], [3, 6], [7, 5], [4, 6], [7, 6], [5, 6], [6, 6], [5, 7], [5, 6], [4, 7], [6, 6], [3, 7], [6, 7], [2, 7], [6, 6], [1, 7], [6, 5], [1, 6], [5, 5], [0, 6], [5, 4], [0, 5], [4, 4], [0, 4], [3, 4], [0, 3], [2, 4], [0, 2], [2, 3], [0, 1], [2, 4], [1, 1], [2, 5], [1, 0], [7, 4], [1, 1], [7, 3], [1, 0], [7, 2], [1, 1], [7, 1], [1, 0], [7, 0], [1, 1], [7, 1], [1, 0], [7, 0], [2, 0], [7, 1]], "a_eggs_laid": [1, 1, 1, 1, 2, 2, 2, 2, 5, 5, 5, 5, 6, 6, 6, 6, 7, 7, 7, 7, 8, 8, 8, 8, 9, 9, 9, 9, 10, 10, 10, 10, 15, 15, 15, 15, 16, 16, 16, 16, 17, 17, 17, 17, 18, 18, 18, 18, 19, 19, 19, 19, 20, 20, 20, 20, 20, 20, 20, 20, 20, 20, 20, 20, 20, 20, 24, 24, 24, 24, 24, 24, 24, 24, 24, 24, 24, 24, 24, 24], "b_eggs_laid": [0, 1, 1, 1, 1, 2, 2, 2, 2, 3, 3, 3, 3, 4, 4, 4, 4, 5, 5, 5, 5, 6, 6, 6, 6, 7, 7, 7, 7, 8, 8, 8, 8, 8, 8, 8, 8, 9, 9, 9, 9, 10, 10, 10, 10, 11, 11, 11, 11, 12, 12, 12, 12, 12, 12, 12, 12, 13, 13, 13, 13, 14, 14, 14, 14, 15, 15, 15, 15, 15, 15, 16, 16, 16, 16, 19, 19, 19, 19, 19], "a_turds_left": [5, 5, 5, 5, 5, 5, 5, 5, 5, 5, 5, 5, 5, 5, 5, 5, 5, 5, 5, 5, 5, 5, 5, 5, 5, 5, 5, 5, 5, 5, 5, 5, 5, 5, 5, 5, 5, 5, 5, 5, 5, 5, 5, 5, 5, 5, 5, 5, 5, 5, 5, 5, 5, 5, 5, 5, 5, 5, 5, 5, 5, 5, 5, 5, 5, 5, 5, 5, 5, 5, 5, 5, 5, 5, 5, 5, 5, 5, 5, 5], "b_turds_left": [5, 5, 5, 4, 4, 4, 4, 3, 3, 3, 3, 2, 2, 2, 2, 1, 1, 1, 1, 1, 1, 1, 1, 1, 1, 1, 1, 1, 1, 1, 1, 1, 1, 1, 1, 1, 1, 1, 1, 1, 1, 1, 1, 1, 1, 1, 1, 1, 1, 1, 1, 1, 1, 1, 1, 1, 1, 1, 1, 1, 1, 1, 1, 1, 1, 1, 1, 1, 1, 1, 1, 1, 1, 1, 1, 1, 1, 0, 0, 0], "a_time_left": [359.9373088339926, 359.9373088339926, 359.892155250971, 359.892155250971, 359.83744445897173, 359.83744445897173, 359.7802796259639, 359.7802796259639, 359.60348062595585, 359.60348062595585, 359.5501649179496, 359.5501649179496, 359.47112925196416, 359.47112925196416, 359.453515459958, 359.453515459958, 359.43386050197296, 359.43386050197296, 359.4009495439532, 359.4009495439532, 359.3526250439754, 359.3526250439754, 359.30851725299726, 359.30851725299726, 359.23136129498016, 359.23136129498016, 359.1927286699938, 359.1927286699938, 359.1018901700154, 359.1018901700154, 359.0589158790244, 359.0589158790244, 359.02652737902827, 359.02652737902827, 358.97192737902515, 358.97192737902515, 358.92650004601455, 358.92650004601455, 358.9118732960196, 358.9118732960196, 358.8980937130109, 358.8980937130109, 358.86970579600893, 358.86970579600893, 358.8347245880286, 358.8347245880286, 358.8076199630159, 358.8076199630159, 358.71042825400946, 358.71042825400946, 358.5729758369853, 358.5729758369853, 358.5315597949666, 358.5315597949666, 358.49453379496117, 358.49453379496117, 358.4688445869542, 358.4688445869542, 358.4461850869411, 358.4461850869411, 358.4363011699461, 358.4363011699461, 358.40822712893714, 358.40822712893714, 358.39800683793146, 358.39800683793146, 358.3877544629213, 358.3877544629213, 358.3768981299363, 358.3768981299363, 358.3543558799138, 358.3543558799138, 358.3409452128981, 358.3409452128981, 358.3257401708979, 358.3257401708979, 358.3067590878927, 358.3067590878927, 358.3034268798947, 358.3034268798947], "b_time_left": [360, 359.9381757089868, 359.9381757089868, 359.87969858397264, 359.87969858397264, 359.8076708749868, 359.8076708749868, 359.7418527500122, 359.7418527500122, 359.66476233300637, 359.66476233300637, 359.5979848749994, 359.5979848749994, 359.5221690420003, 359.5221690420003, 359.48029154201504, 359.48029154201504, 359.4612506250269, 359.4612506250269, 359.44196670802194, 359.44196670802194, 359.3939980410214, 359.3939980410214, 359.3251135000319, 359.3251135000319, 359.25919300003443, 359.25919300003443, 359.22503266704734, 359.22503266704734, 359.1607852090674, 359.1607852090674, 359.1018297930714, 359.1018297930714, 359.05328479307354, 359.05328479307354, 359.0077647930593, 359.0077647930593, 358.969968043064, 358.969968043064, 358.9441939590615, 358.9441939590615, 358.91231962505844, 358.91231962505844, 358.8719442500733, 358.8719442500733, 358.84963075007545, 358.84963075007545, 358.81395987505675, 358.81395987505675, 358.75051425007405, 358.75051425007405, 358.713305625075, 358.713305625075, 358.6442328330595, 358.6442328330595, 358.60066658305004, 358.60066658305004, 358.54041550005786, 358.54041550005786, 358.51144462506636, 358.51144462506636, 358.47962650007685, 358.47962650007685, 358.45065441707266, 358.45065441707266, 358.4280457510613, 358.4280457510613, 358.4071515840769, 358.4071515840769, 358.36178545907023, 358.36178545907023, 358.33575833408395, 358.33575833408395, 358.29168462610687, 358.29168462610687, 358.275891793106, 358.275891793106, 358.25026071010507, 358.25026071010507, 358.2497409180796], "a_moves_left": [39, 39, 38, 38, 37, 37, 36, 36, 35, 35, 34, 34, 33, 33, 32, 32, 31, 31, 30, 30, 29, 29, 28, 28, 27, 27, 26, 26, 25, 25, 24, 24, 23, 23, 22, 22, 21, 21, 20, 20, 19, 19, 18, 18, 17, 17, 16, 16, 15, 15, 14, 14, 13, 13, 12, 12, 11, 11, 10, 10, 9, 9, 8, 8, 7, 7, 6, 6, 5, 5, 4, 4, 3, 3, 2, 2, 1, 1, 0, 0], "b_moves_left": [40, 39, 39, 38, 38, 37, 37, 36, 36, 35, 35, 34, 34, 33, 33, 32, 32, 31, 31, 30, 30, 29, 29, 28, 28, 27, 27, 26, 26, 25, 25, 24, 24, 23, 23, 22, 22, 21, 21, 20, 20, 19, 19, 18, 18, 17, 17, 16, 16, 15, 15, 14, 14, 13, 13, 12, 12, 11, 11, 10, 10, 9, 9, 8, 8, 7, 7, 6, 6, 5, 5, 4, 4, 3, 3, 2, 2, 1, 1, 0], "trapdoor_triggered": [0, 0, 0, 0, 0, 0, 0, 0, 0, 0, 0, 0, 0, 0, 0, 0, 0, 0, 0, 0, 0, 0, 0, 0, 0, 0, 0, 0, 0, 0, 0, 1, 0, 0, 0, 0, 0, 0, 0, 0, 0, 0, 0, 0, 0, 0, 0, 0, 0, 0, 0, 0, 0, 0, 0, 0, 0, 0, 0, 0, 0, 0, 0, 0, 0, 1, 0, 0, 0, 0, 0, 0, 0, 0, 0, 0, 0, 0, 0, 0], "left_behind": ["egg", "egg", "plain", "turd", "egg", "egg", "plain", "turd", "egg", "egg", "plain", "turd", "egg", "egg", "plain", "turd", "egg", "egg", "plain", "plain", "egg", "egg", "plain", "plain", "egg", "egg", "plain", "plain", "egg", "egg", "plain", "plain", "egg", "plain", "plain", "plain", "egg", "egg", "plain", "plain", "egg", "egg", "plain", "plain", "egg", "egg", "plain", "plain", "egg", "egg", "plain", "plain", "egg", "plain", "plain", "plain", "plain", "egg", "plain", "plain", "plain", "egg", "plain", "plain", "plain", "egg", "plain", "plain", "plain", "plain", "plain", "egg", "plain", "plain", "plain", "egg", "plain", "turd", "plain", "plain"], "errlog_a": "", "errlog_b": "", "start_time": 360, "start_moves": 40, "turn_count": 80, "result": 0, "reason": "EGGS_LAID", "trapdoors": [[3, 5], [4, 5]], "spawn_a": [0, 4], "spawn_b": [7, 4]}