{"pos": [[7, 0], [0, 0], [7, 1], [0, 1], [7, 0], [0, 2], [7, 1], [0, 3], [7, 0], [0, 2], [7, 1], [0, 3], [7, 0], [0, 4], [7, 1], [0, 5], [7, 0], [0, 4], [7, 1], [0, 5], [7, 0], [0, 6], [7, 1], [0, 7], [7, 0], [0, 6], [7, 1], [0, 5], [7, 0], [0, 4], [7, 1], [0, 3], [7, 0], [0, 2]], "a_eggs_laid": [0, 0, 0, 0, 0, 0, 0, 0, 0, 0, 0, 0, 0, 0, 0, 0, 0, 0, 0, 0, 0, 0, 0, 0, 0, 0, 0, 0, 0, 0, 0, 0, 0, 0], "b_eggs_laid": [0, 1, 1, 1, 1, 1, 1, 1, 1, 2, 2, 2, 2, 2, 2, 2, 2, 3, 3, 3, 3, 3, 3, 3, 3, 6, 6, 6, 6, 6, 6, 6, 6, 6], "a_turds_left": [5, 5, 5, 5, 5, 5, 5, 5, 5, 5, 5, 5, 5, 5, 5, 5, 5, 5, 5, 5, 5, 5, 5, 5, 5, 5, 5, 5, 5, 5, 5, 5, 5, 5], "b_turds_left": [5, 5, 5, 5, 5, 5, 5, 5, 5, 5, 5, 5, 5, 5, 5, 5, 5, 5, 5, 5, 5, 5, 5, 5, 5, 5, 5, 5, 5, 5, 5, 5, 5, 5], "a_time_left": [359.0498109159962, 359.0498109159962, 358.0996524989896, 358.0996524989896, 357.14942620699003, 357.14942620699003, 356.1993237489951, 356.1993237489951, 355.24907712399727, 355.24907712399727, 354.298867873993, 354.298867873993, 353.3486128739896, 353.3486128739896, 352.3984112069884, 352.3984112069884, 351.44827370699204, 351.44827370699204, 350.49809129099594, 350.49809129099594, 349.54795362499135, 349.54795362499135, 348.5978730420029, 348.5978730420029, 347.64776687500125, 347.64776687500125, 346.6976268750004, 346.6976268750004, 345.7475262910011, 345.7475262910011, 344.79734625000856, 344.79734625000856, 343.84711441700347, 343.84711441700347], "b_time_left": [360, 359.9996291670104, 359.9996291670104, 359.9985228750156, 359.9985228750156, 359.99768820802274, 359.99768820802274, 359.99692262502504, 359.99692262502504, 359.99675454202225, 359.99675454202225, 359.9959660000168, 359.9959660000168, 359.995241000026, 359.995241000026, 359.99450412501756, 359.99450412501756, 359.99437166700955, 359.99437166700955, 359.9935364580015, 359.9935364580015, 359.9927904159995, 359.9927904159995, 359.9920280410006, 359.9920280410006, 359.9919017909997, 359.9919017909997, 359.9911430830107, 359.9911430830107, 359.99036879101186, 359.99036879101186, 359.9894640830171, 359.9894640830171, 359.9886937080155], "a_moves_left": [39, 39, 38, 38, 37, 37, 36, 36, 35, 35, 34, 34, 33, 33, 32, 32, 31, 31, 30, 30, 29, 29, 28, 28, 27, 27, 26, 26, 25, 25, 24, 24, 23, 23], "b_moves_left": [40, 39, 39, 38, 38, 37, 37, 36, 36, 35, 35, 34, 34, 33, 33, 32, 32, 31, 31, 30, 30, 29, 29, 28, 28, 27, 27, 26, 26, 25, 25, 24, 24, 23], "trapdoor_triggered": [0, 0, 0, 0, 0, 0, 0, 0, 0, 0, 0, 0, 0, 0, 0, 0, 0, 0, 0, 0, 0, 0, 0, 0, 0, 0, 0, 0, 0, 0, 0, 0, 0, 0], "left_behind": ["plain", "egg", "plain", "plain", "plain", "plain", "plain", "plain", "plain", "egg", "plain", "plain", "plain", "plain", "plain", "plain", "plain", "egg", "plain", "plain", "plain", "plain", "plain", "plain", "plain", "egg", "plain", "plain", "plain", "plain", "plain", "plain", "plain", "plain"], "errlog_a": "Timeout", "errlog_b": "", "start_time": 360, "start_moves": 40, "turn_count": 34, "result": 1, "reason": "CODE_CRASH", "trapdoors": [[4, 4], [5, 4]], "spawn_a": [7, 1], "spawn_b": [0, 1]}