{"pos": [[0, 3], [7, 3], [0, 2], [7, 2], [0, 1], [7, 1], [0, 0], [7, 0], [1, 0], [7, 1], [2, 0], [6, 1], [3, 0], [5, 1], [3, 1], [5, 2], [2, 1], [6, 2], [1, 1], [6, 3], [1, 2], [6, 4], [1, 3], [6, 5], [1, 4], [6, 6], [1, 5], [7, 6], [1, 6], [6, 6], [2, 6], [6, 7], [3, 6], [6, 6], [4, 6], [5, 6], [3, 6], [7, 4], [3, 5], [6, 4], [0, 4], [5, 4], [1, 4], [5, 3], [2, 4], [4, 3], [2, 3], [3, 3], [2, 2], [3, 2], [2, 1], [4, 2], [2, 0], [4, 1], [2, 1], [4, 0], [2, 0], [5, 0], [2, 1], [6, 0], [2, 0], [7, 0], [2, 1], [7, 1], [2, 0], [7, 0], [2, 1], [7, 1], [2, 0], [7, 0], [2, 1], [7, 1], [2, 0], [7, 0], [2, 1], [7, 1], [2, 0], [7, 0], [3, 0], [7, 1]], "a_eggs_laid": [1, 1, 1, 1, 2, 2, 2, 2, 5, 5, 5, 5, 6, 6, 6, 6, 7, 7, 7, 7, 8, 8, 8, 8, 9, 9, 9, 9, 10, 10, 10, 10, 11, 11, 11, 11, 12, 12, 16, 16, 17, 17, 17, 17, 17, 17, 18, 18, 18, 18, 19, 19, 19, 19, 19, 19, 19, 19, 19, 19, 19, 19, 19, 19, 19, 19, 19, 19, 19, 19, 19, 19, 19, 19, 19, 19, 19, 19, 19, 19], "b_eggs_laid": [0, 1, 1, 1, 1, 2, 2, 2, 2, 5, 5, 5, 5, 6, 6, 6, 6, 7, 7, 7, 7, 8, 8, 8, 8, 9, 9, 9, 9, 10, 10, 10, 10, 11, 11, 11, 11, 12, 12, 12, 12, 16, 16, 17, 17, 17, 17, 18, 18, 18, 18, 19, 19, 19, 19, 20, 20, 20, 20, 21, 21, 21, 21, 21, 21, 21, 21, 21, 21, 21, 21, 21, 21, 21, 21, 21, 21, 21, 21, 21], "a_turds_left": [5, 5, 5, 5, 5, 5, 5, 5, 5, 5, 5, 5, 5, 5, 5, 5, 5, 5, 5, 5, 5, 5, 5, 5, 5, 5, 5, 5, 5, 5, 5, 5, 5, 5, 5, 5, 5, 5, 5, 5, 5, 5, 5, 5, 5, 5, 5, 5, 5, 5, 5, 5, 5, 5, 5, 5, 5, 5, 5, 5, 5, 5, 5, 5, 5, 5, 5, 5, 5, 5, 5, 5, 5, 5, 5, 5, 5, 5, 5, 5], "b_turds_left": [5, 5, 5, 4, 4, 4, 4, 3, 3, 3, 3, 3, 3, 3, 3, 2, 2, 2, 2, 1, 1, 1, 1, 1, 1, 1, 1, 1, 1, 1, 1, 1, 1, 1, 1, 1, 1, 1, 1, 1, 1, 1, 1, 1, 1, 1, 1, 1, 1, 1, 1, 1, 1, 1, 1, 1, 1, 1, 1, 1, 1, 1, 1, 1, 1, 1, 1, 1, 1, 1, 1, 1, 1, 1, 1, 1, 1, 1, 1, 1], "a_time_left": [359.95052608300466, 359.95052608300466, 359.9322508330224, 359.9322508330224, 359.9089115000388, 359.9089115000388, 359.89482250003493, 359.89482250003493, 359.8842272500624, 359.8842272500624, 359.8711203750863, 359.8711203750863, 359.84228433310636, 359.84228433310636, 359.8239978751226, 359.8239978751226, 359.7917819581053, 359.7917819581053, 359.76647087410674, 359.76647087410674, 359.7273096241115, 359.7273096241115, 359.7028796650993, 359.7028796650993, 359.6663736241171, 359.6663736241171, 359.63881258212496, 359.63881258212496, 359.6060968741367, 359.6060968741367, 359.5777027081349, 359.5777027081349, 359.5498999581323, 359.5498999581323, 359.5242592081486, 359.5242592081486, 359.5082592081453, 359.5082592081453, 359.49311483313795, 359.49311483313795, 359.45623858313775, 359.45623858313775, 359.4471437081229, 359.4471437081229, 359.4254467081046, 359.4254467081046, 359.3988759581116, 359.3988759581116, 359.39290170811, 359.39290170811, 359.37966241608956, 359.37966241608956, 359.36472783310455, 359.36472783310455, 359.3569522081234, 359.3569522081234, 359.3457060001092, 359.3457060001092, 359.33927454211516, 359.33927454211516, 359.32551366710686, 359.32551366710686, 359.3217127500975, 359.3217127500975, 359.3122724580753, 359.3122724580753, 359.30868045808165, 359.30868045808165, 359.2994305830798, 359.2994305830798, 359.2957826250931, 359.2957826250931, 359.28627916710684, 359.28627916710684, 359.28258891712176, 359.28258891712176, 359.2730712501216, 359.2730712501216, 359.2721980001079, 359.2721980001079], "b_time_left": [360, 359.968081665982, 359.968081665982, 359.9505167079915, 359.9505167079915, 359.92971208298695, 359.92971208298695, 359.91912641600356, 359.91912641600356, 359.9057598740037, 359.9057598740037, 359.89778245802154, 359.89778245802154, 359.86702900001546, 359.86702900001546, 359.84032808299526, 359.84032808299526, 359.79609908300336, 359.79609908300336, 359.7679194159864, 359.7679194159864, 359.72909741598414, 359.72909741598414, 359.7045151659695, 359.7045151659695, 359.65931849897606, 359.65931849897606, 359.6345596239844, 359.6345596239844, 359.60612583198235, 359.60612583198235, 359.5819708319905, 359.5819708319905, 359.5582178319746, 359.5582178319746, 359.5390897069592, 359.5390897069592, 359.51595053996425, 359.51595053996425, 359.5051569559728, 359.5051569559728, 359.4944496639946, 359.4944496639946, 359.46620083099697, 359.46620083099697, 359.44140920598875, 359.44140920598875, 359.4161889560055, 359.4161889560055, 359.40659937198507, 359.40659937198507, 359.38789366398123, 359.38789366398123, 359.3784667470027, 359.3784667470027, 359.35410874700756, 359.35410874700756, 359.3484197880025, 359.3484197880025, 359.32365053799003, 359.32365053799003, 359.31780116297887, 359.31780116297887, 359.31237595397397, 359.31237595397397, 359.3091469539795, 359.3091469539795, 359.303705911967, 359.303705911967, 359.3002923699678, 359.3002923699678, 359.2945256199746, 359.2945256199746, 359.29115332796937, 359.29115332796937, 359.28571257795556, 359.28571257795556, 359.28357803594554, 359.28357803594554, 359.2833559109422], "a_moves_left": [39, 39, 38, 38, 37, 37, 36, 36, 35, 35, 34, 34, 33, 33, 32, 32, 31, 31, 30, 30, 29, 29, 28, 28, 27, 27, 26, 26, 25, 25, 24, 24, 23, 23, 22, 22, 21, 21, 20, 20, 19, 19, 18, 18, 17, 17, 16, 16, 15, 15, 14, 14, 13, 13, 12, 12, 11, 11, 10, 10, 9, 9, 8, 8, 7, 7, 6, 6, 5, 5, 4, 4, 3, 3, 2, 2, 1, 1, 0, 0], "b_moves_left": [40, 39, 39, 38, 38, 37, 37, 36, 36, 35, 35, 34, 34, 33, 33, 32, 32, 31, 31, 30, 30, 29, 29, 28, 28, 27, 27, 26, 26, 25, 25, 24, 24, 23, 23, 22, 22, 21, 21, 20, 20, 19, 19, 18, 18, 17, 17, 16, 16, 15, 15, 14, 14, 13, 13, 12, 12, 11, 11, 10, 10, 9, 9, 8, 8, 7, 7, 6, 6, 5, 5, 4, 4, 3, 3, 2, 2, 1, 1, 0], "trapdoor_triggered": [0, 0, 0, 0, 0, 0, 0, 0, 0, 0, 0, 0, 0, 0, 0, 0, 0, 0, 0, 0, 0, 0, 0, 0, 0, 0, 0, 0, 0, 0, 0, 0, 0, 0, 0, 0, 0, 1, 0, 0, 1, 0, 0, 0, 0, 0, 0, 0, 0, 0, 0, 0, 0, 0, 0, 0, 0, 0, 0, 0, 0, 0, 0, 0, 0, 0, 0, 0, 0, 0, 0, 0, 0, 0, 0, 0, 0, 0, 0, 0], "left_behind": ["egg", "egg", "plain", "turd", "egg", "egg", "plain", "turd", "egg", "egg", "plain", "plain", "egg", "egg", "plain", "turd", "egg", "egg", "plain", "turd", "egg", "egg", "plain", "plain", "egg", "egg", "plain", "plain", "egg", "egg", "plain", "plain", "egg", "egg", "plain", "plain", "egg", "egg", "plain", "plain", "egg", "plain", "plain", "egg", "plain", "plain", "egg", "egg", "plain", "plain", "egg", "egg", "plain", "plain", "plain", "egg", "plain", "plain", "plain", "egg", "plain", "plain", "plain", "plain", "plain", "plain", "plain", "plain", "plain", "plain", "plain", "plain", "plain", "plain", "plain", "plain", "plain", "plain", "plain", "plain"], "errlog_a": "", "errlog_b": "", "start_time": 360, "start_moves": 40, "turn_count": 80, "result": 1, "reason": "EGGS_LAID", "trapdoors": [[5, 5], [3, 4]], "spawn_a": [0, 4], "spawn_b": [7, 4]}