{"pos": [[7, 2], [1, 3], [7, 1], [1, 4], [7, 2], [1, 5], [6, 2], [2, 5], [6, 1], [0, 3], [6, 0], [0, 2], [6, 1], [1, 2], [5, 1], [1, 1], [4, 1], [2, 1], [4, 0], [2, 2], [4, 1], [2, 3], [4, 2], [2, 2], [7, 3], [3, 2], [7, 4], [3, 3], [7, 5], [3, 4], [7, 4], [4, 4], [6, 4], [4, 5], [6, 5], [5, 5], [6, 6], [5, 6], [7, 6], [4, 6], [7, 7], [4, 7], [7, 6], [4, 6], [7, 5], [3, 6], [7, 4], [2, 6], [7, 3], [1, 6], [6, 3], [1, 5], [5, 3], [0, 5], [5, 2], [0, 6], [5, 1], [0, 7], [4, 1], [1, 7], [3, 1], [2, 7], [4, 1], [2, 6], [4, 0], [3, 6], [5, 0], [4, 6], [6, 0], [4, 5], [6, 1], [4, 4], [6, 0], [5, 4], [6, 1], [5, 5], [6, 0], [5, 4], [7, 0], [5, 5]], "a_eggs_laid": [1, 1, 1, 1, 2, 2, 2, 2, 3, 3, 7, 7, 8, 8, 8, 8, 9, 9, 9, 9, 10, 10, 10, 10, 11, 11, 11, 11, 11, 11, 12, 12, 12, 12, 13, 13, 13, 13, 14, 14, 14, 14, 17, 17, 17, 17, 17, 17, 17, 17, 17, 17, 17, 17, 18, 18, 18, 18, 18, 18, 18, 18, 19, 19, 19, 19, 19, 19, 19, 19, 19, 19, 19, 19, 19, 19, 19, 19, 19, 19], "b_eggs_laid": [0, 1, 1, 1, 1, 2, 2, 2, 2, 3, 3, 3, 3, 3, 3, 4, 4, 4, 4, 5, 5, 5, 5, 6, 6, 10, 10, 11, 11, 11, 11, 12, 12, 12, 12, 13, 13, 13, 13, 14, 14, 14, 14, 15, 15, 15, 15, 16, 16, 16, 16, 17, 17, 17, 17, 18, 18, 18, 18, 21, 21, 21, 21, 22, 22, 22, 22, 22, 22, 22, 22, 22, 22, 22, 22, 23, 23, 23, 23, 23], "a_turds_left": [5, 5, 5, 5, 5, 5, 5, 5, 5, 5, 5, 5, 5, 5, 5, 5, 5, 5, 5, 5, 5, 5, 5, 5, 5, 5, 5, 5, 5, 5, 5, 5, 5, 5, 5, 5, 5, 5, 5, 5, 5, 5, 5, 5, 5, 5, 5, 5, 5, 5, 5, 5, 5, 5, 5, 5, 5, 5, 5, 5, 5, 5, 5, 5, 5, 5, 5, 5, 5, 5, 5, 5, 5, 5, 5, 5, 5, 5, 5, 5], "b_turds_left": [5, 5, 5, 5, 5, 5, 5, 5, 5, 5, 5, 5, 5, 5, 5, 5, 5, 4, 4, 4, 4, 3, 3, 3, 3, 3, 3, 3, 3, 2, 2, 2, 2, 1, 1, 1, 1, 1, 1, 1, 1, 1, 1, 1, 1, 1, 1, 1, 1, 1, 1, 1, 1, 1, 1, 1, 1, 1, 1, 1, 1, 1, 1, 1, 1, 1, 1, 1, 1, 1, 1, 1, 1, 1, 1, 1, 1, 0, 0, 0], "a_time_left": [359.95112841701484, 359.95112841701484, 359.9060480000335, 359.9060480000335, 359.8586881670344, 359.8586881670344, 359.8246058340592, 359.8246058340592, 359.7562625000719, 359.7562625000719, 359.73352266606526, 359.73352266606526, 359.69714820806985, 359.69714820806985, 359.65372645805473, 359.65372645805473, 359.58068629106856, 359.58068629106856, 359.538060541061, 359.538060541061, 359.4777262910793, 359.4777262910793, 359.42956074909307, 359.42956074909307, 359.39367354108253, 359.39367354108253, 359.3806079160713, 359.3806079160713, 359.3476193320821, 359.3476193320821, 359.29421324905707, 359.29421324905707, 359.2655537490791, 359.2655537490791, 359.2110898330866, 359.2110898330866, 359.1994530830707, 359.1994530830707, 359.17524666606914, 359.17524666606914, 359.14988004104816, 359.14988004104816, 359.1291255830438, 359.1291255830438, 359.10757583304076, 359.10757583304076, 359.09344541604514, 359.09344541604514, 359.06861033203313, 359.06861033203313, 359.0539890820219, 359.0539890820219, 359.02018224901985, 359.02018224901985, 358.99061204100144, 358.99061204100144, 358.9651684160053, 358.9651684160053, 358.9529330820078, 358.9529330820078, 358.9289712480095, 358.9289712480095, 358.9060950819985, 358.9060950819985, 358.87497666600393, 358.87497666600393, 358.86735329098883, 358.86735329098883, 358.8413756239752, 358.8413756239752, 358.83185662396136, 358.83185662396136, 358.81359304097714, 358.81359304097714, 358.8054283329984, 358.8054283329984, 358.77052900000126, 358.77052900000126, 358.76924695901107, 358.76924695901107], "b_time_left": [360, 359.9560877920012, 359.9560877920012, 359.9022659579932, 359.9022659579932, 359.8373602920037, 359.8373602920037, 359.7782609999995, 359.7782609999995, 359.7159470829938, 359.7159470829938, 359.6902340830129, 359.6902340830129, 359.619788083015, 359.619788083015, 359.5691952079942, 359.5691952079942, 359.48567874898436, 359.48567874898436, 359.4574537909939, 359.4574537909939, 359.37073524898733, 359.37073524898733, 359.3320847489813, 359.3320847489813, 359.3074209569604, 359.3074209569604, 359.2691559569794, 359.2691559569794, 359.2336957899679, 359.2336957899679, 359.19636258197716, 359.19636258197716, 359.16367816599086, 359.16367816599086, 359.1297406249796, 359.1297406249796, 359.09657554197474, 359.09657554197474, 359.06477662498946, 359.06477662498946, 359.03834795899456, 359.03834795899456, 359.00393462600186, 359.00393462600186, 358.97151379298884, 358.97151379298884, 358.9297662099707, 358.9297662099707, 358.8923455439799, 358.8923455439799, 358.8143612520071, 358.8143612520071, 358.7860640019935, 358.7860640019935, 358.74729083600687, 358.74729083600687, 358.72050083600334, 358.72050083600334, 358.6946314609959, 358.6946314609959, 358.6772660029819, 358.6772660029819, 358.6427595029818, 358.6427595029818, 358.61018171097385, 358.61018171097385, 358.57398508596816, 358.57398508596816, 358.5433765439666, 358.5433765439666, 358.50816800195025, 358.50816800195025, 358.49585404395475, 358.49585404395475, 358.47129104397027, 358.47129104397027, 358.45744820995606, 358.45744820995606, 358.4570408349391], "a_moves_left": [39, 39, 38, 38, 37, 37, 36, 36, 35, 35, 34, 34, 33, 33, 32, 32, 31, 31, 30, 30, 29, 29, 28, 28, 27, 27, 26, 26, 25, 25, 24, 24, 23, 23, 22, 22, 21, 21, 20, 20, 19, 19, 18, 18, 17, 17, 16, 16, 15, 15, 14, 14, 13, 13, 12, 12, 11, 11, 10, 10, 9, 9, 8, 8, 7, 7, 6, 6, 5, 5, 4, 4, 3, 3, 2, 2, 1, 1, 0, 0], "b_moves_left": [40, 39, 39, 38, 38, 37, 37, 36, 36, 35, 35, 34, 34, 33, 33, 32, 32, 31, 31, 30, 30, 29, 29, 28, 28, 27, 27, 26, 26, 25, 25, 24, 24, 23, 23, 22, 22, 21, 21, 20, 20, 19, 19, 18, 18, 17, 17, 16, 16, 15, 15, 14, 14, 13, 13, 12, 12, 11, 11, 10, 10, 9, 9, 8, 8, 7, 7, 6, 6, 5, 5, 4, 4, 3, 3, 2, 2, 1, 1, 0], "trapdoor_triggered": [0, 0, 0, 0, 0, 0, 0, 0, 0, 1, 0, 0, 0, 0, 0, 0, 0, 0, 0, 0, 0, 0, 0, 0, 1, 0, 0, 0, 0, 0, 0, 0, 0, 0, 0, 0, 0, 0, 0, 0, 0, 0, 0, 0, 0, 0, 0, 0, 0, 0, 0, 0, 0, 0, 0, 0, 0, 0, 0, 0, 0, 0, 0, 0, 0, 0, 0, 0, 0, 0, 0, 0, 0, 0, 0, 0, 0, 0, 0, 0], "left_behind": ["egg", "egg", "plain", "plain", "egg", "egg", "plain", "plain", "egg", "egg", "plain", "plain", "egg", "plain", "plain", "egg", "egg", "turd", "plain", "egg", "egg", "turd", "plain", "egg", "egg", "plain", "plain", "egg", "plain", "turd", "egg", "egg", "plain", "turd", "egg", "egg", "plain", "plain", "egg", "egg", "plain", "plain", "egg", "egg", "plain", "plain", "plain", "egg", "plain", "plain", "plain", "egg", "plain", "plain", "egg", "egg", "plain", "plain", "plain", "egg", "plain", "plain", "egg", "egg", "plain", "plain", "plain", "plain", "plain", "plain", "plain", "plain", "plain", "plain", "plain", "egg", "plain", "turd", "plain", "plain"], "errlog_a": "", "errlog_b": "", "start_time": 360, "start_moves": 40, "turn_count": 80, "result": 1, "reason": "EGGS_LAID", "trapdoors": [[3, 5], [4, 3]], "spawn_a": [7, 3], "spawn_b": [0, 3]}