{"pos": [[0, 3], [7, 3], [0, 2], [6, 3], [0, 1], [6, 2], [0, 0], [6, 1], [1, 0], [5, 1], [2, 0], [4, 1], [2, 1], [4, 2], [3, 1], [3, 2], [2, 1], [2, 2], [1, 1], [2, 3], [1, 0], [1, 3], [2, 0], [1, 4], [3, 0], [1, 5], [4, 0], [2, 5], [3, 0], [3, 5], [4, 0], [3, 6], [3, 0], [4, 6], [4, 0], [5, 6], [3, 0], [5, 5], [4, 0], [5, 4], [3, 0], [5, 3], [4, 0], [4, 3], [3, 0], [4, 4], [4, 0], [3, 4], [3, 0], [3, 5], [4, 0], [3, 6], [3, 0], [2, 6], [4, 0], [2, 7], [3, 0], [2, 6], [4, 0], [1, 6], [3, 0], [1, 7], [4, 0], [0, 7], [3, 0], [0, 6], [4, 0], [0, 5], [3, 0], [1, 5], [4, 0], [2, 5], [3, 0], [2, 4], [4, 0], [3, 4], [3, 0], [4, 4], [4, 0], [4, 3]], "a_eggs_laid": [1, 1, 1, 1, 2, 2, 2, 2, 5, 5, 5, 5, 6, 6, 6, 6, 7, 7, 7, 7, 8, 8, 8, 8, 8, 8, 8, 8, 9, 9, 9, 9, 9, 9, 9, 9, 9, 9, 9, 9, 9, 9, 9, 9, 9, 9, 9, 9, 9, 9, 9, 9, 9, 9, 9, 9, 9, 9, 9, 9, 9, 9, 9, 9, 9, 9, 9, 9, 9, 9, 9, 9, 9, 9, 9, 9, 9, 9, 9, 9], "b_eggs_laid": [0, 1, 1, 1, 1, 2, 2, 2, 2, 3, 3, 3, 3, 4, 4, 4, 4, 5, 5, 5, 5, 6, 6, 6, 6, 7, 7, 7, 7, 8, 8, 8, 8, 9, 9, 9, 9, 10, 10, 10, 10, 11, 11, 11, 11, 12, 12, 12, 12, 13, 13, 13, 13, 13, 13, 13, 13, 14, 14, 14, 14, 15, 15, 15, 15, 18, 18, 18, 18, 19, 19, 19, 19, 19, 19, 19, 19, 19, 19, 19], "a_turds_left": [5, 5, 5, 5, 5, 5, 5, 5, 5, 5, 5, 5, 5, 5, 5, 5, 5, 5, 5, 5, 5, 5, 5, 5, 5, 5, 5, 5, 5, 5, 5, 5, 5, 5, 5, 5, 5, 5, 5, 5, 5, 5, 5, 5, 5, 5, 5, 5, 5, 5, 5, 5, 5, 5, 5, 5, 5, 5, 5, 5, 5, 5, 5, 5, 5, 5, 5, 5, 5, 5, 5, 5, 5, 5, 5, 5, 5, 5, 5, 5], "b_turds_left": [5, 5, 5, 5, 5, 5, 5, 5, 5, 5, 5, 4, 4, 4, 4, 3, 3, 3, 3, 2, 2, 2, 2, 1, 1, 1, 1, 1, 1, 1, 1, 1, 1, 1, 1, 1, 1, 1, 1, 1, 1, 1, 1, 1, 1, 1, 1, 1, 1, 1, 1, 1, 1, 1, 1, 1, 1, 1, 1, 1, 1, 1, 1, 1, 1, 1, 1, 1, 1, 1, 1, 1, 1, 1, 1, 1, 1, 1, 1, 0], "a_time_left": [359.9487589999917, 359.9487589999917, 359.91485100000864, 359.91485100000864, 359.8692419580184, 359.8692419580184, 359.8423371250101, 359.8423371250101, 359.8100902920123, 359.8100902920123, 359.7772691670107, 359.7772691670107, 359.7300711669959, 359.7300711669959, 359.67796062500565, 359.67796062500565, 359.66113095902256, 359.66113095902256, 359.6476274590241, 359.6476274590241, 359.61955929204123, 359.61955929204123, 359.60052166704554, 359.60052166704554, 359.59211204203893, 359.59211204203893, 359.57340312504675, 359.57340312504675, 359.55836504205945, 359.55836504205945, 359.54039350006497, 359.54039350006497, 359.5353792910755, 359.5353792910755, 359.51807445808663, 359.51807445808663, 359.51316174908425, 359.51316174908425, 359.4951752490888, 359.4951752490888, 359.4898987491033, 359.4898987491033, 359.4718637491169, 359.4718637491169, 359.46693662411417, 359.46693662411417, 359.4477302081068, 359.4477302081068, 359.4425133751065, 359.4425133751065, 359.42450562512386, 359.42450562512386, 359.4217852501315, 359.4217852501315, 359.403861209139, 359.403861209139, 359.40030887615285, 359.40030887615285, 359.3819202921295, 359.3819202921295, 359.3772196251084, 359.3772196251084, 359.363851750124, 359.363851750124, 359.3607157501101, 359.3607157501101, 359.34790595909, 359.34790595909, 359.3452077090915, 359.3452077090915, 359.3274935000809, 359.3274935000809, 359.32450691607664, 359.32450691607664, 359.3061380410509, 359.3061380410509, 359.3031588740414, 359.3031588740414, 359.2971697910689, 359.2971697910689], "b_time_left": [360, 359.9557652499934, 359.9557652499934, 359.92319995799335, 359.92319995799335, 359.8698306239967, 359.8698306239967, 359.83796095699654, 359.83796095699654, 359.7842484569992, 359.7842484569992, 359.7405574150034, 359.7405574150034, 359.6840182900196, 359.6840182900196, 359.64458687300794, 359.64458687300794, 359.62208658101736, 359.62208658101736, 359.5886028310051, 359.5886028310051, 359.53651466500014, 359.53651466500014, 359.51529562298674, 359.51529562298674, 359.49064962298144, 359.49064962298144, 359.47717995598214, 359.47717995598214, 359.4274005389889, 359.4274005389889, 359.41238608097774, 359.41238608097774, 359.36218233098043, 359.36218233098043, 359.35152795599424, 359.35152795599424, 359.30087399701006, 359.30087399701006, 359.28935670500505, 359.28935670500505, 359.234215872013, 359.234215872013, 359.2193422889977, 359.2193422889977, 359.18384558102116, 359.18384558102116, 359.17232037204667, 359.17232037204667, 359.1417562890565, 359.1417562890565, 359.1305707480351, 359.1305707480351, 359.07808216504054, 359.07808216504054, 359.06372516503325, 359.06372516503325, 359.026541956031, 359.026541956031, 359.01213091405225, 359.01213091405225, 358.9583050390647, 358.9583050390647, 358.94901162205497, 358.94901162205497, 358.9287087470584, 358.9287087470584, 358.9198807060602, 358.9198807060602, 358.8970675810415, 358.8970675810415, 358.88399054002366, 358.88399054002366, 358.83857841501595, 358.83857841501595, 358.82424391503446, 358.82424391503446, 358.81430049805203, 358.81430049805203, 358.8133417480567], "a_moves_left": [39, 39, 38, 38, 37, 37, 36, 36, 35, 35, 34, 34, 33, 33, 32, 32, 31, 31, 30, 30, 29, 29, 28, 28, 27, 27, 26, 26, 25, 25, 24, 24, 23, 23, 22, 22, 21, 21, 20, 20, 19, 19, 18, 18, 17, 17, 16, 16, 15, 15, 14, 14, 13, 13, 12, 12, 11, 11, 10, 10, 9, 9, 8, 8, 7, 7, 6, 6, 5, 5, 4, 4, 3, 3, 2, 2, 1, 1, 0, 0], "b_moves_left": [40, 39, 39, 38, 38, 37, 37, 36, 36, 35, 35, 34, 34, 33, 33, 32, 32, 31, 31, 30, 30, 29, 29, 28, 28, 27, 27, 26, 26, 25, 25, 24, 24, 23, 23, 22, 22, 21, 21, 20, 20, 19, 19, 18, 18, 17, 17, 16, 16, 15, 15, 14, 14, 13, 13, 12, 12, 11, 11, 10, 10, 9, 9, 8, 8, 7, 7, 6, 6, 5, 5, 4, 4, 3, 3, 2, 2, 1, 1, 0], "trapdoor_triggered": [0, 0, 0, 0, 0, 0, 0, 0, 0, 0, 0, 0, 0, 0, 0, 0, 0, 0, 0, 0, 0, 0, 0, 0, 0, 0, 0, 0, 0, 0, 0, 0, 0, 0, 0, 0, 0, 0, 0, 0, 0, 0, 0, 0, 0, 0, 0, 0, 0, 0, 0, 0, 0, 0, 0, 0, 0, 0, 0, 0, 0, 0, 0, 0, 0, 0, 0, 0, 0, 0, 0, 0, 0, 0, 0, 0, 0, 0, 0, 0], "left_behind": ["egg", "egg", "plain", "plain", "egg", "egg", "plain", "plain", "egg", "egg", "plain", "turd", "egg", "egg", "plain", "turd", "egg", "egg", "plain", "turd", "egg", "egg", "plain", "turd", "plain", "egg", "plain", "plain", "egg", "egg", "plain", "plain", "plain", "egg", "plain", "plain", "plain", "egg", "plain", "plain", "plain", "egg", "plain", "plain", "plain", "egg", "plain", "plain", "plain", "egg", "plain", "plain", "plain", "plain", "plain", "plain", "plain", "egg", "plain", "plain", "plain", "egg", "plain", "plain", "plain", "egg", "plain", "plain", "plain", "egg", "plain", "plain", "plain", "plain", "plain", "plain", "plain", "plain", "plain", "turd"], "errlog_a": "", "errlog_b": "", "start_time": 360, "start_moves": 40, "turn_count": 80, "result": 1, "reason": "EGGS_LAID", "trapdoors": [[3, 3], [4, 5]], "spawn_a": [0, 4], "spawn_b": [7, 4]}