{"pos": [[0, 5], [6, 6], [0, 4], [6, 5], [0, 3], [6, 4], [0, 2], [6, 3], [0, 1], [5, 3], [0, 0], [5, 2], [1, 0], [4, 2], [2, 0], [4, 1], [2, 1], [3, 1], [0, 6], [3, 2], [0, 5], [3, 3], [1, 5], [3, 4], [1, 4], [2, 4], [1, 3], [2, 3], [1, 2], [3, 3], [1, 1], [4, 3], [2, 1], [4, 4], [3, 1], [4, 5], [3, 0], [4, 6], [4, 0], [3, 6], [5, 0], [4, 6], [6, 0], [4, 7], [7, 0], [4, 6], [7, 1], [5, 6], [7, 2], [6, 6], [6, 2], [6, 7], [6, 1], [6, 6], [5, 1], [6, 5], [5, 0], [6, 4], [6, 0], [7, 6], [7, 0], [7, 5], [7, 1], [7, 4], [7, 0], [7, 3], [7, 1], [7, 2], [7, 0], [7, 3], [7, 1], [7, 4], [7, 0], [7, 5], [7, 1], [6, 5], [7, 0], [6, 4], [7, 1], [6, 3]], "a_eggs_laid": [1, 1, 1, 1, 2, 2, 2, 2, 3, 3, 3, 3, 6, 6, 6, 6, 7, 7, 7, 7, 7, 7, 7, 7, 8, 8, 8, 8, 9, 9, 9, 9, 10, 10, 10, 10, 11, 11, 11, 11, 12, 12, 12, 12, 13, 13, 13, 13, 14, 14, 14, 14, 15, 15, 15, 15, 16, 16, 16, 16, 20, 20, 20, 20, 20, 20, 20, 20, 20, 20, 20, 20, 20, 20, 20, 20, 20, 20, 20, 20], "b_eggs_laid": [0, 1, 1, 1, 1, 2, 2, 2, 2, 3, 3, 3, 3, 4, 4, 4, 4, 5, 5, 9, 9, 10, 10, 10, 10, 11, 11, 11, 11, 12, 12, 12, 12, 13, 13, 13, 13, 14, 14, 14, 14, 15, 15, 15, 15, 16, 16, 16, 16, 17, 17, 17, 17, 18, 18, 18, 18, 18, 18, 18, 18, 18, 18, 18, 18, 19, 19, 19, 19, 20, 20, 20, 20, 20, 20, 20, 20, 20, 20, 20], "a_turds_left": [5, 5, 5, 5, 5, 5, 5, 5, 5, 5, 5, 5, 5, 5, 5, 5, 5, 5, 5, 5, 5, 5, 5, 5, 5, 5, 5, 5, 5, 5, 5, 5, 5, 5, 5, 5, 5, 5, 5, 5, 5, 5, 5, 5, 5, 5, 5, 5, 5, 5, 5, 5, 5, 5, 5, 5, 5, 5, 5, 5, 5, 5, 5, 5, 5, 5, 5, 5, 5, 5, 5, 5, 5, 5, 5, 5, 5, 5, 5, 5], "b_turds_left": [5, 5, 5, 4, 4, 4, 4, 3, 3, 3, 3, 2, 2, 2, 2, 1, 1, 1, 1, 1, 1, 1, 1, 1, 1, 1, 1, 1, 1, 1, 1, 1, 1, 1, 1, 1, 1, 1, 1, 1, 1, 1, 1, 1, 1, 1, 1, 1, 1, 1, 1, 1, 1, 1, 1, 1, 1, 1, 1, 1, 1, 1, 1, 1, 1, 1, 1, 1, 1, 1, 1, 1, 1, 1, 1, 1, 1, 1, 1, 1], "a_time_left": [359.89758466600324, 359.89758466600324, 359.7481598329905, 359.7481598329905, 359.56248179101385, 359.56248179101385, 359.5048755000171, 359.5048755000171, 359.4261962500168, 359.4261962500168, 359.37185041600605, 359.37185041600605, 359.31822845802526, 359.31822845802526, 359.26650370802963, 359.26650370802963, 359.1839102500526, 359.1839102500526, 359.15256966705783, 359.15256966705783, 359.12535654206295, 359.12535654206295, 359.0781962090696, 359.0781962090696, 358.97636520909145, 358.97636520909145, 358.95342587609775, 358.95342587609775, 358.90902391809504, 358.90902391809504, 358.8503459180938, 358.8503459180938, 358.6149662511016, 358.6149662511016, 358.5704297510965, 358.5704297510965, 358.51822433408233, 358.51822433408233, 358.48455325106625, 358.48455325106625, 358.43564141806564, 358.43564141806564, 358.39835116808536, 358.39835116808536, 358.34145371007617, 358.34145371007617, 358.3136589600763, 358.3136589600763, 358.23906621005153, 358.23906621005153, 358.21191775103216, 358.21191775103216, 358.1654844600125, 358.1654844600125, 358.1311373770004, 358.1311373770004, 358.0940695439931, 358.0940695439931, 358.07226808500127, 358.07226808500127, 358.0619736680237, 358.0619736680237, 358.0416863760329, 358.0416863760329, 358.02219816704746, 358.02219816704746, 358.00002037506783, 358.00002037506783, 357.9942040410533, 357.9942040410533, 357.9735697080614, 357.9735697080614, 357.9646998330427, 357.9646998330427, 357.94369470805395, 357.94369470805395, 357.93201583303744, 357.93201583303744, 357.92796258302405, 357.92796258302405], "b_time_left": [360, 359.9252189169929, 359.9252189169929, 359.839894292003, 359.839894292003, 359.7497801669815, 359.7497801669815, 359.6673305419681, 359.6673305419681, 359.5917199589603, 359.5917199589603, 359.5438132509589, 359.5438132509589, 359.4674858339713, 359.4674858339713, 359.3879637919599, 359.3879637919599, 359.2869260839652, 359.2869260839652, 359.21711062599206, 359.21711062599206, 359.1554736259859, 359.1554736259859, 359.0607346679899, 359.0607346679899, 358.9850450019876, 358.9850450019876, 358.9345686690067, 358.9345686690067, 358.88987187700695, 358.88987187700695, 358.7563934610225, 358.7563934610225, 358.62959812700865, 358.62959812700865, 358.5662951680133, 358.5662951680133, 358.48864662702545, 358.48864662702545, 358.45172491902485, 358.45172491902485, 358.3816417940252, 358.3816417940252, 358.3254050850228, 358.3254050850228, 358.2825332520297, 358.2825332520297, 358.1879266270262, 358.1879266270262, 358.11298029404134, 358.11298029404134, 358.0905892100418, 358.0905892100418, 358.0389837520488, 358.0389837520488, 358.01391808502376, 358.01391808502376, 357.9583232930163, 357.9583232930163, 357.9230623760086, 357.9230623760086, 357.8919492510031, 357.8919492510031, 357.84270187601214, 357.84270187601214, 357.8069691680139, 357.8069691680139, 357.77150829302263, 357.77150829302263, 357.7570276680053, 357.7570276680053, 357.73018479300663, 357.73018479300663, 357.69121662699035, 357.69121662699035, 357.6583650849934, 357.6583650849934, 357.64168829401024, 357.64168829401024, 357.6403333360213], "a_moves_left": [39, 39, 38, 38, 37, 37, 36, 36, 35, 35, 34, 34, 33, 33, 32, 32, 31, 31, 30, 30, 29, 29, 28, 28, 27, 27, 26, 26, 25, 25, 24, 24, 23, 23, 22, 22, 21, 21, 20, 20, 19, 19, 18, 18, 17, 17, 16, 16, 15, 15, 14, 14, 13, 13, 12, 12, 11, 11, 10, 10, 9, 9, 8, 8, 7, 7, 6, 6, 5, 5, 4, 4, 3, 3, 2, 2, 1, 1, 0, 0], "b_moves_left": [40, 39, 39, 38, 38, 37, 37, 36, 36, 35, 35, 34, 34, 33, 33, 32, 32, 31, 31, 30, 30, 29, 29, 28, 28, 27, 27, 26, 26, 25, 25, 24, 24, 23, 23, 22, 22, 21, 21, 20, 20, 19, 19, 18, 18, 17, 17, 16, 16, 15, 15, 14, 14, 13, 13, 12, 12, 11, 11, 10, 10, 9, 9, 8, 8, 7, 7, 6, 6, 5, 5, 4, 4, 3, 3, 2, 2, 1, 1, 0], "trapdoor_triggered": [0, 0, 0, 0, 0, 0, 0, 0, 0, 0, 0, 0, 0, 0, 0, 0, 0, 0, 1, 0, 0, 0, 0, 0, 0, 0, 0, 0, 0, 0, 0, 0, 0, 0, 0, 0, 0, 0, 0, 0, 0, 0, 0, 0, 0, 0, 0, 0, 0, 0, 0, 0, 0, 0, 0, 0, 0, 0, 0, 1, 0, 0, 0, 0, 0, 0, 0, 0, 0, 0, 0, 0, 0, 0, 0, 0, 0, 0, 0, 0], "left_behind": ["egg", "egg", "plain", "turd", "egg", "egg", "plain", "turd", "egg", "egg", "plain", "turd", "egg", "egg", "plain", "turd", "egg", "egg", "plain", "plain", "plain", "egg", "plain", "plain", "egg", "egg", "plain", "plain", "egg", "egg", "plain", "plain", "egg", "egg", "plain", "plain", "egg", "egg", "plain", "plain", "egg", "egg", "plain", "plain", "egg", "egg", "plain", "plain", "egg", "egg", "plain", "plain", "egg", "egg", "plain", "plain", "egg", "plain", "plain", "plain", "plain", "plain", "plain", "plain", "plain", "egg", "plain", "plain", "plain", "egg", "plain", "plain", "plain", "plain", "plain", "plain", "plain", "plain", "plain", "plain"], "errlog_a": "", "errlog_b": "", "start_time": 360, "start_moves": 40, "turn_count": 80, "result": 2, "reason": "EGGS_LAID", "trapdoors": [[2, 2], [5, 4]], "spawn_a": [0, 6], "spawn_b": [7, 6]}