{"pos": [[0, 5], [7, 5], [0, 4], [6, 5], [0, 3], [6, 4], [0, 2], [6, 3], [0, 1], [6, 2], [0, 0], [6, 1], [1, 0], [5, 1], [2, 0], [4, 1], [2, 1], [3, 1], [2, 2], [2, 1], [1, 2], [3, 1], [1, 1], [3, 0], [1, 2], [4, 0], [1, 3], [5, 0], [1, 4], [6, 0], [1, 5], [7, 0], [1, 6], [7, 1], [2, 6], [7, 2], [3, 6], [7, 3], [4, 6], [7, 4], [3, 6], [6, 4], [3, 7], [5, 4], [3, 6], [5, 5], [3, 5], [4, 5], [2, 5], [5, 5], [2, 4], [5, 6], [1, 4], [6, 6], [1, 3], [6, 7], [1, 2], [5, 7], [1, 1], [4, 7], [1, 2], [5, 7], [1, 1], [5, 6], [1, 2], [5, 5], [1, 1], [5, 4], [1, 2], [5, 3], [1, 1], [5, 2], [1, 2]], "a_eggs_laid": [1, 1, 1, 1, 2, 2, 2, 2, 3, 3, 3, 3, 6, 6, 6, 6, 7, 7, 7, 7, 8, 8, 8, 8, 9, 9, 9, 9, 10, 10, 10, 10, 11, 11, 11, 11, 12, 12, 12, 12, 13, 13, 13, 13, 14, 14, 14, 14, 15, 15, 15, 15, 16, 16, 16, 16, 16, 16, 16, 16, 16, 16, 16, 16, 16, 16, 16, 16, 16, 16, 16, 16, 16], "b_eggs_laid": [0, 1, 1, 1, 1, 2, 2, 2, 2, 3, 3, 3, 3, 4, 4, 4, 4, 5, 5, 5, 5, 6, 6, 6, 6, 7, 7, 7, 7, 8, 8, 8, 8, 11, 11, 11, 11, 12, 12, 12, 12, 13, 13, 13, 13, 14, 14, 14, 14, 15, 15, 15, 15, 16, 16, 16, 16, 17, 17, 17, 17, 18, 18, 18, 18, 18, 18, 18, 18, 18, 18, 18, 18], "a_turds_left": [5, 5, 5, 5, 5, 5, 5, 5, 5, 5, 5, 5, 5, 5, 5, 5, 5, 5, 5, 5, 5, 5, 5, 5, 5, 5, 5, 5, 5, 5, 5, 5, 5, 5, 5, 5, 5, 5, 5, 5, 5, 5, 5, 5, 5, 5, 5, 5, 5, 5, 5, 5, 5, 5, 5, 5, 5, 5, 5, 5, 5, 5, 5, 5, 5, 5, 5, 5, 5, 5, 5, 5, 5], "b_turds_left": [5, 5, 5, 5, 5, 5, 5, 5, 5, 5, 5, 5, 5, 5, 5, 4, 4, 4, 4, 3, 3, 3, 3, 3, 3, 3, 3, 3, 3, 3, 3, 3, 3, 3, 3, 3, 3, 3, 3, 2, 2, 2, 2, 2, 2, 2, 2, 1, 1, 1, 1, 1, 1, 1, 1, 1, 1, 1, 1, 1, 1, 1, 1, 1, 1, 1, 1, 1, 1, 1, 1, 1, 1], "a_time_left": [359.95143033302156, 359.95143033302156, 359.91374291601824, 359.91374291601824, 359.8677805830084, 359.8677805830084, 359.83951616700506, 359.83951616700506, 359.79382766701747, 359.79382766701747, 359.7670072920155, 359.7670072920155, 359.7342260830337, 359.7342260830337, 359.7014425000234, 359.7014425000234, 359.6546383330133, 359.6546383330133, 359.6389819580363, 359.6389819580363, 359.6221260410384, 359.6221260410384, 359.59753662502044, 359.59753662502044, 359.57251150000957, 359.57251150000957, 359.5485077910125, 359.5485077910125, 359.49843541599694, 359.49843541599694, 359.4706912910042, 359.4706912910042, 359.43330637400504, 359.43330637400504, 359.40184520799085, 359.40184520799085, 359.3432025410002, 359.3432025410002, 359.305530749989, 359.305530749989, 359.239381374995, 359.239381374995, 359.1957108749775, 359.1957108749775, 359.144506874989, 359.144506874989, 359.10655133399996, 359.10655133399996, 359.084354791994, 359.084354791994, 359.0591078339785, 359.0591078339785, 358.9995910009602, 358.9995910009602, 358.9671995009703, 358.9671995009703, 358.951129958994, 358.951129958994, 358.929146126, 358.929146126, 358.92394616798265, 358.92394616798265, 358.90227458497975, 358.90227458497975, 358.8943671679881, 358.8943671679881, 358.8764362510119, 358.8764362510119, 358.86864633401274, 358.86864633401274, 358.8368687510083, 358.8368687510083, 358.8197030420124], "b_time_left": [360, 359.9569136670034, 359.9569136670034, 359.9209472920047, 359.9209472920047, 359.86543987499317, 359.86543987499317, 359.82084374999977, 359.82084374999977, 359.7690388750052, 359.7690388750052, 359.7369704169978, 359.7369704169978, 359.6845652500051, 359.6845652500051, 359.6405640000012, 359.6405640000012, 359.5869344579987, 359.5869344579987, 359.5515905409993, 359.5515905409993, 359.51008816598915, 359.51008816598915, 359.4533095409861, 359.4533095409861, 359.3885151659779, 359.3885151659779, 359.2410634989792, 359.2410634989792, 359.1199740409793, 359.1199740409793, 358.9505879569624, 358.9505879569624, 358.866281873954, 358.866281873954, 358.7111252909526, 358.7111252909526, 358.60285891595413, 358.60285891595413, 358.39868874894455, 358.39868874894455, 357.98418833295, 357.98418833295, 357.095652082935, 357.095652082935, 356.58337595794, 356.58337595794, 355.9752747909224, 355.9752747909224, 355.7687811659125, 355.7687811659125, 355.3271291659039, 355.3271291659039, 354.86421962390887, 354.86421962390887, 354.145301790908, 354.145301790908, 353.7782292079355, 353.7782292079355, 353.52507958293427, 353.52507958293427, 353.2326096249162, 353.2326096249162, 352.7282405409205, 352.7282405409205, 351.8631149989087, 351.8631149989087, 351.06694045691984, 351.06694045691984, 349.97214958191034, 349.97214958191034, 348.8607424159127, 348.8607424159127], "a_moves_left": [39, 39, 38, 38, 37, 37, 36, 36, 35, 35, 34, 34, 33, 33, 32, 32, 31, 31, 30, 30, 29, 29, 28, 28, 27, 27, 26, 26, 25, 25, 24, 24, 23, 23, 22, 22, 21, 21, 20, 20, 19, 19, 18, 18, 17, 17, 16, 16, 15, 15, 14, 14, 13, 13, 12, 12, 11, 11, 10, 10, 9, 9, 8, 8, 7, 7, 6, 6, 5, 5, 4, 4, 3], "b_moves_left": [40, 39, 39, 38, 38, 37, 37, 36, 36, 35, 35, 34, 34, 33, 33, 32, 32, 31, 31, 30, 30, 29, 29, 28, 28, 27, 27, 26, 26, 25, 25, 24, 24, 23, 23, 22, 22, 21, 21, 20, 20, 19, 19, 18, 18, 17, 17, 16, 16, 15, 15, 14, 14, 13, 13, 12, 12, 11, 11, 10, 10, 9, 9, 8, 8, 7, 7, 6, 6, 5, 5, 4, 4], "trapdoor_triggered": [0, 0, 0, 0, 0, 0, 0, 0, 0, 0, 0, 0, 0, 0, 0, 0, 0, 0, 0, 0, 0, 0, 0, 0, 0, 0, 0, 0, 0, 0, 0, 0, 0, 0, 0, 0, 0, 0, 0, 0, 0, 0, 0, 0, 0, 0, 0, 0, 0, 0, 0, 0, 0, 0, 0, 0, 0, 0, 0, 0, 0, 0, 0, 0, 0, 0, 0, 0, 0, 0, 0, 0, 0], "left_behind": ["egg", "egg", "plain", "plain", "egg", "egg", "plain", "plain", "egg", "egg", "plain", "plain", "egg", "egg", "plain", "turd", "egg", "egg", "plain", "turd", "egg", "egg", "plain", "plain", "egg", "egg", "plain", "plain", "egg", "egg", "plain", "plain", "egg", "egg", "plain", "plain", "egg", "egg", "plain", "turd", "egg", "egg", "plain", "plain", "egg", "egg", "plain", "turd", "egg", "egg", "plain", "plain", "egg", "egg", "plain", "plain", "plain", "egg", "plain", "plain", "plain", "egg", "plain", "plain", "plain", "plain", "plain", "plain", "plain", "plain", "plain", "plain", "plain"], "errlog_a": "", "errlog_b": "Timeout", "start_time": 360, "start_moves": 40, "turn_count": 73, "result": 0, "reason": "CODE_CRASH", "trapdoors": [[3, 3], [4, 3]], "spawn_a": [0, 6], "spawn_b": [7, 6]}