{"pos": [[0, 5], [7, 5], [0, 4], [7, 4], [0, 3], [7, 3], [0, 2], [6, 3], [0, 1], [6, 4], [0, 0], [5, 4], [1, 0], [5, 3], [2, 0], [4, 3], [3, 0], [4, 2], [4, 0], [4, 1], [5, 0], [5, 1], [6, 0], [5, 2], [7, 0], [4, 2], [7, 1], [3, 2], [7, 0], [3, 3], [7, 1], [2, 3], [7, 0], [3, 3], [7, 1], [3, 4], [7, 0], [3, 5], [7, 1], [3, 6], [7, 0], [4, 6], [7, 1], [4, 5], [7, 0], [5, 5], [7, 1], [6, 5], [7, 0], [6, 6], [7, 1], [5, 6], [7, 0], [5, 5], [7, 1], [5, 4], [7, 0], [5, 3], [7, 1], [4, 3], [7, 0], [4, 2], [7, 1], [4, 3], [7, 0], [4, 2], [7, 1], [4, 3], [7, 0], [4, 2], [7, 1], [4, 3], [7, 0], [4, 2], [7, 1], [4, 3], [7, 0], [4, 2], [7, 1], [4, 1]], "a_eggs_laid": [1, 1, 1, 1, 2, 2, 2, 2, 3, 3, 3, 3, 6, 6, 6, 6, 7, 7, 7, 7, 8, 8, 8, 8, 9, 9, 9, 9, 10, 10, 10, 10, 10, 10, 10, 10, 10, 10, 10, 10, 10, 10, 10, 10, 10, 10, 10, 10, 10, 10, 10, 10, 10, 10, 10, 10, 10, 10, 10, 10, 10, 10, 10, 10, 10, 10, 10, 10, 10, 10, 10, 10, 10, 10, 10, 10, 10, 10, 10, 10], "b_eggs_laid": [0, 1, 1, 1, 1, 2, 2, 2, 2, 3, 3, 3, 3, 4, 4, 4, 4, 5, 5, 5, 5, 6, 6, 6, 6, 7, 7, 7, 7, 8, 8, 8, 8, 9, 9, 9, 9, 10, 10, 10, 10, 11, 11, 11, 11, 12, 12, 12, 12, 13, 13, 13, 13, 14, 14, 14, 14, 14, 14, 14, 14, 14, 14, 14, 14, 14, 14, 14, 14, 14, 14, 14, 14, 14, 14, 14, 14, 14, 14, 14], "a_turds_left": [5, 5, 5, 5, 5, 5, 5, 5, 5, 5, 5, 5, 5, 5, 5, 5, 5, 5, 5, 5, 5, 5, 5, 5, 5, 5, 5, 5, 5, 5, 5, 5, 5, 5, 5, 5, 5, 5, 5, 5, 5, 5, 5, 5, 5, 5, 5, 5, 5, 5, 5, 5, 5, 5, 5, 5, 5, 5, 5, 5, 5, 5, 5, 5, 5, 5, 5, 5, 5, 5, 5, 5, 5, 5, 5, 5, 5, 5, 5, 5], "b_turds_left": [5, 5, 5, 4, 4, 4, 4, 3, 3, 3, 3, 2, 2, 2, 2, 1, 1, 1, 1, 1, 1, 1, 1, 0, 0, 0, 0, 0, 0, 0, 0, 0, 0, 0, 0, 0, 0, 0, 0, 0, 0, 0, 0, 0, 0, 0, 0, 0, 0, 0, 0, 0, 0, 0, 0, 0, 0, 0, 0, 0, 0, 0, 0, 0, 0, 0, 0, 0, 0, 0, 0, 0, 0, 0, 0, 0, 0, 0, 0, 0], "a_time_left": [359.95866045798175, 359.95866045798175, 359.9208126659796, 359.9208126659796, 359.8735895829741, 359.8735895829741, 359.83999720797874, 359.83999720797874, 359.77807333300007, 359.77807333300007, 359.73439324999345, 359.73439324999345, 359.6403185839881, 359.6403185839881, 359.5966970429872, 359.5966970429872, 359.5432537519955, 359.5432537519955, 359.50899100198876, 359.50899100198876, 359.4927690019831, 359.4927690019831, 359.47528583498206, 359.47528583498206, 359.4666458349966, 359.4666458349966, 359.4522134180006, 359.4522134180006, 359.44073204300366, 359.44073204300366, 359.42860450199805, 359.42860450199805, 359.4231075849966, 359.4231075849966, 359.4111299600045, 359.4111299600045, 359.40806891801185, 359.40806891801185, 359.39184150102665, 359.39184150102665, 359.3858153340407, 359.3858153340407, 359.3799219170469, 359.3799219170469, 359.3747007920465, 359.3747007920465, 359.3641184170556, 359.3641184170556, 359.3560491260432, 359.3560491260432, 359.34498587602866, 359.34498587602866, 359.3390935010393, 359.3390935010393, 359.32709670905024, 359.32709670905024, 359.3219184590562, 359.3219184590562, 359.3065540420648, 359.3065540420648, 359.3026832510659, 359.3026832510659, 359.2906472100876, 359.2906472100876, 359.2856352100789, 359.2856352100789, 359.27417579310713, 359.27417579310713, 359.2702912930981, 359.2702912930981, 359.25855983409565, 359.25855983409565, 359.2540752090863, 359.2540752090863, 359.2423403340799, 359.2423403340799, 359.2357992500765, 359.2357992500765, 359.2267452090746, 359.2267452090746], "b_time_left": [360, 359.95633970800554, 359.95633970800554, 359.9196235410054, 359.9196235410054, 359.8739197500108, 359.8739197500108, 359.8340439160238, 359.8340439160238, 359.77456412502215, 359.77456412502215, 359.7347930840333, 359.7347930840333, 359.6620070420322, 359.6620070420322, 359.605568708037, 359.605568708037, 359.55267841604655, 359.55267841604655, 359.51338616604335, 359.51338616604335, 359.4619240000611, 359.4619240000611, 359.42997350005317, 359.42997350005317, 359.4036412500427, 359.4036412500427, 359.39387283305405, 359.39387283305405, 359.3562006660504, 359.3562006660504, 359.35027166604414, 359.35027166604414, 359.32163141603814, 359.32163141603814, 359.31364333306556, 359.31364333306556, 359.2822799580754, 359.2822799580754, 359.2756690410897, 359.2756690410897, 359.2502869571035, 359.2502869571035, 359.23924587407964, 359.23924587407964, 359.21298370708246, 359.21298370708246, 359.2035549990833, 359.2035549990833, 359.17449379109894, 359.17449379109894, 359.16561549907783, 359.16561549907783, 359.14102816506056, 359.14102816506056, 359.13738133205334, 359.13738133205334, 359.12092683205265, 359.12092683205265, 359.1127148740634, 359.1127148740634, 359.1024668740574, 359.1024668740574, 359.094219249062, 359.094219249062, 359.0775470820663, 359.0775470820663, 359.0702356650727, 359.0702356650727, 359.0561570400605, 359.0561570400605, 359.04538329006755, 359.04538329006755, 359.0279998310434, 359.0279998310434, 359.0232433730562, 359.0232433730562, 359.0135280400573, 359.0135280400573, 359.0126850810484], "a_moves_left": [39, 39, 38, 38, 37, 37, 36, 36, 35, 35, 34, 34, 33, 33, 32, 32, 31, 31, 30, 30, 29, 29, 28, 28, 27, 27, 26, 26, 25, 25, 24, 24, 23, 23, 22, 22, 21, 21, 20, 20, 19, 19, 18, 18, 17, 17, 16, 16, 15, 15, 14, 14, 13, 13, 12, 12, 11, 11, 10, 10, 9, 9, 8, 8, 7, 7, 6, 6, 5, 5, 4, 4, 3, 3, 2, 2, 1, 1, 0, 0], "b_moves_left": [40, 39, 39, 38, 38, 37, 37, 36, 36, 35, 35, 34, 34, 33, 33, 32, 32, 31, 31, 30, 30, 29, 29, 28, 28, 27, 27, 26, 26, 25, 25, 24, 24, 23, 23, 22, 22, 21, 21, 20, 20, 19, 19, 18, 18, 17, 17, 16, 16, 15, 15, 14, 14, 13, 13, 12, 12, 11, 11, 10, 10, 9, 9, 8, 8, 7, 7, 6, 6, 5, 5, 4, 4, 3, 3, 2, 2, 1, 1, 0], "trapdoor_triggered": [0, 0, 0, 0, 0, 0, 0, 0, 0, 0, 0, 0, 0, 0, 0, 0, 0, 0, 0, 0, 0, 0, 0, 0, 0, 0, 0, 0, 0, 0, 0, 0, 0, 0, 0, 0, 0, 0, 0, 0, 0, 0, 0, 0, 0, 0, 0, 0, 0, 0, 0, 0, 0, 0, 0, 0, 0, 0, 0, 0, 0, 0, 0, 0, 0, 0, 0, 0, 0, 0, 0, 0, 0, 0, 0, 0, 0, 0, 0, 0], "left_behind": ["egg", "egg", "plain", "turd", "egg", "egg", "plain", "turd", "egg", "egg", "plain", "turd", "egg", "egg", "plain", "turd", "egg", "egg", "plain", "plain", "egg", "egg", "plain", "turd", "egg", "egg", "plain", "plain", "egg", "egg", "plain", "plain", "plain", "egg", "plain", "plain", "plain", "egg", "plain", "plain", "plain", "egg", "plain", "plain", "plain", "egg", "plain", "plain", "plain", "egg", "plain", "plain", "plain", "egg", "plain", "plain", "plain", "plain", "plain", "plain", "plain", "plain", "plain", "plain", "plain", "plain", "plain", "plain", "plain", "plain", "plain", "plain", "plain", "plain", "plain", "plain", "plain", "plain", "plain", "plain"], "errlog_a": "", "errlog_b": "", "start_time": 360, "start_moves": 40, "turn_count": 80, "result": 1, "reason": "EGGS_LAID", "trapdoors": [[4, 4], [2, 5]], "spawn_a": [0, 6], "spawn_b": [7, 6]}