{"pos": [[0, 5], [7, 5], [0, 4], [7, 4], [0, 3], [6, 4], [0, 2], [6, 3], [0, 1], [6, 2], [0, 0], [7, 2], [1, 0], [7, 1], [2, 0], [7, 0], [3, 0], [7, 1], [4, 0], [6, 1], [4, 1], [5, 1], [4, 2], [4, 1], [3, 2], [5, 1], [3, 3], [5, 2], [3, 2], [6, 2], [3, 1], [6, 3], [2, 1], [6, 2], [1, 1], [6, 3], [2, 1], [6, 4], [2, 2], [7, 4], [1, 2], [7, 5], [1, 3], [7, 6], [1, 4], [6, 6], [1, 5], [6, 5], [1, 4], [7, 6], [2, 4]], "a_eggs_laid": [1, 1, 1, 1, 2, 2, 2, 2, 3, 3, 3, 3, 6, 6, 6, 6, 7, 7, 7, 7, 8, 8, 8, 8, 9, 9, 9, 9, 10, 10, 10, 10, 11, 11, 11, 11, 12, 12, 12, 12, 13, 13, 13, 13, 14, 14, 14, 14, 15, 15, 19], "b_eggs_laid": [0, 1, 1, 1, 1, 2, 2, 2, 2, 3, 3, 3, 3, 4, 4, 4, 4, 7, 7, 7, 7, 8, 8, 8, 8, 9, 9, 9, 9, 10, 10, 10, 10, 10, 10, 10, 10, 10, 10, 10, 10, 10, 10, 10, 10, 10, 10, 10, 10, 11, 11], "a_turds_left": [5, 5, 5, 5, 5, 5, 5, 5, 5, 5, 5, 5, 5, 5, 5, 5, 5, 5, 5, 5, 5, 5, 5, 5, 5, 5, 5, 5, 5, 5, 5, 5, 5, 5, 5, 5, 5, 5, 5, 5, 5, 5, 5, 5, 5, 5, 5, 5, 5, 5, 5], "b_turds_left": [5, 5, 5, 4, 4, 4, 4, 3, 3, 3, 3, 2, 2, 2, 2, 1, 1, 1, 1, 1, 1, 1, 1, 1, 1, 1, 1, 0, 0, 0, 0, 0, 0, 0, 0, 0, 0, 0, 0, 0, 0, 0, 0, 0, 0, 0, 0, 0, 0, 0, 0], "a_time_left": [357.10552233300405, 357.10552233300405, 355.3392234580242, 355.3392234580242, 352.2681631660089, 352.2681631660089, 349.92326012501144, 349.92326012501144, 345.9230249170214, 345.9230249170214, 342.89085887602414, 342.89085887602414, 341.4073888340208, 341.4073888340208, 340.0909040000115, 340.0909040000115, 337.30813458401826, 337.30813458401826, 335.0802346250275, 335.0802346250275, 331.08002745805425, 331.08002745805425, 329.740644583042, 329.740644583042, 328.4051482080249, 328.4051482080249, 324.90890095802024, 324.90890095802024, 322.5971115420107, 322.5971115420107, 320.7206191260193, 320.7206191260193, 318.22188050101977, 318.22188050101977, 316.0760473340051, 316.0760473340051, 312.47204850098933, 312.47204850098933, 309.7992900009849, 309.7992900009849, 306.6166501259722, 306.6166501259722, 304.72635362597066, 304.72635362597066, 302.1658838339499, 302.1658838339499, 300.5680541259644, 300.5680541259644, 296.567846875987, 296.567846875987, 294.9289887509949], "b_time_left": [360, 355.9996130829968, 355.9996130829968, 351.999125250004, 351.999125250004, 347.9989345840004, 347.9989345840004, 343.99839808398974, 343.99839808398974, 339.9980272919929, 339.9980272919929, 335.99776591698173, 335.99776591698173, 331.9975984169869, 331.9975984169869, 327.99727774996427, 327.99727774996427, 323.996923040977, 323.996923040977, 320.2003032909997, 320.2003032909997, 316.1999482489773, 316.1999482489773, 312.1995409989904, 312.1995409989904, 308.19931083198753, 308.19931083198753, 304.19899358198745, 304.19899358198745, 300.1988379569666, 300.1988379569666, 296.198679789959, 296.198679789959, 292.19817183195846, 292.19817183195846, 288.19790899797226, 288.19790899797226, 284.19746828995994, 284.19746828995994, 280.1971433319559, 280.1971433319559, 276.19660849895445, 276.19660849895445, 272.19613662397023, 272.19613662397023, 268.1957574579865, 268.1957574579865, 264.1955429999798, 264.1955429999798, 260.194698916981, 260.194698916981], "a_moves_left": [39, 39, 38, 38, 37, 37, 36, 36, 35, 35, 34, 34, 33, 33, 32, 32, 31, 31, 30, 30, 29, 29, 28, 28, 27, 27, 26, 26, 25, 25, 24, 24, 23, 23, 22, 22, 21, 21, 20, 20, 19, 19, 18, 18, 17, 17, 16, 16, 15, 15, 14], "b_moves_left": [40, 39, 39, 38, 38, 37, 37, 36, 36, 35, 35, 34, 34, 33, 33, 32, 32, 31, 31, 30, 30, 29, 29, 28, 28, 27, 27, 26, 26, 25, 25, 24, 24, 23, 23, 22, 22, 21, 21, 20, 20, 19, 19, 18, 18, 17, 17, 16, 16, 15, 15], "trapdoor_triggered": [0, 0, 0, 0, 0, 0, 0, 0, 0, 0, 0, 0, 0, 0, 0, 0, 0, 0, 0, 0, 0, 0, 0, 0, 0, 0, 0, 0, 0, 0, 0, 0, 0, 0, 0, 0, 0, 0, 0, 0, 0, 0, 0, 0, 0, 0, 0, 0, 0, 1, 0], "left_behind": ["egg", "egg", "plain", "turd", "egg", "egg", "plain", "turd", "egg", "egg", "plain", "turd", "egg", "egg", "plain", "turd", "egg", "egg", "plain", "plain", "egg", "egg", "plain", "plain", "egg", "egg", "plain", "turd", "egg", "egg", "plain", "plain", "egg", "plain", "plain", "plain", "egg", "plain", "plain", "plain", "egg", "plain", "plain", "plain", "egg", "plain", "plain", "plain", "egg", "egg", "plain"], "errlog_a": "", "errlog_b": "Timeout", "start_time": 360, "start_moves": 40, "turn_count": 51, "result": 0, "reason": "CODE_CRASH", "trapdoors": [[5, 5], [3, 4]], "spawn_a": [0, 6], "spawn_b": [7, 6]}