{"pos": [[7, 4], [0, 4], [7, 3], [0, 3], [7, 2], [0, 2], [7, 1], [0, 1], [7, 2], [1, 1], [6, 2], [2, 1], [6, 1], [3, 1], [6, 0], [4, 1], [6, 1], [5, 1], [7, 1], [6, 1], [7, 2], [5, 1], [7, 3], [5, 0], [7, 4], [4, 0], [6, 4], [3, 0], [6, 5], [3, 1], [6, 6], [3, 2], [5, 6], [2, 2], [5, 7], [1, 2], [5, 6], [1, 3], [4, 6], [1, 4], [3, 6], [1, 3], [3, 7], [2, 3], [3, 6], [0, 5], [3, 5], [1, 5], [7, 5], [1, 6], [6, 5], [2, 6], [5, 5], [3, 6], [5, 4], [2, 6], [5, 3], [2, 7], [5, 4], [1, 7], [4, 4], [0, 7], [4, 3], [0, 6], [4, 2], [0, 5], [5, 2], [0, 4], [5, 1], [0, 3], [5, 2], [0, 2], [5, 1], [1, 2], [5, 2], [1, 1], [5, 1], [1, 0], [5, 2], [2, 0]], "a_eggs_laid": [1, 1, 1, 1, 2, 2, 2, 2, 3, 3, 3, 3, 4, 4, 4, 4, 5, 5, 5, 5, 5, 5, 5, 5, 5, 5, 5, 5, 6, 6, 6, 6, 7, 7, 7, 7, 8, 8, 8, 8, 9, 9, 9, 9, 10, 10, 14, 14, 15, 15, 15, 15, 15, 15, 16, 16, 16, 16, 17, 17, 17, 17, 18, 18, 18, 18, 19, 19, 19, 19, 20, 20, 20, 20, 20, 20, 20, 20, 20, 20], "b_eggs_laid": [0, 1, 1, 1, 1, 2, 2, 2, 2, 3, 3, 3, 3, 4, 4, 4, 4, 5, 5, 5, 5, 6, 6, 6, 6, 7, 7, 7, 7, 8, 8, 8, 8, 9, 9, 9, 9, 10, 10, 10, 10, 11, 11, 11, 11, 12, 12, 12, 12, 16, 16, 17, 17, 17, 17, 18, 18, 18, 18, 19, 19, 19, 19, 22, 22, 22, 22, 22, 22, 22, 22, 22, 22, 22, 22, 22, 22, 22, 22, 23], "a_turds_left": [5, 5, 5, 5, 5, 5, 5, 5, 5, 5, 5, 5, 5, 5, 5, 5, 5, 5, 5, 5, 5, 5, 5, 5, 5, 5, 5, 5, 5, 5, 5, 5, 5, 5, 5, 5, 5, 5, 5, 5, 5, 5, 5, 5, 5, 5, 5, 5, 5, 5, 5, 5, 5, 5, 5, 5, 5, 5, 5, 5, 5, 5, 5, 5, 5, 5, 5, 5, 5, 5, 5, 5, 5, 5, 5, 5, 5, 5, 5, 5], "b_turds_left": [5, 5, 5, 4, 4, 4, 4, 3, 3, 3, 3, 2, 2, 2, 2, 1, 1, 1, 1, 1, 1, 1, 1, 1, 1, 1, 1, 1, 1, 1, 1, 1, 1, 1, 1, 1, 1, 1, 1, 1, 1, 1, 1, 1, 1, 1, 1, 1, 1, 1, 1, 1, 1, 1, 1, 1, 1, 1, 1, 1, 1, 1, 1, 1, 1, 1, 1, 1, 1, 1, 1, 1, 1, 1, 1, 1, 1, 1, 1, 1], "a_time_left": [359.96320195900626, 359.96320195900626, 359.94001083401963, 359.94001083401963, 359.91676875101984, 359.91676875101984, 359.90102145902347, 359.90102145902347, 359.87997816700954, 359.87997816700954, 359.8621180000191, 359.8621180000191, 359.8207240830234, 359.8207240830234, 359.79530795803294, 359.79530795803294, 359.77233583302586, 359.77233583302586, 359.7656059580331, 359.7656059580331, 359.76379608304705, 359.76379608304705, 359.7532820000488, 359.7532820000488, 359.74811470805435, 359.74811470805435, 359.7325288330612, 359.7325288330612, 359.70355779107194, 359.70355779107194, 359.682245291071, 359.682245291071, 359.6417848740821, 359.6417848740821, 359.61572524908115, 359.61572524908115, 359.58718820710783, 359.58718820710783, 359.56315683209687, 359.56315683209687, 359.5253162070876, 359.5253162070876, 359.49912445707014, 359.49912445707014, 359.47310524905333, 359.47310524905333, 359.4596198320505, 359.4596198320505, 359.42696149804397, 359.42696149804397, 359.4179869980435, 359.4179869980435, 359.396466582024, 359.396466582024, 359.3822167070175, 359.3822167070175, 359.3565500820114, 359.3565500820114, 359.3349369150237, 359.3349369150237, 359.31781083202804, 359.31781083202804, 359.297152957035, 359.297152957035, 359.2855896240508, 359.2855896240508, 359.27548966606264, 359.27548966606264, 359.2663284580631, 359.2663284580631, 359.2615073750494, 359.2615073750494, 359.2533401250548, 359.2533401250548, 359.2512817910465, 359.2512817910465, 359.24257004103856, 359.24257004103856, 359.24158429104136, 359.24158429104136], "b_time_left": [360, 359.92691883299267, 359.92691883299267, 359.90477079097764, 359.90477079097764, 359.8836337909743, 359.8836337909743, 359.86352379096206, 359.86352379096206, 359.84332937496947, 359.84332937496947, 359.81651520894957, 359.81651520894957, 359.77940479197423, 359.77940479197423, 359.754685708991, 359.754685708991, 359.7197122089856, 359.7197122089856, 359.70940516798873, 359.70940516798873, 359.7005892099696, 359.7005892099696, 359.69137629296165, 359.69137629296165, 359.6737798759423, 359.6737798759423, 359.65737758393516, 359.65737758393516, 359.62728912595776, 359.62728912595776, 359.61441800094326, 359.61441800094326, 359.5703606259485, 359.5703606259485, 359.5509943339566, 359.5509943339566, 359.5177372509788, 359.5177372509788, 359.493233458983, 359.493233458983, 359.4527781259676, 359.4527781259676, 359.4347011259524, 359.4347011259524, 359.3988775849575, 359.3988775849575, 359.3880625429738, 359.3880625429738, 359.37978366797324, 359.37978366797324, 359.3408010849671, 359.3408010849671, 359.3256005849689, 359.3256005849689, 359.31631895995815, 359.31631895995815, 359.3013197519467, 359.3013197519467, 359.28172904395615, 359.28172904395615, 359.2663433769485, 359.2663433769485, 359.2521887939656, 359.2521887939656, 359.24351670994656, 359.24351670994656, 359.2361722099304, 359.2361722099304, 359.23316800192697, 359.23316800192697, 359.2249983769143, 359.2249983769143, 359.22339766891673, 359.22339766891673, 359.21171158592915, 359.21171158592915, 359.20997837692266, 359.20997837692266, 359.20916646093247], "a_moves_left": [39, 39, 38, 38, 37, 37, 36, 36, 35, 35, 34, 34, 33, 33, 32, 32, 31, 31, 30, 30, 29, 29, 28, 28, 27, 27, 26, 26, 25, 25, 24, 24, 23, 23, 22, 22, 21, 21, 20, 20, 19, 19, 18, 18, 17, 17, 16, 16, 15, 15, 14, 14, 13, 13, 12, 12, 11, 11, 10, 10, 9, 9, 8, 8, 7, 7, 6, 6, 5, 5, 4, 4, 3, 3, 2, 2, 1, 1, 0, 0], "b_moves_left": [40, 39, 39, 38, 38, 37, 37, 36, 36, 35, 35, 34, 34, 33, 33, 32, 32, 31, 31, 30, 30, 29, 29, 28, 28, 27, 27, 26, 26, 25, 25, 24, 24, 23, 23, 22, 22, 21, 21, 20, 20, 19, 19, 18, 18, 17, 17, 16, 16, 15, 15, 14, 14, 13, 13, 12, 12, 11, 11, 10, 10, 9, 9, 8, 8, 7, 7, 6, 6, 5, 5, 4, 4, 3, 3, 2, 2, 1, 1, 0], "trapdoor_triggered": [0, 0, 0, 0, 0, 0, 0, 0, 0, 0, 0, 0, 0, 0, 0, 0, 0, 0, 0, 0, 0, 0, 0, 0, 0, 0, 0, 0, 0, 0, 0, 0, 0, 0, 0, 0, 0, 0, 0, 0, 0, 0, 0, 0, 0, 1, 0, 0, 1, 0, 0, 0, 0, 0, 0, 0, 0, 0, 0, 0, 0, 0, 0, 0, 0, 0, 0, 0, 0, 0, 0, 0, 0, 0, 0, 0, 0, 0, 0, 0], "left_behind": ["egg", "egg", "plain", "turd", "egg", "egg", "plain", "turd", "egg", "egg", "plain", "turd", "egg", "egg", "plain", "turd", "egg", "egg", "plain", "plain", "plain", "egg", "plain", "plain", "plain", "egg", "plain", "plain", "egg", "egg", "plain", "plain", "egg", "egg", "plain", "plain", "egg", "egg", "plain", "plain", "egg", "egg", "plain", "plain", "egg", "egg", "plain", "plain", "egg", "plain", "plain", "egg", "plain", "plain", "egg", "egg", "plain", "plain", "egg", "egg", "plain", "plain", "egg", "egg", "plain", "plain", "egg", "plain", "plain", "plain", "egg", "plain", "plain", "plain", "plain", "plain", "plain", "plain", "plain", "egg"], "errlog_a": "", "errlog_b": "", "start_time": 360, "start_moves": 40, "turn_count": 80, "result": 1, "reason": "EGGS_LAID", "trapdoors": [[3, 3], [2, 5]], "spawn_a": [7, 5], "spawn_b": [0, 5]}