{"pos": [[7, 4], [0, 4], [7, 3], [0, 3], [7, 2], [1, 3], [7, 1], [1, 4], [7, 2], [1, 3], [6, 2], [2, 3], [6, 1], [2, 4], [6, 0], [3, 4], [6, 1], [3, 5], [5, 1], [4, 5], [4, 1], [5, 5], [4, 0], [5, 4], [4, 1], [5, 5], [4, 2], [6, 5], [4, 1], [6, 6], [3, 1], [5, 6], [3, 0], [4, 6], [2, 0], [4, 7], [2, 1], [4, 6], [2, 2], [3, 6], [2, 1], [2, 6], [1, 1], [2, 7], [1, 0], [2, 6], [0, 0], [1, 6], [1, 0], [1, 5], [2, 0], [2, 5], [3, 0], [2, 4], [4, 0], [2, 3], [5, 0], [3, 3], [6, 0], [4, 3], [6, 1], [3, 3], [6, 0], [0, 5], [6, 1], [0, 4], [6, 0], [1, 4], [6, 1], [2, 4], [6, 0], [2, 3], [6, 1], [2, 4], [6, 0], [2, 3], [6, 1], [2, 4], [6, 0], [2, 3]], "a_eggs_laid": [1, 1, 1, 1, 2, 2, 2, 2, 3, 3, 3, 3, 4, 4, 4, 4, 5, 5, 5, 5, 6, 6, 6, 6, 7, 7, 7, 7, 8, 8, 8, 8, 9, 9, 9, 9, 10, 10, 10, 10, 11, 11, 11, 11, 12, 12, 12, 12, 15, 15, 15, 15, 15, 15, 15, 15, 15, 15, 15, 15, 15, 15, 15, 15, 19, 19, 19, 19, 19, 19, 19, 19, 19, 19, 19, 19, 19, 19, 19, 19], "b_eggs_laid": [0, 1, 1, 1, 1, 2, 2, 2, 2, 3, 3, 3, 3, 4, 4, 4, 4, 5, 5, 5, 5, 6, 6, 6, 6, 7, 7, 7, 7, 8, 8, 8, 8, 9, 9, 9, 9, 10, 10, 10, 10, 11, 11, 11, 11, 12, 12, 12, 12, 13, 13, 13, 13, 14, 14, 14, 14, 14, 14, 14, 14, 15, 15, 15, 15, 15, 15, 15, 15, 15, 15, 15, 15, 15, 15, 15, 15, 15, 15, 15], "a_turds_left": [5, 5, 5, 5, 5, 5, 5, 5, 5, 5, 5, 5, 5, 5, 5, 5, 5, 5, 5, 5, 5, 5, 5, 5, 5, 5, 5, 5, 5, 5, 5, 5, 5, 5, 5, 5, 5, 5, 5, 5, 5, 5, 5, 5, 5, 5, 5, 5, 5, 5, 5, 5, 5, 5, 5, 5, 5, 5, 5, 5, 5, 5, 5, 5, 5, 5, 5, 5, 5, 5, 5, 5, 5, 5, 5, 5, 5, 5, 5, 5], "b_turds_left": [5, 5, 5, 4, 4, 4, 4, 3, 3, 3, 3, 3, 3, 3, 3, 2, 2, 2, 2, 1, 1, 1, 1, 1, 1, 1, 1, 1, 1, 1, 1, 1, 1, 1, 1, 1, 1, 1, 1, 1, 1, 1, 1, 1, 1, 1, 1, 1, 1, 1, 1, 1, 1, 1, 1, 1, 1, 1, 1, 1, 1, 1, 1, 1, 1, 1, 1, 1, 1, 1, 1, 1, 1, 1, 1, 1, 1, 1, 1, 1], "a_time_left": [359.95445862499764, 359.95445862499764, 359.9179941249895, 359.9179941249895, 359.86930233301246, 359.86930233301246, 359.83492362499237, 359.83492362499237, 359.77569454099284, 359.77569454099284, 359.748751874984, 359.748751874984, 359.59162699998706, 359.59162699998706, 359.541740665969, 359.541740665969, 359.4897413739818, 359.4897413739818, 359.442017207999, 359.442017207999, 359.3698629999999, 359.3698629999999, 359.3258859589987, 359.3258859589987, 359.2779492090049, 359.2779492090049, 359.2215628750273, 359.2215628750273, 359.15130304102786, 359.15130304102786, 359.0992012080387, 359.0992012080387, 359.0283902080264, 359.0283902080264, 358.99292166600935, 358.99292166600935, 358.95125062402803, 358.95125062402803, 358.902252874017, 358.902252874017, 358.85446287400555, 358.85446287400555, 358.8132542069943, 358.8132542069943, 358.77260599896545, 358.77260599896545, 358.7466963319748, 358.7466963319748, 358.71315679096733, 358.71315679096733, 358.6837967489555, 358.6837967489555, 358.6593329149473, 358.6593329149473, 358.628311206965, 358.628311206965, 358.6168331229419, 358.6168331229419, 358.58979366492713, 358.58979366492713, 358.5712289989169, 358.5712289989169, 358.5279890409147, 358.5279890409147, 358.51220220691175, 358.51220220691175, 358.48423908191035, 358.48423908191035, 358.4689798729087, 358.4689798729087, 358.4401499978849, 358.4401499978849, 358.42866003888776, 358.42866003888776, 358.39997258089716, 358.39997258089716, 358.38456062291516, 358.38456062291516, 358.3700063729193, 358.3700063729193], "b_time_left": [360, 359.95909087499604, 359.95909087499604, 359.9171936659841, 359.9171936659841, 359.869957916002, 359.869957916002, 359.81105487499735, 359.81105487499735, 359.74453087500297, 359.74453087500297, 359.70939254100085, 359.70939254100085, 359.6272346659971, 359.6272346659971, 359.57758820799063, 359.57758820799063, 359.49402562496834, 359.49402562496834, 359.4205461249803, 359.4205461249803, 359.3360952499788, 359.3360952499788, 359.28420474997256, 359.28420474997256, 359.1871002089756, 359.1871002089756, 359.1328409179696, 359.1328409179696, 359.06898266798817, 359.06898266798817, 359.0116325019917, 359.0116325019917, 358.93185641799937, 358.93185641799937, 358.888958792988, 358.888958792988, 358.8142637089768, 358.8142637089768, 358.7771787919919, 358.7771787919919, 358.6874164589972, 358.6874164589972, 358.6362778339826, 358.6362778339826, 358.5809274179919, 358.5809274179919, 358.5484348349855, 358.5484348349855, 358.4707462929946, 358.4707462929946, 358.4385209599859, 358.4385209599859, 358.37636837697937, 358.37636837697937, 358.3603886679921, 358.3603886679921, 358.3404138769838, 358.3404138769838, 358.3183074189874, 358.3183074189874, 358.2577082939679, 358.2577082939679, 358.237408543966, 358.237408543966, 358.22021170996595, 358.22021170996595, 358.20890529296594, 358.20890529296594, 358.181896458962, 358.181896458962, 358.1648421259597, 358.1648421259597, 358.1394703759579, 358.1394703759579, 358.11977608394227, 358.11977608394227, 358.10313112594304, 358.10313112594304, 358.10008004296105], "a_moves_left": [39, 39, 38, 38, 37, 37, 36, 36, 35, 35, 34, 34, 33, 33, 32, 32, 31, 31, 30, 30, 29, 29, 28, 28, 27, 27, 26, 26, 25, 25, 24, 24, 23, 23, 22, 22, 21, 21, 20, 20, 19, 19, 18, 18, 17, 17, 16, 16, 15, 15, 14, 14, 13, 13, 12, 12, 11, 11, 10, 10, 9, 9, 8, 8, 7, 7, 6, 6, 5, 5, 4, 4, 3, 3, 2, 2, 1, 1, 0, 0], "b_moves_left": [40, 39, 39, 38, 38, 37, 37, 36, 36, 35, 35, 34, 34, 33, 33, 32, 32, 31, 31, 30, 30, 29, 29, 28, 28, 27, 27, 26, 26, 25, 25, 24, 24, 23, 23, 22, 22, 21, 21, 20, 20, 19, 19, 18, 18, 17, 17, 16, 16, 15, 15, 14, 14, 13, 13, 12, 12, 11, 11, 10, 10, 9, 9, 8, 8, 7, 7, 6, 6, 5, 5, 4, 4, 3, 3, 2, 2, 1, 1, 0], "trapdoor_triggered": [0, 0, 0, 0, 0, 0, 0, 0, 0, 0, 0, 0, 0, 0, 0, 0, 0, 0, 0, 0, 0, 0, 0, 0, 0, 0, 0, 0, 0, 0, 0, 0, 0, 0, 0, 0, 0, 0, 0, 0, 0, 0, 0, 0, 0, 0, 0, 0, 0, 0, 0, 0, 0, 0, 0, 0, 0, 0, 0, 0, 0, 0, 0, 1, 0, 0, 0, 0, 0, 0, 0, 0, 0, 0, 0, 0, 0, 0, 0, 0], "left_behind": ["egg", "egg", "plain", "turd", "egg", "egg", "plain", "turd", "egg", "egg", "plain", "plain", "egg", "egg", "plain", "turd", "egg", "egg", "plain", "turd", "egg", "egg", "plain", "plain", "egg", "egg", "plain", "plain", "egg", "egg", "plain", "plain", "egg", "egg", "plain", "plain", "egg", "egg", "plain", "plain", "egg", "egg", "plain", "plain", "egg", "egg", "plain", "plain", "egg", "egg", "plain", "plain", "plain", "egg", "plain", "plain", "plain", "plain", "plain", "plain", "plain", "egg", "plain", "plain", "plain", "plain", "plain", "plain", "plain", "plain", "plain", "plain", "plain", "plain", "plain", "plain", "plain", "plain", "plain", "plain"], "errlog_a": "", "errlog_b": "", "start_time": 360, "start_moves": 40, "turn_count": 80, "result": 0, "reason": "EGGS_LAID", "trapdoors": [[5, 3], [3, 2]], "spawn_a": [7, 5], "spawn_b": [0, 5]}