{"pos": [[7, 2], [1, 3], [7, 1], [1, 4], [7, 2], [1, 5], [6, 2], [2, 5], [6, 1], [3, 5], [6, 0], [3, 4], [6, 1], [3, 3], [5, 1], [4, 3], [5, 0], [4, 2], [4, 0], [3, 2], [3, 0], [3, 1], [2, 0], [2, 1], [1, 0], [1, 1], [0, 0], [1, 2], [0, 1], [2, 2], [1, 1], [2, 3], [0, 1], [2, 4], [0, 2], [2, 5], [0, 1], [3, 5], [0, 0], [3, 6], [1, 0], [4, 6], [2, 0], [5, 6], [1, 0], [5, 5], [2, 0], [5, 4], [1, 0], [6, 4], [2, 0], [6, 5], [1, 0], [6, 6], [2, 0], [7, 6], [1, 0], [7, 7], [2, 0], [6, 7], [1, 0], [5, 7], [2, 0], [4, 7], [1, 0], [3, 7], [2, 0], [2, 7], [1, 0], [2, 6], [2, 0], [1, 6], [1, 0], [1, 5], [2, 0], [0, 5], [1, 0], [0, 4], [2, 0], [0, 3]], "a_eggs_laid": [1, 1, 1, 1, 2, 2, 2, 2, 3, 3, 3, 3, 4, 4, 4, 4, 5, 5, 5, 5, 6, 6, 6, 6, 7, 7, 7, 7, 10, 10, 10, 10, 11, 11, 11, 11, 12, 12, 12, 12, 12, 12, 12, 12, 12, 12, 12, 12, 12, 12, 12, 12, 12, 12, 12, 12, 12, 12, 12, 12, 12, 12, 12, 12, 12, 12, 12, 12, 12, 12, 12, 12, 12, 12, 12, 12, 12, 12, 12, 12], "b_eggs_laid": [0, 1, 1, 1, 1, 2, 2, 2, 2, 3, 3, 3, 3, 4, 4, 4, 4, 5, 5, 5, 5, 6, 6, 6, 6, 7, 7, 7, 7, 8, 8, 8, 8, 9, 9, 9, 9, 9, 9, 9, 9, 10, 10, 10, 10, 11, 11, 11, 11, 12, 12, 12, 12, 13, 13, 13, 13, 14, 14, 14, 14, 15, 15, 15, 15, 16, 16, 16, 16, 17, 17, 17, 17, 18, 18, 18, 18, 19, 19, 19], "a_turds_left": [5, 5, 5, 5, 5, 5, 5, 5, 5, 5, 5, 5, 5, 5, 5, 5, 5, 5, 5, 5, 5, 5, 5, 5, 5, 5, 5, 5, 5, 5, 5, 5, 5, 5, 5, 5, 5, 5, 5, 5, 5, 5, 5, 5, 5, 5, 5, 5, 5, 5, 5, 5, 5, 5, 5, 5, 5, 5, 5, 5, 5, 5, 5, 5, 5, 5, 5, 5, 5, 5, 5, 5, 5, 5, 5, 5, 5, 5, 5, 5], "b_turds_left": [5, 5, 5, 5, 5, 5, 5, 5, 5, 5, 5, 4, 4, 4, 4, 3, 3, 3, 3, 2, 2, 2, 2, 1, 1, 1, 1, 1, 1, 1, 1, 1, 1, 1, 1, 1, 1, 1, 1, 1, 1, 1, 1, 1, 1, 1, 1, 1, 1, 1, 1, 1, 1, 1, 1, 1, 1, 1, 1, 1, 1, 1, 1, 1, 1, 1, 1, 1, 1, 1, 1, 1, 1, 1, 1, 1, 1, 1, 1, 0], "a_time_left": [359.9425257080002, 359.9425257080002, 359.9046553740045, 359.9046553740045, 359.85786920800456, 359.85786920800456, 359.82479983300436, 359.82479983300436, 359.7563175410032, 359.7563175410032, 359.71403520702734, 359.71403520702734, 359.66306337402784, 359.66306337402784, 359.622386416042, 359.622386416042, 359.5572973320377, 359.5572973320377, 359.53065258203424, 359.53065258203424, 359.5015258730273, 359.5015258730273, 359.49383908102755, 359.49383908102755, 359.48587299801875, 359.48587299801875, 359.48161145701306, 359.48161145701306, 359.456730498001, 359.456730498001, 359.4343426649866, 359.4343426649866, 359.4058588730113, 359.4058588730113, 359.3882550400158, 359.3882550400158, 359.3813470810128, 359.3813470810128, 359.37110924802255, 359.37110924802255, 359.3620462480176, 359.3620462480176, 359.3442486230342, 359.3442486230342, 359.3395166640403, 359.3395166640403, 359.3212232890364, 359.3212232890364, 359.31635316403117, 359.31635316403117, 359.2974896640517, 359.2974896640517, 359.2926980810589, 359.2926980810589, 359.27484474805533, 359.27484474805533, 359.2708569150418, 359.2708569150418, 359.2612881650566, 359.2612881650566, 359.2578190820641, 359.2578190820641, 359.24377470705076, 359.24377470705076, 359.24024670704966, 359.24024670704966, 359.2260333740269, 359.2260333740269, 359.2223752490245, 359.2223752490245, 359.20438137400197, 359.20438137400197, 359.1997786659922, 359.1997786659922, 359.1816579999868, 359.1816579999868, 359.17749049997656, 359.17749049997656, 359.17286545797833, 359.17286545797833], "b_time_left": [360, 359.948070790997, 359.948070790997, 359.8942042909912, 359.8942042909912, 359.8294544989767, 359.8294544989767, 359.7706317069824, 359.7706317069824, 359.70786820698413, 359.70786820698413, 359.6615469979879, 359.6615469979879, 359.61455820596893, 359.61455820596893, 359.5524952899723, 359.5524952899723, 359.5165329569718, 359.5165329569718, 359.4841166239639, 359.4841166239639, 359.442320290982, 359.442320290982, 359.42086429096526, 359.42086429096526, 359.398161873949, 359.398161873949, 359.39026699893293, 359.39026699893293, 359.35938799890573, 359.35938799890573, 359.34064662389574, 359.34064662389574, 359.3097276239132, 359.3097276239132, 359.29597870691214, 359.29597870691214, 359.2585123729077, 359.2585123729077, 359.24992145589204, 359.24992145589204, 359.20781199788325, 359.20781199788325, 359.1976964978676, 359.1976964978676, 359.15152620585286, 359.15152620585286, 359.1410537888587, 359.1410537888587, 359.10092295485083, 359.10092295485083, 359.08920837184996, 359.08920837184996, 359.04541274686926, 359.04541274686926, 359.03263753885403, 359.03263753885403, 359.00227203883696, 359.00227203883696, 358.99649408084224, 358.99649408084224, 358.9665229978564, 358.9665229978564, 358.9571993308491, 358.9571993308491, 358.92539678982575, 358.92539678982575, 358.91613558185054, 358.91613558185054, 358.8842633738532, 358.8842633738532, 358.87079270684626, 358.87079270684626, 358.82468287285883, 358.82468287285883, 358.8115734978346, 358.8115734978346, 358.8029391228338, 358.8029391228338, 358.8020082068397], "a_moves_left": [39, 39, 38, 38, 37, 37, 36, 36, 35, 35, 34, 34, 33, 33, 32, 32, 31, 31, 30, 30, 29, 29, 28, 28, 27, 27, 26, 26, 25, 25, 24, 24, 23, 23, 22, 22, 21, 21, 20, 20, 19, 19, 18, 18, 17, 17, 16, 16, 15, 15, 14, 14, 13, 13, 12, 12, 11, 11, 10, 10, 9, 9, 8, 8, 7, 7, 6, 6, 5, 5, 4, 4, 3, 3, 2, 2, 1, 1, 0, 0], "b_moves_left": [40, 39, 39, 38, 38, 37, 37, 36, 36, 35, 35, 34, 34, 33, 33, 32, 32, 31, 31, 30, 30, 29, 29, 28, 28, 27, 27, 26, 26, 25, 25, 24, 24, 23, 23, 22, 22, 21, 21, 20, 20, 19, 19, 18, 18, 17, 17, 16, 16, 15, 15, 14, 14, 13, 13, 12, 12, 11, 11, 10, 10, 9, 9, 8, 8, 7, 7, 6, 6, 5, 5, 4, 4, 3, 3, 2, 2, 1, 1, 0], "trapdoor_triggered": [0, 0, 0, 0, 0, 0, 0, 0, 0, 0, 0, 0, 0, 0, 0, 0, 0, 0, 0, 0, 0, 0, 0, 0, 0, 0, 0, 0, 0, 0, 0, 0, 0, 0, 0, 0, 0, 0, 0, 0, 0, 0, 0, 0, 0, 0, 0, 0, 0, 0, 0, 0, 0, 0, 0, 0, 0, 0, 0, 0, 0, 0, 0, 0, 0, 0, 0, 0, 0, 0, 0, 0, 0, 0, 0, 0, 0, 0, 0, 0], "left_behind": ["egg", "egg", "plain", "plain", "egg", "egg", "plain", "plain", "egg", "egg", "plain", "turd", "egg", "egg", "plain", "turd", "egg", "egg", "plain", "turd", "egg", "egg", "plain", "turd", "egg", "egg", "plain", "plain", "egg", "egg", "plain", "plain", "egg", "egg", "plain", "plain", "egg", "plain", "plain", "plain", "plain", "egg", "plain", "plain", "plain", "egg", "plain", "plain", "plain", "egg", "plain", "plain", "plain", "egg", "plain", "plain", "plain", "egg", "plain", "plain", "plain", "egg", "plain", "plain", "plain", "egg", "plain", "plain", "plain", "egg", "plain", "plain", "plain", "egg", "plain", "plain", "plain", "egg", "plain", "turd"], "errlog_a": "", "errlog_b": "", "start_time": 360, "start_moves": 40, "turn_count": 80, "result": 1, "reason": "EGGS_LAID", "trapdoors": [[4, 4], [4, 5]], "spawn_a": [7, 3], "spawn_b": [0, 3]}