{"pos": [[0, 5], [7, 5], [0, 4], [6, 5], [0, 3], [6, 4], [0, 2], [6, 3], [0, 1], [6, 2], [0, 0], [6, 1], [1, 0], [5, 1], [2, 0], [4, 1], [2, 1], [3, 1], [2, 2], [2, 1], [1, 2], [1, 1], [1, 3], [1, 0], [1, 4], [1, 1], [1, 5], [1, 2], [1, 6], [1, 1], [2, 6], [0, 1], [3, 6], [1, 1], [3, 5], [1, 0], [4, 5], [1, 1], [4, 4], [1, 0], [4, 5], [1, 1], [5, 5], [1, 0], [5, 6], [1, 1], [6, 6], [1, 0], [5, 6], [1, 1], [5, 7], [1, 0], [5, 6], [1, 1], [4, 6], [1, 0], [4, 7], [1, 1], [3, 7], [1, 0], [2, 7], [1, 1], [1, 7], [1, 0], [1, 6], [1, 1], [1, 5], [1, 0], [1, 4], [1, 1], [0, 6], [1, 0], [0, 5], [1, 1], [0, 4], [1, 0], [1, 4], [1, 1], [1, 3], [1, 0]], "a_eggs_laid": [1, 1, 1, 1, 2, 2, 2, 2, 3, 3, 3, 3, 6, 6, 6, 6, 7, 7, 7, 7, 8, 8, 8, 8, 9, 9, 9, 9, 10, 10, 10, 10, 11, 11, 11, 11, 12, 12, 12, 12, 13, 13, 13, 13, 14, 14, 14, 14, 15, 15, 15, 15, 16, 16, 16, 16, 17, 17, 17, 17, 18, 18, 18, 18, 19, 19, 19, 19, 19, 19, 19, 19, 19, 19, 19, 19, 19, 19, 19, 19], "b_eggs_laid": [0, 1, 1, 1, 1, 2, 2, 2, 2, 3, 3, 3, 3, 4, 4, 4, 4, 5, 5, 5, 5, 6, 6, 6, 6, 7, 7, 7, 7, 8, 8, 8, 8, 9, 9, 9, 9, 9, 9, 9, 9, 9, 9, 9, 9, 9, 9, 9, 9, 9, 9, 9, 9, 9, 9, 9, 9, 9, 9, 9, 9, 9, 9, 9, 9, 9, 9, 9, 9, 9, 9, 13, 13, 13, 13, 13, 13, 13, 13, 13], "a_turds_left": [5, 5, 5, 5, 5, 5, 5, 5, 5, 5, 5, 5, 5, 5, 5, 5, 5, 5, 5, 5, 5, 5, 5, 5, 5, 5, 5, 5, 5, 5, 5, 5, 5, 5, 5, 5, 5, 5, 5, 5, 5, 5, 5, 5, 5, 5, 5, 5, 5, 5, 5, 5, 5, 5, 5, 5, 5, 5, 5, 5, 5, 5, 5, 5, 5, 5, 5, 5, 5, 5, 5, 5, 5, 5, 5, 5, 5, 5, 5, 5], "b_turds_left": [5, 5, 5, 5, 5, 5, 5, 5, 5, 5, 5, 5, 5, 5, 5, 4, 4, 4, 4, 3, 3, 3, 3, 3, 3, 3, 3, 3, 3, 3, 3, 3, 3, 3, 3, 3, 3, 3, 3, 3, 3, 3, 3, 3, 3, 3, 3, 3, 3, 3, 3, 3, 3, 3, 3, 3, 3, 3, 3, 3, 3, 3, 3, 3, 3, 3, 3, 3, 3, 3, 3, 3, 3, 3, 3, 3, 3, 3, 3, 2], "a_time_left": [359.95539245801046, 359.95539245801046, 359.92607762501575, 359.92607762501575, 359.880527833011, 359.880527833011, 359.85248795800726, 359.85248795800726, 359.8071734580153, 359.8071734580153, 359.7805365000095, 359.7805365000095, 359.74802879203344, 359.74802879203344, 359.7153957080154, 359.7153957080154, 359.6689902920334, 359.6689902920334, 359.653996292036, 359.653996292036, 359.63705383305205, 359.63705383305205, 359.6218382490624, 359.6218382490624, 359.59944120806176, 359.59944120806176, 359.55543850004324, 359.55543850004324, 359.5308068340237, 359.5308068340237, 359.49286662600935, 359.49286662600935, 359.4680048340233, 359.4680048340233, 359.4290028750256, 359.4290028750256, 359.4113013340102, 359.4113013340102, 359.37266558400006, 359.37266558400006, 359.35489925, 359.35489925, 359.31939237497863, 359.31939237497863, 359.3063514159876, 359.3063514159876, 359.272360123985, 359.272360123985, 359.2646652489784, 359.2646652489784, 359.2323909989791, 359.2323909989791, 359.2212577489845, 359.2212577489845, 359.1916099989903, 359.1916099989903, 359.1751096659864, 359.1751096659864, 359.1522626240039, 359.1522626240039, 359.1407701660064, 359.1407701660064, 359.1178335409786, 359.1178335409786, 359.1073779569706, 359.1073779569706, 359.0794634979684, 359.0794634979684, 359.0738773729536, 359.0738773729536, 359.0410962069582, 359.0410962069582, 359.0375211229548, 359.0375211229548, 359.0154969569412, 359.0154969569412, 359.0116737909557, 359.0116737909557, 359.00478574994486, 359.00478574994486], "b_time_left": [360, 359.9469914160145, 359.9469914160145, 359.9142253739992, 359.9142253739992, 359.85891083200113, 359.85891083200113, 359.8142382070073, 359.8142382070073, 359.75972862399067, 359.75972862399067, 359.7283224989951, 359.7283224989951, 359.6749636660097, 359.6749636660097, 359.6309488750121, 359.6309488750121, 359.57635675001075, 359.57635675001075, 359.54892070801, 359.54892070801, 359.53064195800107, 359.53064195800107, 359.4967955420143, 359.4967955420143, 359.4803682920174, 359.4803682920174, 359.44768679203116, 359.44768679203116, 359.4324529590376, 359.4324529590376, 359.4016497510311, 359.4016497510311, 359.3896947920148, 359.3896947920148, 359.3582395420235, 359.3582395420235, 359.34588654202526, 359.34588654202526, 359.31494270902476, 359.31494270902476, 359.3003817090066, 359.3003817090066, 359.27636220899876, 359.27636220899876, 359.2580772509973, 359.2580772509973, 359.241120916995, 359.241120916995, 359.22285349998856, 359.22285349998856, 359.20133379098843, 359.20133379098843, 359.1837191239756, 359.1837191239756, 359.1551757909765, 359.1551757909765, 359.141939248977, 359.141939248977, 359.12048283196054, 359.12048283196054, 359.10731883198605, 359.10731883198605, 359.0859052070009, 359.0859052070009, 359.071362874005, 359.071362874005, 359.04276141599985, 359.04276141599985, 359.02669383300235, 359.02669383300235, 359.0045829160081, 359.0045829160081, 358.9921137079946, 358.9921137079946, 358.97011299896985, 358.97011299896985, 358.9651985829696, 358.9651985829696, 358.96378704198287], "a_moves_left": [39, 39, 38, 38, 37, 37, 36, 36, 35, 35, 34, 34, 33, 33, 32, 32, 31, 31, 30, 30, 29, 29, 28, 28, 27, 27, 26, 26, 25, 25, 24, 24, 23, 23, 22, 22, 21, 21, 20, 20, 19, 19, 18, 18, 17, 17, 16, 16, 15, 15, 14, 14, 13, 13, 12, 12, 11, 11, 10, 10, 9, 9, 8, 8, 7, 7, 6, 6, 5, 5, 4, 4, 3, 3, 2, 2, 1, 1, 0, 0], "b_moves_left": [40, 39, 39, 38, 38, 37, 37, 36, 36, 35, 35, 34, 34, 33, 33, 32, 32, 31, 31, 30, 30, 29, 29, 28, 28, 27, 27, 26, 26, 25, 25, 24, 24, 23, 23, 22, 22, 21, 21, 20, 20, 19, 19, 18, 18, 17, 17, 16, 16, 15, 15, 14, 14, 13, 13, 12, 12, 11, 11, 10, 10, 9, 9, 8, 8, 7, 7, 6, 6, 5, 5, 4, 4, 3, 3, 2, 2, 1, 1, 0], "trapdoor_triggered": [0, 0, 0, 0, 0, 0, 0, 0, 0, 0, 0, 0, 0, 0, 0, 0, 0, 0, 0, 0, 0, 0, 0, 0, 0, 0, 0, 0, 0, 0, 0, 0, 0, 0, 0, 0, 0, 0, 0, 0, 0, 0, 0, 0, 0, 0, 0, 0, 0, 0, 0, 0, 0, 0, 0, 0, 0, 0, 0, 0, 0, 0, 0, 0, 0, 0, 0, 0, 0, 0, 1, 0, 0, 0, 0, 0, 0, 0, 0, 0], "left_behind": ["egg", "egg", "plain", "plain", "egg", "egg", "plain", "plain", "egg", "egg", "plain", "plain", "egg", "egg", "plain", "turd", "egg", "egg", "plain", "turd", "egg", "egg", "plain", "plain", "egg", "egg", "plain", "plain", "egg", "egg", "plain", "plain", "egg", "egg", "plain", "plain", "egg", "plain", "plain", "plain", "egg", "plain", "plain", "plain", "egg", "plain", "plain", "plain", "egg", "plain", "plain", "plain", "egg", "plain", "plain", "plain", "egg", "plain", "plain", "plain", "egg", "plain", "plain", "plain", "egg", "plain", "plain", "plain", "plain", "plain", "plain", "plain", "plain", "plain", "plain", "plain", "plain", "plain", "plain", "turd"], "errlog_a": "", "errlog_b": "", "start_time": 360, "start_moves": 40, "turn_count": 80, "result": 0, "reason": "EGGS_LAID", "trapdoors": [[2, 4], [3, 2]], "spawn_a": [0, 6], "spawn_b": [7, 6]}