{"pos": [[0, 3], [7, 3], [0, 2], [6, 3], [0, 1], [6, 2], [0, 0], [6, 1], [1, 0], [5, 1], [2, 0], [4, 1], [2, 1], [3, 1], [0, 4], [3, 2], [0, 3], [3, 3], [1, 3], [3, 4], [1, 4], [3, 5], [2, 4], [2, 5], [1, 4], [1, 5], [1, 3], [0, 5], [1, 2], [1, 5], [1, 1], [1, 6], [1, 0], [2, 6], [1, 1], [3, 6], [1, 0], [3, 5], [1, 1], [4, 5], [1, 0], [5, 5], [1, 1], [7, 4], [1, 0], [7, 5], [1, 1], [6, 5], [1, 0], [6, 6], [1, 1], [5, 6], [1, 0], [5, 7], [1, 1], [4, 7], [1, 0], [3, 7], [1, 1], [2, 7], [1, 0], [1, 7], [1, 1], [0, 7], [1, 0], [0, 6], [1, 1], [0, 5], [1, 0], [1, 5], [1, 1], [1, 4], [1, 0], [1, 5], [1, 1], [2, 5], [1, 0], [3, 5], [2, 0], [3, 4]], "a_eggs_laid": [1, 1, 1, 1, 2, 2, 2, 2, 5, 5, 5, 5, 6, 6, 6, 6, 6, 6, 6, 6, 7, 7, 7, 7, 8, 8, 8, 8, 8, 8, 8, 8, 9, 9, 9, 9, 9, 9, 9, 9, 9, 9, 9, 9, 13, 13, 13, 13, 13, 13, 13, 13, 13, 13, 13, 13, 13, 13, 13, 13, 13, 13, 13, 13, 13, 13, 13, 13, 13, 13, 13, 13, 13, 13, 13, 13, 13, 13, 13, 13], "b_eggs_laid": [0, 1, 1, 1, 1, 2, 2, 2, 2, 3, 3, 3, 3, 4, 4, 8, 8, 9, 9, 9, 9, 10, 10, 10, 10, 11, 11, 11, 11, 12, 12, 12, 12, 13, 13, 13, 13, 14, 14, 14, 14, 15, 15, 15, 15, 15, 15, 15, 15, 16, 16, 16, 16, 17, 17, 17, 17, 18, 18, 18, 18, 19, 19, 19, 19, 22, 22, 22, 22, 22, 22, 22, 22, 23, 23, 23, 23, 23, 23, 23], "a_turds_left": [5, 5, 5, 5, 5, 5, 5, 5, 5, 5, 5, 5, 5, 5, 5, 5, 5, 5, 5, 5, 5, 5, 5, 5, 5, 5, 5, 5, 5, 5, 5, 5, 5, 5, 5, 5, 5, 5, 5, 5, 5, 5, 5, 5, 5, 5, 5, 5, 5, 5, 5, 5, 5, 5, 5, 5, 5, 5, 5, 5, 5, 5, 5, 5, 5, 5, 5, 5, 5, 5, 5, 5, 5, 5, 5, 5, 5, 5, 5, 5], "b_turds_left": [5, 5, 5, 5, 5, 5, 5, 5, 5, 5, 5, 4, 4, 4, 4, 3, 3, 3, 3, 2, 2, 2, 2, 1, 1, 1, 1, 1, 1, 1, 1, 1, 1, 1, 1, 1, 1, 1, 1, 1, 1, 1, 1, 1, 1, 1, 1, 1, 1, 1, 1, 1, 1, 1, 1, 1, 1, 1, 1, 1, 1, 1, 1, 1, 1, 1, 1, 1, 1, 1, 1, 1, 1, 1, 1, 1, 1, 1, 1, 1], "a_time_left": [359.9504518749891, 359.9504518749891, 359.9228435829864, 359.9228435829864, 359.87659504197654, 359.87659504197654, 359.8493727079767, 359.8493727079767, 359.8167132079834, 359.8167132079834, 359.7835767499928, 359.7835767499928, 359.7361617090064, 359.7361617090064, 359.72082770901034, 359.72082770901034, 359.6914550839865, 359.6914550839865, 359.66227866799454, 359.66227866799454, 359.6081180009933, 359.6081180009933, 359.57412308399216, 359.57412308399216, 359.56383870897116, 359.56383870897116, 359.5556026249542, 359.5556026249542, 359.54744883294916, 359.54744883294916, 359.5237768739462, 359.5237768739462, 359.4805210829363, 359.4805210829363, 359.46161987495725, 359.46161987495725, 359.44521491695195, 359.44521491695195, 359.4322650829272, 359.4322650829272, 359.4170115419547, 359.4170115419547, 359.39641366695287, 359.39641366695287, 359.3882921259501, 359.3882921259501, 359.372175500961, 359.372175500961, 359.3575207099784, 359.3575207099784, 359.333793126978, 359.333793126978, 359.3111290439847, 359.3111290439847, 359.2953420019767, 359.2953420019767, 359.284066209977, 359.284066209977, 359.2686220019823, 359.2686220019823, 359.2574597099738, 359.2574597099738, 359.2410509179754, 359.2410509179754, 359.2325398349785, 359.2325398349785, 359.2167452099675, 359.2167452099675, 359.21089366896194, 359.21089366896194, 359.1909098359465, 359.1909098359465, 359.1851210859604, 359.1851210859604, 359.16435433595325, 359.16435433595325, 359.1557677939709, 359.1557677939709, 359.1514194609772, 359.1514194609772], "b_time_left": [360, 359.9477716659894, 359.9477716659894, 359.9151677489863, 359.9151677489863, 359.86180187397986, 359.86180187397986, 359.8299819159729, 359.8299819159729, 359.7775692489522, 359.7775692489522, 359.73352966597304, 359.73352966597304, 359.6765170409926, 359.6765170409926, 359.602113040979, 359.602113040979, 359.564257748978, 359.564257748978, 359.51747212398914, 359.51747212398914, 359.4657064990024, 359.4657064990024, 359.44473833200755, 359.44473833200755, 359.41420354001457, 359.41420354001457, 359.3908134569938, 359.3908134569938, 359.36630362301366, 359.36630362301366, 359.3403599979938, 359.3403599979938, 359.28752220599563, 359.28752220599563, 359.25760624799295, 359.25760624799295, 359.2069379570021, 359.2069379570021, 359.1899687490077, 359.1899687490077, 359.1418122080213, 359.1418122080213, 359.1093835410138, 359.1093835410138, 359.0684680409904, 359.0684680409904, 359.0434382909734, 359.0434382909734, 358.9686032079917, 358.9686032079917, 358.8976424160064, 358.8976424160064, 358.8266495410062, 358.8266495410062, 358.8037013330031, 358.8037013330031, 358.76642970801913, 358.76642970801913, 358.74351654102793, 358.74351654102793, 358.706930749031, 358.706930749031, 358.68424520702683, 358.68424520702683, 358.6641069990292, 358.6641069990292, 358.641129708034, 358.641129708034, 358.61760258305003, 358.61760258305003, 358.59338574905996, 358.59338574905996, 358.58071704005124, 358.58071704005124, 358.5557828740566, 358.5557828740566, 358.54450083206757, 358.54450083206757, 358.54358345706714], "a_moves_left": [39, 39, 38, 38, 37, 37, 36, 36, 35, 35, 34, 34, 33, 33, 32, 32, 31, 31, 30, 30, 29, 29, 28, 28, 27, 27, 26, 26, 25, 25, 24, 24, 23, 23, 22, 22, 21, 21, 20, 20, 19, 19, 18, 18, 17, 17, 16, 16, 15, 15, 14, 14, 13, 13, 12, 12, 11, 11, 10, 10, 9, 9, 8, 8, 7, 7, 6, 6, 5, 5, 4, 4, 3, 3, 2, 2, 1, 1, 0, 0], "b_moves_left": [40, 39, 39, 38, 38, 37, 37, 36, 36, 35, 35, 34, 34, 33, 33, 32, 32, 31, 31, 30, 30, 29, 29, 28, 28, 27, 27, 26, 26, 25, 25, 24, 24, 23, 23, 22, 22, 21, 21, 20, 20, 19, 19, 18, 18, 17, 17, 16, 16, 15, 15, 14, 14, 13, 13, 12, 12, 11, 11, 10, 10, 9, 9, 8, 8, 7, 7, 6, 6, 5, 5, 4, 4, 3, 3, 2, 2, 1, 1, 0], "trapdoor_triggered": [0, 0, 0, 0, 0, 0, 0, 0, 0, 0, 0, 0, 0, 0, 1, 0, 0, 0, 0, 0, 0, 0, 0, 0, 0, 0, 0, 0, 0, 0, 0, 0, 0, 0, 0, 0, 0, 0, 0, 0, 0, 0, 0, 1, 0, 0, 0, 0, 0, 0, 0, 0, 0, 0, 0, 0, 0, 0, 0, 0, 0, 0, 0, 0, 0, 0, 0, 0, 0, 0, 0, 0, 0, 0, 0, 0, 0, 0, 0, 0], "left_behind": ["egg", "egg", "plain", "plain", "egg", "egg", "plain", "plain", "egg", "egg", "plain", "turd", "egg", "egg", "plain", "turd", "plain", "egg", "plain", "turd", "egg", "egg", "plain", "turd", "egg", "egg", "plain", "plain", "plain", "egg", "plain", "plain", "egg", "egg", "plain", "plain", "plain", "egg", "plain", "plain", "plain", "egg", "plain", "plain", "plain", "plain", "plain", "plain", "plain", "egg", "plain", "plain", "plain", "egg", "plain", "plain", "plain", "egg", "plain", "plain", "plain", "egg", "plain", "plain", "plain", "egg", "plain", "plain", "plain", "plain", "plain", "plain", "plain", "egg", "plain", "plain", "plain", "plain", "plain", "plain"], "errlog_a": "", "errlog_b": "", "start_time": 360, "start_moves": 40, "turn_count": 80, "result": 1, "reason": "EGGS_LAID", "trapdoors": [[2, 2], [5, 4]], "spawn_a": [0, 4], "spawn_b": [7, 4]}