{"pos": [[0, 1], [7, 1], [0, 0], [7, 0], [1, 0], [7, 1], [2, 0], [6, 1], [3, 0], [6, 2], [4, 0], [6, 3], [4, 1], [6, 4], [5, 1], [6, 5], [4, 1], [6, 4], [3, 1], [5, 4], [2, 1], [5, 5], [1, 1], [5, 6], [1, 2], [4, 6], [1, 3], [4, 5], [1, 4], [4, 6], [1, 5], [4, 7], [2, 5], [5, 7], [2, 6], [6, 7], [2, 5], [6, 6], [2, 4], [7, 6], [2, 3], [7, 5], [2, 2], [7, 4], [2, 3], [7, 3], [3, 3], [7, 2], [3, 2], [7, 3], [4, 2], [7, 2], [4, 1], [7, 3], [4, 0], [7, 2], [4, 1], [7, 3], [4, 0], [7, 2], [4, 1], [7, 3], [4, 0], [7, 2], [4, 1], [7, 3], [4, 0], [7, 2], [4, 1], [7, 3], [4, 0], [7, 2], [4, 1], [7, 3], [4, 0], [7, 2], [4, 1], [7, 1], [4, 0], [7, 0]], "a_eggs_laid": [1, 1, 1, 1, 4, 4, 4, 4, 5, 5, 5, 5, 6, 6, 6, 6, 7, 7, 7, 7, 8, 8, 8, 8, 9, 9, 9, 9, 10, 10, 10, 10, 11, 11, 11, 11, 12, 12, 12, 12, 13, 13, 13, 13, 14, 14, 14, 14, 15, 15, 15, 15, 16, 16, 16, 16, 16, 16, 16, 16, 16, 16, 16, 16, 16, 16, 16, 16, 16, 16, 16, 16, 16, 16, 16, 16, 16, 16, 16, 16], "b_eggs_laid": [0, 1, 1, 1, 1, 4, 4, 4, 4, 5, 5, 5, 5, 6, 6, 6, 6, 7, 7, 7, 7, 8, 8, 8, 8, 9, 9, 9, 9, 10, 10, 10, 10, 11, 11, 11, 11, 12, 12, 12, 12, 13, 13, 13, 13, 14, 14, 14, 14, 14, 14, 14, 14, 14, 14, 14, 14, 14, 14, 14, 14, 14, 14, 14, 14, 14, 14, 14, 14, 14, 14, 14, 14, 14, 14, 14, 14, 14, 14, 14], "a_turds_left": [5, 5, 5, 5, 5, 5, 5, 5, 5, 5, 5, 5, 5, 5, 5, 5, 5, 5, 5, 5, 5, 5, 5, 5, 5, 5, 5, 5, 5, 5, 5, 5, 5, 5, 5, 5, 5, 5, 5, 5, 5, 5, 5, 5, 5, 5, 5, 5, 5, 5, 5, 5, 5, 5, 5, 5, 5, 5, 5, 5, 5, 5, 5, 5, 5, 5, 5, 5, 5, 5, 5, 5, 5, 5, 5, 5, 5, 5, 5, 5], "b_turds_left": [5, 5, 5, 4, 4, 4, 4, 4, 4, 4, 4, 3, 3, 3, 3, 2, 2, 2, 2, 2, 2, 2, 2, 1, 1, 1, 1, 1, 1, 1, 1, 1, 1, 1, 1, 1, 1, 1, 1, 1, 1, 1, 1, 1, 1, 1, 1, 1, 1, 1, 1, 1, 1, 1, 1, 1, 1, 1, 1, 1, 1, 1, 1, 1, 1, 1, 1, 1, 1, 1, 1, 1, 1, 1, 1, 1, 1, 1, 1, 1], "a_time_left": [359.93194883302203, 359.93194883302203, 359.9032738750393, 359.9032738750393, 359.8919916250161, 359.8919916250161, 359.8787489999959, 359.8787489999959, 359.8489309999859, 359.8489309999859, 359.7945119999931, 359.7945119999931, 359.7623414580012, 359.7623414580012, 359.73289112499333, 359.73289112499333, 359.71106462500757, 359.71106462500757, 359.69233458302915, 359.69233458302915, 359.64731716603274, 359.64731716603274, 359.61985424903105, 359.61985424903105, 359.58433041503304, 359.58433041503304, 359.5642318740138, 359.5642318740138, 359.5261096660397, 359.5261096660397, 359.4952637910319, 359.4952637910319, 359.466976500029, 359.466976500029, 359.44520112502505, 359.44520112502505, 359.4167858750443, 359.4167858750443, 359.39394804101903, 359.39394804101903, 359.35960520699155, 359.35960520699155, 359.3436910820019, 359.3436910820019, 359.3134733319748, 359.3134733319748, 359.2953787909937, 359.2953787909937, 359.2742631659785, 359.2742631659785, 359.2567492069793, 359.2567492069793, 359.24146820697933, 359.24146820697933, 359.22647829097696, 359.22647829097696, 359.22197395798867, 359.22197395798867, 359.2072528330027, 359.2072528330027, 359.2027573749947, 359.2027573749947, 359.1873771669925, 359.1873771669925, 359.1831057090021, 359.1831057090021, 359.1683316679846, 359.1683316679846, 359.16405870899325, 359.16405870899325, 359.1492297089717, 359.1492297089717, 359.1449223339732, 359.1449223339732, 359.1287260419631, 359.1287260419631, 359.1217455419537, 359.1217455419537, 359.11889595896355, 359.11889595896355], "b_time_left": [360, 359.9520815000287, 359.9520815000287, 359.9369737910456, 359.9369737910456, 359.923898750043, 359.923898750043, 359.916253833042, 359.916253833042, 359.88693637403776, 359.88693637403776, 359.8631943320506, 359.8631943320506, 359.8201601240726, 359.8201601240726, 359.7995212490787, 359.7995212490787, 359.7546901241003, 359.7546901241003, 359.73937408209895, 359.73937408209895, 359.69003833210445, 359.69003833210445, 359.65890058211517, 359.65890058211517, 359.61813495709794, 359.61813495709794, 359.594076749112, 359.594076749112, 359.54891895811306, 359.54891895811306, 359.52528812509263, 359.52528812509263, 359.50227225007256, 359.50227225007256, 359.4858842500835, 359.4858842500835, 359.4654811670771, 359.4654811670771, 359.44180345805944, 359.44180345805944, 359.41975737406756, 359.41975737406756, 359.4013512490783, 359.4013512490783, 359.3790044160851, 359.3790044160851, 359.3618807081075, 359.3618807081075, 359.35427387509844, 359.35427387509844, 359.34115033311537, 359.34115033311537, 359.33348429211765, 359.33348429211765, 359.3273501250951, 359.3273501250951, 359.3196795000986, 359.3196795000986, 359.31358904211083, 359.31358904211083, 359.305579584121, 359.305579584121, 359.29922020909726, 359.29922020909726, 359.2912573340873, 359.2912573340873, 359.28493233409245, 359.28493233409245, 359.27712300111307, 359.27712300111307, 359.27066475112224, 359.27066475112224, 359.2623737511167, 359.2623737511167, 359.2555086261127, 359.2555086261127, 359.25033996009734, 359.25033996009734, 359.2499754180899], "a_moves_left": [39, 39, 38, 38, 37, 37, 36, 36, 35, 35, 34, 34, 33, 33, 32, 32, 31, 31, 30, 30, 29, 29, 28, 28, 27, 27, 26, 26, 25, 25, 24, 24, 23, 23, 22, 22, 21, 21, 20, 20, 19, 19, 18, 18, 17, 17, 16, 16, 15, 15, 14, 14, 13, 13, 12, 12, 11, 11, 10, 10, 9, 9, 8, 8, 7, 7, 6, 6, 5, 5, 4, 4, 3, 3, 2, 2, 1, 1, 0, 0], "b_moves_left": [40, 39, 39, 38, 38, 37, 37, 36, 36, 35, 35, 34, 34, 33, 33, 32, 32, 31, 31, 30, 30, 29, 29, 28, 28, 27, 27, 26, 26, 25, 25, 24, 24, 23, 23, 22, 22, 21, 21, 20, 20, 19, 19, 18, 18, 17, 17, 16, 16, 15, 15, 14, 14, 13, 13, 12, 12, 11, 11, 10, 10, 9, 9, 8, 8, 7, 7, 6, 6, 5, 5, 4, 4, 3, 3, 2, 2, 1, 1, 0], "trapdoor_triggered": [0, 0, 0, 0, 0, 0, 0, 0, 0, 0, 0, 0, 0, 0, 0, 0, 0, 0, 0, 0, 0, 0, 0, 0, 0, 0, 0, 0, 0, 0, 0, 0, 0, 0, 0, 0, 0, 0, 0, 0, 0, 0, 0, 0, 0, 0, 0, 0, 0, 0, 0, 0, 0, 0, 0, 0, 0, 0, 0, 0, 0, 0, 0, 0, 0, 0, 0, 0, 0, 0, 0, 0, 0, 0, 0, 0, 0, 0, 0, 0], "left_behind": ["egg", "egg", "plain", "turd", "egg", "egg", "plain", "plain", "egg", "egg", "plain", "turd", "egg", "egg", "plain", "turd", "egg", "egg", "plain", "plain", "egg", "egg", "plain", "turd", "egg", "egg", "plain", "plain", "egg", "egg", "plain", "plain", "egg", "egg", "plain", "plain", "egg", "egg", "plain", "plain", "egg", "egg", "plain", "plain", "egg", "egg", "plain", "plain", "egg", "plain", "plain", "plain", "egg", "plain", "plain", "plain", "plain", "plain", "plain", "plain", "plain", "plain", "plain", "plain", "plain", "plain", "plain", "plain", "plain", "plain", "plain", "plain", "plain", "plain", "plain", "plain", "plain", "plain", "plain", "plain"], "errlog_a": "", "errlog_b": "", "start_time": 360, "start_moves": 40, "turn_count": 80, "result": 0, "reason": "EGGS_LAID", "trapdoors": [[5, 3], [5, 2]], "spawn_a": [0, 2], "spawn_b": [7, 2]}