{"pos": [[0, 3], [7, 3], [0, 2], [7, 2], [0, 1], [7, 1], [0, 0], [7, 0], [1, 0], [7, 1], [2, 0], [6, 1], [3, 0], [5, 1], [3, 1], [5, 2], [2, 1], [6, 2], [1, 1], [6, 3], [1, 2], [6, 4], [1, 3], [6, 5], [1, 4], [6, 6], [2, 4], [7, 6], [1, 4], [6, 6], [1, 5], [6, 7], [1, 6], [6, 6], [2, 6], [5, 6], [3, 6], [4, 6], [3, 5], [4, 5], [3, 6], [5, 5], [4, 6], [5, 4], [4, 7], [4, 4], [3, 7], [7, 4], [2, 7], [7, 3], [1, 7], [7, 4], [1, 6], [7, 3], [0, 6], [7, 4], [0, 5], [7, 3], [0, 4], [7, 4], [0, 3], [7, 3], [0, 2], [7, 4], [1, 2], [7, 3], [2, 2], [7, 4], [3, 2], [7, 3], [3, 3], [7, 4], [3, 4], [6, 4], [4, 4], [6, 3], [3, 4], [6, 2], [4, 4], [6, 1]], "a_eggs_laid": [1, 1, 1, 1, 2, 2, 2, 2, 5, 5, 5, 5, 6, 6, 6, 6, 7, 7, 7, 7, 8, 8, 8, 8, 9, 9, 9, 9, 10, 10, 10, 10, 11, 11, 11, 11, 12, 12, 12, 12, 13, 13, 13, 13, 14, 14, 14, 14, 19, 19, 19, 19, 20, 20, 20, 20, 21, 21, 21, 21, 21, 21, 21, 21, 21, 21, 21, 21, 22, 22, 22, 22, 23, 23, 23, 23, 24, 24, 24, 24], "b_eggs_laid": [0, 1, 1, 1, 1, 2, 2, 2, 2, 5, 5, 5, 5, 6, 6, 6, 6, 7, 7, 7, 7, 8, 8, 8, 8, 9, 9, 9, 9, 10, 10, 10, 10, 11, 11, 11, 11, 12, 12, 12, 12, 13, 13, 13, 13, 14, 14, 14, 14, 14, 14, 14, 14, 14, 14, 14, 14, 14, 14, 14, 14, 14, 14, 14, 14, 14, 14, 14, 14, 14, 14, 14, 14, 14, 14, 14, 14, 14, 14, 14], "a_turds_left": [5, 5, 5, 5, 5, 5, 5, 5, 5, 5, 5, 5, 5, 5, 5, 5, 5, 5, 5, 5, 5, 5, 5, 5, 5, 5, 5, 5, 5, 5, 5, 5, 5, 5, 5, 5, 5, 5, 5, 5, 5, 5, 5, 5, 5, 5, 5, 5, 5, 5, 5, 5, 5, 5, 5, 5, 5, 5, 5, 5, 5, 5, 5, 5, 5, 5, 5, 5, 5, 5, 5, 5, 5, 5, 5, 5, 5, 5, 5, 5], "b_turds_left": [5, 5, 5, 4, 4, 4, 4, 3, 3, 3, 3, 3, 3, 3, 3, 2, 2, 2, 2, 1, 1, 1, 1, 1, 1, 1, 1, 1, 1, 1, 1, 1, 1, 1, 1, 1, 1, 1, 1, 1, 1, 1, 1, 1, 1, 1, 1, 1, 1, 1, 1, 1, 1, 1, 1, 1, 1, 1, 1, 1, 1, 1, 1, 1, 1, 1, 1, 1, 1, 1, 1, 1, 1, 1, 1, 1, 1, 1, 1, 1], "a_time_left": [359.9693249579868, 359.9693249579868, 359.94952937497874, 359.94952937497874, 359.924959957978, 359.924959957978, 359.9072067079833, 359.9072067079833, 359.89642549998825, 359.89642549998825, 359.8832761659869, 359.8832761659869, 359.85436679099803, 359.85436679099803, 359.83607820700854, 359.83607820700854, 359.8050400400243, 359.8050400400243, 359.77975758202956, 359.77975758202956, 359.7345368740498, 359.7345368740498, 359.71021079004277, 359.71021079004277, 359.6737879560387, 359.6737879560387, 359.646061289066, 359.646061289066, 359.6122825810453, 359.6122825810453, 359.5884003310348, 359.5884003310348, 359.56046933101607, 359.56046933101607, 359.53622258102405, 359.53622258102405, 359.50063058102387, 359.50063058102387, 359.49088495603064, 359.49088495603064, 359.4758025390329, 359.4758025390329, 359.45543149704463, 359.45543149704463, 359.43710662206286, 359.43710662206286, 359.42312741305795, 359.42312741305795, 359.40623270507785, 359.40623270507785, 359.39776166307274, 359.39776166307274, 359.38238966307836, 359.38238966307836, 359.37118649607874, 359.37118649607874, 359.35601432906697, 359.35601432906697, 359.3488352880522, 359.3488352880522, 359.3430549130426, 359.3430549130426, 359.3361230380542, 359.3361230380542, 359.33055524606607, 359.33055524606607, 359.3179238710436, 359.3179238710436, 359.2916412050545, 359.2916412050545, 359.27851053804625, 359.27851053804625, 359.2588509550551, 359.2588509550551, 359.2416636630369, 359.2416636630369, 359.2357025380479, 359.2357025380479, 359.2325139970344, 359.2325139970344], "b_time_left": [360, 359.9543255000026, 359.9543255000026, 359.93280529099866, 359.93280529099866, 359.9013909579953, 359.9013909579953, 359.8904664159927, 359.8904664159927, 359.8771035830141, 359.8771035830141, 359.8691777490021, 359.8691777490021, 359.83809874902363, 359.83809874902363, 359.8119505410432, 359.8119505410432, 359.7680477910617, 359.7680477910617, 359.73734445808805, 359.73734445808805, 359.6983425421058, 359.6983425421058, 359.6734099590976, 359.6734099590976, 359.62680950108916, 359.62680950108916, 359.60214025108144, 359.60214025108144, 359.57819316809764, 359.57819316809764, 359.5543642511184, 359.5543642511184, 359.52412429312244, 359.52412429312244, 359.50151929311687, 359.50151929311687, 359.4690147511137, 359.4690147511137, 359.45337800114066, 359.45337800114066, 359.4293337931449, 359.4293337931449, 359.41659091811744, 359.41659091811744, 359.38544808511506, 359.38544808511506, 359.36840879311785, 359.36840879311785, 359.36159275111277, 359.36159275111277, 359.35499375109794, 359.35499375109794, 359.3466870430857, 359.3466870430857, 359.339603501081, 359.339603501081, 359.3325354170811, 359.3325354170811, 359.3290432920912, 359.3290432920912, 359.3223899170989, 359.3223899170989, 359.31890479210415, 359.31890479210415, 359.31009275108227, 359.31009275108227, 359.2995129180781, 359.2995129180781, 359.2901942090539, 359.2901942090539, 359.28028654304217, 359.28028654304217, 359.2736770430347, 359.2736770430347, 359.26199133502087, 359.26199133502087, 359.2560967520112, 359.2560967520112, 359.25572008499876], "a_moves_left": [39, 39, 38, 38, 37, 37, 36, 36, 35, 35, 34, 34, 33, 33, 32, 32, 31, 31, 30, 30, 29, 29, 28, 28, 27, 27, 26, 26, 25, 25, 24, 24, 23, 23, 22, 22, 21, 21, 20, 20, 19, 19, 18, 18, 17, 17, 16, 16, 15, 15, 14, 14, 13, 13, 12, 12, 11, 11, 10, 10, 9, 9, 8, 8, 7, 7, 6, 6, 5, 5, 4, 4, 3, 3, 2, 2, 1, 1, 0, 0], "b_moves_left": [40, 39, 39, 38, 38, 37, 37, 36, 36, 35, 35, 34, 34, 33, 33, 32, 32, 31, 31, 30, 30, 29, 29, 28, 28, 27, 27, 26, 26, 25, 25, 24, 24, 23, 23, 22, 22, 21, 21, 20, 20, 19, 19, 18, 18, 17, 17, 16, 16, 15, 15, 14, 14, 13, 13, 12, 12, 11, 11, 10, 10, 9, 9, 8, 8, 7, 7, 6, 6, 5, 5, 4, 4, 3, 3, 2, 2, 1, 1, 0], "trapdoor_triggered": [0, 0, 0, 0, 0, 0, 0, 0, 0, 0, 0, 0, 0, 0, 0, 0, 0, 0, 0, 0, 0, 0, 0, 0, 0, 0, 0, 0, 0, 0, 0, 0, 0, 0, 0, 0, 0, 0, 0, 0, 0, 0, 0, 0, 0, 0, 0, 1, 0, 0, 0, 0, 0, 0, 0, 0, 0, 0, 0, 0, 0, 0, 0, 0, 0, 0, 0, 0, 0, 0, 0, 0, 0, 0, 0, 0, 0, 0, 0, 0], "left_behind": ["egg", "egg", "plain", "turd", "egg", "egg", "plain", "turd", "egg", "egg", "plain", "plain", "egg", "egg", "plain", "turd", "egg", "egg", "plain", "turd", "egg", "egg", "plain", "plain", "egg", "egg", "plain", "plain", "egg", "egg", "plain", "plain", "egg", "egg", "plain", "plain", "egg", "egg", "plain", "plain", "egg", "egg", "plain", "plain", "egg", "egg", "plain", "plain", "egg", "plain", "plain", "plain", "egg", "plain", "plain", "plain", "egg", "plain", "plain", "plain", "plain", "plain", "plain", "plain", "plain", "plain", "plain", "plain", "egg", "plain", "plain", "plain", "egg", "plain", "plain", "plain", "egg", "plain", "plain", "plain"], "errlog_a": "", "errlog_b": "", "start_time": 360, "start_moves": 40, "turn_count": 80, "result": 0, "reason": "EGGS_LAID", "trapdoors": [[4, 2], [4, 3]], "spawn_a": [0, 4], "spawn_b": [7, 4]}