{"pos": [[0, 3], [7, 3], [0, 2], [7, 2], [0, 1], [7, 1], [0, 0], [7, 0], [1, 0], [7, 1], [2, 0], [6, 1], [3, 0], [5, 1], [3, 1], [5, 2], [2, 1], [6, 2], [1, 1], [6, 3], [1, 2], [6, 4], [1, 3], [6, 5], [1, 4], [6, 6], [1, 5], [7, 6], [1, 6], [6, 6], [2, 6], [6, 7], [3, 6], [6, 6], [4, 6], [5, 6], [3, 6], [5, 5], [3, 7], [5, 4], [3, 6], [4, 4], [3, 5], [4, 3], [3, 4], [3, 3], [2, 4], [3, 2], [2, 3], [2, 2], [3, 3], [2, 1], [3, 4], [2, 2], [4, 4], [2, 3], [3, 4], [2, 2], [3, 5], [1, 2], [3, 6], [2, 2], [4, 6], [2, 1], [3, 6], [2, 2], [4, 6], [2, 1], [3, 6], [2, 2], [4, 6], [2, 1], [3, 6], [2, 2], [4, 6], [2, 1], [3, 6], [2, 2], [4, 6], [2, 1]], "a_eggs_laid": [1, 1, 1, 1, 2, 2, 2, 2, 5, 5, 5, 5, 6, 6, 6, 6, 7, 7, 7, 7, 8, 8, 8, 8, 9, 9, 9, 9, 10, 10, 10, 10, 11, 11, 11, 11, 12, 12, 12, 12, 13, 13, 13, 13, 14, 14, 14, 14, 15, 15, 15, 15, 16, 16, 16, 16, 17, 17, 17, 17, 17, 17, 17, 17, 17, 17, 17, 17, 17, 17, 17, 17, 17, 17, 17, 17, 17, 17, 17, 17], "b_eggs_laid": [0, 1, 1, 1, 1, 2, 2, 2, 2, 5, 5, 5, 5, 6, 6, 6, 6, 7, 7, 7, 7, 8, 8, 8, 8, 9, 9, 9, 9, 10, 10, 10, 10, 11, 11, 11, 11, 12, 12, 12, 12, 13, 13, 13, 13, 14, 14, 14, 14, 15, 15, 15, 15, 16, 16, 16, 16, 17, 17, 17, 17, 18, 18, 18, 18, 18, 18, 18, 18, 18, 18, 18, 18, 18, 18, 18, 18, 18, 18, 18], "a_turds_left": [5, 5, 5, 5, 5, 5, 5, 5, 5, 5, 5, 5, 5, 5, 5, 5, 5, 5, 5, 5, 5, 5, 5, 5, 5, 5, 5, 5, 5, 5, 5, 5, 5, 5, 5, 5, 5, 5, 5, 5, 5, 5, 5, 5, 5, 5, 5, 5, 5, 5, 5, 5, 5, 5, 5, 5, 5, 5, 5, 5, 5, 5, 5, 5, 5, 5, 5, 5, 5, 5, 5, 5, 5, 5, 5, 5, 5, 5, 5, 5], "b_turds_left": [5, 5, 5, 4, 4, 4, 4, 3, 3, 3, 3, 3, 3, 3, 3, 2, 2, 2, 2, 1, 1, 1, 1, 1, 1, 1, 1, 1, 1, 1, 1, 1, 1, 1, 1, 1, 1, 1, 1, 1, 1, 1, 1, 1, 1, 1, 1, 1, 1, 1, 1, 1, 1, 1, 1, 1, 1, 1, 1, 1, 1, 1, 1, 1, 1, 1, 1, 1, 1, 1, 1, 1, 1, 1, 1, 1, 1, 1, 1, 0], "a_time_left": [359.95693250000477, 359.95693250000477, 359.9304577909934, 359.9304577909934, 359.8946500830061, 359.8946500830061, 359.88085374899674, 359.88085374899674, 359.87011478998465, 359.87011478998465, 359.8571139149717, 359.8571139149717, 359.82823241496226, 359.82823241496226, 359.8079369979678, 359.8079369979678, 359.7761988309503, 359.7761988309503, 359.751147747942, 359.751147747942, 359.71216991494293, 359.71216991494293, 359.68758662292385, 359.68758662292385, 359.65118799792253, 359.65118799792253, 359.6230497059296, 359.6230497059296, 359.59036433091387, 359.59036433091387, 359.56213774791104, 359.56213774791104, 359.53438795590773, 359.53438795590773, 359.50948149792384, 359.50948149792384, 359.49281495594187, 359.49281495594187, 359.474745496962, 359.474745496962, 359.44746741396375, 359.44746741396375, 359.43023462296696, 359.43023462296696, 359.3918812899792, 359.3918812899792, 359.38545683198026, 359.38545683198026, 359.3559142909653, 359.3559142909653, 359.35055516596185, 359.35055516596185, 359.34483499993803, 359.34483499993803, 359.3283779999474, 359.3283779999474, 359.3212759999733, 359.3212759999733, 359.3064821669832, 359.3064821669832, 359.301797875989, 359.301797875989, 359.28602579198196, 359.28602579198196, 359.2837394590024, 359.2837394590024, 359.26796800101874, 359.26796800101874, 359.2657088350097, 359.2657088350097, 359.2499977510015, 359.2499977510015, 359.2476177509816, 359.2476177509816, 359.231827333977, 359.231827333977, 359.2295641259698, 359.2295641259698, 359.2240912509733, 359.2240912509733], "b_time_left": [360, 359.9610987500055, 359.9610987500055, 359.9369048330118, 359.9369048330118, 359.91635941600543, 359.91635941600543, 359.905820999993, 359.905820999993, 359.8919014589919, 359.8919014589919, 359.8841537919943, 359.8841537919943, 359.85369591697236, 359.85369591697236, 359.8211299169634, 359.8211299169634, 359.7753492919728, 359.7753492919728, 359.7476094579615, 359.7476094579615, 359.7093905409565, 359.7093905409565, 359.68472595795174, 359.68472595795174, 359.64005487493705, 359.64005487493705, 359.6160917499219, 359.6160917499219, 359.5865074159228, 359.5865074159228, 359.562674207933, 359.562674207933, 359.53991466594744, 359.53991466594744, 359.52120766596636, 359.52120766596636, 359.49848891596776, 359.49848891596776, 359.48043170696474, 359.48043170696474, 359.4509611649555, 359.4509611649555, 359.4350558309525, 359.4350558309525, 359.41051808095654, 359.41051808095654, 359.395812705945, 359.395812705945, 359.38297508095275, 359.38297508095275, 359.3764503309503, 359.3764503309503, 359.36874841395183, 359.36874841395183, 359.3591592059529, 359.3591592059529, 359.3504197889706, 359.3504197889706, 359.343315830949, 359.343315830949, 359.334349580924, 359.334349580924, 359.3285642059345, 359.3285642059345, 359.32565291493665, 359.32565291493665, 359.32030724795186, 359.32030724795186, 359.31766874794266, 359.31766874794266, 359.31236341391923, 359.31236341391923, 359.30945791391423, 359.30945791391423, 359.3041113729123, 359.3041113729123, 359.30231583089335, 359.30231583089335, 359.3015688729065], "a_moves_left": [39, 39, 38, 38, 37, 37, 36, 36, 35, 35, 34, 34, 33, 33, 32, 32, 31, 31, 30, 30, 29, 29, 28, 28, 27, 27, 26, 26, 25, 25, 24, 24, 23, 23, 22, 22, 21, 21, 20, 20, 19, 19, 18, 18, 17, 17, 16, 16, 15, 15, 14, 14, 13, 13, 12, 12, 11, 11, 10, 10, 9, 9, 8, 8, 7, 7, 6, 6, 5, 5, 4, 4, 3, 3, 2, 2, 1, 1, 0, 0], "b_moves_left": [40, 39, 39, 38, 38, 37, 37, 36, 36, 35, 35, 34, 34, 33, 33, 32, 32, 31, 31, 30, 30, 29, 29, 28, 28, 27, 27, 26, 26, 25, 25, 24, 24, 23, 23, 22, 22, 21, 21, 20, 20, 19, 19, 18, 18, 17, 17, 16, 16, 15, 15, 14, 14, 13, 13, 12, 12, 11, 11, 10, 10, 9, 9, 8, 8, 7, 7, 6, 6, 5, 5, 4, 4, 3, 3, 2, 2, 1, 1, 0], "trapdoor_triggered": [0, 0, 0, 0, 0, 0, 0, 0, 0, 0, 0, 0, 0, 0, 0, 0, 0, 0, 0, 0, 0, 0, 0, 0, 0, 0, 0, 0, 0, 0, 0, 0, 0, 0, 0, 0, 0, 0, 0, 0, 0, 0, 0, 0, 0, 0, 0, 0, 0, 0, 0, 0, 0, 0, 0, 0, 0, 0, 0, 0, 0, 0, 0, 0, 0, 0, 0, 0, 0, 0, 0, 0, 0, 0, 0, 0, 0, 0, 0, 0], "left_behind": ["egg", "egg", "plain", "turd", "egg", "egg", "plain", "turd", "egg", "egg", "plain", "plain", "egg", "egg", "plain", "turd", "egg", "egg", "plain", "turd", "egg", "egg", "plain", "plain", "egg", "egg", "plain", "plain", "egg", "egg", "plain", "plain", "egg", "egg", "plain", "plain", "egg", "egg", "plain", "plain", "egg", "egg", "plain", "plain", "egg", "egg", "plain", "plain", "egg", "egg", "plain", "plain", "egg", "egg", "plain", "plain", "egg", "egg", "plain", "plain", "plain", "egg", "plain", "plain", "plain", "plain", "plain", "plain", "plain", "plain", "plain", "plain", "plain", "plain", "plain", "plain", "plain", "plain", "plain", "turd"], "errlog_a": "", "errlog_b": "", "start_time": 360, "start_moves": 40, "turn_count": 80, "result": 1, "reason": "EGGS_LAID", "trapdoors": [[4, 2], [4, 5]], "spawn_a": [0, 4], "spawn_b": [7, 4]}