{"pos": [[7, 4], [0, 4], [7, 3], [0, 3], [7, 2], [0, 2], [7, 1], [0, 1], [7, 2], [1, 1], [6, 2], [2, 1], [6, 1], [3, 1], [6, 0], [4, 1], [6, 1], [5, 1], [7, 1], [6, 1], [7, 2], [5, 1], [7, 3], [5, 0], [7, 4], [5, 1], [6, 4], [5, 2], [6, 5], [4, 2], [6, 6], [4, 3], [5, 6], [4, 2], [5, 7], [3, 2], [5, 6], [2, 2], [4, 6], [1, 2], [3, 6], [1, 3], [3, 5], [1, 4], [3, 6], [1, 5], [2, 6], [1, 6], [3, 6], [1, 7], [3, 7], [0, 7], [3, 6], [0, 6], [3, 5], [0, 5], [4, 5], [0, 4], [5, 5], [0, 3], [5, 4], [1, 3], [5, 3], [2, 3], [6, 3], [2, 4], [6, 2], [3, 4], [6, 3], [2, 4], [6, 2], [0, 5], [6, 3], [0, 4], [6, 2], [0, 3], [6, 3], [0, 2], [6, 2], [0, 1]], "a_eggs_laid": [1, 1, 1, 1, 2, 2, 2, 2, 3, 3, 3, 3, 4, 4, 4, 4, 5, 5, 5, 5, 5, 5, 5, 5, 5, 5, 5, 5, 6, 6, 6, 6, 7, 7, 7, 7, 8, 8, 8, 8, 9, 9, 9, 9, 10, 10, 10, 10, 11, 11, 11, 11, 12, 12, 12, 12, 12, 12, 12, 12, 13, 13, 13, 13, 14, 14, 14, 14, 14, 14, 14, 14, 18, 18, 18, 18, 18, 18, 18, 18], "b_eggs_laid": [0, 1, 1, 1, 1, 2, 2, 2, 2, 3, 3, 3, 3, 4, 4, 4, 4, 5, 5, 5, 5, 6, 6, 6, 6, 7, 7, 7, 7, 8, 8, 8, 8, 9, 9, 9, 9, 10, 10, 10, 10, 11, 11, 11, 11, 12, 12, 12, 12, 13, 13, 13, 13, 16, 16, 16, 16, 16, 16, 16, 16, 16, 16, 16, 16, 17, 17, 17, 17, 18, 18, 18, 18, 18, 18, 18, 18, 18, 18, 18], "a_turds_left": [5, 5, 5, 5, 5, 5, 5, 5, 5, 5, 5, 5, 5, 5, 5, 5, 5, 5, 5, 5, 5, 5, 5, 5, 5, 5, 5, 5, 5, 5, 5, 5, 5, 5, 5, 5, 5, 5, 5, 5, 5, 5, 5, 5, 5, 5, 5, 5, 5, 5, 5, 5, 5, 5, 5, 5, 5, 5, 5, 5, 5, 5, 5, 5, 5, 5, 5, 5, 5, 5, 5, 5, 5, 5, 5, 5, 5, 5, 5, 5], "b_turds_left": [5, 5, 5, 4, 4, 4, 4, 3, 3, 3, 3, 2, 2, 2, 2, 1, 1, 1, 1, 1, 1, 1, 1, 1, 1, 1, 1, 1, 1, 1, 1, 1, 1, 1, 1, 1, 1, 1, 1, 1, 1, 1, 1, 1, 1, 1, 1, 1, 1, 1, 1, 1, 1, 1, 1, 1, 1, 1, 1, 1, 1, 1, 1, 1, 1, 1, 1, 1, 1, 1, 1, 1, 1, 1, 1, 1, 1, 1, 1, 1], "a_time_left": [359.95757108399994, 359.95757108399994, 359.9319840009848, 359.9319840009848, 359.9016445839952, 359.9016445839952, 359.88571004301775, 359.88571004301775, 359.86386187700555, 359.86386187700555, 359.84530812699813, 359.84530812699813, 359.8038581270084, 359.8038581270084, 359.77883929401287, 359.77883929401287, 359.75400996100507, 359.75400996100507, 359.74814258600236, 359.74814258600236, 359.7464243360155, 359.7464243360155, 359.73563525202917, 359.73563525202917, 359.7306811690214, 359.7306811690214, 359.7129407110333, 359.7129407110333, 359.6835193360457, 359.6835193360457, 359.6590984610666, 359.6590984610666, 359.6221540020488, 359.6221540020488, 359.59634396006004, 359.59634396006004, 359.5670822930697, 359.5670822930697, 359.5428850010794, 359.5428850010794, 359.43851750108297, 359.43851750108297, 359.4123985840997, 359.4123985840997, 359.3748445841193, 359.3748445841193, 359.3534855421167, 359.3534855421167, 359.33920600113925, 359.33920600113925, 359.3245157931233, 359.3245157931233, 359.3102465431439, 359.3102465431439, 359.2978966681403, 359.2978966681403, 359.2912745011272, 359.2912745011272, 359.27718412611284, 359.27718412611284, 359.2560305010993, 359.2560305010993, 359.23543695910485, 359.23543695910485, 359.216833251121, 359.216833251121, 359.2000000841217, 359.2000000841217, 359.1950601671124, 359.1950601671124, 359.17686279211193, 359.17686279211193, 359.17348308410146, 359.17348308410146, 359.164564542094, 359.164564542094, 359.1613753750862, 359.1613753750862, 359.1587300420797, 359.1587300420797], "b_time_left": [360, 359.9662863330159, 359.9662863330159, 359.9418382080039, 359.9418382080039, 359.9119024160027, 359.9119024160027, 359.8921135829878, 359.8921135829878, 359.871966665989, 359.871966665989, 359.8448755819991, 359.8448755819991, 359.8074110400048, 359.8074110400048, 359.7800602070056, 359.7800602070056, 359.7461915400054, 359.7461915400054, 359.73705679000705, 359.73705679000705, 359.7289912060078, 359.7289912060078, 359.7199198730232, 359.7199198730232, 359.7034869570052, 359.7034869570052, 359.6813534570101, 359.6813534570101, 359.64346666500205, 359.64346666500205, 359.61964124802034, 359.61964124802034, 359.5729792060156, 359.5729792060156, 359.5552187060239, 359.5552187060239, 359.51905487204203, 359.51905487204203, 359.4940371630364, 359.4940371630364, 359.4554655380198, 359.4554655380198, 359.4300246210187, 359.4300246210187, 359.386837121041, 359.386837121041, 359.37223503703717, 359.37223503703717, 359.3473302870407, 359.3473302870407, 359.338873078028, 359.338873078028, 359.3226649110147, 359.3226649110147, 359.31592849400477, 359.31592849400477, 359.3091596599843, 359.3091596599843, 359.30000411797664, 359.30000411797664, 359.29023778496776, 359.29023778496776, 359.2767628689762, 359.2767628689762, 359.2261883689789, 359.2261883689789, 359.21770503598964, 359.21770503598964, 359.18603599400376, 359.18603599400376, 359.17813832699903, 359.17813832699903, 359.1686907020048, 359.1686907020048, 359.16598374399473, 359.16598374399473, 359.16171215998475, 359.16171215998475, 359.16140165997786], "a_moves_left": [39, 39, 38, 38, 37, 37, 36, 36, 35, 35, 34, 34, 33, 33, 32, 32, 31, 31, 30, 30, 29, 29, 28, 28, 27, 27, 26, 26, 25, 25, 24, 24, 23, 23, 22, 22, 21, 21, 20, 20, 19, 19, 18, 18, 17, 17, 16, 16, 15, 15, 14, 14, 13, 13, 12, 12, 11, 11, 10, 10, 9, 9, 8, 8, 7, 7, 6, 6, 5, 5, 4, 4, 3, 3, 2, 2, 1, 1, 0, 0], "b_moves_left": [40, 39, 39, 38, 38, 37, 37, 36, 36, 35, 35, 34, 34, 33, 33, 32, 32, 31, 31, 30, 30, 29, 29, 28, 28, 27, 27, 26, 26, 25, 25, 24, 24, 23, 23, 22, 22, 21, 21, 20, 20, 19, 19, 18, 18, 17, 17, 16, 16, 15, 15, 14, 14, 13, 13, 12, 12, 11, 11, 10, 10, 9, 9, 8, 8, 7, 7, 6, 6, 5, 5, 4, 4, 3, 3, 2, 2, 1, 1, 0], "trapdoor_triggered": [0, 0, 0, 0, 0, 0, 0, 0, 0, 0, 0, 0, 0, 0, 0, 0, 0, 0, 0, 0, 0, 0, 0, 0, 0, 0, 0, 0, 0, 0, 0, 0, 0, 0, 0, 0, 0, 0, 0, 0, 0, 0, 0, 0, 0, 0, 0, 0, 0, 0, 0, 0, 0, 0, 0, 0, 0, 0, 0, 0, 0, 0, 0, 0, 0, 0, 0, 0, 0, 0, 0, 1, 0, 0, 0, 0, 0, 0, 0, 0], "left_behind": ["egg", "egg", "plain", "turd", "egg", "egg", "plain", "turd", "egg", "egg", "plain", "turd", "egg", "egg", "plain", "turd", "egg", "egg", "plain", "plain", "plain", "egg", "plain", "plain", "plain", "egg", "plain", "plain", "egg", "egg", "plain", "plain", "egg", "egg", "plain", "plain", "egg", "egg", "plain", "plain", "egg", "egg", "plain", "plain", "egg", "egg", "plain", "plain", "egg", "egg", "plain", "plain", "egg", "egg", "plain", "plain", "plain", "plain", "plain", "plain", "egg", "plain", "plain", "plain", "egg", "egg", "plain", "plain", "plain", "egg", "plain", "plain", "plain", "plain", "plain", "plain", "plain", "plain", "plain", "plain"], "errlog_a": "", "errlog_b": "", "start_time": 360, "start_moves": 40, "turn_count": 80, "result": 2, "reason": "EGGS_LAID", "trapdoors": [[4, 4], [2, 5]], "spawn_a": [7, 5], "spawn_b": [0, 5]}