{"pos": [[7, 4], [0, 4], [7, 3], [1, 4], [7, 2], [1, 3], [7, 1], [0, 3], [7, 2], [0, 2], [6, 2], [1, 2], [6, 1], [2, 2], [6, 0], [3, 2], [6, 1], [4, 2], [5, 1], [4, 3], [5, 0], [4, 4], [4, 0], [4, 5], [3, 0], [4, 6], [3, 1], [4, 7], [3, 0], [4, 6], [2, 0], [3, 6], [1, 0], [2, 6], [0, 0], [2, 5], [1, 0], [3, 5], [1, 1], [3, 4], [0, 1], [4, 4], [0, 2], [5, 4], [0, 1], [5, 5], [0, 0], [5, 6], [1, 0], [5, 5], [2, 0], [6, 5], [3, 0], [6, 6], [4, 0], [7, 6], [5, 0], [7, 7], [6, 0], [6, 7], [7, 0], [6, 6], [7, 1], [6, 5], [7, 0], [6, 4], [7, 1], [6, 3], [7, 0], [5, 3], [7, 1], [5, 2], [7, 0], [5, 3], [7, 1], [5, 2], [7, 0], [5, 3], [7, 1], [5, 2]], "a_eggs_laid": [1, 1, 1, 1, 2, 2, 2, 2, 3, 3, 3, 3, 4, 4, 4, 4, 5, 5, 5, 5, 6, 6, 6, 6, 7, 7, 7, 7, 8, 8, 8, 8, 9, 9, 9, 9, 12, 12, 12, 12, 13, 13, 13, 13, 14, 14, 14, 14, 14, 14, 14, 14, 14, 14, 14, 14, 14, 14, 14, 14, 14, 14, 14, 14, 14, 14, 14, 14, 14, 14, 14, 14, 14, 14, 14, 14, 14, 14, 14, 14], "b_eggs_laid": [0, 1, 1, 1, 1, 2, 2, 2, 2, 3, 3, 3, 3, 4, 4, 4, 4, 5, 5, 5, 5, 6, 6, 6, 6, 7, 7, 7, 7, 8, 8, 8, 8, 9, 9, 9, 9, 10, 10, 10, 10, 11, 11, 11, 11, 12, 12, 12, 12, 13, 13, 13, 13, 14, 14, 14, 14, 15, 15, 15, 15, 16, 16, 16, 16, 16, 16, 16, 16, 17, 17, 17, 17, 18, 18, 18, 18, 18, 18, 18], "a_turds_left": [5, 5, 5, 5, 5, 5, 5, 5, 5, 5, 5, 5, 5, 5, 5, 5, 5, 5, 5, 5, 5, 5, 5, 5, 5, 5, 5, 5, 5, 5, 5, 5, 5, 5, 5, 5, 5, 5, 5, 5, 5, 5, 5, 5, 5, 5, 5, 5, 5, 5, 5, 5, 5, 5, 5, 5, 5, 5, 5, 5, 5, 5, 5, 5, 5, 5, 5, 5, 5, 5, 5, 5, 5, 5, 5, 5, 5, 5, 5, 5], "b_turds_left": [5, 5, 5, 5, 5, 5, 5, 5, 5, 5, 5, 5, 5, 5, 5, 4, 4, 4, 4, 3, 3, 3, 3, 2, 2, 2, 2, 2, 2, 2, 2, 2, 2, 2, 2, 2, 2, 2, 2, 2, 2, 2, 2, 2, 2, 2, 2, 2, 2, 2, 2, 2, 2, 2, 2, 2, 2, 2, 2, 2, 2, 2, 2, 2, 2, 2, 2, 1, 1, 1, 1, 1, 1, 1, 1, 1, 1, 1, 1, 0], "a_time_left": [359.9547842920001, 359.9547842920001, 359.92316583398497, 359.92316583398497, 359.8748345419881, 359.8748345419881, 359.84407266700873, 359.84407266700873, 359.8043539170176, 359.8043539170176, 359.7795061249926, 359.7795061249926, 359.711167417001, 359.711167417001, 359.6687065419974, 359.6687065419974, 359.6215622499876, 359.6215622499876, 359.58426291600335, 359.58426291600335, 359.55092579100165, 359.55092579100165, 359.52501587499864, 359.52501587499864, 359.4953012079932, 359.4953012079932, 359.47263170799124, 359.47263170799124, 359.46032558300067, 359.46032558300067, 359.43910979200155, 359.43910979200155, 359.40951395899174, 359.40951395899174, 359.38082212599693, 359.38082212599693, 359.3510669590032, 359.3510669590032, 359.3272284169798, 359.3272284169798, 359.2980865839636, 359.2980865839636, 359.28699987594155, 359.28699987594155, 359.27261575093144, 359.27261575093144, 359.25372420891654, 359.25372420891654, 359.24434241690324, 359.24434241690324, 359.2246795418905, 359.2246795418905, 359.2170789169031, 359.2170789169031, 359.19714670890244, 359.19714670890244, 359.1906913339044, 359.1906913339044, 359.17858600089676, 359.17858600089676, 359.1672808348958, 359.1672808348958, 359.14815212687245, 359.14815212687245, 359.14241612685146, 359.14241612685146, 359.1261726268567, 359.1261726268567, 359.11616908488213, 359.11616908488213, 359.1000730848755, 359.1000730848755, 359.09015679286676, 359.09015679286676, 359.0727913348819, 359.0727913348819, 359.0664189598756, 359.0664189598756, 359.061935292877, 359.061935292877], "b_time_left": [360, 359.95003287500003, 359.95003287500003, 359.91040837499895, 359.91040837499895, 359.8568949170003, 359.8568949170003, 359.8177978339954, 359.8177978339954, 359.7727810009965, 359.7727810009965, 359.72923758398974, 359.72923758398974, 359.6737530839746, 359.6737530839746, 359.63951866698335, 359.63951866698335, 359.56976604199735, 359.56976604199735, 359.5260482500016, 359.5260482500016, 359.4753446250106, 359.4753446250106, 359.44007362501, 359.44007362501, 359.38332679201267, 359.38332679201267, 359.3654863340198, 359.3654863340198, 359.3302631670085, 359.3302631670085, 359.30013945899555, 359.30013945899555, 359.2480968339951, 359.2480968339951, 359.2187010839989, 359.2187010839989, 359.1733974169765, 359.1733974169765, 359.1453565839911, 359.1453565839911, 359.1181377930043, 359.1181377930043, 359.10942162701394, 359.10942162701394, 359.06586766798864, 359.06586766798864, 359.04155408398947, 359.04155408398947, 358.99013095899136, 358.99013095899136, 358.9661483759992, 358.9661483759992, 358.9355068349978, 358.9355068349978, 358.91502383499756, 358.91502383499756, 358.88951762599754, 358.88951762599754, 358.87590504300897, 358.87590504300897, 358.85561383501044, 358.85561383501044, 358.82285158502054, 358.82285158502054, 358.8032851680182, 358.8032851680182, 358.7742222090019, 358.7742222090019, 358.7606362919905, 358.7606362919905, 358.7299950000015, 358.7299950000015, 358.71864145901054, 358.71864145901054, 358.68804304199875, 358.68804304199875, 358.68327195799793, 358.68327195799793, 358.6818638330151], "a_moves_left": [39, 39, 38, 38, 37, 37, 36, 36, 35, 35, 34, 34, 33, 33, 32, 32, 31, 31, 30, 30, 29, 29, 28, 28, 27, 27, 26, 26, 25, 25, 24, 24, 23, 23, 22, 22, 21, 21, 20, 20, 19, 19, 18, 18, 17, 17, 16, 16, 15, 15, 14, 14, 13, 13, 12, 12, 11, 11, 10, 10, 9, 9, 8, 8, 7, 7, 6, 6, 5, 5, 4, 4, 3, 3, 2, 2, 1, 1, 0, 0], "b_moves_left": [40, 39, 39, 38, 38, 37, 37, 36, 36, 35, 35, 34, 34, 33, 33, 32, 32, 31, 31, 30, 30, 29, 29, 28, 28, 27, 27, 26, 26, 25, 25, 24, 24, 23, 23, 22, 22, 21, 21, 20, 20, 19, 19, 18, 18, 17, 17, 16, 16, 15, 15, 14, 14, 13, 13, 12, 12, 11, 11, 10, 10, 9, 9, 8, 8, 7, 7, 6, 6, 5, 5, 4, 4, 3, 3, 2, 2, 1, 1, 0], "trapdoor_triggered": [0, 0, 0, 0, 0, 0, 0, 0, 0, 0, 0, 0, 0, 0, 0, 0, 0, 0, 0, 0, 0, 0, 0, 0, 0, 0, 0, 0, 0, 0, 0, 0, 0, 0, 0, 0, 0, 0, 0, 0, 0, 0, 0, 0, 0, 0, 0, 0, 0, 0, 0, 0, 0, 0, 0, 0, 0, 0, 0, 0, 0, 0, 0, 0, 0, 0, 0, 0, 0, 0, 0, 0, 0, 0, 0, 0, 0, 0, 0, 0], "left_behind": ["egg", "egg", "plain", "plain", "egg", "egg", "plain", "plain", "egg", "egg", "plain", "plain", "egg", "egg", "plain", "turd", "egg", "egg", "plain", "turd", "egg", "egg", "plain", "turd", "egg", "egg", "plain", "plain", "egg", "egg", "plain", "plain", "egg", "egg", "plain", "plain", "egg", "egg", "plain", "plain", "egg", "egg", "plain", "plain", "egg", "egg", "plain", "plain", "plain", "egg", "plain", "plain", "plain", "egg", "plain", "plain", "plain", "egg", "plain", "plain", "plain", "egg", "plain", "plain", "plain", "plain", "plain", "turd", "plain", "egg", "plain", "plain", "plain", "egg", "plain", "plain", "plain", "plain", "plain", "turd"], "errlog_a": "", "errlog_b": "", "start_time": 360, "start_moves": 40, "turn_count": 80, "result": 1, "reason": "EGGS_LAID", "trapdoors": [[3, 3], [2, 3]], "spawn_a": [7, 5], "spawn_b": [0, 5]}