{"pos": [[7, 2], [1, 1], [7, 3], [1, 0], [7, 2], [2, 0], [6, 2], [3, 0], [6, 1], [3, 1], [6, 0], [4, 1], [6, 1], [4, 2], [5, 1], [3, 2], [7, 1], [3, 1], [7, 2], [2, 1], [7, 1], [2, 2], [7, 2], [2, 3], [7, 1], [2, 2], [7, 2], [1, 2], [7, 1], [1, 3], [7, 2], [1, 4], [7, 1], [2, 4], [7, 2], [3, 4], [7, 1], [4, 4], [7, 2], [4, 3], [7, 1], [5, 3], [7, 2], [6, 3], [7, 1], [6, 4], [7, 0], [7, 4], [7, 1], [7, 5], [7, 0], [7, 6], [7, 1], [7, 5], [7, 0], [6, 5], [7, 1], [6, 4], [7, 0], [5, 4], [7, 1], [5, 5], [7, 0], [5, 6], [7, 1], [5, 5], [7, 0], [4, 5], [7, 1], [4, 6], [7, 0], [4, 7], [7, 1], [4, 6], [7, 0], [3, 6], [7, 1], [3, 5], [7, 0], [3, 4]], "a_eggs_laid": [1, 1, 1, 1, 2, 2, 2, 2, 3, 3, 3, 3, 4, 4, 4, 4, 5, 5, 5, 5, 5, 5, 5, 5, 5, 5, 5, 5, 5, 5, 5, 5, 5, 5, 5, 5, 5, 5, 5, 5, 5, 5, 5, 5, 5, 5, 5, 5, 5, 5, 5, 5, 5, 5, 5, 5, 5, 5, 5, 5, 5, 5, 5, 5, 5, 5, 5, 5, 5, 5, 5, 5, 5, 5, 5, 5, 5, 5, 5, 5], "b_eggs_laid": [0, 1, 1, 1, 1, 2, 2, 2, 2, 3, 3, 3, 3, 4, 4, 4, 4, 9, 9, 9, 9, 10, 10, 10, 10, 11, 11, 11, 11, 12, 12, 12, 12, 13, 13, 13, 13, 14, 14, 14, 14, 15, 15, 15, 15, 16, 16, 16, 16, 17, 17, 17, 17, 18, 18, 18, 18, 19, 19, 19, 19, 20, 20, 20, 20, 21, 21, 21, 21, 22, 22, 22, 22, 23, 23, 23, 23, 24, 24, 24], "a_turds_left": [5, 5, 5, 5, 5, 5, 5, 5, 5, 5, 5, 5, 5, 5, 5, 5, 5, 5, 5, 5, 5, 5, 5, 5, 5, 5, 5, 5, 5, 5, 5, 5, 5, 5, 5, 5, 5, 5, 5, 5, 5, 5, 5, 5, 5, 5, 5, 5, 5, 5, 5, 5, 5, 5, 5, 5, 5, 5, 5, 5, 5, 5, 5, 5, 5, 5, 5, 5, 5, 5, 5, 5, 5, 5, 5, 5, 5, 5, 5, 5], "b_turds_left": [5, 5, 5, 5, 5, 5, 5, 5, 5, 5, 5, 5, 5, 5, 5, 5, 5, 5, 5, 5, 5, 5, 5, 5, 5, 5, 5, 5, 5, 5, 5, 5, 5, 5, 5, 5, 5, 5, 5, 5, 5, 5, 5, 5, 5, 5, 5, 5, 5, 5, 5, 5, 5, 5, 5, 5, 5, 5, 5, 5, 5, 5, 5, 5, 5, 5, 5, 5, 5, 5, 5, 5, 5, 5, 5, 5, 5, 5, 5, 5], "a_time_left": [359.97184137499426, 359.97184137499426, 359.92668612499256, 359.92668612499256, 359.8810000419908, 359.8810000419908, 359.8449136669806, 359.8449136669806, 359.77640479197726, 359.77640479197726, 359.7172979999741, 359.7172979999741, 359.6755524999462, 359.6755524999462, 359.6296884579351, 359.6296884579351, 359.5903954159585, 359.5903954159585, 359.5659942069615, 359.5659942069615, 359.5311727489461, 359.5311727489461, 359.5091511659557, 359.5091511659557, 359.4708923739381, 359.4708923739381, 359.4452088739199, 359.4452088739199, 359.40387845691293, 359.40387845691293, 359.3893101659196, 359.3893101659196, 359.35193224891555, 359.35193224891555, 359.3359762899054, 359.3359762899054, 359.2986604569014, 359.2986604569014, 359.27577995689353, 359.27577995689353, 359.2275887489086, 359.2275887489086, 359.19784554091166, 359.19784554091166, 359.1836724579043, 359.1836724579043, 359.15840349992504, 359.15840349992504, 359.1467200409388, 359.1467200409388, 359.1224952079647, 359.1224952079647, 359.0982282489713, 359.0982282489713, 359.08431541596656, 359.08431541596656, 359.0541371659783, 359.0541371659783, 359.03219454098144, 359.03219454098144, 359.0062256240053, 359.0062256240053, 358.9855528740154, 358.9855528740154, 358.9580301240203, 358.9580301240203, 358.9361381660274, 358.9361381660274, 358.9067119580286, 358.9067119580286, 358.8843744160549, 358.8843744160549, 358.8616009160469, 358.8616009160469, 358.8469336660346, 358.8469336660346, 358.8210647080559, 358.8210647080559, 358.8145540410478, 358.8145540410478], "b_time_left": [360, 359.9637385410024, 359.9637385410024, 359.9188379580155, 359.9188379580155, 359.8783479160047, 359.8783479160047, 359.8323138319829, 359.8323138319829, 359.78032858198276, 359.78032858198276, 359.743671498989, 359.743671498989, 359.67750195798, 359.67750195798, 359.64618229097687, 359.64618229097687, 359.5960437079775, 359.5960437079775, 359.556010832981, 359.556010832981, 359.5031998329796, 359.5031998329796, 359.4728543749952, 359.4728543749952, 359.4203753330221, 359.4203753330221, 359.37491887502256, 359.37491887502256, 359.32232595802634, 359.32232595802634, 359.28152125002816, 359.28152125002816, 359.2274135410262, 359.2274135410262, 359.17807124901447, 359.17807124901447, 359.141191207018, 359.141191207018, 359.08737637402373, 359.08737637402373, 359.040774749039, 359.040774749039, 359.00808304102975, 359.00808304102975, 358.9728229580214, 358.9728229580214, 358.93926954100607, 358.93926954100607, 358.91479616600554, 358.91479616600554, 358.90058858302655, 358.90058858302655, 358.8665382080362, 358.8665382080362, 358.83508662405075, 358.83508662405075, 358.79125324904453, 358.79125324904453, 358.7617799990403, 358.7617799990403, 358.70758058305364, 358.70758058305364, 358.6737986250664, 358.6737986250664, 358.6243063340662, 358.6243063340662, 358.59831941706943, 358.59831941706943, 358.54707841706113, 358.54707841706113, 358.5267265420698, 358.5267265420698, 358.4860519580834, 358.4860519580834, 358.46150300008594, 358.46150300008594, 358.4407934171031, 358.4407934171031, 358.4367061671219], "a_moves_left": [39, 39, 38, 38, 37, 37, 36, 36, 35, 35, 34, 34, 33, 33, 32, 32, 31, 31, 30, 30, 29, 29, 28, 28, 27, 27, 26, 26, 25, 25, 24, 24, 23, 23, 22, 22, 21, 21, 20, 20, 19, 19, 18, 18, 17, 17, 16, 16, 15, 15, 14, 14, 13, 13, 12, 12, 11, 11, 10, 10, 9, 9, 8, 8, 7, 7, 6, 6, 5, 5, 4, 4, 3, 3, 2, 2, 1, 1, 0, 0], "b_moves_left": [40, 39, 39, 38, 38, 37, 37, 36, 36, 35, 35, 34, 34, 33, 33, 32, 32, 31, 31, 30, 30, 29, 29, 28, 28, 27, 27, 26, 26, 25, 25, 24, 24, 23, 23, 22, 22, 21, 21, 20, 20, 19, 19, 18, 18, 17, 17, 16, 16, 15, 15, 14, 14, 13, 13, 12, 12, 11, 11, 10, 10, 9, 9, 8, 8, 7, 7, 6, 6, 5, 5, 4, 4, 3, 3, 2, 2, 1, 1, 0], "trapdoor_triggered": [0, 0, 0, 0, 0, 0, 0, 0, 0, 0, 0, 0, 0, 0, 0, 0, 1, 0, 0, 0, 0, 0, 0, 0, 0, 0, 0, 0, 0, 0, 0, 0, 0, 0, 0, 0, 0, 0, 0, 0, 0, 0, 0, 0, 0, 0, 0, 0, 0, 0, 0, 0, 0, 0, 0, 0, 0, 0, 0, 0, 0, 0, 0, 0, 0, 0, 0, 0, 0, 0, 0, 0, 0, 0, 0, 0, 0, 0, 0, 0], "left_behind": ["egg", "egg", "plain", "plain", "egg", "egg", "plain", "plain", "egg", "egg", "plain", "plain", "egg", "egg", "plain", "plain", "egg", "egg", "plain", "plain", "plain", "egg", "plain", "plain", "plain", "egg", "plain", "plain", "plain", "egg", "plain", "plain", "plain", "egg", "plain", "plain", "plain", "egg", "plain", "plain", "plain", "egg", "plain", "plain", "plain", "egg", "plain", "plain", "plain", "egg", "plain", "plain", "plain", "egg", "plain", "plain", "plain", "egg", "plain", "plain", "plain", "egg", "plain", "plain", "plain", "egg", "plain", "plain", "plain", "egg", "plain", "plain", "plain", "egg", "plain", "plain", "plain", "egg", "plain", "plain"], "errlog_a": "", "errlog_b": "", "start_time": 360, "start_moves": 40, "turn_count": 80, "result": 1, "reason": "EGGS_LAID", "trapdoors": [[3, 3], [5, 2]], "spawn_a": [7, 1], "spawn_b": [0, 1]}