{"pos": [[7, 4], [0, 4], [7, 3], [0, 3], [7, 2], [0, 2], [7, 1], [0, 1], [7, 2], [1, 1], [6, 2], [2, 1], [6, 1], [3, 1], [6, 0], [4, 1], [6, 1], [5, 1], [7, 1], [6, 1], [7, 2], [5, 1], [7, 3], [5, 0], [7, 4], [4, 0], [6, 4], [3, 0], [6, 5], [3, 1], [6, 6], [3, 2], [5, 6], [2, 2], [5, 7], [1, 2], [5, 6], [1, 3], [4, 6], [1, 4], [3, 6], [1, 3], [3, 7], [2, 3], [3, 6], [3, 3], [2, 6], [4, 3], [2, 5], [4, 4], [3, 5], [3, 4], [7, 5], [4, 4], [6, 5], [5, 4], [5, 5], [5, 3], [6, 5], [5, 2], [6, 4], [5, 1], [6, 5], [5, 0], [6, 4], [5, 1], [6, 5], [5, 0], [6, 4], [5, 1], [6, 5], [5, 0], [6, 4], [5, 1], [6, 5], [5, 0], [6, 4], [5, 1], [6, 3], [5, 0]], "a_eggs_laid": [1, 1, 1, 1, 2, 2, 2, 2, 3, 3, 3, 3, 4, 4, 4, 4, 5, 5, 5, 5, 5, 5, 5, 5, 5, 5, 5, 5, 6, 6, 6, 6, 7, 7, 7, 7, 8, 8, 8, 8, 9, 9, 9, 9, 10, 10, 10, 10, 11, 11, 11, 11, 12, 12, 12, 12, 12, 12, 13, 13, 13, 13, 13, 13, 13, 13, 13, 13, 13, 13, 13, 13, 13, 13, 13, 13, 13, 13, 13, 13], "b_eggs_laid": [0, 1, 1, 1, 1, 2, 2, 2, 2, 3, 3, 3, 3, 4, 4, 4, 4, 5, 5, 5, 5, 6, 6, 6, 6, 7, 7, 7, 7, 8, 8, 8, 8, 9, 9, 9, 9, 10, 10, 10, 10, 11, 11, 11, 11, 12, 12, 12, 12, 13, 13, 13, 13, 18, 18, 18, 18, 19, 19, 19, 19, 20, 20, 20, 20, 20, 20, 20, 20, 20, 20, 20, 20, 20, 20, 20, 20, 20, 20, 20], "a_turds_left": [5, 5, 5, 5, 5, 5, 5, 5, 5, 5, 5, 5, 5, 5, 5, 5, 5, 5, 5, 5, 5, 5, 5, 5, 5, 5, 5, 5, 5, 5, 5, 5, 5, 5, 5, 5, 5, 5, 5, 5, 5, 5, 5, 5, 5, 5, 5, 5, 5, 5, 5, 5, 5, 5, 5, 5, 5, 5, 5, 5, 5, 5, 5, 5, 5, 5, 5, 5, 5, 5, 5, 5, 5, 5, 5, 5, 5, 5, 5, 5], "b_turds_left": [5, 5, 5, 4, 4, 4, 4, 3, 3, 3, 3, 2, 2, 2, 2, 1, 1, 1, 1, 1, 1, 1, 1, 1, 1, 1, 1, 1, 1, 1, 1, 1, 1, 1, 1, 1, 1, 1, 1, 1, 1, 1, 1, 1, 1, 1, 1, 1, 1, 1, 1, 1, 1, 1, 1, 1, 1, 1, 1, 1, 1, 1, 1, 1, 1, 1, 1, 1, 1, 1, 1, 1, 1, 1, 1, 1, 1, 1, 1, 0], "a_time_left": [359.9680784169759, 359.9680784169759, 359.9456382920034, 359.9456382920034, 359.90963541698875, 359.90963541698875, 359.89368924999144, 359.89368924999144, 359.87229587501497, 359.87229587501497, 359.85391862504184, 359.85391862504184, 359.8094030000502, 359.8094030000502, 359.78317200005404, 359.78317200005404, 359.75979879204533, 359.75979879204533, 359.75400112505304, 359.75400112505304, 359.75225820805645, 359.75225820805645, 359.74140575004276, 359.74140575004276, 359.7364122910367, 359.7364122910367, 359.72127979106153, 359.72127979106153, 359.692411124066, 359.692411124066, 359.6713459160819, 359.6713459160819, 359.62988808209775, 359.62988808209775, 359.6032997071161, 359.6032997071161, 359.5740620410943, 359.5740620410943, 359.5500588740979, 359.5500588740979, 359.51290858208085, 359.51290858208085, 359.48705695709214, 359.48705695709214, 359.46066399809206, 359.46066399809206, 359.4366070810938, 359.4366070810938, 359.3981247890915, 359.3981247890915, 359.37599183106795, 359.37599183106795, 359.3616770390654, 359.3616770390654, 359.35290628907387, 359.35290628907387, 359.33950737208943, 359.33950737208943, 359.32658887209254, 359.32658887209254, 359.309600539098, 359.309600539098, 359.3006046641094, 359.3006046641094, 359.2950254981115, 359.2950254981115, 359.2855935821135, 359.2855935821135, 359.2798219571123, 359.2798219571123, 359.27035541512305, 359.27035541512305, 359.2645979981462, 359.2645979981462, 359.25522137313965, 359.25522137313965, 359.24938204014325, 359.24938204014325, 359.2472880821442, 359.2472880821442], "b_time_left": [360, 359.9576885829738, 359.9576885829738, 359.93391162497574, 359.93391162497574, 359.90583291696385, 359.90583291696385, 359.88551129194093, 359.88551129194093, 359.86545262494474, 359.86545262494474, 359.83801599996514, 359.83801599996514, 359.8005170409451, 359.8005170409451, 359.7738103319425, 359.7738103319425, 359.73996199894464, 359.73996199894464, 359.73076862393646, 359.73076862393646, 359.7221856659453, 359.7221856659453, 359.7130678319663, 359.7130678319663, 359.69503678998444, 359.69503678998444, 359.6784807489894, 359.6784807489894, 359.648348999006, 359.648348999006, 359.6354422910081, 359.6354422910081, 359.5844467910065, 359.5844467910065, 359.5652229990228, 359.5652229990228, 359.52529308301746, 359.52529308301746, 359.5005853330367, 359.5005853330367, 359.46116233302746, 359.46116233302746, 359.4432171660301, 359.4432171660301, 359.40587233303813, 359.40587233303813, 359.3804960830603, 359.3804960830603, 359.3491629160708, 359.3491629160708, 359.3336997910519, 359.3336997910519, 359.3178702070436, 359.3178702070436, 359.30336845704005, 359.30336845704005, 359.2917429570516, 359.2917429570516, 359.27366020705085, 359.27366020705085, 359.2605020820338, 359.2605020820338, 359.2441668320389, 359.2441668320389, 359.2412286240142, 359.2412286240142, 359.2246421239979, 359.2246421239979, 359.2220494989888, 359.2220494989888, 359.20597337398794, 359.20597337398794, 359.20336966597824, 359.20336966597824, 359.1870693319652, 359.1870693319652, 359.1854746649624, 359.1854746649624, 359.1847614569415], "a_moves_left": [39, 39, 38, 38, 37, 37, 36, 36, 35, 35, 34, 34, 33, 33, 32, 32, 31, 31, 30, 30, 29, 29, 28, 28, 27, 27, 26, 26, 25, 25, 24, 24, 23, 23, 22, 22, 21, 21, 20, 20, 19, 19, 18, 18, 17, 17, 16, 16, 15, 15, 14, 14, 13, 13, 12, 12, 11, 11, 10, 10, 9, 9, 8, 8, 7, 7, 6, 6, 5, 5, 4, 4, 3, 3, 2, 2, 1, 1, 0, 0], "b_moves_left": [40, 39, 39, 38, 38, 37, 37, 36, 36, 35, 35, 34, 34, 33, 33, 32, 32, 31, 31, 30, 30, 29, 29, 28, 28, 27, 27, 26, 26, 25, 25, 24, 24, 23, 23, 22, 22, 21, 21, 20, 20, 19, 19, 18, 18, 17, 17, 16, 16, 15, 15, 14, 14, 13, 13, 12, 12, 11, 11, 10, 10, 9, 9, 8, 8, 7, 7, 6, 6, 5, 5, 4, 4, 3, 3, 2, 2, 1, 1, 0], "trapdoor_triggered": [0, 0, 0, 0, 0, 0, 0, 0, 0, 0, 0, 0, 0, 0, 0, 0, 0, 0, 0, 0, 0, 0, 0, 0, 0, 0, 0, 0, 0, 0, 0, 0, 0, 0, 0, 0, 0, 0, 0, 0, 0, 0, 0, 0, 0, 0, 0, 0, 0, 0, 0, 0, 1, 0, 0, 0, 0, 0, 0, 0, 0, 0, 0, 0, 0, 0, 0, 0, 0, 0, 0, 0, 0, 0, 0, 0, 0, 0, 0, 0], "left_behind": ["egg", "egg", "plain", "turd", "egg", "egg", "plain", "turd", "egg", "egg", "plain", "turd", "egg", "egg", "plain", "turd", "egg", "egg", "plain", "plain", "plain", "egg", "plain", "plain", "plain", "egg", "plain", "plain", "egg", "egg", "plain", "plain", "egg", "egg", "plain", "plain", "egg", "egg", "plain", "plain", "egg", "egg", "plain", "plain", "egg", "egg", "plain", "plain", "egg", "egg", "plain", "plain", "egg", "egg", "plain", "plain", "plain", "egg", "egg", "plain", "plain", "egg", "plain", "plain", "plain", "plain", "plain", "plain", "plain", "plain", "plain", "plain", "plain", "plain", "plain", "plain", "plain", "plain", "plain", "turd"], "errlog_a": "", "errlog_b": "", "start_time": 360, "start_moves": 40, "turn_count": 80, "result": 1, "reason": "EGGS_LAID", "trapdoors": [[2, 4], [4, 5]], "spawn_a": [7, 5], "spawn_b": [0, 5]}