{"pos": [[7, 4], [0, 6], [7, 3], [0, 7], [7, 2], [0, 6], [7, 1], [1, 6], [7, 2], [2, 6], [6, 2], [2, 5], [6, 1], [3, 5], [6, 0], [3, 4], [6, 1], [0, 5], [5, 1], [0, 4], [4, 1], [0, 3], [4, 0], [1, 3], [4, 1], [2, 3], [4, 2], [2, 2], [3, 2], [1, 2], [3, 1], [1, 3], [3, 0], [1, 4], [2, 0], [2, 4], [2, 1], [3, 4], [2, 2], [4, 4], [2, 1], [4, 3], [1, 1], [5, 3], [1, 0], [5, 2], [0, 0], [5, 3], [1, 0], [6, 3], [2, 0], [6, 4], [3, 0], [6, 5], [4, 0], [6, 6], [4, 1], [7, 6], [4, 0], [6, 6], [4, 1], [6, 7], [4, 0], [6, 6], [4, 1], [5, 6], [4, 0], [5, 5], [4, 1], [0, 5], [4, 0], [1, 5], [4, 1], [2, 5], [4, 0], [2, 4], [4, 1], [2, 3], [4, 0], [2, 4]], "a_eggs_laid": [1, 1, 1, 1, 2, 2, 2, 2, 3, 3, 3, 3, 4, 4, 4, 4, 5, 5, 9, 9, 10, 10, 10, 10, 11, 11, 11, 11, 12, 12, 12, 12, 13, 13, 13, 13, 14, 14, 14, 14, 15, 15, 15, 15, 16, 16, 16, 16, 19, 19, 19, 19, 19, 19, 19, 19, 19, 19, 19, 19, 19, 19, 19, 19, 19, 19, 19, 19, 19, 19, 23, 23, 23, 23, 23, 23, 23, 23, 23, 23], "b_eggs_laid": [0, 1, 1, 1, 1, 4, 4, 4, 4, 5, 5, 5, 5, 6, 6, 6, 6, 7, 7, 7, 7, 7, 7, 8, 8, 8, 8, 9, 9, 9, 9, 10, 10, 10, 10, 11, 11, 11, 11, 11, 11, 11, 11, 12, 12, 12, 12, 13, 13, 13, 13, 14, 14, 14, 14, 15, 15, 15, 15, 16, 16, 16, 16, 17, 17, 17, 17, 18, 18, 18, 18, 18, 18, 18, 18, 18, 18, 18, 18, 18], "a_turds_left": [5, 5, 5, 5, 5, 5, 5, 5, 5, 5, 5, 5, 5, 5, 5, 5, 5, 5, 5, 5, 5, 5, 5, 5, 5, 5, 5, 5, 5, 5, 5, 5, 5, 5, 5, 5, 5, 5, 5, 5, 5, 5, 5, 5, 5, 5, 5, 5, 5, 5, 5, 5, 5, 5, 5, 5, 5, 5, 5, 5, 5, 5, 5, 5, 5, 5, 5, 5, 5, 5, 5, 5, 5, 5, 5, 5, 5, 5, 5, 5], "b_turds_left": [5, 5, 5, 5, 5, 5, 5, 5, 5, 5, 5, 5, 5, 5, 5, 4, 4, 4, 4, 4, 4, 4, 4, 4, 4, 3, 3, 3, 3, 3, 3, 3, 3, 3, 3, 3, 3, 2, 2, 2, 2, 2, 2, 2, 2, 2, 2, 2, 2, 2, 2, 2, 2, 1, 1, 1, 1, 1, 1, 1, 1, 1, 1, 1, 1, 1, 1, 1, 1, 1, 1, 1, 1, 1, 1, 1, 1, 1, 1, 1], "a_time_left": [359.9210894579883, 359.9210894579883, 359.89392920798855, 359.89392920798855, 359.86764833299094, 359.86764833299094, 359.8408614989894, 359.8408614989894, 359.7947006239847, 359.7947006239847, 359.76607212398085, 359.76607212398085, 359.69617533296696, 359.69617533296696, 359.6541849579662, 359.6541849579662, 359.6031753329444, 359.6031753329444, 359.5836944579496, 359.5836944579496, 359.52778387395665, 359.52778387395665, 359.48448916495545, 359.48448916495545, 359.4388672479545, 359.4388672479545, 359.39323220597, 359.39323220597, 359.33211578897317, 359.33211578897317, 359.306166121969, 359.306166121969, 359.2624263719772, 359.2624263719772, 359.228511246969, 359.228511246969, 359.18081603894825, 359.18081603894825, 359.16215833096066, 359.16215833096066, 359.1251641639683, 359.1251641639683, 359.09271749696927, 359.09271749696927, 359.05045870595495, 359.05045870595495, 359.0407851639611, 359.0407851639611, 359.01608024694724, 359.01608024694724, 359.0005314129521, 359.0005314129521, 358.98233495495515, 358.98233495495515, 358.9582586219476, 358.9582586219476, 358.94044070495875, 358.94044070495875, 358.91977837195736, 358.91977837195736, 358.90414170594886, 358.90414170594886, 358.8767022889515, 358.8767022889515, 358.8628502889478, 358.8628502889478, 358.82545395594207, 358.82545395594207, 358.80865737292334, 358.80865737292334, 358.79400533193257, 358.79400533193257, 358.77763424793375, 358.77763424793375, 358.75848362295073, 358.75848362295073, 358.7474182069418, 358.7474182069418, 358.7423887489422, 358.7423887489422], "b_time_left": [360, 359.67736858301214, 359.67736858301214, 359.1393979160348, 359.1393979160348, 358.9445612070267, 358.9445612070267, 358.43776849799906, 358.43776849799906, 357.9705228319799, 357.9705228319799, 357.27770824800245, 357.27770824800245, 356.8040365400084, 356.8040365400084, 355.8759405820165, 355.8759405820165, 355.28007079000236, 355.28007079000236, 354.92790466500446, 354.92790466500446, 354.45181995700113, 354.45181995700113, 354.189846956986, 354.189846956986, 353.1819103319722, 353.1819103319722, 352.7745292489708, 352.7745292489708, 352.5991458319768, 352.5991458319768, 352.2678641229577, 352.2678641229577, 351.8924508729542, 351.8924508729542, 351.43206841495703, 351.43206841495703, 350.69601091495133, 350.69601091495133, 350.54969174796133, 350.54969174796133, 349.9196414979815, 349.9196414979815, 349.75945833098376, 349.75945833098376, 349.2658467479632, 349.2658467479632, 349.19797812297475, 349.19797812297475, 348.70629928898416, 348.70629928898416, 348.5226606219949, 348.5226606219949, 347.84410753901466, 347.84410753901466, 347.5733575800259, 347.5733575800259, 346.92985553800827, 346.92985553800827, 346.7699746210128, 346.7699746210128, 346.11913045402616, 346.11913045402616, 345.91290437002317, 345.91290437002317, 345.2925216620497, 345.2925216620497, 344.9528114950517, 344.9528114950517, 344.23645341105293, 344.23645341105293, 343.9776671610307, 343.9776671610307, 343.3864933280274, 343.3864933280274, 343.26719599502394, 343.26719599502394, 343.2384263280255, 343.2384263280255, 343.2377034940291], "a_moves_left": [39, 39, 38, 38, 37, 37, 36, 36, 35, 35, 34, 34, 33, 33, 32, 32, 31, 31, 30, 30, 29, 29, 28, 28, 27, 27, 26, 26, 25, 25, 24, 24, 23, 23, 22, 22, 21, 21, 20, 20, 19, 19, 18, 18, 17, 17, 16, 16, 15, 15, 14, 14, 13, 13, 12, 12, 11, 11, 10, 10, 9, 9, 8, 8, 7, 7, 6, 6, 5, 5, 4, 4, 3, 3, 2, 2, 1, 1, 0, 0], "b_moves_left": [40, 39, 39, 38, 38, 37, 37, 36, 36, 35, 35, 34, 34, 33, 33, 32, 32, 31, 31, 30, 30, 29, 29, 28, 28, 27, 27, 26, 26, 25, 25, 24, 24, 23, 23, 22, 22, 21, 21, 20, 20, 19, 19, 18, 18, 17, 17, 16, 16, 15, 15, 14, 14, 13, 13, 12, 12, 11, 11, 10, 10, 9, 9, 8, 8, 7, 7, 6, 6, 5, 5, 4, 4, 3, 3, 2, 2, 1, 1, 0], "trapdoor_triggered": [0, 0, 0, 0, 0, 0, 0, 0, 0, 0, 0, 0, 0, 0, 0, 0, 0, 1, 0, 0, 0, 0, 0, 0, 0, 0, 0, 0, 0, 0, 0, 0, 0, 0, 0, 0, 0, 0, 0, 0, 0, 0, 0, 0, 0, 0, 0, 0, 0, 0, 0, 0, 0, 0, 0, 0, 0, 0, 0, 0, 0, 0, 0, 0, 0, 0, 0, 0, 0, 1, 0, 0, 0, 0, 0, 0, 0, 0, 0, 0], "left_behind": ["egg", "egg", "plain", "plain", "egg", "egg", "plain", "plain", "egg", "egg", "plain", "plain", "egg", "egg", "plain", "turd", "egg", "egg", "plain", "plain", "egg", "plain", "plain", "egg", "egg", "turd", "plain", "egg", "egg", "plain", "plain", "egg", "egg", "plain", "plain", "egg", "egg", "turd", "plain", "plain", "egg", "plain", "plain", "egg", "egg", "plain", "plain", "egg", "egg", "plain", "plain", "egg", "plain", "turd", "plain", "egg", "plain", "plain", "plain", "egg", "plain", "plain", "plain", "egg", "plain", "plain", "plain", "egg", "plain", "plain", "plain", "plain", "plain", "plain", "plain", "plain", "plain", "plain", "plain", "plain"], "errlog_a": "", "errlog_b": "", "start_time": 360, "start_moves": 40, "turn_count": 80, "result": 0, "reason": "EGGS_LAID", "trapdoors": [[3, 3], [4, 5]], "spawn_a": [7, 5], "spawn_b": [0, 5]}