{"pos": [[7, 2], [1, 1], [7, 3], [2, 1], [7, 2], [0, 1], [6, 2], [0, 2], [6, 1], [1, 2], [6, 0], [1, 3], [6, 1], [2, 3], [5, 1], [3, 3], [4, 1], [0, 1], [4, 0], [0, 2], [4, 1], [0, 3], [4, 2], [1, 3], [5, 2], [1, 4], [5, 3], [2, 4], [6, 3], [2, 5], [6, 4], [2, 6], [6, 5], [2, 7], [7, 5], [1, 7], [7, 6], [0, 7], [7, 7], [0, 6], [7, 6], [1, 6], [6, 6], [2, 6], [5, 6], [3, 6], [5, 5], [4, 6], [5, 6], [4, 5], [5, 7], [4, 4], [5, 6], [4, 3], [4, 6], [3, 3], [5, 6], [3, 2], [5, 5], [3, 1], [5, 4], [3, 0], [4, 4], [3, 1], [5, 4], [4, 1], [5, 3], [3, 1], [5, 2], [3, 0], [5, 1], [2, 0], [6, 1], [1, 0], [6, 0], [2, 0], [6, 1], [3, 0], [6, 0], [3, 1]], "a_eggs_laid": [1, 1, 1, 1, 2, 2, 6, 6, 7, 7, 7, 7, 8, 8, 8, 8, 9, 9, 13, 13, 14, 14, 14, 14, 15, 15, 15, 15, 16, 16, 16, 16, 17, 17, 17, 17, 18, 18, 18, 18, 21, 21, 21, 21, 22, 22, 22, 22, 23, 23, 23, 23, 24, 24, 24, 24, 25, 25, 25, 25, 25, 25, 25, 25, 26, 26, 26, 26, 26, 26, 26, 26, 26, 26, 26, 26, 26, 26, 26, 26], "b_eggs_laid": [0, 1, 1, 1, 1, 2, 2, 2, 2, 2, 2, 3, 3, 3, 3, 4, 4, 4, 4, 4, 4, 4, 4, 5, 5, 5, 5, 6, 6, 6, 6, 7, 7, 7, 7, 8, 8, 8, 8, 11, 11, 11, 11, 12, 12, 12, 12, 13, 13, 13, 13, 14, 14, 14, 14, 15, 15, 15, 15, 16, 16, 16, 16, 17, 17, 17, 17, 18, 18, 18, 18, 18, 18, 18, 18, 19, 19, 19, 19, 19], "a_turds_left": [5, 5, 5, 5, 5, 5, 5, 5, 5, 5, 5, 5, 5, 5, 5, 5, 5, 5, 5, 5, 5, 5, 5, 5, 5, 5, 5, 5, 5, 5, 5, 5, 5, 5, 5, 5, 5, 5, 5, 5, 5, 5, 5, 5, 5, 5, 5, 5, 5, 5, 5, 5, 5, 5, 5, 5, 5, 5, 5, 5, 5, 5, 5, 5, 5, 5, 5, 5, 5, 5, 5, 5, 5, 5, 5, 5, 5, 5, 5, 5], "b_turds_left": [5, 5, 5, 4, 4, 4, 4, 4, 4, 4, 4, 4, 4, 4, 4, 4, 4, 3, 3, 3, 3, 3, 3, 3, 3, 3, 3, 3, 3, 2, 2, 2, 2, 2, 2, 2, 2, 2, 2, 2, 2, 2, 2, 2, 2, 1, 1, 1, 1, 1, 1, 1, 1, 1, 1, 1, 1, 1, 1, 1, 1, 1, 1, 1, 1, 1, 1, 1, 1, 1, 1, 1, 1, 1, 1, 1, 1, 0, 0, 0], "a_time_left": [359.95842149999226, 359.95842149999226, 359.92298616698827, 359.92298616698827, 359.8708441669878, 359.8708441669878, 359.8558070840081, 359.8558070840081, 359.80026037598145, 359.80026037598145, 359.7510967509879, 359.7510967509879, 359.7007169179851, 359.7007169179851, 359.6557766679907, 359.6557766679907, 359.57489204299054, 359.57489204299054, 359.55470154297655, 359.55470154297655, 359.51167866797186, 359.51167866797186, 359.4773222509539, 359.4773222509539, 359.4408959589491, 359.4408959589491, 359.39823616694775, 359.39823616694775, 359.33830191692687, 359.33830191692687, 359.29090566694504, 359.29090566694504, 359.21793341694865, 359.21793341694865, 359.1808370419312, 359.1808370419312, 359.14846570792724, 359.14846570792724, 359.1303342489409, 359.1303342489409, 359.10612633192795, 359.10612633192795, 359.0756431239424, 359.0756431239424, 359.01114820793737, 359.01114820793737, 358.9750043749518, 358.9750043749518, 358.93270420795307, 358.93270420795307, 358.90941704195575, 358.90941704195575, 358.8704740839603, 358.8704740839603, 358.84975095896516, 358.84975095896516, 358.8298514589551, 358.8298514589551, 358.7978316259396, 358.7978316259396, 358.7859985839459, 358.7859985839459, 358.7659997509327, 358.7659997509327, 358.748926917935, 358.748926917935, 358.73725295992335, 358.73725295992335, 358.7200292519119, 358.7200292519119, 358.71060275193304, 358.71060275193304, 358.69628470993484, 358.69628470993484, 358.6326044599409, 358.6326044599409, 358.62151287595043, 358.62151287595043, 358.61792004294693, 358.61792004294693], "b_time_left": [360, 359.54299375001574, 359.54299375001574, 358.665361708001, 358.665361708001, 358.21385454101255, 358.21385454101255, 357.89011949900305, 357.89011949900305, 357.2708936240233, 357.2708936240233, 356.92434274902917, 356.92434274902917, 355.6052049990103, 355.6052049990103, 355.07999733200995, 355.07999733200995, 354.2720281229995, 354.2720281229995, 354.0636842070089, 354.0636842070089, 353.481138416013, 353.481138416013, 353.1884542910266, 353.1884542910266, 352.2830027070304, 352.2830027070304, 351.54835704001016, 351.54835704001016, 350.86255228999653, 350.86255228999653, 350.2628092899977, 350.2628092899977, 349.2805445819977, 349.2805445819977, 349.01482054099324, 349.01482054099324, 348.6718138330034, 348.6718138330034, 348.56443224899704, 348.56443224899704, 348.1543100409908, 348.1543100409908, 347.7383969159855, 347.7383969159855, 347.15927108196774, 347.15927108196774, 346.77930341495085, 346.77930341495085, 346.62349545693723, 346.62349545693723, 346.43832199895405, 346.43832199895405, 346.1929751239659, 346.1929751239659, 346.1088677069638, 346.1088677069638, 345.9217899569485, 345.9217899569485, 345.79024995694635, 345.79024995694635, 345.3581507069466, 345.3581507069466, 345.30143033195054, 345.30143033195054, 344.8704508319497, 344.8704508319497, 344.7887134149496, 344.7887134149496, 344.39664924895624, 344.39664924895624, 344.2462179159629, 344.2462179159629, 343.83791083298274, 343.83791083298274, 343.7476536249742, 343.7476536249742, 343.70758812496206, 343.70758812496206, 343.70687608397566], "a_moves_left": [39, 39, 38, 38, 37, 37, 36, 36, 35, 35, 34, 34, 33, 33, 32, 32, 31, 31, 30, 30, 29, 29, 28, 28, 27, 27, 26, 26, 25, 25, 24, 24, 23, 23, 22, 22, 21, 21, 20, 20, 19, 19, 18, 18, 17, 17, 16, 16, 15, 15, 14, 14, 13, 13, 12, 12, 11, 11, 10, 10, 9, 9, 8, 8, 7, 7, 6, 6, 5, 5, 4, 4, 3, 3, 2, 2, 1, 1, 0, 0], "b_moves_left": [40, 39, 39, 38, 38, 37, 37, 36, 36, 35, 35, 34, 34, 33, 33, 32, 32, 31, 31, 30, 30, 29, 29, 28, 28, 27, 27, 26, 26, 25, 25, 24, 24, 23, 23, 22, 22, 21, 21, 20, 20, 19, 19, 18, 18, 17, 17, 16, 16, 15, 15, 14, 14, 13, 13, 12, 12, 11, 11, 10, 10, 9, 9, 8, 8, 7, 7, 6, 6, 5, 5, 4, 4, 3, 3, 2, 2, 1, 1, 0], "trapdoor_triggered": [0, 0, 0, 0, 0, 1, 0, 0, 0, 0, 0, 0, 0, 0, 0, 0, 0, 1, 0, 0, 0, 0, 0, 0, 0, 0, 0, 0, 0, 0, 0, 0, 0, 0, 0, 0, 0, 0, 0, 0, 0, 0, 0, 0, 0, 0, 0, 0, 0, 0, 0, 0, 0, 0, 0, 0, 0, 0, 0, 0, 0, 0, 0, 0, 0, 0, 0, 0, 0, 0, 0, 0, 0, 0, 0, 0, 0, 0, 0, 0], "left_behind": ["egg", "egg", "plain", "turd", "egg", "egg", "plain", "plain", "egg", "plain", "plain", "egg", "egg", "plain", "plain", "egg", "egg", "turd", "plain", "plain", "egg", "plain", "plain", "egg", "egg", "plain", "plain", "egg", "egg", "turd", "plain", "egg", "egg", "plain", "plain", "egg", "egg", "plain", "plain", "egg", "egg", "plain", "plain", "egg", "egg", "turd", "plain", "egg", "egg", "plain", "plain", "egg", "egg", "plain", "plain", "egg", "egg", "plain", "plain", "egg", "plain", "plain", "plain", "egg", "egg", "plain", "plain", "egg", "plain", "plain", "plain", "plain", "plain", "plain", "plain", "egg", "plain", "turd", "plain", "plain"], "errlog_a": "", "errlog_b": "", "start_time": 360, "start_moves": 40, "turn_count": 80, "result": 0, "reason": "EGGS_LAID", "trapdoors": [[2, 2], [3, 4]], "spawn_a": [7, 1], "spawn_b": [0, 1]}