{"pos": [[7, 2], [1, 1], [7, 3], [1, 2], [7, 2], [1, 3], [6, 2], [1, 4], [6, 1], [2, 4]], "a_eggs_laid": [1, 1, 1, 1, 2, 2, 2, 2, 3, 3], "b_eggs_laid": [0, 1, 1, 1, 1, 2, 2, 2, 2, 3], "a_turds_left": [5, 5, 5, 5, 5, 5, 5, 5, 5, 5], "b_turds_left": [5, 5, 5, 4, 4, 4, 4, 3, 3, 3], "a_time_left": [359.9565700000094, 359.9565700000094, 359.92110491599306, 359.92110491599306, 359.8677975409955, 359.8677975409955, 359.8344949159946, 359.8344949159946, 359.759213332989, 359.759213332989], "b_time_left": [360, 359.8540573329956, 359.8540573329956, 359.70299954197253, 359.70299954197253, 359.53094270898146, 359.53094270898146, 359.35556604198064, 359.35556604198064, 359.18718424998224], "a_moves_left": [39, 39, 38, 38, 37, 37, 36, 36, 35, 35], "b_moves_left": [40, 39, 39, 38, 38, 37, 37, 36, 36, 35], "trapdoor_triggered": [0, 0, 0, 0, 0, 0, 0, 0, 0, 0], "left_behind": ["egg", "egg", "plain", "turd", "egg", "egg", "plain", "turd", "egg", "egg"], "errlog_a": "Timeout", "errlog_b": "", "start_time": 360, "start_moves": 40, "turn_count": 10, "result": 1, "reason": "CODE_CRASH", "trapdoors": [[4, 2], [4, 5]], "spawn_a": [7, 1], "spawn_b": [0, 1]}