{"pos": [[7, 2], [0, 2], [7, 1], [0, 1], [7, 2], [1, 1], [6, 2], [2, 1], [6, 1], [3, 1], [6, 0], [4, 1], [6, 1], [4, 2], [5, 1], [5, 2], [5, 0], [4, 2], [4, 0], [4, 3], [5, 0], [4, 2], [6, 0], [3, 2], [7, 0], [2, 2], [7, 1], [1, 2], [7, 0], [1, 3], [7, 1], [1, 4], [7, 0], [1, 5], [7, 1], [1, 6], [7, 0], [2, 6], [7, 1], [3, 6], [7, 0], [4, 6], [7, 1], [5, 6], [7, 0], [5, 5], [7, 1], [5, 4], [7, 0], [6, 4], [7, 1], [6, 3], [7, 0], [6, 4], [7, 1], [7, 4], [7, 0], [7, 5], [7, 1], [7, 6], [7, 0], [7, 5], [7, 1], [6, 5], [7, 0], [6, 6], [7, 1], [6, 7], [7, 0], [5, 7], [7, 1], [4, 7], [7, 0], [3, 7], [7, 1], [2, 7], [7, 0], [2, 6], [7, 1], [2, 5]], "a_eggs_laid": [1, 1, 1, 1, 2, 2, 2, 2, 3, 3, 3, 3, 4, 4, 4, 4, 5, 5, 5, 5, 6, 6, 6, 6, 6, 6, 6, 6, 6, 6, 6, 6, 6, 6, 6, 6, 6, 6, 6, 6, 6, 6, 6, 6, 6, 6, 6, 6, 6, 6, 6, 6, 6, 6, 6, 6, 6, 6, 6, 6, 6, 6, 6, 6, 6, 6, 6, 6, 6, 6, 6, 6, 6, 6, 6, 6, 6, 6, 6, 6], "b_eggs_laid": [0, 1, 1, 1, 1, 2, 2, 2, 2, 3, 3, 3, 3, 4, 4, 4, 4, 5, 5, 5, 5, 6, 6, 6, 6, 7, 7, 7, 7, 8, 8, 8, 8, 9, 9, 9, 9, 10, 10, 10, 10, 11, 11, 11, 11, 12, 12, 12, 12, 13, 13, 13, 13, 14, 14, 14, 14, 15, 15, 15, 15, 16, 16, 16, 16, 17, 17, 17, 17, 18, 18, 18, 18, 19, 19, 19, 19, 20, 20, 20], "a_turds_left": [5, 5, 5, 5, 5, 5, 5, 5, 5, 5, 5, 5, 5, 5, 5, 5, 5, 5, 5, 5, 5, 5, 5, 5, 5, 5, 5, 5, 5, 5, 5, 5, 5, 5, 5, 5, 5, 5, 5, 5, 5, 5, 5, 5, 5, 5, 5, 5, 5, 5, 5, 5, 5, 5, 5, 5, 5, 5, 5, 5, 5, 5, 5, 5, 5, 5, 5, 5, 5, 5, 5, 5, 5, 5, 5, 5, 5, 5, 5, 5], "b_turds_left": [5, 5, 5, 4, 4, 4, 4, 3, 3, 3, 3, 2, 2, 2, 2, 1, 1, 1, 1, 1, 1, 1, 1, 1, 1, 1, 1, 1, 1, 1, 1, 1, 1, 1, 1, 1, 1, 1, 1, 1, 1, 1, 1, 1, 1, 1, 1, 1, 1, 1, 1, 1, 1, 1, 1, 1, 1, 1, 1, 1, 1, 1, 1, 1, 1, 1, 1, 1, 1, 1, 1, 1, 1, 1, 1, 1, 1, 1, 1, 0], "a_time_left": [359.96309283399023, 359.96309283399023, 359.94207954299054, 359.94207954299054, 359.9135235850117, 359.9135235850117, 359.89253896000446, 359.89253896000446, 359.8509253349912, 359.8509253349912, 359.82591625099303, 359.82591625099303, 359.80211316698114, 359.80211316698114, 359.779020166985, 359.779020166985, 359.772086958983, 359.772086958983, 359.76456579199294, 359.76456579199294, 359.7558537499863, 359.7558537499863, 359.74931129199103, 359.74931129199103, 359.7404319589841, 359.7404319589841, 359.7314092089946, 359.7314092089946, 359.7226966669841, 359.7226966669841, 359.71390387497377, 359.71390387497377, 359.70637812497444, 359.70637812497444, 359.69727587499074, 359.69727587499074, 359.6897869579843, 359.6897869579843, 359.68115225000656, 359.68115225000656, 359.67362337501254, 359.67362337501254, 359.66502783299075, 359.66502783299075, 359.6574623749766, 359.6574623749766, 359.64833875000477, 359.64833875000477, 359.6407185830176, 359.6407185830176, 359.63260920802713, 359.63260920802713, 359.6280337490316, 359.6280337490316, 359.61952579102945, 359.61952579102945, 359.61429645703174, 359.61429645703174, 359.60743974903016, 359.60743974903016, 359.6004843330302, 359.6004843330302, 359.5931214580487, 359.5931214580487, 359.5852202080423, 359.5852202080423, 359.57632483303314, 359.57632483303314, 359.57043408302707, 359.57043408302707, 359.56320612403215, 359.56320612403215, 359.557318124047, 359.557318124047, 359.5502925410401, 359.5502925410401, 359.54415420704754, 359.54415420704754, 359.54162704004557, 359.54162704004557], "b_time_left": [360, 359.975547332986, 359.975547332986, 359.94467966697994, 359.94467966697994, 359.9175442499982, 359.9175442499982, 359.8905645410123, 359.8905645410123, 359.8548077070154, 359.8548077070154, 359.8289112900093, 359.8289112900093, 359.7914691240003, 359.7914691240003, 359.77193345699925, 359.77193345699925, 359.75752270701923, 359.75752270701923, 359.7531322070281, 359.7531322070281, 359.71901524905115, 359.71901524905115, 359.7139199990488, 359.7139199990488, 359.69214208304766, 359.69214208304766, 359.67714037402766, 359.67714037402766, 359.65542308302247, 359.65542308302247, 359.6408714580175, 359.6408714580175, 359.6136015410011, 359.6136015410011, 359.5973515829828, 359.5973515829828, 359.5737491250038, 359.5737491250038, 359.5576197920018, 359.5576197920018, 359.5326690010261, 359.5326690010261, 359.5165966260247, 359.5165966260247, 359.4928635850083, 359.4928635850083, 359.4756760430173, 359.4756760430173, 359.4479703770194, 359.4479703770194, 359.43487133600865, 359.43487133600865, 359.42175950299134, 359.42175950299134, 359.40960283600725, 359.40960283600725, 359.3963197109988, 359.3963197109988, 359.38590125300107, 359.38590125300107, 359.3690141699917, 359.3690141699917, 359.3601240860007, 359.3601240860007, 359.3365298360004, 359.3365298360004, 359.3253147950163, 359.3253147950163, 359.3100353369955, 359.3100353369955, 359.3012802959711, 359.3012802959711, 359.28541629598476, 359.28541629598476, 359.27692512999056, 359.27692512999056, 359.26891254700604, 359.26891254700604, 359.2681455470156], "a_moves_left": [39, 39, 38, 38, 37, 37, 36, 36, 35, 35, 34, 34, 33, 33, 32, 32, 31, 31, 30, 30, 29, 29, 28, 28, 27, 27, 26, 26, 25, 25, 24, 24, 23, 23, 22, 22, 21, 21, 20, 20, 19, 19, 18, 18, 17, 17, 16, 16, 15, 15, 14, 14, 13, 13, 12, 12, 11, 11, 10, 10, 9, 9, 8, 8, 7, 7, 6, 6, 5, 5, 4, 4, 3, 3, 2, 2, 1, 1, 0, 0], "b_moves_left": [40, 39, 39, 38, 38, 37, 37, 36, 36, 35, 35, 34, 34, 33, 33, 32, 32, 31, 31, 30, 30, 29, 29, 28, 28, 27, 27, 26, 26, 25, 25, 24, 24, 23, 23, 22, 22, 21, 21, 20, 20, 19, 19, 18, 18, 17, 17, 16, 16, 15, 15, 14, 14, 13, 13, 12, 12, 11, 11, 10, 10, 9, 9, 8, 8, 7, 7, 6, 6, 5, 5, 4, 4, 3, 3, 2, 2, 1, 1, 0], "trapdoor_triggered": [0, 0, 0, 0, 0, 0, 0, 0, 0, 0, 0, 0, 0, 0, 0, 0, 0, 0, 0, 0, 0, 0, 0, 0, 0, 0, 0, 0, 0, 0, 0, 0, 0, 0, 0, 0, 0, 0, 0, 0, 0, 0, 0, 0, 0, 0, 0, 0, 0, 0, 0, 0, 0, 0, 0, 0, 0, 0, 0, 0, 0, 0, 0, 0, 0, 0, 0, 0, 0, 0, 0, 0, 0, 0, 0, 0, 0, 0, 0, 0], "left_behind": ["egg", "egg", "plain", "turd", "egg", "egg", "plain", "turd", "egg", "egg", "plain", "turd", "egg", "egg", "plain", "turd", "egg", "egg", "plain", "plain", "egg", "egg", "plain", "plain", "plain", "egg", "plain", "plain", "plain", "egg", "plain", "plain", "plain", "egg", "plain", "plain", "plain", "egg", "plain", "plain", "plain", "egg", "plain", "plain", "plain", "egg", "plain", "plain", "plain", "egg", "plain", "plain", "plain", "egg", "plain", "plain", "plain", "egg", "plain", "plain", "plain", "egg", "plain", "plain", "plain", "egg", "plain", "plain", "plain", "egg", "plain", "plain", "plain", "egg", "plain", "plain", "plain", "egg", "plain", "turd"], "errlog_a": "", "errlog_b": "", "start_time": 360, "start_moves": 40, "turn_count": 80, "result": 1, "reason": "EGGS_LAID", "trapdoors": [[3, 3], [4, 5]], "spawn_a": [7, 3], "spawn_b": [0, 3]}