{"pos": [[0, 3], [7, 3], [0, 2], [6, 3], [0, 1], [6, 2], [0, 0], [6, 1], [1, 0], [5, 1], [2, 0], [4, 1], [2, 1], [3, 1], [0, 4], [7, 4], [0, 3], [6, 4], [1, 3], [5, 4], [2, 3], [4, 4], [3, 3], [3, 4], [2, 3], [2, 4], [3, 3], [2, 5], [2, 3], [1, 5], [2, 4], [1, 6], [2, 3], [2, 6], [3, 3], [3, 6], [2, 3], [3, 5], [3, 3], [4, 5], [2, 3], [4, 4], [3, 3], [4, 3], [2, 3], [4, 2], [3, 3], [5, 2], [2, 3], [6, 2], [3, 3], [7, 2], [2, 3], [7, 1], [3, 3], [7, 0], [2, 3], [6, 0], [3, 3], [5, 0], [2, 3], [4, 0], [3, 3], [3, 0], [2, 3], [3, 1], [1, 3], [2, 1], [1, 2], [1, 1], [1, 3], [1, 2], [2, 3], [1, 1], [1, 3], [1, 0], [2, 3], [1, 1], [3, 3], [1, 0]], "a_eggs_laid": [1, 1, 1, 1, 2, 2, 2, 2, 5, 5, 5, 5, 6, 6, 6, 6, 10, 10, 10, 10, 11, 11, 11, 11, 12, 12, 12, 12, 12, 12, 12, 12, 13, 13, 13, 13, 13, 13, 13, 13, 13, 13, 13, 13, 13, 13, 13, 13, 13, 13, 13, 13, 13, 13, 13, 13, 13, 13, 13, 13, 13, 13, 13, 13, 13, 13, 13, 13, 13, 13, 13, 13, 13, 13, 13, 13, 13, 13, 13, 13], "b_eggs_laid": [0, 1, 1, 1, 1, 2, 2, 2, 2, 3, 3, 3, 3, 4, 4, 8, 8, 8, 8, 8, 8, 9, 9, 9, 9, 10, 10, 10, 10, 11, 11, 11, 11, 12, 12, 12, 12, 13, 13, 13, 13, 14, 14, 14, 14, 15, 15, 15, 15, 16, 16, 16, 16, 17, 17, 17, 17, 20, 20, 20, 20, 21, 21, 21, 21, 22, 22, 22, 22, 23, 23, 23, 23, 24, 24, 24, 24, 25, 25, 25], "a_turds_left": [5, 5, 5, 5, 5, 5, 5, 5, 5, 5, 5, 5, 5, 5, 5, 5, 5, 5, 5, 5, 5, 5, 5, 5, 5, 5, 5, 5, 5, 5, 5, 5, 5, 5, 5, 5, 5, 5, 5, 5, 5, 5, 5, 5, 5, 5, 5, 5, 5, 5, 5, 5, 5, 5, 5, 5, 5, 5, 5, 5, 5, 5, 5, 5, 5, 5, 4, 4, 4, 4, 4, 4, 4, 4, 4, 4, 4, 4, 4, 4], "b_turds_left": [5, 5, 5, 5, 5, 5, 5, 5, 5, 5, 5, 4, 4, 4, 4, 3, 3, 3, 3, 3, 3, 3, 3, 2, 2, 2, 2, 2, 2, 2, 2, 1, 1, 1, 1, 1, 1, 1, 1, 1, 1, 1, 1, 1, 1, 1, 1, 1, 1, 1, 1, 1, 1, 1, 1, 1, 1, 1, 1, 1, 1, 1, 1, 1, 1, 1, 1, 1, 1, 1, 1, 1, 1, 1, 1, 0, 0, 0, 0, 0], "a_time_left": [359.95447991701076, 359.95447991701076, 359.9242801670043, 359.9242801670043, 359.87877379200654, 359.87877379200654, 359.85186366699054, 359.85186366699054, 359.81977616698714, 359.81977616698714, 359.78699337498983, 359.78699337498983, 359.74049645799096, 359.74049645799096, 359.7253968739824, 359.7253968739824, 359.71726216597017, 359.71726216597017, 359.6867164579744, 359.6867164579744, 359.62111791595817, 359.62111791595817, 359.59083812497556, 359.59083812497556, 359.5806626249978, 359.5806626249978, 359.5751433330006, 359.5751433330006, 359.57026645800215, 359.57026645800215, 359.5492115000088, 359.5492115000088, 359.5313737920078, 359.5313737920078, 359.5125919590064, 359.5125919590064, 359.50707983400207, 359.50707983400207, 359.4885316249856, 359.4885316249856, 359.4820179580129, 359.4820179580129, 359.4713218329998, 359.4713218329998, 359.4670513329911, 359.4670513329911, 359.44858454196947, 359.44858454196947, 359.4422205419687, 359.4422205419687, 359.42353512495174, 359.42353512495174, 359.4185914589616, 359.4185914589616, 359.40502366697183, 359.40502366697183, 359.401883249986, 359.401883249986, 359.3873306659807, 359.3873306659807, 359.3832217909803, 359.3832217909803, 359.36837324898806, 359.36837324898806, 359.3654076239909, 359.3654076239909, 359.3539369989885, 359.3539369989885, 359.3443044159794, 359.3443044159794, 359.33771841597627, 359.33771841597627, 359.3343249989848, 359.3343249989848, 359.32597158197314, 359.32597158197314, 359.323649998958, 359.323649998958, 359.32187745696865, 359.32187745696865], "b_time_left": [360, 359.95174199997564, 359.95174199997564, 359.91942695798934, 359.91942695798934, 359.86639220800134, 359.86639220800134, 359.83477895802935, 359.83477895802935, 359.78142500002286, 359.78142500002286, 359.7377937080164, 359.7377937080164, 359.68542783299927, 359.68542783299927, 359.6441864160006, 359.6441864160006, 359.6042384990142, 359.6042384990142, 359.5451905410155, 359.5451905410155, 359.3769105000247, 359.3769105000247, 359.2550893750158, 359.2550893750158, 359.1760267080099, 359.1760267080099, 359.14956079100375, 359.14956079100375, 359.0310234159988, 359.0310234159988, 358.96069533299305, 358.96069533299305, 358.83735504199285, 358.83735504199285, 358.7705778339878, 358.7705778339878, 358.6300407499948, 358.6300407499948, 358.56904466601554, 358.56904466601554, 358.23961612401763, 358.23961612401763, 358.10991379100597, 358.10991379100597, 357.88772162399255, 357.88772162399255, 357.70391479096725, 357.70391479096725, 357.3771737909701, 357.3771737909701, 357.03943724997225, 357.03943724997225, 356.80136470796424, 356.80136470796424, 356.6457117079699, 356.6457117079699, 356.4831604579813, 356.4831604579813, 356.3135353329999, 356.3135353329999, 355.64898658299353, 355.64898658299353, 355.2584837079921, 355.2584837079921, 354.8368932909798, 354.8368932909798, 354.58454487400013, 354.58454487400013, 354.29646187400795, 354.29646187400795, 354.02850941501674, 354.02850941501674, 353.96207495601266, 353.96207495601266, 353.8884542900196, 353.8884542900196, 353.88398504004, 353.88398504004, 353.88287904005847], "a_moves_left": [39, 39, 38, 38, 37, 37, 36, 36, 35, 35, 34, 34, 33, 33, 32, 32, 31, 31, 30, 30, 29, 29, 28, 28, 27, 27, 26, 26, 25, 25, 24, 24, 23, 23, 22, 22, 21, 21, 20, 20, 19, 19, 18, 18, 17, 17, 16, 16, 15, 15, 14, 14, 13, 13, 12, 12, 11, 11, 10, 10, 9, 9, 8, 8, 7, 7, 6, 6, 5, 5, 4, 4, 3, 3, 2, 2, 1, 1, 0, 0], "b_moves_left": [40, 39, 39, 38, 38, 37, 37, 36, 36, 35, 35, 34, 34, 33, 33, 32, 32, 31, 31, 30, 30, 29, 29, 28, 28, 27, 27, 26, 26, 25, 25, 24, 24, 23, 23, 22, 22, 21, 21, 20, 20, 19, 19, 18, 18, 17, 17, 16, 16, 15, 15, 14, 14, 13, 13, 12, 12, 11, 11, 10, 10, 9, 9, 8, 8, 7, 7, 6, 6, 5, 5, 4, 4, 3, 3, 2, 2, 1, 1, 0], "trapdoor_triggered": [0, 0, 0, 0, 0, 0, 0, 0, 0, 0, 0, 0, 0, 0, 1, 1, 0, 0, 0, 0, 0, 0, 0, 0, 0, 0, 0, 0, 0, 0, 0, 0, 0, 0, 0, 0, 0, 0, 0, 0, 0, 0, 0, 0, 0, 0, 0, 0, 0, 0, 0, 0, 0, 0, 0, 0, 0, 0, 0, 0, 0, 0, 0, 0, 0, 0, 0, 0, 0, 0, 0, 0, 0, 0, 0, 0, 0, 0, 0, 0], "left_behind": ["egg", "egg", "plain", "plain", "egg", "egg", "plain", "plain", "egg", "egg", "plain", "turd", "egg", "egg", "plain", "turd", "plain", "plain", "plain", "plain", "egg", "egg", "plain", "turd", "egg", "egg", "plain", "plain", "plain", "egg", "plain", "turd", "egg", "egg", "plain", "plain", "plain", "egg", "plain", "plain", "plain", "egg", "plain", "plain", "plain", "egg", "plain", "plain", "plain", "egg", "plain", "plain", "plain", "egg", "plain", "plain", "plain", "egg", "plain", "plain", "plain", "egg", "plain", "plain", "plain", "egg", "turd", "plain", "plain", "egg", "plain", "plain", "plain", "egg", "plain", "turd", "plain", "egg", "plain", "plain"], "errlog_a": "", "errlog_b": "", "start_time": 360, "start_moves": 40, "turn_count": 80, "result": 1, "reason": "EGGS_LAID", "trapdoors": [[2, 2], [3, 2]], "spawn_a": [0, 4], "spawn_b": [7, 4]}