{"pos": [[0, 3], [6, 4], [0, 2], [6, 3], [0, 1], [5, 3], [0, 0], [5, 2], [1, 0], [5, 1], [2, 0], [4, 1], [2, 1], [3, 1], [2, 2], [2, 1], [1, 2], [3, 1], [1, 1], [3, 2], [1, 2], [3, 3], [1, 3], [3, 4], [1, 4], [2, 4], [1, 5], [2, 5], [1, 6], [2, 6], [1, 7], [2, 7], [1, 6], [2, 6], [0, 6], [3, 6], [0, 5], [4, 6], [1, 5], [5, 6], [1, 6], [5, 5], [2, 6], [6, 5], [1, 6], [5, 5], [1, 5], [7, 4], [1, 6], [7, 3], [1, 5], [7, 2], [1, 6], [7, 1], [1, 5], [7, 0], [1, 6], [7, 1], [1, 5], [6, 1], [1, 6], [6, 0], [1, 5], [5, 0], [1, 6], [4, 0], [1, 5], [3, 0], [1, 6], [4, 0], [1, 5], [4, 1], [1, 6], [4, 2], [1, 5], [4, 3], [1, 6], [4, 2], [1, 5], [4, 1]], "a_eggs_laid": [1, 1, 1, 1, 2, 2, 2, 2, 5, 5, 5, 5, 6, 6, 6, 6, 7, 7, 7, 7, 8, 8, 8, 8, 9, 9, 9, 9, 10, 10, 10, 10, 11, 11, 11, 11, 12, 12, 12, 12, 12, 12, 12, 12, 13, 13, 13, 13, 17, 17, 17, 17, 17, 17, 17, 17, 17, 17, 17, 17, 17, 17, 17, 17, 17, 17, 17, 17, 17, 17, 17, 17, 17, 17, 17, 17, 17, 17, 17, 17], "b_eggs_laid": [0, 1, 1, 1, 1, 2, 2, 2, 2, 3, 3, 3, 3, 4, 4, 4, 4, 5, 5, 5, 5, 6, 6, 6, 6, 7, 7, 7, 7, 8, 8, 8, 8, 9, 9, 9, 9, 10, 10, 10, 10, 11, 11, 11, 11, 12, 12, 12, 12, 12, 12, 12, 12, 13, 13, 13, 13, 16, 16, 16, 16, 17, 17, 17, 17, 18, 18, 18, 18, 19, 19, 19, 19, 19, 19, 19, 19, 20, 20, 20], "a_turds_left": [5, 5, 5, 5, 5, 5, 5, 5, 5, 5, 5, 5, 5, 5, 5, 5, 5, 5, 5, 5, 5, 5, 5, 5, 5, 5, 5, 5, 5, 5, 5, 5, 5, 5, 5, 5, 5, 5, 5, 5, 5, 5, 5, 5, 5, 5, 5, 5, 5, 5, 5, 5, 5, 5, 5, 5, 5, 5, 5, 5, 5, 5, 5, 5, 5, 5, 5, 5, 5, 5, 5, 5, 5, 5, 5, 5, 5, 5, 5, 5], "b_turds_left": [5, 5, 5, 4, 4, 4, 4, 3, 3, 3, 3, 2, 2, 2, 2, 1, 1, 1, 1, 1, 1, 1, 1, 1, 1, 1, 1, 0, 0, 0, 0, 0, 0, 0, 0, 0, 0, 0, 0, 0, 0, 0, 0, 0, 0, 0, 0, 0, 0, 0, 0, 0, 0, 0, 0, 0, 0, 0, 0, 0, 0, 0, 0, 0, 0, 0, 0, 0, 0, 0, 0, 0, 0, 0, 0, 0, 0, 0, 0, 0], "a_time_left": [359.95478345800075, 359.95478345800075, 359.9164292910136, 359.9164292910136, 359.8709938740067, 359.8709938740067, 359.83805720700184, 359.83805720700184, 359.80749566599843, 359.80749566599843, 359.7747554999951, 359.7747554999951, 359.7264123749919, 359.7264123749919, 359.71078616700834, 359.71078616700834, 359.6942462080042, 359.6942462080042, 359.6698408750235, 359.6698408750235, 359.6292136250413, 359.6292136250413, 359.59791079204297, 359.59791079204297, 359.5357479590457, 359.5357479590457, 359.5232807920256, 359.5232807920256, 359.51172829204006, 359.51172829204006, 359.5055062500469, 359.5055062500469, 359.49799958305084, 359.49799958305084, 359.49268529206165, 359.49268529206165, 359.4652435000462, 359.4652435000462, 359.4549125000485, 359.4549125000485, 359.4482537910517, 359.4482537910517, 359.43488849903224, 359.43488849903224, 359.42409458302427, 359.42409458302427, 359.4105338330264, 359.4105338330264, 359.4058168740303, 359.4058168740303, 359.39627708203625, 359.39627708203625, 359.38995795702795, 359.38995795702795, 359.3795936240349, 359.3795936240349, 359.37536804101546, 359.37536804101546, 359.36456149900914, 359.36456149900914, 359.3565392490127, 359.3565392490127, 359.3455757900083, 359.3455757900083, 359.3396694980038, 359.3396694980038, 359.32927037301124, 359.32927037301124, 359.3243214980175, 359.3243214980175, 359.3141214150237, 359.3141214150237, 359.3081663730263, 359.3081663730263, 359.2948157900246, 359.2948157900246, 359.287302457029, 359.287302457029, 359.28282508201664, 359.28282508201664], "b_time_left": [360, 359.9608837089909, 359.9608837089909, 359.91064054198796, 359.91064054198796, 359.86355391697725, 359.86355391697725, 359.8322324169858, 359.8322324169858, 359.7861001249985, 359.7861001249985, 359.7427867919905, 359.7427867919905, 359.6866428759822, 359.6866428759822, 359.65139383397764, 359.65139383397764, 359.6329715429747, 359.6329715429747, 359.61658820998855, 359.61658820998855, 359.57490725198295, 359.57490725198295, 359.5343072109681, 359.5343072109681, 359.4772402109811, 359.4772402109811, 359.44789971096907, 359.44789971096907, 359.42512437698315, 359.42512437698315, 359.4127450439555, 359.4127450439555, 359.40108150296146, 359.40108150296146, 359.38887904395233, 359.38887904395233, 359.3594805439352, 359.3594805439352, 359.34905454394175, 359.34905454394175, 359.31763050192967, 359.31763050192967, 359.3103377109219, 359.3103377109219, 359.2730278779054, 359.2730278779054, 359.2631752109155, 359.2631752109155, 359.2427196279168, 359.2427196279168, 359.2357294188987, 359.2357294188987, 359.2111377939, 359.2111377939, 359.20452862689854, 359.20452862689854, 359.18758200190496, 359.18758200190496, 359.1809482939134, 359.1809482939134, 359.14784908591537, 359.14784908591537, 359.14131271091173, 359.14131271091173, 359.11633346090093, 359.11633346090093, 359.10979646092164, 359.10979646092164, 359.0941243779089, 359.0941243779089, 359.0869354199094, 359.0869354199094, 359.0525752949179, 359.0525752949179, 359.0425951289071, 359.0425951289071, 359.0291512539261, 359.0291512539261, 359.0284508369223], "a_moves_left": [39, 39, 38, 38, 37, 37, 36, 36, 35, 35, 34, 34, 33, 33, 32, 32, 31, 31, 30, 30, 29, 29, 28, 28, 27, 27, 26, 26, 25, 25, 24, 24, 23, 23, 22, 22, 21, 21, 20, 20, 19, 19, 18, 18, 17, 17, 16, 16, 15, 15, 14, 14, 13, 13, 12, 12, 11, 11, 10, 10, 9, 9, 8, 8, 7, 7, 6, 6, 5, 5, 4, 4, 3, 3, 2, 2, 1, 1, 0, 0], "b_moves_left": [40, 39, 39, 38, 38, 37, 37, 36, 36, 35, 35, 34, 34, 33, 33, 32, 32, 31, 31, 30, 30, 29, 29, 28, 28, 27, 27, 26, 26, 25, 25, 24, 24, 23, 23, 22, 22, 21, 21, 20, 20, 19, 19, 18, 18, 17, 17, 16, 16, 15, 15, 14, 14, 13, 13, 12, 12, 11, 11, 10, 10, 9, 9, 8, 8, 7, 7, 6, 6, 5, 5, 4, 4, 3, 3, 2, 2, 1, 1, 0], "trapdoor_triggered": [0, 0, 0, 0, 0, 0, 0, 0, 0, 0, 0, 0, 0, 0, 0, 0, 0, 0, 0, 0, 0, 0, 0, 0, 0, 0, 0, 0, 0, 0, 0, 0, 0, 0, 0, 0, 0, 0, 0, 0, 0, 0, 0, 0, 0, 0, 0, 1, 0, 0, 0, 0, 0, 0, 0, 0, 0, 0, 0, 0, 0, 0, 0, 0, 0, 0, 0, 0, 0, 0, 0, 0, 0, 0, 0, 0, 0, 0, 0, 0], "left_behind": ["egg", "egg", "plain", "turd", "egg", "egg", "plain", "turd", "egg", "egg", "plain", "turd", "egg", "egg", "plain", "turd", "egg", "egg", "plain", "plain", "egg", "egg", "plain", "plain", "egg", "egg", "plain", "turd", "egg", "egg", "plain", "plain", "egg", "egg", "plain", "plain", "egg", "egg", "plain", "plain", "plain", "egg", "plain", "plain", "egg", "egg", "plain", "plain", "plain", "plain", "plain", "plain", "plain", "egg", "plain", "plain", "plain", "egg", "plain", "plain", "plain", "egg", "plain", "plain", "plain", "egg", "plain", "plain", "plain", "egg", "plain", "plain", "plain", "plain", "plain", "plain", "plain", "egg", "plain", "plain"], "errlog_a": "", "errlog_b": "", "start_time": 360, "start_moves": 40, "turn_count": 80, "result": 1, "reason": "EGGS_LAID", "trapdoors": [[4, 4], [5, 4]], "spawn_a": [0, 4], "spawn_b": [7, 4]}