{"pos": [[7, 2], [1, 3], [7, 1], [1, 4], [7, 2], [2, 4], [6, 2], [3, 4], [6, 1], [3, 3], [6, 0], [3, 2], [6, 1], [4, 2], [5, 1], [4, 1], [5, 0], [4, 0], [6, 0], [3, 0], [7, 0], [3, 1], [7, 1], [2, 1], [7, 0], [2, 2], [7, 1], [2, 3], [7, 0], [3, 3], [7, 1], [0, 3], [7, 0], [0, 4], [7, 1], [0, 5], [7, 0]], "a_eggs_laid": [1, 1, 1, 1, 2, 2, 2, 2, 3, 3, 3, 3, 4, 4, 4, 4, 5, 5, 5, 5, 5, 5, 5, 5, 5, 5, 5, 5, 5, 5, 5, 5, 9, 9, 9, 9, 9], "b_eggs_laid": [0, 1, 1, 1, 1, 2, 2, 2, 2, 3, 3, 3, 3, 4, 4, 4, 4, 5, 5, 5, 5, 6, 6, 6, 6, 7, 7, 7, 7, 8, 8, 8, 8, 8, 8, 8, 8], "a_turds_left": [5, 5, 5, 5, 5, 5, 5, 5, 5, 5, 5, 5, 5, 5, 5, 5, 5, 5, 5, 5, 5, 5, 5, 5, 5, 5, 5, 5, 5, 5, 5, 5, 5, 5, 5, 5, 5], "b_turds_left": [5, 5, 5, 5, 5, 5, 5, 4, 4, 4, 4, 3, 3, 3, 3, 2, 2, 2, 2, 1, 1, 1, 1, 1, 1, 1, 1, 1, 1, 1, 1, 1, 1, 1, 1, 1, 1], "a_time_left": [359.86190641700523, 359.86190641700523, 359.8297051670088, 359.8297051670088, 359.782381291996, 359.782381291996, 359.7476497509924, 359.7476497509924, 359.6806090839964, 359.6806090839964, 359.638366625004, 359.638366625004, 359.591331625008, 359.591331625008, 359.5540948330017, 359.5540948330017, 359.53596066700993, 359.53596066700993, 359.5306308339932, 359.5306308339932, 359.5218429589877, 359.5218429589877, 359.50673420898966, 359.50673420898966, 359.48906775098294, 359.48906775098294, 359.4723649179796, 359.4723649179796, 359.4578524179815, 359.4578524179815, 359.44777950199204, 359.44777950199204, 359.44030554400524, 359.44030554400524, 359.4278206269955, 359.4278206269955, 359.41417250200175], "b_time_left": [360, 355.681403458002, 355.681403458002, 349.67829724997864, 349.67829724997864, 342.46720045799157, 342.46720045799157, 334.4666068329825, 334.4666068329825, 327.786475040979, 327.786475040979, 321.72692200000165, 321.72692200000165, 315.4710606659937, 315.4710606659937, 312.32546008200734, 312.32546008200734, 310.99137845702353, 310.99137845702353, 308.83185274802963, 308.83185274802963, 306.65248045601766, 306.65248045601766, 302.41647612303495, 302.41647612303495, 298.7521393310453, 298.7521393310453, 293.93627354005, 293.93627354005, 290.5324859570537, 290.5324859570537, 287.2935442480666, 287.2935442480666, 285.5324642060441, 285.5324642060441, 281.77564512204845, 281.77564512204845], "a_moves_left": [39, 39, 38, 38, 37, 37, 36, 36, 35, 35, 34, 34, 33, 33, 32, 32, 31, 31, 30, 30, 29, 29, 28, 28, 27, 27, 26, 26, 25, 25, 24, 24, 23, 23, 22, 22, 21], "b_moves_left": [40, 39, 39, 38, 38, 37, 37, 36, 36, 35, 35, 34, 34, 33, 33, 32, 32, 31, 31, 30, 30, 29, 29, 28, 28, 27, 27, 26, 26, 25, 25, 24, 24, 23, 23, 22, 22], "trapdoor_triggered": [0, 0, 0, 0, 0, 0, 0, 0, 0, 0, 0, 0, 0, 0, 0, 0, 0, 0, 0, 0, 0, 0, 0, 0, 0, 0, 0, 0, 0, 0, 0, 1, 0, 0, 0, 0, 0], "left_behind": ["egg", "egg", "plain", "plain", "egg", "egg", "plain", "turd", "egg", "egg", "plain", "turd", "egg", "egg", "plain", "turd", "egg", "egg", "plain", "turd", "plain", "egg", "plain", "plain", "plain", "egg", "plain", "plain", "plain", "egg", "plain", "plain", "plain", "plain", "plain", "plain", "plain"], "errlog_a": "", "errlog_b": "Timeout", "start_time": 360, "start_moves": 40, "turn_count": 37, "result": 0, "reason": "CODE_CRASH", "trapdoors": [[4, 4], [4, 3]], "spawn_a": [7, 3], "spawn_b": [0, 3]}