{"pos": [[7, 4], [0, 4], [7, 3], [1, 4], [7, 2], [2, 4], [7, 1], [2, 3], [7, 2], [3, 3], [6, 2], [3, 2], [6, 1], [0, 5], [6, 0], [1, 5], [6, 1], [1, 6], [5, 1], [2, 6], [5, 0], [3, 6], [4, 0], [3, 5], [4, 1], [4, 5], [3, 1], [4, 4], [2, 1], [5, 4], [2, 0], [5, 3], [2, 1], [6, 3], [2, 2], [5, 3], [2, 1], [5, 2], [1, 1], [5, 3], [1, 2], [4, 3], [1, 3], [4, 4], [1, 2], [3, 4], [0, 2], [3, 5], [0, 1], [4, 5], [0, 0], [5, 5], [1, 0], [6, 5], [2, 0], [6, 6], [2, 1], [7, 6], [2, 0], [6, 6], [2, 1], [6, 7], [2, 0], [6, 6], [2, 1], [5, 6], [2, 0], [5, 7], [2, 1], [4, 7], [2, 0], [3, 7], [2, 1], [2, 7], [2, 0], [2, 6], [2, 1], [3, 6], [2, 0], [3, 5]], "a_eggs_laid": [1, 1, 1, 1, 2, 2, 2, 2, 3, 3, 3, 3, 4, 4, 8, 8, 9, 9, 9, 9, 10, 10, 10, 10, 11, 11, 11, 11, 12, 12, 12, 12, 13, 13, 13, 13, 14, 14, 14, 14, 15, 15, 15, 15, 16, 16, 16, 16, 17, 17, 17, 17, 20, 20, 20, 20, 20, 20, 20, 20, 20, 20, 20, 20, 20, 20, 20, 20, 20, 20, 20, 20, 20, 20, 20, 20, 20, 20, 20, 20], "b_eggs_laid": [0, 1, 1, 1, 1, 2, 2, 2, 2, 3, 3, 3, 3, 4, 4, 4, 4, 4, 4, 5, 5, 5, 5, 6, 6, 6, 6, 7, 7, 7, 7, 8, 8, 8, 8, 9, 9, 9, 9, 10, 10, 10, 10, 11, 11, 11, 11, 12, 12, 12, 12, 12, 12, 12, 12, 13, 13, 13, 13, 14, 14, 14, 14, 15, 15, 15, 15, 16, 16, 16, 16, 17, 17, 17, 17, 18, 18, 18, 18, 18], "a_turds_left": [5, 5, 5, 5, 5, 5, 5, 5, 5, 5, 5, 5, 5, 5, 5, 5, 5, 5, 5, 5, 5, 5, 5, 5, 5, 5, 5, 5, 5, 5, 5, 5, 5, 5, 5, 5, 5, 5, 5, 5, 5, 5, 5, 5, 5, 5, 5, 5, 5, 5, 5, 5, 5, 5, 5, 5, 5, 5, 5, 5, 5, 5, 5, 5, 5, 5, 5, 5, 5, 5, 5, 5, 5, 5, 5, 5, 5, 5, 5, 5], "b_turds_left": [5, 5, 5, 5, 5, 5, 5, 5, 5, 5, 5, 4, 4, 4, 4, 4, 4, 3, 3, 3, 3, 3, 3, 3, 3, 2, 2, 2, 2, 1, 1, 1, 1, 1, 1, 1, 1, 1, 1, 1, 1, 1, 1, 1, 1, 1, 1, 1, 1, 1, 1, 1, 1, 1, 1, 1, 1, 1, 1, 1, 1, 1, 1, 1, 1, 1, 1, 1, 1, 1, 1, 1, 1, 1, 1, 1, 1, 0, 0, 0], "a_time_left": [359.95161891699536, 359.95161891699536, 359.92067195798154, 359.92067195798154, 359.8716232079896, 359.8716232079896, 359.8339558329899, 359.8339558329899, 359.7840530409885, 359.7840530409885, 359.7537834990071, 359.7537834990071, 359.6877668740053, 359.6877668740053, 359.66593574901344, 359.66593574901344, 359.61873108299915, 359.61873108299915, 359.5730168329901, 359.5730168329901, 359.51133599999594, 359.51133599999594, 359.47969887498766, 359.47969887498766, 359.42912916699424, 359.42912916699424, 359.3975194999948, 359.3975194999948, 359.34709104098147, 359.34709104098147, 359.3044512079796, 359.3044512079796, 359.2587701669836, 359.2587701669836, 359.2352262089844, 359.2352262089844, 359.1975812499877, 359.1975812499877, 359.17518495800323, 359.17518495800323, 359.10782779200235, 359.10782779200235, 359.06977916701, 359.06977916701, 359.04677370900754, 359.04677370900754, 358.99662320900825, 358.99662320900825, 358.96695995901246, 358.96695995901246, 358.9514303760079, 358.9514303760079, 358.9260338760214, 358.9260338760214, 358.9040386680281, 358.9040386680281, 358.8866000850394, 358.8866000850394, 358.86580896005034, 358.86580896005034, 358.85026454302715, 358.85026454302715, 358.82331504303147, 358.82331504303147, 358.8045952930115, 358.8045952930115, 358.7671775430208, 358.7671775430208, 358.75551962602185, 358.75551962602185, 358.72662691702135, 358.72662691702135, 358.71492633401067, 358.71492633401067, 358.68645966699114, 358.68645966699114, 358.67184416699456, 358.67184416699456, 358.66623720899224, 358.66623720899224], "b_time_left": [360, 359.9541465000075, 359.9541465000075, 359.9143139999942, 359.9143139999942, 359.85968104199856, 359.85968104199856, 359.815293208987, 359.815293208987, 359.7512475839758, 359.7512475839758, 359.6874707089737, 359.6874707089737, 359.63341283399495, 359.63341283399495, 359.60867229197174, 359.60867229197174, 359.5362565839605, 359.5362565839605, 359.4924777499691, 359.4924777499691, 359.334938874963, 359.334938874963, 359.16916779096937, 359.16916779096937, 358.99342324896134, 358.99342324896134, 358.872744415974, 358.872744415974, 358.6552904159471, 358.6552904159471, 358.49111829092726, 358.49111829092726, 358.30132433291874, 358.30132433291874, 358.23387095791986, 358.23387095791986, 358.0559349999239, 358.0559349999239, 357.99089862493565, 357.99089862493565, 357.2872504579427, 357.2872504579427, 357.07620404093177, 357.07620404093177, 356.65528012491995, 356.65528012491995, 356.4480528749118, 356.4480528749118, 356.32949883289984, 356.32949883289984, 356.1174319999118, 356.1174319999118, 355.46901912489557, 355.46901912489557, 355.19650295889005, 355.19650295889005, 354.4554136249062, 354.4554136249062, 354.2905333339004, 354.2905333339004, 351.38793741789414, 351.38793741789414, 350.74088137591025, 350.74088137591025, 348.02868633391336, 348.02868633391336, 346.9562497929146, 346.9562497929146, 344.4907765019161, 344.4907765019161, 343.8627805429278, 343.8627805429278, 341.73322608391754, 341.73322608391754, 341.6137427499343, 341.6137427499343, 341.5644142089295, 341.5644142089295, 341.5630012919137], "a_moves_left": [39, 39, 38, 38, 37, 37, 36, 36, 35, 35, 34, 34, 33, 33, 32, 32, 31, 31, 30, 30, 29, 29, 28, 28, 27, 27, 26, 26, 25, 25, 24, 24, 23, 23, 22, 22, 21, 21, 20, 20, 19, 19, 18, 18, 17, 17, 16, 16, 15, 15, 14, 14, 13, 13, 12, 12, 11, 11, 10, 10, 9, 9, 8, 8, 7, 7, 6, 6, 5, 5, 4, 4, 3, 3, 2, 2, 1, 1, 0, 0], "b_moves_left": [40, 39, 39, 38, 38, 37, 37, 36, 36, 35, 35, 34, 34, 33, 33, 32, 32, 31, 31, 30, 30, 29, 29, 28, 28, 27, 27, 26, 26, 25, 25, 24, 24, 23, 23, 22, 22, 21, 21, 20, 20, 19, 19, 18, 18, 17, 17, 16, 16, 15, 15, 14, 14, 13, 13, 12, 12, 11, 11, 10, 10, 9, 9, 8, 8, 7, 7, 6, 6, 5, 5, 4, 4, 3, 3, 2, 2, 1, 1, 0], "trapdoor_triggered": [0, 0, 0, 0, 0, 0, 0, 0, 0, 0, 0, 0, 0, 1, 0, 0, 0, 0, 0, 0, 0, 0, 0, 0, 0, 0, 0, 0, 0, 0, 0, 0, 0, 0, 0, 0, 0, 0, 0, 0, 0, 0, 0, 0, 0, 0, 0, 0, 0, 0, 0, 0, 0, 0, 0, 0, 0, 0, 0, 0, 0, 0, 0, 0, 0, 0, 0, 0, 0, 0, 0, 0, 0, 0, 0, 0, 0, 0, 0, 0], "left_behind": ["egg", "egg", "plain", "plain", "egg", "egg", "plain", "plain", "egg", "egg", "plain", "turd", "egg", "egg", "plain", "plain", "egg", "turd", "plain", "egg", "egg", "plain", "plain", "egg", "egg", "turd", "plain", "egg", "egg", "turd", "plain", "egg", "egg", "plain", "plain", "egg", "egg", "plain", "plain", "egg", "egg", "plain", "plain", "egg", "egg", "plain", "plain", "egg", "egg", "plain", "plain", "plain", "egg", "plain", "plain", "egg", "plain", "plain", "plain", "egg", "plain", "plain", "plain", "egg", "plain", "plain", "plain", "egg", "plain", "plain", "plain", "egg", "plain", "plain", "plain", "egg", "plain", "turd", "plain", "plain"], "errlog_a": "", "errlog_b": "", "start_time": 360, "start_moves": 40, "turn_count": 80, "result": 0, "reason": "EGGS_LAID", "trapdoors": [[4, 2], [2, 5]], "spawn_a": [7, 5], "spawn_b": [0, 5]}