{"pos": [[7, 2], [1, 3], [7, 1], [1, 4], [7, 2], [1, 5], [6, 2], [2, 5], [6, 1], [3, 5], [6, 0], [3, 6], [6, 1], [3, 5], [5, 1], [0, 3], [4, 1], [1, 3], [4, 0], [1, 2], [4, 1], [2, 2], [3, 1], [3, 2], [3, 0], [4, 2], [2, 0], [4, 3], [1, 0], [5, 3], [0, 0], [5, 4], [1, 0], [5, 5], [1, 1], [5, 6], [0, 1], [5, 5], [0, 2], [6, 5], [0, 1], [6, 4], [0, 0], [7, 4], [1, 0], [6, 4], [2, 0], [6, 3], [3, 0], [5, 3], [4, 0], [5, 2], [5, 0], [4, 2], [6, 0], [4, 1], [7, 0], [4, 2], [7, 1], [4, 3], [7, 0], [4, 4], [7, 1], [3, 4], [7, 0], [4, 4], [7, 1], [4, 3], [7, 0], [4, 4], [7, 1], [4, 3], [7, 0], [4, 4], [7, 1], [4, 3], [7, 0], [4, 2], [7, 1], [4, 1]], "a_eggs_laid": [1, 1, 1, 1, 2, 2, 2, 2, 3, 3, 3, 3, 4, 4, 4, 4, 9, 9, 9, 9, 10, 10, 10, 10, 11, 11, 11, 11, 12, 12, 12, 12, 15, 15, 15, 15, 16, 16, 16, 16, 17, 17, 17, 17, 17, 17, 17, 17, 17, 17, 17, 17, 17, 17, 17, 17, 17, 17, 17, 17, 17, 17, 17, 17, 17, 17, 17, 17, 17, 17, 17, 17, 17, 17, 17, 17, 17, 17, 17, 17], "b_eggs_laid": [0, 1, 1, 1, 1, 2, 2, 2, 2, 3, 3, 3, 3, 4, 4, 4, 4, 4, 4, 4, 4, 5, 5, 5, 5, 6, 6, 6, 6, 7, 7, 7, 7, 8, 8, 8, 8, 9, 9, 9, 9, 10, 10, 10, 10, 11, 11, 11, 11, 12, 12, 12, 12, 13, 13, 13, 13, 14, 14, 14, 14, 14, 14, 14, 14, 15, 15, 15, 15, 15, 15, 15, 15, 15, 15, 15, 15, 15, 15, 15], "a_turds_left": [5, 5, 5, 5, 5, 5, 5, 5, 5, 5, 5, 5, 5, 5, 5, 5, 5, 5, 5, 5, 5, 5, 5, 5, 5, 5, 5, 5, 5, 5, 5, 5, 5, 5, 5, 5, 5, 5, 5, 5, 5, 5, 5, 5, 5, 5, 5, 5, 5, 5, 5, 5, 5, 5, 5, 5, 5, 5, 5, 5, 5, 5, 5, 5, 5, 5, 5, 5, 5, 5, 5, 5, 5, 5, 5, 5, 5, 5, 5, 5], "b_turds_left": [5, 5, 5, 5, 5, 5, 5, 5, 5, 5, 5, 4, 4, 4, 4, 4, 4, 4, 4, 3, 3, 3, 3, 2, 2, 2, 2, 1, 1, 1, 1, 1, 1, 1, 1, 1, 1, 1, 1, 1, 1, 1, 1, 1, 1, 1, 1, 1, 1, 1, 1, 0, 0, 0, 0, 0, 0, 0, 0, 0, 0, 0, 0, 0, 0, 0, 0, 0, 0, 0, 0, 0, 0, 0, 0, 0, 0, 0, 0, 0], "a_time_left": [359.931662374991, 359.931662374991, 359.89932054199744, 359.89932054199744, 359.8528312499984, 359.8528312499984, 359.8195694999886, 359.8195694999886, 359.75188479200006, 359.75188479200006, 359.7101253340079, 359.7101253340079, 359.66420854302123, 359.66420854302123, 359.63777341804234, 359.63777341804234, 359.6014468760404, 359.6014468760404, 359.5609106680495, 359.5609106680495, 359.5135421260493, 359.5135421260493, 359.47197916804, 359.47197916804, 359.4550591680454, 359.4550591680454, 359.4319999180443, 359.4319999180443, 359.4005245010485, 359.4005245010485, 359.3777465430612, 359.3777465430612, 359.3491569600592, 359.3491569600592, 359.32399516907753, 359.32399516907753, 359.2959829190804, 359.2959829190804, 359.27696546007064, 359.27696546007064, 359.26352912705624, 359.26352912705624, 359.24701075203484, 359.24701075203484, 359.24075166802504, 359.24075166802504, 359.2221185430244, 359.2221185430244, 359.216742543038, 359.216742543038, 359.19797183503397, 359.19797183503397, 359.1943422520417, 359.1943422520417, 359.178520793037, 359.178520793037, 359.17490837702644, 359.17490837702644, 359.1662672930106, 359.1662672930106, 359.16084066801704, 359.16084066801704, 359.15132133403677, 359.15132133403677, 359.1427294170426, 359.1427294170426, 359.1335118340503, 359.1335118340503, 359.12811354204314, 359.12811354204314, 359.11857916705776, 359.11857916705776, 359.1131642500404, 359.1131642500404, 359.1035330420418, 359.1035330420418, 359.0981592920434, 359.0981592920434, 359.0956387500337, 359.0956387500337], "b_time_left": [360, 359.94482916701236, 359.94482916701236, 359.89089616702404, 359.89089616702404, 359.82632504202775, 359.82632504202775, 359.7672087920364, 359.7672087920364, 359.70352529204683, 359.70352529204683, 359.6570834170561, 359.6570834170561, 359.59357662603725, 359.59357662603725, 359.56162016803864, 359.56162016803864, 359.513137543021, 359.513137543021, 359.469911918015, 359.469911918015, 359.29455725100706, 359.29455725100706, 359.15848487601033, 359.15848487601033, 359.07211683501373, 359.07211683501373, 358.981438376999, 358.981438376999, 358.8471651269938, 358.8471651269938, 358.7456471690093, 358.7456471690093, 358.5999676270003, 358.5999676270003, 358.5129877940053, 358.5129877940053, 358.38720433501294, 358.38720433501294, 358.3452765850234, 358.3452765850234, 358.0553887520218, 358.0553887520218, 357.7303341270017, 357.7303341270017, 357.6014157939935, 357.6014157939935, 357.26179396000225, 357.26179396000225, 357.118044043018, 357.118044043018, 356.8555271260266, 356.8555271260266, 356.78418525101733, 356.78418525101733, 356.6146108340181, 356.6146108340181, 356.5768354590109, 356.5768354590109, 356.41209354202147, 356.41209354202147, 355.86650200004806, 355.86650200004806, 355.3844387920399, 355.3844387920399, 354.6467540420417, 354.6467540420417, 354.1102288750408, 354.1102288750408, 353.4747656250547, 353.4747656250547, 352.9397263750434, 352.9397263750434, 352.20650587504497, 352.20650587504497, 352.1319902090472, 352.1319902090472, 352.1162268750486, 352.1162268750486, 352.11485887505114], "a_moves_left": [39, 39, 38, 38, 37, 37, 36, 36, 35, 35, 34, 34, 33, 33, 32, 32, 31, 31, 30, 30, 29, 29, 28, 28, 27, 27, 26, 26, 25, 25, 24, 24, 23, 23, 22, 22, 21, 21, 20, 20, 19, 19, 18, 18, 17, 17, 16, 16, 15, 15, 14, 14, 13, 13, 12, 12, 11, 11, 10, 10, 9, 9, 8, 8, 7, 7, 6, 6, 5, 5, 4, 4, 3, 3, 2, 2, 1, 1, 0, 0], "b_moves_left": [40, 39, 39, 38, 38, 37, 37, 36, 36, 35, 35, 34, 34, 33, 33, 32, 32, 31, 31, 30, 30, 29, 29, 28, 28, 27, 27, 26, 26, 25, 25, 24, 24, 23, 23, 22, 22, 21, 21, 20, 20, 19, 19, 18, 18, 17, 17, 16, 16, 15, 15, 14, 14, 13, 13, 12, 12, 11, 11, 10, 10, 9, 9, 8, 8, 7, 7, 6, 6, 5, 5, 4, 4, 3, 3, 2, 2, 1, 1, 0], "trapdoor_triggered": [0, 0, 0, 0, 0, 0, 0, 0, 0, 0, 0, 0, 0, 0, 0, 1, 0, 0, 0, 0, 0, 0, 0, 0, 0, 0, 0, 0, 0, 0, 0, 0, 0, 0, 0, 0, 0, 0, 0, 0, 0, 0, 0, 0, 0, 0, 0, 0, 0, 0, 0, 0, 0, 0, 0, 0, 0, 0, 0, 0, 0, 0, 0, 0, 0, 0, 0, 0, 0, 0, 0, 0, 0, 0, 0, 0, 0, 0, 0, 0], "left_behind": ["egg", "egg", "plain", "plain", "egg", "egg", "plain", "plain", "egg", "egg", "plain", "turd", "egg", "egg", "plain", "plain", "egg", "plain", "plain", "turd", "egg", "egg", "plain", "turd", "egg", "egg", "plain", "turd", "egg", "egg", "plain", "plain", "egg", "egg", "plain", "plain", "egg", "egg", "plain", "plain", "egg", "egg", "plain", "plain", "plain", "egg", "plain", "plain", "plain", "egg", "plain", "turd", "plain", "egg", "plain", "plain", "plain", "egg", "plain", "plain", "plain", "plain", "plain", "plain", "plain", "egg", "plain", "plain", "plain", "plain", "plain", "plain", "plain", "plain", "plain", "plain", "plain", "plain", "plain", "plain"], "errlog_a": "", "errlog_b": "", "start_time": 360, "start_moves": 40, "turn_count": 80, "result": 0, "reason": "EGGS_LAID", "trapdoors": [[3, 3], [4, 5]], "spawn_a": [7, 3], "spawn_b": [0, 3]}