{"pos": [[7, 2], [1, 1], [7, 3], [1, 2], [7, 2], [1, 3], [6, 2], [2, 3], [6, 1], [2, 4], [6, 0], [3, 4], [6, 1], [4, 4], [5, 1], [4, 5], [5, 0], [4, 6], [4, 0], [4, 7], [4, 1], [4, 6], [3, 1], [3, 6], [4, 1], [2, 6], [4, 2], [1, 6], [5, 2], [1, 5], [5, 3], [1, 4], [6, 3], [2, 4], [6, 4], [2, 5], [6, 5], [1, 5], [7, 5], [0, 5], [7, 6], [0, 4], [7, 7], [0, 3], [7, 6], [1, 3], [6, 6], [2, 3], [6, 7], [0, 1], [5, 7], [1, 1], [5, 6], [1, 0], [5, 5], [2, 0], [6, 5], [3, 0], [6, 4], [2, 0], [6, 3], [2, 1], [6, 2], [1, 1], [6, 1], [1, 2], [6, 0], [1, 3], [6, 1], [2, 3], [6, 0], [3, 3], [6, 1], [0, 1], [6, 0], [1, 1], [6, 1], [1, 0], [6, 0], [2, 0]], "a_eggs_laid": [1, 1, 1, 1, 2, 2, 2, 2, 3, 3, 3, 3, 4, 4, 4, 4, 5, 5, 5, 5, 6, 6, 6, 6, 7, 7, 7, 7, 8, 8, 8, 8, 9, 9, 9, 9, 10, 10, 10, 10, 11, 11, 11, 11, 14, 14, 14, 14, 15, 15, 19, 19, 20, 20, 20, 20, 21, 21, 21, 21, 21, 21, 21, 21, 21, 21, 21, 21, 21, 21, 21, 21, 21, 21, 25, 25, 25, 25, 25, 25], "b_eggs_laid": [0, 1, 1, 1, 1, 2, 2, 2, 2, 3, 3, 3, 3, 4, 4, 4, 4, 5, 5, 5, 5, 6, 6, 6, 6, 7, 7, 7, 7, 8, 8, 8, 8, 9, 9, 9, 9, 10, 10, 10, 10, 11, 11, 11, 11, 12, 12, 12, 12, 12, 12, 12, 12, 12, 12, 13, 13, 13, 13, 14, 14, 14, 14, 15, 15, 15, 15, 15, 15, 15, 15, 15, 15, 15, 15, 15, 15, 15, 15, 15], "a_turds_left": [5, 5, 5, 5, 5, 5, 5, 5, 5, 5, 5, 5, 5, 5, 5, 5, 5, 5, 5, 5, 5, 5, 5, 5, 5, 5, 5, 5, 5, 5, 5, 5, 5, 5, 5, 5, 5, 5, 5, 5, 5, 5, 5, 5, 5, 5, 5, 5, 5, 5, 5, 5, 5, 5, 5, 5, 5, 5, 5, 5, 5, 5, 5, 5, 5, 5, 5, 5, 5, 5, 5, 5, 5, 5, 5, 5, 5, 5, 5, 5], "b_turds_left": [5, 5, 5, 4, 4, 4, 4, 3, 3, 3, 3, 2, 2, 2, 2, 1, 1, 1, 1, 1, 1, 1, 1, 1, 1, 1, 1, 1, 1, 1, 1, 1, 1, 1, 1, 1, 1, 1, 1, 1, 1, 1, 1, 1, 1, 1, 1, 1, 1, 1, 1, 1, 1, 1, 1, 1, 1, 1, 1, 1, 1, 1, 1, 1, 1, 1, 1, 1, 1, 1, 1, 1, 1, 1, 1, 1, 1, 1, 1, 1], "a_time_left": [359.9594605829916, 359.9594605829916, 359.9157799159875, 359.9157799159875, 359.8502447079809, 359.8502447079809, 359.807539499976, 359.807539499976, 359.72747866698774, 359.72747866698774, 359.6732571249886, 359.6732571249886, 359.6207479170116, 359.6207479170116, 359.5643645840173, 359.5643645840173, 359.4870122500288, 359.4870122500288, 359.444547333027, 359.444547333027, 359.40327491701464, 359.40327491701464, 359.35659341700375, 359.35659341700375, 359.307265749987, 359.307265749987, 359.2650290419988, 359.2650290419988, 359.21593287499854, 359.21593287499854, 359.1791244579945, 359.1791244579945, 359.1330584989919, 359.1330584989919, 359.0966969159781, 359.0966969159781, 359.0419669569819, 359.0419669569819, 358.98973345698323, 358.98973345698323, 358.9423544149904, 358.9423544149904, 358.9177182489948, 358.9177182489948, 358.8872658740147, 358.8872658740147, 358.85812758203247, 358.85812758203247, 358.8040241660201, 358.8040241660201, 358.7823622080032, 358.7823622080032, 358.7576660000195, 358.7576660000195, 358.7247467500274, 358.7247467500274, 358.68817925002077, 358.68817925002077, 358.6659665830084, 358.6659665830084, 358.6517817490094, 358.6517817490094, 358.6078766240098, 358.6078766240098, 358.5802938329871, 358.5802938329871, 358.5537630410108, 358.5537630410108, 358.5431250410038, 358.5431250410038, 358.51696175002144, 358.51696175002144, 358.50559637500555, 358.50559637500555, 358.476545374986, 358.476545374986, 358.4578532910091, 358.4578532910091, 358.44520024902886, 358.44520024902886], "b_time_left": [360, 359.86751312500564, 359.86751312500564, 359.71030141602387, 359.71030141602387, 359.5264460830367, 359.5264460830367, 359.3370338330278, 359.3370338330278, 359.1547247490089, 359.1547247490089, 359.0205468330241, 359.0205468330241, 358.8102659160213, 358.8102659160213, 358.6218441660167, 358.6218441660167, 358.46139987400966, 358.46139987400966, 358.35627887400915, 358.35627887400915, 358.2148277070082, 358.2148277070082, 358.10088128998177, 358.10088128998177, 357.9127306229784, 357.9127306229784, 357.7840435819817, 357.7840435819817, 357.6030467909877, 357.6030467909877, 357.51695433296845, 357.51695433296845, 357.3640618749778, 357.3640618749778, 357.31933266698616, 357.31933266698616, 357.1491159169818, 357.1491159169818, 356.9624697919935, 356.9624697919935, 356.860881666973, 356.860881666973, 356.80390983397956, 356.80390983397956, 356.72006450098706, 356.72006450098706, 356.65890258396394, 356.65890258396394, 356.6099984589673, 356.6099984589673, 356.5840697089734, 356.5840697089734, 356.55039945896715, 356.55039945896715, 356.48036558396416, 356.48036558396416, 356.42648716797703, 356.42648716797703, 356.40062816799036, 356.40062816799036, 356.3454900009674, 356.3454900009674, 356.304855667986, 356.304855667986, 356.2534508339886, 356.2534508339886, 356.22863850099384, 356.22863850099384, 356.17352254199795, 356.17352254199795, 356.14628766698297, 356.14628766698297, 356.06686208298197, 356.06686208298197, 356.0427533329639, 356.0427533329639, 356.0248703749676, 356.0248703749676, 356.0223214169673], "a_moves_left": [39, 39, 38, 38, 37, 37, 36, 36, 35, 35, 34, 34, 33, 33, 32, 32, 31, 31, 30, 30, 29, 29, 28, 28, 27, 27, 26, 26, 25, 25, 24, 24, 23, 23, 22, 22, 21, 21, 20, 20, 19, 19, 18, 18, 17, 17, 16, 16, 15, 15, 14, 14, 13, 13, 12, 12, 11, 11, 10, 10, 9, 9, 8, 8, 7, 7, 6, 6, 5, 5, 4, 4, 3, 3, 2, 2, 1, 1, 0, 0], "b_moves_left": [40, 39, 39, 38, 38, 37, 37, 36, 36, 35, 35, 34, 34, 33, 33, 32, 32, 31, 31, 30, 30, 29, 29, 28, 28, 27, 27, 26, 26, 25, 25, 24, 24, 23, 23, 22, 22, 21, 21, 20, 20, 19, 19, 18, 18, 17, 17, 16, 16, 15, 15, 14, 14, 13, 13, 12, 12, 11, 11, 10, 10, 9, 9, 8, 8, 7, 7, 6, 6, 5, 5, 4, 4, 3, 3, 2, 2, 1, 1, 0], "trapdoor_triggered": [0, 0, 0, 0, 0, 0, 0, 0, 0, 0, 0, 0, 0, 0, 0, 0, 0, 0, 0, 0, 0, 0, 0, 0, 0, 0, 0, 0, 0, 0, 0, 0, 0, 0, 0, 0, 0, 0, 0, 0, 0, 0, 0, 0, 0, 0, 0, 0, 0, 1, 0, 0, 0, 0, 0, 0, 0, 0, 0, 0, 0, 0, 0, 0, 0, 0, 0, 0, 0, 0, 0, 0, 0, 1, 0, 0, 0, 0, 0, 0], "left_behind": ["egg", "egg", "plain", "turd", "egg", "egg", "plain", "turd", "egg", "egg", "plain", "turd", "egg", "egg", "plain", "turd", "egg", "egg", "plain", "plain", "egg", "egg", "plain", "plain", "egg", "egg", "plain", "plain", "egg", "egg", "plain", "plain", "egg", "egg", "plain", "plain", "egg", "egg", "plain", "plain", "egg", "egg", "plain", "plain", "egg", "egg", "plain", "plain", "egg", "plain", "plain", "plain", "egg", "plain", "plain", "egg", "egg", "plain", "plain", "egg", "plain", "plain", "plain", "egg", "plain", "plain", "plain", "plain", "plain", "plain", "plain", "plain", "plain", "plain", "plain", "plain", "plain", "plain", "plain", "plain"], "errlog_a": "", "errlog_b": "", "start_time": 360, "start_moves": 40, "turn_count": 80, "result": 0, "reason": "EGGS_LAID", "trapdoors": [[2, 2], [3, 2]], "spawn_a": [7, 1], "spawn_b": [0, 1]}