{"pos": [[7, 4], [0, 6], [7, 3], [0, 7], [7, 2], [0, 6], [7, 1], [1, 6], [7, 2], [2, 6], [6, 2], [2, 5], [6, 1], [0, 5], [6, 0], [0, 4], [6, 1], [0, 3], [5, 1], [1, 3], [4, 1], [1, 4], [4, 0], [2, 4], [4, 1], [3, 4], [4, 2], [4, 4], [7, 5], [4, 5], [7, 6], [4, 6], [7, 7], [5, 6], [7, 6], [6, 6], [7, 5], [6, 5], [7, 4], [6, 4], [7, 3], [6, 3], [7, 2], [5, 3], [7, 1], [5, 2], [7, 0], [5, 3], [7, 1], [5, 4], [7, 0], [5, 3], [7, 1], [5, 4], [7, 0], [5, 3], [7, 1], [5, 4], [7, 0], [5, 3], [7, 1], [5, 4], [7, 0], [5, 3], [7, 1], [5, 4], [7, 0], [5, 3], [7, 1], [5, 4], [7, 0], [5, 3], [7, 1], [5, 4], [7, 0], [5, 3], [7, 1], [5, 2], [7, 0], [5, 3]], "a_eggs_laid": [1, 1, 1, 1, 2, 2, 2, 2, 3, 3, 3, 3, 4, 4, 8, 8, 9, 9, 9, 9, 10, 10, 10, 10, 11, 11, 11, 11, 12, 12, 12, 12, 12, 12, 15, 15, 15, 15, 15, 15, 15, 15, 15, 15, 15, 15, 15, 15, 15, 15, 15, 15, 15, 15, 15, 15, 15, 15, 15, 15, 15, 15, 15, 15, 15, 15, 15, 15, 15, 15, 15, 15, 15, 15, 15, 15, 15, 15, 15, 15], "b_eggs_laid": [0, 1, 1, 1, 1, 4, 4, 4, 4, 5, 5, 5, 5, 6, 6, 6, 6, 6, 6, 7, 7, 7, 7, 8, 8, 8, 8, 9, 9, 13, 13, 14, 14, 14, 14, 15, 15, 15, 15, 16, 16, 16, 16, 17, 17, 17, 17, 18, 18, 18, 18, 19, 19, 19, 19, 19, 19, 19, 19, 19, 19, 19, 19, 19, 19, 19, 19, 19, 19, 19, 19, 19, 19, 19, 19, 19, 19, 19, 19, 19], "a_turds_left": [5, 5, 5, 5, 5, 5, 5, 5, 5, 5, 5, 5, 5, 5, 5, 5, 5, 5, 5, 5, 5, 5, 5, 5, 5, 5, 5, 5, 5, 5, 5, 5, 5, 5, 5, 5, 5, 5, 5, 5, 5, 5, 5, 5, 5, 5, 5, 5, 5, 5, 5, 5, 5, 5, 5, 5, 5, 5, 5, 5, 5, 5, 5, 5, 5, 5, 5, 5, 5, 5, 5, 5, 5, 5, 5, 5, 5, 5, 5, 5], "b_turds_left": [5, 5, 5, 5, 5, 5, 5, 5, 5, 5, 5, 5, 5, 5, 5, 5, 5, 5, 5, 5, 5, 4, 4, 4, 4, 3, 3, 3, 3, 2, 2, 2, 2, 1, 1, 1, 1, 1, 1, 1, 1, 1, 1, 1, 1, 1, 1, 1, 1, 0, 0, 0, 0, 0, 0, 0, 0, 0, 0, 0, 0, 0, 0, 0, 0, 0, 0, 0, 0, 0, 0, 0, 0, 0, 0, 0, 0, 0, 0, 0], "a_time_left": [359.9524950830091, 359.9524950830091, 359.924487833021, 359.924487833021, 359.897591542016, 359.897591542016, 359.870267625025, 359.870267625025, 359.8233875000442, 359.8233875000442, 359.794032875041, 359.794032875041, 359.72158350003883, 359.72158350003883, 359.69908000004943, 359.69908000004943, 359.66214116604533, 359.66214116604533, 359.6261037500517, 359.6261037500517, 359.5576882920286, 359.5576882920286, 359.4999658750312, 359.4999658750312, 359.44780883402564, 359.44780883402564, 359.401323084021, 359.401323084021, 359.3411699180142, 359.3411699180142, 359.32274887603126, 359.32274887603126, 359.28925329301273, 359.28925329301273, 359.26148958399426, 359.26148958399426, 359.2567046250042, 359.2567046250042, 359.25008237501606, 359.25008237501606, 359.2441425420111, 359.2441425420111, 359.2394337920123, 359.2394337920123, 359.21951187500963, 359.21951187500963, 359.21428975003073, 359.21428975003073, 359.1992022920167, 359.1992022920167, 359.19041495901183, 359.19041495901183, 359.1813048340264, 359.1813048340264, 359.175860709016, 359.175860709016, 359.16673325101146, 359.16673325101146, 359.161241334019, 359.161241334019, 359.1521580420376, 359.1521580420376, 359.14672345804865, 359.14672345804865, 359.13792012503836, 359.13792012503836, 359.13243270805106, 359.13243270805106, 359.1233138330572, 359.1233138330572, 359.1178699170705, 359.1178699170705, 359.1086770420952, 359.1086770420952, 359.10323708408396, 359.10323708408396, 359.0938826680649, 359.0938826680649, 359.0929447100789, 359.0929447100789], "b_time_left": [360, 359.6746254590107, 359.6746254590107, 359.13698841800215, 359.13698841800215, 358.93430262600305, 358.93430262600305, 358.4266272090026, 358.4266272090026, 357.943540459004, 357.943540459004, 357.17644925098284, 357.17644925098284, 356.76756700099213, 356.76756700099213, 356.41851529298583, 356.41851529298583, 355.68839141799253, 355.68839141799253, 355.30500100101926, 355.30500100101926, 354.5141715420177, 354.5141715420177, 354.0890553750214, 354.0890553750214, 353.01931350002997, 353.01931350002997, 352.65781312502804, 352.65781312502804, 352.0532884170243, 352.0532884170243, 351.8447470420215, 351.8447470420215, 351.46177895902656, 351.46177895902656, 351.2480538750242, 351.2480538750242, 351.08353050003643, 351.08353050003643, 350.937831709045, 350.937831709045, 350.64572575103375, 350.64572575103375, 350.4466275840241, 350.4466275840241, 350.1414836680051, 350.1414836680051, 350.0460507099924, 350.0460507099924, 349.7258152939903, 349.7258152939903, 349.51987946097506, 349.51987946097506, 349.40055816897075, 349.40055816897075, 349.1956820859632, 349.1956820859632, 349.076350127958, 349.076350127958, 348.87244583596475, 348.87244583596475, 348.75274387796526, 348.75274387796526, 348.5486532529467, 348.5486532529467, 348.4294914609636, 348.4294914609636, 348.2249654609477, 348.2249654609477, 348.10564662795514, 348.10564662795514, 347.89999366996926, 347.89999366996926, 347.78069316997426, 347.78069316997426, 347.69090312797925, 347.69090312797925, 347.68258104499546, 347.68258104499546, 347.6822952119983], "a_moves_left": [39, 39, 38, 38, 37, 37, 36, 36, 35, 35, 34, 34, 33, 33, 32, 32, 31, 31, 30, 30, 29, 29, 28, 28, 27, 27, 26, 26, 25, 25, 24, 24, 23, 23, 22, 22, 21, 21, 20, 20, 19, 19, 18, 18, 17, 17, 16, 16, 15, 15, 14, 14, 13, 13, 12, 12, 11, 11, 10, 10, 9, 9, 8, 8, 7, 7, 6, 6, 5, 5, 4, 4, 3, 3, 2, 2, 1, 1, 0, 0], "b_moves_left": [40, 39, 39, 38, 38, 37, 37, 36, 36, 35, 35, 34, 34, 33, 33, 32, 32, 31, 31, 30, 30, 29, 29, 28, 28, 27, 27, 26, 26, 25, 25, 24, 24, 23, 23, 22, 22, 21, 21, 20, 20, 19, 19, 18, 18, 17, 17, 16, 16, 15, 15, 14, 14, 13, 13, 12, 12, 11, 11, 10, 10, 9, 9, 8, 8, 7, 7, 6, 6, 5, 5, 4, 4, 3, 3, 2, 2, 1, 1, 0], "trapdoor_triggered": [0, 0, 0, 0, 0, 0, 0, 0, 0, 0, 0, 0, 0, 1, 0, 0, 0, 0, 0, 0, 0, 0, 0, 0, 0, 0, 0, 0, 1, 0, 0, 0, 0, 0, 0, 0, 0, 0, 0, 0, 0, 0, 0, 0, 0, 0, 0, 0, 0, 0, 0, 0, 0, 0, 0, 0, 0, 0, 0, 0, 0, 0, 0, 0, 0, 0, 0, 0, 0, 0, 0, 0, 0, 0, 0, 0, 0, 0, 0, 0], "left_behind": ["egg", "egg", "plain", "plain", "egg", "egg", "plain", "plain", "egg", "egg", "plain", "plain", "egg", "egg", "plain", "plain", "egg", "plain", "plain", "egg", "egg", "turd", "plain", "egg", "egg", "turd", "plain", "egg", "egg", "turd", "plain", "egg", "plain", "turd", "egg", "egg", "plain", "plain", "plain", "egg", "plain", "plain", "plain", "egg", "plain", "plain", "plain", "egg", "plain", "turd", "plain", "egg", "plain", "plain", "plain", "plain", "plain", "plain", "plain", "plain", "plain", "plain", "plain", "plain", "plain", "plain", "plain", "plain", "plain", "plain", "plain", "plain", "plain", "plain", "plain", "plain", "plain", "plain", "plain", "plain"], "errlog_a": "", "errlog_b": "", "start_time": 360, "start_moves": 40, "turn_count": 80, "result": 1, "reason": "EGGS_LAID", "trapdoors": [[3, 5], [4, 3]], "spawn_a": [7, 5], "spawn_b": [0, 5]}