{"pos": [[7, 2], [1, 1], [7, 3], [2, 1], [7, 2], [3, 1], [6, 2], [4, 1], [6, 3], [4, 2], [6, 4], [5, 2], [6, 5], [4, 2], [7, 5], [3, 2], [7, 6], [2, 2], [7, 7], [2, 3], [7, 6], [1, 3], [6, 6], [1, 2], [5, 6], [1, 3], [5, 7], [1, 4], [5, 6], [1, 5], [4, 6], [2, 5], [5, 6], [2, 6], [5, 5], [3, 6], [4, 5], [0, 1], [4, 4], [0, 0], [5, 4], [1, 0], [5, 3], [2, 0], [6, 3], [3, 0], [6, 2], [4, 0], [6, 1], [5, 0], [5, 1], [4, 0], [6, 1], [5, 0], [6, 0], [4, 0], [7, 0], [5, 0], [7, 1], [4, 0], [7, 0], [5, 0], [7, 1], [4, 0], [7, 0], [5, 0], [7, 1], [4, 0], [7, 0], [5, 0], [7, 1], [4, 0], [7, 0], [5, 0], [7, 1], [4, 0], [7, 0], [5, 0], [7, 1], [4, 0]], "a_eggs_laid": [1, 1, 1, 1, 2, 2, 2, 2, 3, 3, 3, 3, 4, 4, 4, 4, 5, 5, 5, 5, 8, 8, 8, 8, 9, 9, 9, 9, 10, 10, 10, 10, 11, 11, 11, 11, 12, 12, 16, 16, 17, 17, 17, 17, 18, 18, 18, 18, 18, 18, 18, 18, 19, 19, 19, 19, 20, 20, 20, 20, 20, 20, 20, 20, 20, 20, 20, 20, 20, 20, 20, 20, 20, 20, 20, 20, 20, 20, 20, 20], "b_eggs_laid": [0, 1, 1, 1, 1, 2, 2, 2, 2, 3, 3, 3, 3, 4, 4, 4, 4, 5, 5, 5, 5, 6, 6, 6, 6, 7, 7, 7, 7, 8, 8, 8, 8, 9, 9, 9, 9, 10, 10, 10, 10, 10, 10, 11, 11, 11, 11, 12, 12, 12, 12, 13, 13, 13, 13, 13, 13, 13, 13, 13, 13, 13, 13, 13, 13, 13, 13, 13, 13, 13, 13, 13, 13, 13, 13, 13, 13, 13, 13, 13], "a_turds_left": [5, 5, 5, 5, 5, 5, 5, 5, 5, 5, 5, 5, 5, 5, 5, 5, 5, 5, 5, 5, 5, 5, 5, 5, 5, 5, 5, 5, 5, 5, 5, 5, 5, 5, 5, 5, 5, 5, 5, 5, 5, 5, 5, 5, 5, 5, 5, 5, 5, 5, 5, 5, 5, 5, 5, 5, 5, 5, 5, 5, 5, 5, 5, 5, 5, 5, 5, 5, 5, 5, 5, 5, 5, 5, 5, 5, 5, 5, 4, 4], "b_turds_left": [5, 5, 5, 4, 4, 4, 4, 3, 3, 3, 3, 2, 2, 2, 2, 2, 2, 2, 2, 1, 1, 1, 1, 1, 1, 1, 1, 1, 1, 1, 1, 1, 1, 1, 1, 1, 1, 1, 1, 1, 1, 1, 1, 1, 1, 1, 1, 1, 1, 1, 1, 1, 1, 1, 1, 1, 1, 1, 1, 1, 1, 1, 1, 1, 1, 1, 1, 1, 1, 1, 1, 1, 1, 1, 1, 1, 1, 0, 0, 0], "a_time_left": [359.96021974999167, 359.96021974999167, 359.9295041249861, 359.9295041249861, 359.88348737498745, 359.88348737498745, 359.86287824998726, 359.86287824998726, 359.81728445798217, 359.81728445798217, 359.7877224159747, 359.7877224159747, 359.7546742069826, 359.7546742069826, 359.73334191598406, 359.73334191598406, 359.6945289159921, 359.6945289159921, 359.6714036249905, 359.6714036249905, 359.6493943329988, 359.6493943329988, 359.63295433300664, 359.63295433300664, 359.58893383300165, 359.58893383300165, 359.5575986240001, 359.5575986240001, 359.5229820829991, 359.5229820829991, 359.49295116600115, 359.49295116600115, 359.44310645801306, 359.44310645801306, 359.41597491601715, 359.41597491601715, 359.3766238740209, 359.3766238740209, 359.3682852490165, 359.3682852490165, 359.3501719160122, 359.3501719160122, 359.3326324580121, 359.3326324580121, 359.3167811240128, 359.3167811240128, 359.29982016500435, 359.29982016500435, 359.2929415819963, 359.2929415819963, 359.2831395819958, 359.2831395819958, 359.2761632069887, 359.2761632069887, 359.2715763729939, 359.2715763729939, 359.2564442479925, 359.2564442479925, 359.25479403999634, 359.25479403999634, 359.24679137299245, 359.24679137299245, 359.24512141398736, 359.24512141398736, 359.23717470599513, 359.23717470599513, 359.23552412199206, 359.23552412199206, 359.2275345800008, 359.2275345800008, 359.2258746220032, 359.2258746220032, 359.2177937880042, 359.2177937880042, 359.2160465800116, 359.2160465800116, 359.20778841401625, 359.20778841401625, 359.20705720601836, 359.20705720601836], "b_time_left": [360, 359.9643012910092, 359.9643012910092, 359.9269198740076, 359.9269198740076, 359.8949252490129, 359.8949252490129, 359.867253791017, 359.867253791017, 359.82706354102993, 359.82706354102993, 359.7987776240334, 359.7987776240334, 359.7657057490287, 359.7657057490287, 359.75338637402456, 359.75338637402456, 359.71915824901953, 359.71915824901953, 359.70338845702645, 359.70338845702645, 359.67152633202204, 359.67152633202204, 359.6472328740201, 359.6472328740201, 359.6044924150192, 359.6044924150192, 359.58614220701566, 359.58614220701566, 359.5363822910149, 359.5363822910149, 359.50890499902016, 359.50890499902016, 359.47769433302165, 359.47769433302165, 359.4533848750143, 359.4533848750143, 359.43306904201745, 359.43306904201745, 359.4255113330146, 359.4255113330146, 359.41702133300714, 359.41702133300714, 359.4032779580157, 359.4032779580157, 359.3887875420187, 359.3887875420187, 359.3786629170063, 359.3786629170063, 359.3675670840021, 359.3675670840021, 359.3630092509993, 359.3630092509993, 359.35281821001263, 359.35281821001263, 359.350990669016, 359.350990669016, 359.34534650301794, 359.34534650301794, 359.34341912802483, 359.34341912802483, 359.3376434200327, 359.3376434200327, 359.3358661280363, 359.3358661280363, 359.32981737803493, 359.32981737803493, 359.3280288370297, 359.3280288370297, 359.3222215040296, 359.3222215040296, 359.32046675404126, 359.32046675404126, 359.31407904604566, 359.31407904604566, 359.3123250460485, 359.3123250460485, 359.30781283805845, 359.30781283805845, 359.3076682550454], "a_moves_left": [39, 39, 38, 38, 37, 37, 36, 36, 35, 35, 34, 34, 33, 33, 32, 32, 31, 31, 30, 30, 29, 29, 28, 28, 27, 27, 26, 26, 25, 25, 24, 24, 23, 23, 22, 22, 21, 21, 20, 20, 19, 19, 18, 18, 17, 17, 16, 16, 15, 15, 14, 14, 13, 13, 12, 12, 11, 11, 10, 10, 9, 9, 8, 8, 7, 7, 6, 6, 5, 5, 4, 4, 3, 3, 2, 2, 1, 1, 0, 0], "b_moves_left": [40, 39, 39, 38, 38, 37, 37, 36, 36, 35, 35, 34, 34, 33, 33, 32, 32, 31, 31, 30, 30, 29, 29, 28, 28, 27, 27, 26, 26, 25, 25, 24, 24, 23, 23, 22, 22, 21, 21, 20, 20, 19, 19, 18, 18, 17, 17, 16, 16, 15, 15, 14, 14, 13, 13, 12, 12, 11, 11, 10, 10, 9, 9, 8, 8, 7, 7, 6, 6, 5, 5, 4, 4, 3, 3, 2, 2, 1, 1, 0], "trapdoor_triggered": [0, 0, 0, 0, 0, 0, 0, 0, 0, 0, 0, 0, 0, 0, 0, 0, 0, 0, 0, 0, 0, 0, 0, 0, 0, 0, 0, 0, 0, 0, 0, 0, 0, 0, 0, 0, 0, 1, 0, 0, 0, 0, 0, 0, 0, 0, 0, 0, 0, 0, 0, 0, 0, 0, 0, 0, 0, 0, 0, 0, 0, 0, 0, 0, 0, 0, 0, 0, 0, 0, 0, 0, 0, 0, 0, 0, 0, 0, 0, 0], "left_behind": ["egg", "egg", "plain", "turd", "egg", "egg", "plain", "turd", "egg", "egg", "plain", "turd", "egg", "egg", "plain", "plain", "egg", "egg", "plain", "turd", "egg", "egg", "plain", "plain", "egg", "egg", "plain", "plain", "egg", "egg", "plain", "plain", "egg", "egg", "plain", "plain", "egg", "egg", "plain", "plain", "egg", "plain", "plain", "egg", "egg", "plain", "plain", "egg", "plain", "plain", "plain", "egg", "egg", "plain", "plain", "plain", "egg", "plain", "plain", "plain", "plain", "plain", "plain", "plain", "plain", "plain", "plain", "plain", "plain", "plain", "plain", "plain", "plain", "plain", "plain", "plain", "plain", "turd", "turd", "plain"], "errlog_a": "", "errlog_b": "", "start_time": 360, "start_moves": 40, "turn_count": 80, "result": 0, "reason": "EGGS_LAID", "trapdoors": [[3, 5], [4, 3]], "spawn_a": [7, 1], "spawn_b": [0, 1]}