{"pos": [[7, 4], [0, 6], [7, 3], [0, 7], [7, 2], [0, 6], [7, 1], [1, 6], [7, 2], [2, 6], [6, 2], [2, 5], [6, 1], [3, 5], [6, 0], [4, 5], [6, 1], [0, 5], [5, 1], [0, 4], [4, 1], [0, 3], [4, 0], [1, 3], [4, 1], [2, 3], [4, 2], [2, 2], [3, 2], [1, 2], [3, 1], [2, 2], [2, 1], [3, 2], [2, 0], [3, 3], [2, 1], [4, 3], [2, 2], [5, 3], [2, 1], [5, 2], [1, 1], [5, 3], [1, 0], [6, 3], [0, 0], [6, 4], [1, 0], [7, 4], [2, 0], [6, 4], [3, 0], [6, 5], [4, 0], [6, 6], [5, 0], [7, 6], [6, 0], [6, 6], [7, 0], [5, 6], [7, 1], [5, 7], [7, 0], [4, 7], [7, 1], [4, 6], [7, 0], [3, 6], [7, 1], [3, 5], [7, 0], [0, 5], [7, 1], [0, 4], [7, 0], [0, 3], [7, 1], [0, 2]], "a_eggs_laid": [1, 1, 1, 1, 2, 2, 2, 2, 3, 3, 3, 3, 4, 4, 4, 4, 5, 5, 9, 9, 10, 10, 10, 10, 11, 11, 11, 11, 12, 12, 12, 12, 13, 13, 13, 13, 14, 14, 14, 14, 15, 15, 15, 15, 16, 16, 16, 16, 19, 19, 19, 19, 19, 19, 19, 19, 19, 19, 19, 19, 19, 19, 19, 19, 19, 19, 19, 19, 19, 19, 19, 19, 19, 19, 23, 23, 23, 23, 23, 23], "b_eggs_laid": [0, 1, 1, 1, 1, 4, 4, 4, 4, 5, 5, 5, 5, 6, 6, 6, 6, 7, 7, 7, 7, 7, 7, 8, 8, 8, 8, 9, 9, 9, 9, 10, 10, 10, 10, 11, 11, 11, 11, 12, 12, 12, 12, 13, 13, 13, 13, 14, 14, 14, 14, 15, 15, 15, 15, 16, 16, 16, 16, 17, 17, 17, 17, 18, 18, 18, 18, 19, 19, 19, 19, 20, 20, 20, 20, 20, 20, 20, 20, 20], "a_turds_left": [5, 5, 5, 5, 5, 5, 5, 5, 5, 5, 5, 5, 5, 5, 5, 5, 5, 5, 5, 5, 5, 5, 5, 5, 5, 5, 5, 5, 5, 5, 5, 5, 5, 5, 5, 5, 5, 5, 5, 5, 5, 5, 5, 5, 5, 5, 5, 5, 5, 5, 5, 5, 5, 5, 5, 5, 5, 5, 5, 5, 5, 5, 5, 5, 5, 5, 5, 5, 5, 5, 5, 5, 5, 5, 5, 5, 5, 5, 5, 5], "b_turds_left": [5, 5, 5, 5, 5, 5, 5, 5, 5, 5, 5, 5, 5, 5, 5, 4, 4, 4, 4, 4, 4, 4, 4, 4, 4, 3, 3, 3, 3, 3, 3, 3, 3, 3, 3, 3, 3, 2, 2, 2, 2, 2, 2, 2, 2, 2, 2, 2, 2, 2, 2, 2, 2, 2, 2, 2, 2, 2, 2, 2, 2, 2, 2, 2, 2, 2, 2, 2, 2, 2, 2, 2, 2, 2, 2, 2, 2, 1, 1, 1], "a_time_left": [359.9541332499939, 359.9541332499939, 359.92696833299124, 359.92696833299124, 359.90066604100866, 359.90066604100866, 359.8737559989968, 359.8737559989968, 359.8275284579722, 359.8275284579722, 359.7987962499901, 359.7987962499901, 359.73056658299174, 359.73056658299174, 359.6886517080129, 359.6886517080129, 359.642047833011, 359.642047833011, 359.6226732500072, 359.6226732500072, 359.567031625018, 359.567031625018, 359.5230340840062, 359.5230340840062, 359.47773183402023, 359.47773183402023, 359.4321072920284, 359.4321072920284, 359.3709396670456, 359.3709396670456, 359.3361292090267, 359.3361292090267, 359.2908352090453, 359.2908352090453, 359.2741827510472, 359.2741827510472, 359.22371700103395, 359.22371700103395, 359.1940510010172, 359.1940510010172, 359.17646895902, 359.17646895902, 359.1638264170033, 359.1638264170033, 359.12358429201413, 359.12358429201413, 359.1067321250157, 359.1067321250157, 359.0755506250134, 359.0755506250134, 359.0671642910165, 359.0671642910165, 359.05182875000173, 359.05182875000173, 359.02864616698935, 359.02864616698935, 359.01110074997996, 359.01110074997996, 358.9951329169562, 358.9951329169562, 358.98017158397124, 358.98017158397124, 358.96011974997236, 358.96011974997236, 358.9492652079789, 358.9492652079789, 358.93448099898524, 358.93448099898524, 358.9210740409908, 358.9210740409908, 358.9008219160023, 358.9008219160023, 358.8914644579927, 358.8914644579927, 358.8840070409933, 358.8840070409933, 358.87302020797506, 358.87302020797506, 358.870446832967, 358.870446832967], "b_time_left": [360, 359.600888749992, 359.600888749992, 359.0580946249829, 359.0580946249829, 358.8601628749748, 358.8601628749748, 358.34860412497073, 358.34860412497073, 357.8778452919505, 357.8778452919505, 357.15706437596236, 357.15706437596236, 356.67912087595323, 356.67912087595323, 355.7266693339625, 355.7266693339625, 355.0966073339514, 355.0966073339514, 354.75005137594417, 354.75005137594417, 354.2613742509566, 354.2613742509566, 353.981712750945, 353.981712750945, 353.0801651669317, 353.0801651669317, 352.59763170892256, 352.59763170892256, 352.41954616692965, 352.41954616692965, 352.0877007089148, 352.0877007089148, 351.89577370890765, 351.89577370890765, 351.7144126249186, 351.7144126249186, 351.10196570892003, 351.10196570892003, 351.03483370892354, 351.03483370892354, 350.5393533759343, 350.5393533759343, 350.4627754599496, 350.4627754599496, 349.9907319599297, 349.9907319599297, 349.85630916792434, 349.85630916792434, 349.2901740009256, 349.2901740009256, 349.2012909169134, 349.2012909169134, 348.5792072919139, 348.5792072919139, 348.30171045893803, 348.30171045893803, 347.7334394589416, 347.7334394589416, 347.57770450093085, 347.57770450093085, 347.11302566793165, 347.11302566793165, 346.81463820894714, 346.81463820894714, 346.43889458396006, 346.43889458396006, 346.243320250971, 346.243320250971, 345.73588729297626, 345.73588729297626, 345.4399182929774, 345.4399182929774, 345.22132920997683, 345.22132920997683, 345.13483012697543, 345.13483012697543, 345.11151095997775, 345.11151095997775, 345.1105057099776], "a_moves_left": [39, 39, 38, 38, 37, 37, 36, 36, 35, 35, 34, 34, 33, 33, 32, 32, 31, 31, 30, 30, 29, 29, 28, 28, 27, 27, 26, 26, 25, 25, 24, 24, 23, 23, 22, 22, 21, 21, 20, 20, 19, 19, 18, 18, 17, 17, 16, 16, 15, 15, 14, 14, 13, 13, 12, 12, 11, 11, 10, 10, 9, 9, 8, 8, 7, 7, 6, 6, 5, 5, 4, 4, 3, 3, 2, 2, 1, 1, 0, 0], "b_moves_left": [40, 39, 39, 38, 38, 37, 37, 36, 36, 35, 35, 34, 34, 33, 33, 32, 32, 31, 31, 30, 30, 29, 29, 28, 28, 27, 27, 26, 26, 25, 25, 24, 24, 23, 23, 22, 22, 21, 21, 20, 20, 19, 19, 18, 18, 17, 17, 16, 16, 15, 15, 14, 14, 13, 13, 12, 12, 11, 11, 10, 10, 9, 9, 8, 8, 7, 7, 6, 6, 5, 5, 4, 4, 3, 3, 2, 2, 1, 1, 0], "trapdoor_triggered": [0, 0, 0, 0, 0, 0, 0, 0, 0, 0, 0, 0, 0, 0, 0, 0, 0, 1, 0, 0, 0, 0, 0, 0, 0, 0, 0, 0, 0, 0, 0, 0, 0, 0, 0, 0, 0, 0, 0, 0, 0, 0, 0, 0, 0, 0, 0, 0, 0, 0, 0, 0, 0, 0, 0, 0, 0, 0, 0, 0, 0, 0, 0, 0, 0, 0, 0, 0, 0, 0, 0, 0, 0, 1, 0, 0, 0, 0, 0, 0], "left_behind": ["egg", "egg", "plain", "plain", "egg", "egg", "plain", "plain", "egg", "egg", "plain", "plain", "egg", "egg", "plain", "turd", "egg", "egg", "plain", "plain", "egg", "plain", "plain", "egg", "egg", "turd", "plain", "egg", "egg", "plain", "plain", "egg", "egg", "plain", "plain", "egg", "egg", "turd", "plain", "egg", "egg", "plain", "plain", "egg", "egg", "plain", "plain", "egg", "egg", "plain", "plain", "egg", "plain", "plain", "plain", "egg", "plain", "plain", "plain", "egg", "plain", "plain", "plain", "egg", "plain", "plain", "plain", "egg", "plain", "plain", "plain", "egg", "plain", "plain", "plain", "plain", "plain", "turd", "plain", "plain"], "errlog_a": "", "errlog_b": "", "start_time": 360, "start_moves": 40, "turn_count": 80, "result": 0, "reason": "EGGS_LAID", "trapdoors": [[4, 4], [3, 4]], "spawn_a": [7, 5], "spawn_b": [0, 5]}