{"pos": [[7, 2], [1, 1], [7, 3], [1, 2], [7, 2], [1, 3], [6, 2], [1, 4], [6, 1], [1, 5], [6, 0], [2, 5], [6, 1], [1, 5], [5, 1], [1, 4], [5, 2], [2, 4], [7, 1], [1, 4], [7, 2], [2, 4], [7, 1], [3, 4], [7, 2], [4, 4], [7, 1], [5, 4], [7, 2], [6, 4], [7, 1], [6, 3], [6, 1], [6, 4], [6, 0]], "a_eggs_laid": [1, 1, 1, 1, 2, 2, 2, 2, 3, 3, 3, 3, 4, 4, 4, 4, 5, 5, 5, 5, 5, 5, 5, 5, 5, 5, 5, 5, 5, 5, 5, 5, 5, 5, 5], "b_eggs_laid": [0, 1, 1, 1, 1, 2, 2, 2, 2, 3, 3, 3, 3, 4, 4, 4, 4, 4, 4, 8, 8, 8, 8, 8, 8, 9, 9, 9, 9, 10, 10, 10, 10, 11, 11], "a_turds_left": [5, 5, 5, 5, 5, 5, 5, 5, 5, 5, 5, 5, 5, 5, 5, 5, 5, 5, 5, 5, 5, 5, 5, 5, 5, 5, 5, 5, 5, 5, 5, 5, 5, 5, 5], "b_turds_left": [5, 5, 5, 4, 4, 4, 4, 3, 3, 3, 3, 2, 2, 2, 2, 2, 2, 2, 2, 1, 1, 1, 1, 1, 1, 1, 1, 0, 0, 0, 0, 0, 0, 0, 0], "a_time_left": [359.94575008400716, 359.94575008400716, 359.91000466799596, 359.91000466799596, 359.8570162100077, 359.8570162100077, 359.8240365849924, 359.8240365849924, 359.74937195997336, 359.74937195997336, 359.7029832939734, 359.7029832939734, 359.65604558598716, 359.65604558598716, 359.6298050029727, 359.6298050029727, 359.5769135869632, 359.5769135869632, 359.5307650449686, 359.5307650449686, 359.5167848789715, 359.5167848789715, 359.5004391709808, 359.5004391709808, 359.48518329596845, 359.48518329596845, 359.46109692097525, 359.46109692097525, 359.4508197129762, 359.4508197129762, 359.4384179629851, 359.4384179629851, 359.43281258799834, 359.43281258799834, 359.41533846297534], "b_time_left": [360, 355.9997279160016, 355.9997279160016, 351.9992215830134, 351.9992215830134, 347.99905841602595, 347.99905841602595, 343.99883737403434, 343.99883737403434, 339.9984225820226, 339.9984225820226, 335.99804304004647, 335.99804304004647, 331.9976383310277, 331.9976383310277, 327.99744478904177, 327.99744478904177, 323.9969842470309, 323.9969842470309, 319.99650862201815, 319.99650862201815, 315.9963341219991, 315.9963341219991, 311.99615191400517, 311.99615191400517, 307.9957193720038, 307.9957193720038, 303.9953783720266, 303.9953783720266, 299.99488999703317, 299.99488999703317, 298.00994537203223, 298.00994537203223, 296.2380594970309, 296.2380594970309], "a_moves_left": [39, 39, 38, 38, 37, 37, 36, 36, 35, 35, 34, 34, 33, 33, 32, 32, 31, 31, 30, 30, 29, 29, 28, 28, 27, 27, 26, 26, 25, 25, 24, 24, 23, 23, 22], "b_moves_left": [40, 39, 39, 38, 38, 37, 37, 36, 36, 35, 35, 34, 34, 33, 33, 32, 32, 31, 31, 30, 30, 29, 29, 28, 28, 27, 27, 26, 26, 25, 25, 24, 24, 23, 23], "trapdoor_triggered": [0, 0, 0, 0, 0, 0, 0, 0, 0, 0, 0, 0, 0, 0, 0, 0, 0, 0, 1, 0, 0, 0, 0, 0, 0, 0, 0, 0, 0, 0, 0, 0, 0, 0, 0], "left_behind": ["egg", "egg", "plain", "turd", "egg", "egg", "plain", "turd", "egg", "egg", "plain", "turd", "egg", "egg", "plain", "plain", "egg", "plain", "plain", "turd", "plain", "plain", "plain", "plain", "plain", "egg", "plain", "turd", "plain", "egg", "plain", "plain", "plain", "egg", "plain"], "errlog_a": "", "errlog_b": "Timeout", "start_time": 360, "start_moves": 40, "turn_count": 35, "result": 0, "reason": "CODE_CRASH", "trapdoors": [[5, 3], [2, 3]], "spawn_a": [7, 1], "spawn_b": [0, 1]}