{"pos": [[0, 3], [7, 3], [0, 2], [7, 2], [0, 1], [7, 1], [0, 0], [7, 0], [1, 0], [7, 1], [2, 0], [6, 1], [3, 0], [6, 0], [4, 0], [5, 0], [4, 1], [6, 0], [4, 0], [5, 0], [4, 1], [4, 0], [5, 1], [3, 0], [5, 2], [4, 0], [5, 1], [3, 0], [5, 2], [2, 0], [5, 1], [1, 0], [5, 2], [2, 0], [5, 1], [1, 0], [5, 2], [0, 0], [5, 1], [0, 1], [5, 2], [0, 0], [5, 1], [0, 1], [5, 2], [0, 2], [5, 1], [0, 3], [5, 2], [0, 2], [5, 1], [0, 3], [5, 2], [0, 4], [5, 1], [0, 5], [5, 2], [0, 4], [5, 1], [0, 5], [5, 2], [0, 6], [5, 1], [0, 7], [5, 2], [0, 6], [5, 1], [0, 7], [5, 2], [1, 7], [5, 1], [2, 7], [5, 2], [2, 6], [5, 1], [2, 7], [5, 2], [3, 7], [5, 1], [4, 7]], "a_eggs_laid": [0, 0, 0, 0, 0, 0, 0, 0, 0, 0, 0, 0, 0, 0, 0, 0, 0, 0, 0, 0, 0, 0, 0, 0, 0, 0, 0, 0, 0, 0, 0, 0, 0, 0, 0, 0, 0, 0, 0, 0, 0, 0, 0, 0, 0, 0, 0, 0, 0, 0, 0, 0, 0, 0, 0, 0, 0, 0, 0, 0, 0, 0, 0, 0, 0, 0, 0, 0, 0, 0, 0, 0, 0, 0, 0, 0, 0, 0, 0, 0], "b_eggs_laid": [0, 1, 1, 1, 1, 2, 2, 2, 2, 5, 5, 5, 5, 6, 6, 6, 6, 7, 7, 7, 7, 7, 7, 7, 7, 8, 8, 8, 8, 8, 8, 8, 8, 9, 9, 9, 9, 9, 9, 9, 9, 10, 10, 10, 10, 10, 10, 10, 10, 11, 11, 11, 11, 11, 11, 11, 11, 12, 12, 12, 12, 12, 12, 12, 12, 15, 15, 15, 15, 15, 15, 15, 15, 16, 16, 16, 16, 16, 16, 16], "a_turds_left": [5, 5, 5, 5, 5, 5, 5, 5, 5, 5, 5, 5, 5, 5, 5, 5, 5, 5, 5, 5, 5, 5, 5, 5, 5, 5, 5, 5, 5, 5, 5, 5, 5, 5, 5, 5, 5, 5, 5, 5, 5, 5, 5, 5, 5, 5, 5, 5, 5, 5, 5, 5, 5, 5, 5, 5, 5, 5, 5, 5, 5, 5, 5, 5, 5, 5, 5, 5, 5, 5, 5, 5, 5, 5, 5, 5, 5, 5, 5, 5], "b_turds_left": [5, 5, 5, 5, 5, 5, 5, 5, 5, 5, 5, 5, 5, 5, 5, 5, 5, 5, 5, 5, 5, 5, 5, 5, 5, 5, 5, 5, 5, 5, 5, 5, 5, 5, 5, 5, 5, 5, 5, 5, 5, 5, 5, 5, 5, 5, 5, 5, 5, 5, 5, 5, 5, 5, 5, 5, 5, 5, 5, 5, 5, 5, 5, 5, 5, 5, 5, 5, 5, 5, 5, 5, 5, 5, 5, 5, 5, 5, 5, 5], "a_time_left": [359.99979833299585, 359.99979833299585, 359.9996647490043, 359.9996647490043, 359.9995932900056, 359.9995932900056, 359.99946424800146, 359.99946424800146, 359.99933074800356, 359.99933074800356, 359.9992746640055, 359.9992746640055, 359.999215621996, 359.999215621996, 359.99908595500165, 359.99908595500165, 359.9989591630001, 359.9989591630001, 359.9988188300049, 359.9988188300049, 359.99868799700926, 359.99868799700926, 359.9986323720077, 359.9986323720077, 359.99849991401425, 359.99849991401425, 359.998363539009, 359.998363539009, 359.9982122470101, 359.9982122470101, 359.9980767470115, 359.9980767470115, 359.998014872006, 359.998014872006, 359.9979534970189, 359.9979534970189, 359.9979004550114, 359.9979004550114, 359.9977455800108, 359.9977455800108, 359.9976680800173, 359.9976680800173, 359.99756399601756, 359.99756399601756, 359.99749141301436, 359.99749141301436, 359.99743378801213, 359.99743378801213, 359.99728057901666, 359.99728057901666, 359.99720832900493, 359.99720832900493, 359.9971571210044, 359.9971571210044, 359.9971052040055, 359.9971052040055, 359.99705820399686, 359.99705820399686, 359.997007871003, 359.997007871003, 359.99695974600036, 359.99695974600036, 359.9969114539999, 359.9969114539999, 359.99686070399184, 359.99686070399184, 359.9968112450006, 359.9968112450006, 359.99676166100835, 359.99676166100835, 359.996687744002, 359.996687744002, 359.9966273690079, 359.9966273690079, 359.99657324400323, 359.99657324400323, 359.99647936900146, 359.99647936900146, 359.9964277859981, 359.9964277859981], "b_time_left": [360, 359.9996660420002, 359.9996660420002, 359.9988920420001, 359.9988920420001, 359.998630083006, 359.998630083006, 359.99688275001245, 359.99688275001245, 359.99660295801004, 359.99660295801004, 359.99475600000005, 359.99475600000005, 359.99450554199575, 359.99450554199575, 359.99273366699344, 359.99273366699344, 359.99244387599174, 359.99244387599174, 359.99066779299756, 359.99066779299756, 359.98931245900167, 359.98931245900167, 359.9875130839937, 359.9875130839937, 359.9872457510064, 359.9872457510064, 359.9864778760093, 359.9864778760093, 359.98474270899897, 359.98474270899897, 359.98396304200287, 359.98396304200287, 359.98380537600315, 359.98380537600315, 359.9830831260042, 359.9830831260042, 359.98036795901135, 359.98036795901135, 359.97847175101924, 359.97847175101924, 359.97815854201326, 359.97815854201326, 359.9773609170079, 359.9773609170079, 359.97664162500587, 359.97664162500587, 359.97586704199784, 359.97586704199784, 359.97574154200265, 359.97574154200265, 359.9750597920065, 359.9750597920065, 359.97435229200346, 359.97435229200346, 359.9736762090033, 359.9736762090033, 359.9735778339964, 359.9735778339964, 359.97288650099654, 359.97288650099654, 359.97219325100014, 359.97219325100014, 359.9715362930001, 359.9715362930001, 359.9714475850051, 359.9714475850051, 359.970767168008, 359.970767168008, 359.97010095900623, 359.97010095900623, 359.96941887600406, 359.96941887600406, 359.96933054299734, 359.96933054299734, 359.9686569600017, 359.9686569600017, 359.96794745999796, 359.96794745999796, 359.9672754600033], "a_moves_left": [39, 39, 38, 38, 37, 37, 36, 36, 35, 35, 34, 34, 33, 33, 32, 32, 31, 31, 30, 30, 29, 29, 28, 28, 27, 27, 26, 26, 25, 25, 24, 24, 23, 23, 22, 22, 21, 21, 20, 20, 19, 19, 18, 18, 17, 17, 16, 16, 15, 15, 14, 14, 13, 13, 12, 12, 11, 11, 10, 10, 9, 9, 8, 8, 7, 7, 6, 6, 5, 5, 4, 4, 3, 3, 2, 2, 1, 1, 0, 0], "b_moves_left": [40, 39, 39, 38, 38, 37, 37, 36, 36, 35, 35, 34, 34, 33, 33, 32, 32, 31, 31, 30, 30, 29, 29, 28, 28, 27, 27, 26, 26, 25, 25, 24, 24, 23, 23, 22, 22, 21, 21, 20, 20, 19, 19, 18, 18, 17, 17, 16, 16, 15, 15, 14, 14, 13, 13, 12, 12, 11, 11, 10, 10, 9, 9, 8, 8, 7, 7, 6, 6, 5, 5, 4, 4, 3, 3, 2, 2, 1, 1, 0], "trapdoor_triggered": [0, 0, 0, 0, 0, 0, 0, 0, 0, 0, 0, 0, 0, 0, 0, 0, 0, 0, 0, 0, 0, 0, 0, 0, 0, 0, 0, 0, 0, 0, 0, 0, 0, 0, 0, 0, 0, 0, 0, 0, 0, 0, 0, 0, 0, 0, 0, 0, 0, 0, 0, 0, 0, 0, 0, 0, 0, 0, 0, 0, 0, 0, 0, 0, 0, 0, 0, 0, 0, 0, 0, 0, 0, 0, 0, 0, 0, 0, 0, 0], "left_behind": ["plain", "egg", "plain", "plain", "plain", "egg", "plain", "plain", "plain", "egg", "plain", "plain", "plain", "egg", "plain", "plain", "plain", "egg", "plain", "plain", "plain", "plain", "plain", "plain", "plain", "egg", "plain", "plain", "plain", "plain", "plain", "plain", "plain", "egg", "plain", "plain", "plain", "plain", "plain", "plain", "plain", "egg", "plain", "plain", "plain", "plain", "plain", "plain", "plain", "egg", "plain", "plain", "plain", "plain", "plain", "plain", "plain", "egg", "plain", "plain", "plain", "plain", "plain", "plain", "plain", "egg", "plain", "plain", "plain", "plain", "plain", "plain", "plain", "egg", "plain", "plain", "plain", "plain", "plain", "plain"], "errlog_a": "", "errlog_b": "", "start_time": 360, "start_moves": 40, "turn_count": 80, "result": 1, "reason": "EGGS_LAID", "trapdoors": [[4, 4], [3, 2]], "spawn_a": [0, 4], "spawn_b": [7, 4]}