{"pos": [[0, 5], [6, 6], [0, 4], [6, 5], [0, 3], [6, 4], [0, 2], [6, 3], [0, 1], [5, 3], [0, 0], [5, 2], [1, 0], [5, 1], [2, 0], [4, 1], [2, 1], [3, 1], [2, 2], [3, 2], [2, 1], [4, 2], [3, 1], [4, 3], [2, 1], [4, 4], [1, 1], [4, 5], [1, 2], [3, 5], [1, 3], [3, 6], [1, 4], [4, 6], [1, 5], [4, 7], [2, 5], [4, 6], [3, 5], [5, 6], [2, 5], [5, 5], [2, 6], [5, 4], [2, 7], [6, 4], [1, 7], [7, 4], [1, 6], [7, 3], [1, 5], [7, 2], [1, 4], [7, 1], [0, 6], [7, 0], [0, 5], [7, 1], [0, 4], [6, 1], [0, 3], [6, 0], [0, 2], [5, 0], [0, 1], [4, 0], [1, 1], [3, 0], [1, 0], [4, 0], [2, 0], [4, 1], [2, 1], [4, 2], [2, 0], [4, 3], [2, 1], [4, 2], [2, 0], [4, 1]], "a_eggs_laid": [1, 1, 1, 1, 2, 2, 2, 2, 3, 3, 3, 3, 6, 6, 6, 6, 7, 7, 7, 7, 8, 8, 8, 8, 9, 9, 9, 9, 10, 10, 10, 10, 11, 11, 11, 11, 12, 12, 12, 12, 13, 13, 13, 13, 14, 14, 14, 14, 15, 15, 15, 15, 15, 15, 15, 15, 15, 15, 15, 15, 15, 15, 15, 15, 15, 15, 15, 15, 15, 15, 15, 15, 15, 15, 15, 15, 15, 15, 15, 15], "b_eggs_laid": [0, 1, 1, 1, 1, 2, 2, 2, 2, 3, 3, 3, 3, 4, 4, 4, 4, 5, 5, 5, 5, 6, 6, 6, 6, 7, 7, 7, 7, 8, 8, 8, 8, 9, 9, 9, 9, 10, 10, 10, 10, 11, 11, 11, 11, 12, 12, 12, 12, 13, 13, 13, 13, 14, 14, 18, 18, 21, 21, 21, 21, 22, 22, 22, 22, 23, 23, 23, 23, 24, 24, 24, 24, 24, 24, 24, 24, 24, 24, 24], "a_turds_left": [5, 5, 5, 5, 5, 5, 5, 5, 5, 5, 5, 5, 5, 5, 5, 5, 5, 5, 5, 5, 5, 5, 5, 5, 5, 5, 5, 5, 5, 5, 5, 5, 5, 5, 5, 5, 5, 5, 5, 5, 5, 5, 5, 5, 5, 5, 5, 5, 5, 5, 5, 5, 5, 5, 5, 5, 5, 5, 5, 5, 5, 5, 5, 5, 5, 5, 5, 5, 5, 5, 5, 5, 5, 5, 5, 5, 5, 5, 5, 5], "b_turds_left": [5, 5, 5, 4, 4, 4, 4, 3, 3, 3, 3, 2, 2, 2, 2, 1, 1, 1, 1, 1, 1, 1, 1, 1, 1, 1, 1, 1, 1, 1, 1, 1, 1, 1, 1, 1, 1, 1, 1, 1, 1, 1, 1, 1, 1, 1, 1, 1, 1, 1, 1, 1, 1, 1, 1, 1, 1, 1, 1, 1, 1, 1, 1, 1, 1, 1, 1, 1, 1, 1, 1, 1, 1, 1, 1, 1, 1, 1, 1, 0], "a_time_left": [359.9603326250217, 359.9603326250217, 359.9186650000047, 359.9186650000047, 359.87338924998767, 359.87338924998767, 359.84508204096346, 359.84508204096346, 359.7997101659421, 359.7997101659421, 359.76693670795066, 359.76693670795066, 359.7363968329446, 359.7363968329446, 359.7032275829406, 359.7032275829406, 359.65773433292634, 359.65773433292634, 359.64299841591856, 359.64299841591856, 359.6159445819212, 359.6159445819212, 359.5760533729044, 359.5760533729044, 359.5425492899085, 359.5425492899085, 359.5104412479268, 359.5104412479268, 359.44760883192066, 359.44760883192066, 359.4151400818955, 359.4151400818955, 359.3538470409112, 359.3538470409112, 359.31151804089313, 359.31151804089313, 359.2617471658741, 359.2617471658741, 359.2218105828797, 359.2218105828797, 359.19132974988315, 359.19132974988315, 359.1592327078688, 359.1592327078688, 359.1053914988588, 359.1053914988588, 359.0891908328631, 359.0891908328631, 359.05712691586814, 359.05712691586814, 359.02899458186585, 359.02899458186585, 359.00975333186216, 359.00975333186216, 358.98026749887504, 358.98026749887504, 358.972289457859, 358.972289457859, 358.95276245786226, 358.95276245786226, 358.936200207856, 358.936200207856, 358.91656312486157, 358.91656312486157, 358.90477733284933, 358.90477733284933, 358.8880887918349, 358.8880887918349, 358.8807326668175, 358.8807326668175, 358.8652723338164, 358.8652723338164, 358.85990191681776, 358.85990191681776, 358.83075020779506, 358.83075020779506, 358.82496095780516, 358.82496095780516, 358.8163681658043, 358.8163681658043], "b_time_left": [360, 359.96289325002, 359.96289325002, 359.9109530420392, 359.9109530420392, 359.8640446260397, 359.8640446260397, 359.8185411680315, 359.8185411680315, 359.7747186680208, 359.7747186680208, 359.74542291802936, 359.74542291802936, 359.69856308502494, 359.69856308502494, 359.6565545440244, 359.6565545440244, 359.59798246002174, 359.59798246002174, 359.56457691802643, 359.56457691802643, 359.52116370902513, 359.52116370902513, 359.4916462090332, 359.4916462090332, 359.42896320903674, 359.42896320903674, 359.3755662930198, 359.3755662930198, 359.3209494180337, 359.3209494180337, 359.2762543760182, 359.2762543760182, 359.2185639180243, 359.2185639180243, 359.17473550201976, 359.17473550201976, 359.1339775439992, 359.1339775439992, 359.108073668991, 359.108073668991, 359.0630792519951, 359.0630792519951, 359.02805229398655, 359.02805229398655, 358.98893762697116, 358.98893762697116, 358.97358004396665, 358.97358004396665, 358.89391479396727, 358.89391479396727, 358.8660382529488, 358.8660382529488, 358.8273618359526, 358.8273618359526, 358.8053489609447, 358.8053489609447, 358.7785939189489, 358.7785939189489, 358.75646591893747, 358.75646591893747, 358.7157698769588, 358.7157698769588, 358.6937609189481, 358.6937609189481, 358.6672913359653, 358.6672913359653, 358.6417322939378, 358.6417322939378, 358.6337227099284, 358.6337227099284, 358.62032925192034, 358.62032925192034, 358.5850258349092, 358.5850258349092, 358.5646503349126, 358.5646503349126, 358.54762129392475, 358.54762129392475, 358.5464086269203], "a_moves_left": [39, 39, 38, 38, 37, 37, 36, 36, 35, 35, 34, 34, 33, 33, 32, 32, 31, 31, 30, 30, 29, 29, 28, 28, 27, 27, 26, 26, 25, 25, 24, 24, 23, 23, 22, 22, 21, 21, 20, 20, 19, 19, 18, 18, 17, 17, 16, 16, 15, 15, 14, 14, 13, 13, 12, 12, 11, 11, 10, 10, 9, 9, 8, 8, 7, 7, 6, 6, 5, 5, 4, 4, 3, 3, 2, 2, 1, 1, 0, 0], "b_moves_left": [40, 39, 39, 38, 38, 37, 37, 36, 36, 35, 35, 34, 34, 33, 33, 32, 32, 31, 31, 30, 30, 29, 29, 28, 28, 27, 27, 26, 26, 25, 25, 24, 24, 23, 23, 22, 22, 21, 21, 20, 20, 19, 19, 18, 18, 17, 17, 16, 16, 15, 15, 14, 14, 13, 13, 12, 12, 11, 11, 10, 10, 9, 9, 8, 8, 7, 7, 6, 6, 5, 5, 4, 4, 3, 3, 2, 2, 1, 1, 0], "trapdoor_triggered": [0, 0, 0, 0, 0, 0, 0, 0, 0, 0, 0, 0, 0, 0, 0, 0, 0, 0, 0, 0, 0, 0, 0, 0, 0, 0, 0, 0, 0, 0, 0, 0, 0, 0, 0, 0, 0, 0, 0, 0, 0, 0, 0, 0, 0, 0, 0, 0, 0, 0, 0, 0, 0, 0, 1, 0, 0, 0, 0, 0, 0, 0, 0, 0, 0, 0, 0, 0, 0, 0, 0, 0, 0, 0, 0, 0, 0, 0, 0, 0], "left_behind": ["egg", "egg", "plain", "turd", "egg", "egg", "plain", "turd", "egg", "egg", "plain", "turd", "egg", "egg", "plain", "turd", "egg", "egg", "plain", "plain", "egg", "egg", "plain", "plain", "egg", "egg", "plain", "plain", "egg", "egg", "plain", "plain", "egg", "egg", "plain", "plain", "egg", "egg", "plain", "plain", "egg", "egg", "plain", "plain", "egg", "egg", "plain", "plain", "egg", "egg", "plain", "plain", "plain", "egg", "plain", "plain", "plain", "egg", "plain", "plain", "plain", "egg", "plain", "plain", "plain", "egg", "plain", "plain", "plain", "egg", "plain", "plain", "plain", "plain", "plain", "plain", "plain", "plain", "plain", "turd"], "errlog_a": "", "errlog_b": "", "start_time": 360, "start_moves": 40, "turn_count": 80, "result": 1, "reason": "EGGS_LAID", "trapdoors": [[2, 4], [2, 3]], "spawn_a": [0, 6], "spawn_b": [7, 6]}