{"pos": [[0, 1], [7, 1], [0, 0], [7, 0], [1, 0], [7, 1], [2, 0], [6, 1], [3, 0], [6, 2], [4, 0], [5, 2], [4, 1], [4, 2], [3, 1], [3, 2], [2, 1], [2, 2], [1, 1], [1, 2], [1, 0], [1, 3], [2, 0], [1, 4], [3, 0], [1, 5], [4, 0], [7, 2], [5, 0], [7, 3], [6, 0], [7, 4], [5, 0], [6, 4], [5, 1], [6, 5], [5, 0], [5, 5], [6, 0], [5, 6], [5, 0], [5, 5], [6, 0], [4, 5], [5, 0], [4, 6], [6, 0], [3, 6], [5, 0], [3, 5], [6, 0], [3, 4], [5, 0], [3, 5], [6, 0], [3, 6], [5, 0], [3, 5], [6, 0], [3, 6], [5, 0], [3, 5], [6, 0], [3, 6], [5, 0], [3, 5], [6, 0], [3, 6], [5, 0], [3, 5], [6, 0], [3, 6], [5, 0], [3, 5], [6, 0], [3, 4], [5, 0], [3, 3], [6, 0], [3, 2]], "a_eggs_laid": [1, 1, 1, 1, 4, 4, 4, 4, 5, 5, 5, 5, 6, 6, 6, 6, 7, 7, 7, 7, 8, 8, 8, 8, 8, 8, 8, 8, 12, 12, 12, 12, 13, 13, 13, 13, 14, 14, 14, 14, 14, 14, 14, 14, 14, 14, 14, 14, 14, 14, 14, 14, 14, 14, 14, 14, 14, 14, 14, 14, 14, 14, 14, 14, 14, 14, 14, 14, 14, 14, 14, 14, 14, 14, 14, 14, 14, 14, 14, 14], "b_eggs_laid": [0, 1, 1, 1, 1, 4, 4, 4, 4, 5, 5, 5, 5, 6, 6, 6, 6, 7, 7, 7, 7, 8, 8, 8, 8, 9, 9, 9, 9, 9, 9, 9, 9, 10, 10, 10, 10, 11, 11, 11, 11, 12, 12, 12, 12, 13, 13, 13, 13, 14, 14, 14, 14, 15, 15, 15, 15, 15, 15, 15, 15, 15, 15, 15, 15, 15, 15, 15, 15, 15, 15, 15, 15, 15, 15, 15, 15, 15, 15, 15], "a_turds_left": [5, 5, 5, 5, 5, 5, 5, 5, 5, 5, 5, 5, 5, 5, 5, 5, 5, 5, 5, 5, 5, 5, 5, 5, 5, 5, 5, 5, 5, 5, 5, 5, 5, 5, 5, 5, 5, 5, 5, 5, 5, 5, 5, 5, 5, 5, 5, 5, 5, 5, 5, 5, 5, 5, 5, 5, 5, 5, 5, 5, 5, 5, 5, 5, 5, 5, 5, 5, 5, 5, 5, 5, 5, 5, 5, 5, 5, 5, 5, 5], "b_turds_left": [5, 5, 5, 5, 5, 5, 5, 5, 5, 5, 5, 4, 4, 4, 4, 3, 3, 3, 3, 2, 2, 2, 2, 1, 1, 1, 1, 1, 1, 1, 1, 1, 1, 1, 1, 1, 1, 1, 1, 1, 1, 1, 1, 1, 1, 1, 1, 1, 1, 1, 1, 1, 1, 1, 1, 1, 1, 1, 1, 1, 1, 1, 1, 1, 1, 1, 1, 1, 1, 1, 1, 1, 1, 1, 1, 0, 0, 0, 0, 0], "a_time_left": [359.9564283749787, 359.9564283749787, 359.9324256659893, 359.9324256659893, 359.9154993330012, 359.9154993330012, 359.88502341602, 359.88502341602, 359.8331841239997, 359.8331841239997, 359.797489124001, 359.797489124001, 359.75266170699615, 359.75266170699615, 359.7378029569809, 359.7378029569809, 359.7181628739636, 359.7181628739636, 359.70421587396413, 359.70421587396413, 359.6922122069518, 359.6922122069518, 359.67195141495904, 359.67195141495904, 359.6612078319595, 359.6612078319595, 359.6418769569718, 359.6418769569718, 359.6383152489725, 359.6383152489725, 359.62213120696833, 359.62213120696833, 359.6100038739678, 359.6100038739678, 359.59210308195907, 359.59210308195907, 359.57782599897473, 359.57782599897473, 359.5599029159639, 359.5599029159639, 359.5551119579468, 359.5551119579468, 359.53742812393466, 359.53742812393466, 359.5323606239399, 359.5323606239399, 359.5143896659429, 359.5143896659429, 359.5095898739528, 359.5095898739528, 359.4921622069378, 359.4921622069378, 359.4867807069386, 359.4867807069386, 359.4682222069532, 359.4682222069532, 359.46556808194146, 359.46556808194146, 359.4476023319585, 359.4476023319585, 359.44489795694244, 359.44489795694244, 359.42669099895284, 359.42669099895284, 359.4240405819728, 359.4240405819728, 359.4060830399685, 359.4060830399685, 359.4021908729628, 359.4021908729628, 359.38397003896534, 359.38397003896534, 359.38130691394326, 359.38130691394326, 359.3627886219474, 359.3627886219474, 359.3604393719579, 359.3604393719579, 359.35717416295665, 359.35717416295665], "b_time_left": [360, 359.7923668749863, 359.7923668749863, 359.43809466596576, 359.43809466596576, 359.1982113739941, 359.1982113739941, 358.59139024899923, 358.59139024899923, 358.1793029989931, 358.1793029989931, 357.2600000409875, 357.2600000409875, 356.8722519160074, 356.8722519160074, 356.01874324999517, 356.01874324999517, 355.77185233400087, 355.77185233400087, 355.36426537600346, 355.36426537600346, 355.23503841800266, 355.23503841800266, 354.94105312699685, 354.94105312699685, 354.6649880440091, 354.6649880440091, 354.40836100201705, 354.40836100201705, 354.28712908600573, 354.28712908600573, 354.12177691902616, 354.12177691902616, 353.9631380860228, 353.9631380860228, 353.7225907530228, 353.7225907530228, 353.35158441902604, 353.35158441902604, 353.11685875302646, 353.11685875302646, 352.7822227530123, 352.7822227530123, 352.5644569610304, 352.5644569610304, 352.19412116901367, 352.19412116901367, 352.00374196100165, 352.00374196100165, 351.6795567109948, 351.6795567109948, 351.55931750297896, 351.55931750297896, 351.2198407939868, 351.2198407939868, 351.07906208600616, 351.07906208600616, 350.7509480449953, 350.7509480449953, 350.6101063370006, 350.6101063370006, 350.2821612120024, 350.2821612120024, 350.1411882539978, 350.1411882539978, 349.81362587900367, 349.81362587900367, 349.67291929599014, 349.67291929599014, 349.34290412897826, 349.34290412897826, 349.20248833697406, 349.20248833697406, 348.8759287959838, 348.8759287959838, 348.83055558797787, 348.83055558797787, 348.8139572129876, 348.8139572129876, 348.81289854698116], "a_moves_left": [39, 39, 38, 38, 37, 37, 36, 36, 35, 35, 34, 34, 33, 33, 32, 32, 31, 31, 30, 30, 29, 29, 28, 28, 27, 27, 26, 26, 25, 25, 24, 24, 23, 23, 22, 22, 21, 21, 20, 20, 19, 19, 18, 18, 17, 17, 16, 16, 15, 15, 14, 14, 13, 13, 12, 12, 11, 11, 10, 10, 9, 9, 8, 8, 7, 7, 6, 6, 5, 5, 4, 4, 3, 3, 2, 2, 1, 1, 0, 0], "b_moves_left": [40, 39, 39, 38, 38, 37, 37, 36, 36, 35, 35, 34, 34, 33, 33, 32, 32, 31, 31, 30, 30, 29, 29, 28, 28, 27, 27, 26, 26, 25, 25, 24, 24, 23, 23, 22, 22, 21, 21, 20, 20, 19, 19, 18, 18, 17, 17, 16, 16, 15, 15, 14, 14, 13, 13, 12, 12, 11, 11, 10, 10, 9, 9, 8, 8, 7, 7, 6, 6, 5, 5, 4, 4, 3, 3, 2, 2, 1, 1, 0], "trapdoor_triggered": [0, 0, 0, 0, 0, 0, 0, 0, 0, 0, 0, 0, 0, 0, 0, 0, 0, 0, 0, 0, 0, 0, 0, 0, 0, 0, 0, 1, 0, 0, 0, 0, 0, 0, 0, 0, 0, 0, 0, 0, 0, 0, 0, 0, 0, 0, 0, 0, 0, 0, 0, 0, 0, 0, 0, 0, 0, 0, 0, 0, 0, 0, 0, 0, 0, 0, 0, 0, 0, 0, 0, 0, 0, 0, 0, 0, 0, 0, 0, 0], "left_behind": ["egg", "egg", "plain", "plain", "egg", "egg", "plain", "plain", "egg", "egg", "plain", "turd", "egg", "egg", "plain", "turd", "egg", "egg", "plain", "turd", "egg", "egg", "plain", "turd", "plain", "egg", "plain", "plain", "plain", "plain", "plain", "plain", "egg", "egg", "plain", "plain", "egg", "egg", "plain", "plain", "plain", "egg", "plain", "plain", "plain", "egg", "plain", "plain", "plain", "egg", "plain", "plain", "plain", "egg", "plain", "plain", "plain", "plain", "plain", "plain", "plain", "plain", "plain", "plain", "plain", "plain", "plain", "plain", "plain", "plain", "plain", "plain", "plain", "plain", "plain", "turd", "plain", "plain", "plain", "plain"], "errlog_a": "", "errlog_b": "", "start_time": 360, "start_moves": 40, "turn_count": 80, "result": 1, "reason": "EGGS_LAID", "trapdoors": [[2, 4], [2, 5]], "spawn_a": [0, 2], "spawn_b": [7, 2]}