{"pos": [[7, 6], [1, 5], [7, 7], [1, 4], [7, 6], [1, 3], [6, 6], [2, 3], [6, 5], [2, 2], [6, 4], [2, 1], [6, 3], [3, 1], [6, 2], [4, 1], [6, 3], [0, 5], [7, 3], [1, 5], [6, 3], [2, 5], [5, 3], [3, 5], [4, 3], [4, 5], [4, 4], [4, 6], [4, 3], [4, 7], [3, 3], [4, 6], [4, 3], [3, 6], [5, 3], [2, 6], [5, 2], [2, 7], [5, 1], [2, 6], [5, 0], [1, 6], [6, 0], [1, 7], [7, 0], [0, 7], [7, 1], [0, 6], [7, 0], [0, 5], [6, 0], [0, 4], [5, 0], [0, 3], [5, 1], [0, 2], [5, 2], [0, 1], [5, 1], [1, 1], [5, 2], [1, 2], [5, 1], [2, 2], [5, 0], [3, 2], [4, 0], [3, 1], [5, 0], [3, 0], [5, 1], [2, 0], [5, 2], [1, 0], [5, 1], [2, 0], [5, 0], [3, 0], [6, 0], [3, 1]], "a_eggs_laid": [1, 1, 1, 1, 4, 4, 4, 4, 5, 5, 5, 5, 6, 6, 6, 6, 7, 7, 11, 11, 12, 12, 12, 12, 13, 13, 13, 13, 14, 14, 14, 14, 15, 15, 15, 15, 15, 15, 15, 15, 16, 16, 16, 16, 17, 17, 17, 17, 18, 18, 18, 18, 18, 18, 18, 18, 18, 18, 18, 18, 18, 18, 18, 18, 18, 18, 18, 18, 19, 19, 19, 19, 19, 19, 19, 19, 19, 19, 19, 19], "b_eggs_laid": [0, 1, 1, 1, 1, 2, 2, 2, 2, 3, 3, 3, 3, 4, 4, 4, 4, 5, 5, 5, 5, 5, 5, 6, 6, 6, 6, 7, 7, 7, 7, 8, 8, 8, 8, 9, 9, 9, 9, 10, 10, 10, 10, 11, 11, 11, 11, 14, 14, 14, 14, 14, 14, 14, 14, 15, 15, 15, 15, 16, 16, 16, 16, 17, 17, 17, 17, 18, 18, 18, 18, 19, 19, 19, 19, 20, 20, 20, 20, 20], "a_turds_left": [5, 5, 5, 5, 5, 5, 5, 5, 5, 5, 5, 5, 5, 5, 5, 5, 5, 5, 5, 5, 5, 5, 5, 5, 5, 5, 5, 5, 5, 5, 5, 5, 5, 5, 5, 5, 5, 5, 5, 5, 5, 5, 5, 5, 5, 5, 5, 5, 5, 5, 5, 5, 5, 5, 5, 5, 5, 5, 5, 5, 5, 5, 5, 5, 5, 5, 5, 5, 5, 5, 5, 5, 5, 5, 5, 5, 5, 5, 5, 5], "b_turds_left": [5, 5, 5, 4, 4, 4, 4, 3, 3, 3, 3, 2, 2, 2, 2, 1, 1, 1, 1, 1, 1, 1, 1, 1, 1, 0, 0, 0, 0, 0, 0, 0, 0, 0, 0, 0, 0, 0, 0, 0, 0, 0, 0, 0, 0, 0, 0, 0, 0, 0, 0, 0, 0, 0, 0, 0, 0, 0, 0, 0, 0, 0, 0, 0, 0, 0, 0, 0, 0, 0, 0, 0, 0, 0, 0, 0, 0, 0, 0, 0], "a_time_left": [355.9981206250086, 355.9981206250086, 352.1533488330024, 352.1533488330024, 348.2313300000096, 348.2313300000096, 345.8307506670244, 345.8307506670244, 341.83052320801653, 341.83052320801653, 338.1814747910248, 338.1814747910248, 334.1812714160187, 334.1812714160187, 330.18108816602034, 330.18108816602034, 326.1809150830377, 326.1809150830377, 322.89980383304646, 322.89980383304646, 319.94215441602864, 319.94215441602864, 315.94199375004973, 315.94199375004973, 311.9418130420381, 311.9418130420381, 311.2057912090386, 311.2057912090386, 309.70077829202637, 309.70077829202637, 309.1673759170226, 309.1673759170226, 308.48993745903135, 308.48993745903135, 307.73371000002953, 307.73371000002953, 306.62661662502796, 306.62661662502796, 305.4815403750399, 305.4815403750399, 303.50001075002365, 303.50001075002365, 302.66065279202303, 302.66065279202303, 301.6519045000314, 301.6519045000314, 301.39461912505794, 301.39461912505794, 300.9106600410596, 300.9106600410596, 300.74049620708684, 300.74049620708684, 300.54851416507154, 300.54851416507154, 300.06279991506017, 300.06279991506017, 299.6559409990441, 299.6559409990441, 298.91103241505334, 298.91103241505334, 298.48641299904557, 298.48641299904557, 297.7402270830644, 297.7402270830644, 297.20428620805615, 297.20428620805615, 296.7752222910349, 296.7752222910349, 296.55638562401873, 296.55638562401873, 296.14594183300505, 296.14594183300505, 295.5760916250001, 295.5760916250001, 295.2944744999986, 295.2944744999986, 295.26731033300166, 295.26731033300166, 295.2612897910003, 295.2612897910003], "b_time_left": [360, 359.7831881250022, 359.7831881250022, 359.67623383400496, 359.67623383400496, 359.52750925099826, 359.52750925099826, 359.37717712600715, 359.37717712600715, 359.10264895902947, 359.10264895902947, 358.9495505010418, 358.9495505010418, 358.7726780840603, 358.7726780840603, 358.61751129303593, 358.61751129303593, 358.4520470430434, 358.4520470430434, 358.4142244590621, 358.4142244590621, 358.35769104305655, 358.35769104305655, 358.1633545840741, 358.1633545840741, 358.06979545907234, 358.06979545907234, 358.0286006250826, 358.0286006250826, 357.98894495808054, 357.98894495808054, 357.96770562409074, 357.96770562409074, 357.93079604109516, 357.93079604109516, 357.88710412508226, 357.88710412508226, 357.8543057500792, 357.8543057500792, 357.8044352500874, 357.8044352500874, 357.7805633340904, 357.7805633340904, 357.7156862510892, 357.7156862510892, 357.70299908408197, 357.70299908408197, 357.67110216707806, 357.67110216707806, 357.6565529170912, 357.6565529170912, 357.64488150007674, 357.64488150007674, 357.6208612910996, 357.6208612910996, 357.5930501660914, 357.5930501660914, 357.556022332079, 357.556022332079, 357.5298180410755, 357.5298180410755, 357.4827145410527, 357.4827145410527, 357.44263250005315, 357.44263250005315, 357.4112916250306, 357.4112916250306, 357.3979365840496, 357.3979365840496, 357.37391391705023, 357.37391391705023, 357.3550072090293, 357.3550072090293, 357.32440962604596, 357.32440962604596, 357.2992571670329, 357.2992571670329, 357.289963251038, 357.289963251038, 357.2891117510444], "a_moves_left": [39, 39, 38, 38, 37, 37, 36, 36, 35, 35, 34, 34, 33, 33, 32, 32, 31, 31, 30, 30, 29, 29, 28, 28, 27, 27, 26, 26, 25, 25, 24, 24, 23, 23, 22, 22, 21, 21, 20, 20, 19, 19, 18, 18, 17, 17, 16, 16, 15, 15, 14, 14, 13, 13, 12, 12, 11, 11, 10, 10, 9, 9, 8, 8, 7, 7, 6, 6, 5, 5, 4, 4, 3, 3, 2, 2, 1, 1, 0, 0], "b_moves_left": [40, 39, 39, 38, 38, 37, 37, 36, 36, 35, 35, 34, 34, 33, 33, 32, 32, 31, 31, 30, 30, 29, 29, 28, 28, 27, 27, 26, 26, 25, 25, 24, 24, 23, 23, 22, 22, 21, 21, 20, 20, 19, 19, 18, 18, 17, 17, 16, 16, 15, 15, 14, 14, 13, 13, 12, 12, 11, 11, 10, 10, 9, 9, 8, 8, 7, 7, 6, 6, 5, 5, 4, 4, 3, 3, 2, 2, 1, 1, 0], "trapdoor_triggered": [0, 0, 0, 0, 0, 0, 0, 0, 0, 0, 0, 0, 0, 0, 0, 0, 0, 1, 0, 0, 0, 0, 0, 0, 0, 0, 0, 0, 0, 0, 0, 0, 0, 0, 0, 0, 0, 0, 0, 0, 0, 0, 0, 0, 0, 0, 0, 0, 0, 0, 0, 0, 0, 0, 0, 0, 0, 0, 0, 0, 0, 0, 0, 0, 0, 0, 0, 0, 0, 0, 0, 0, 0, 0, 0, 0, 0, 0, 0, 0], "left_behind": ["egg", "egg", "plain", "turd", "egg", "egg", "plain", "turd", "egg", "egg", "plain", "turd", "egg", "egg", "plain", "turd", "egg", "egg", "plain", "plain", "egg", "plain", "plain", "egg", "egg", "turd", "plain", "egg", "egg", "plain", "plain", "egg", "egg", "plain", "plain", "egg", "plain", "plain", "plain", "egg", "egg", "plain", "plain", "egg", "egg", "plain", "plain", "egg", "egg", "plain", "plain", "plain", "plain", "plain", "plain", "egg", "plain", "plain", "plain", "egg", "plain", "plain", "plain", "egg", "plain", "plain", "plain", "egg", "egg", "plain", "plain", "egg", "plain", "plain", "plain", "egg", "plain", "plain", "plain", "plain"], "errlog_a": "", "errlog_b": "", "start_time": 360, "start_moves": 40, "turn_count": 80, "result": 1, "reason": "EGGS_LAID", "trapdoors": [[4, 2], [3, 4]], "spawn_a": [7, 5], "spawn_b": [0, 5]}