{"pos": [[7, 2], [0, 2], [7, 1], [1, 2], [7, 2], [2, 2], [6, 2], [3, 2], [6, 1], [4, 2], [6, 0], [5, 2], [5, 0], [5, 1], [4, 0], [4, 1], [3, 0], [3, 1], [2, 0], [2, 1], [1, 0], [1, 1], [0, 0], [0, 1], [1, 0], [1, 1], [2, 0], [1, 2], [1, 0], [1, 3], [1, 1], [1, 4], [1, 0], [1, 5], [2, 0], [2, 5], [1, 0], [2, 6], [2, 0], [3, 6], [1, 0], [4, 6], [2, 0], [5, 6], [1, 0], [5, 5], [2, 0], [5, 4], [1, 0], [5, 3], [2, 0], [4, 3], [1, 0], [4, 4], [2, 0], [0, 3], [1, 0], [0, 4], [2, 0], [0, 5], [1, 0], [0, 6], [2, 0], [0, 7], [1, 0], [0, 6], [2, 0], [1, 6], [1, 0], [2, 6], [2, 0], [2, 7], [1, 0], [3, 7], [2, 0], [3, 6], [1, 0], [4, 6], [2, 0], [4, 5]], "a_eggs_laid": [1, 1, 1, 1, 2, 2, 2, 2, 3, 3, 3, 3, 4, 4, 4, 4, 5, 5, 5, 5, 6, 6, 6, 6, 9, 9, 9, 9, 9, 9, 9, 9, 10, 10, 10, 10, 10, 10, 10, 10, 10, 10, 10, 10, 10, 10, 10, 10, 10, 10, 10, 10, 10, 10, 10, 10, 14, 14, 14, 14, 14, 14, 14, 14, 14, 14, 14, 14, 14, 14, 14, 14, 14, 14, 14, 14, 14, 14, 14, 14], "b_eggs_laid": [0, 1, 1, 1, 1, 2, 2, 2, 2, 3, 3, 3, 3, 4, 4, 4, 4, 5, 5, 5, 5, 6, 6, 6, 6, 7, 7, 7, 7, 7, 7, 7, 7, 8, 8, 8, 8, 9, 9, 9, 9, 10, 10, 10, 10, 11, 11, 11, 11, 12, 12, 12, 12, 13, 13, 13, 13, 13, 13, 13, 13, 14, 14, 14, 14, 17, 17, 17, 17, 18, 18, 18, 18, 19, 19, 19, 19, 19, 19, 19], "a_turds_left": [5, 5, 5, 5, 5, 5, 5, 5, 5, 5, 5, 5, 5, 5, 5, 5, 5, 5, 5, 5, 5, 5, 5, 5, 5, 5, 5, 5, 5, 5, 5, 5, 5, 5, 5, 5, 5, 5, 5, 5, 5, 5, 5, 5, 5, 5, 5, 5, 5, 5, 5, 5, 5, 5, 5, 5, 5, 5, 5, 5, 5, 5, 5, 5, 5, 5, 5, 5, 5, 5, 5, 5, 5, 5, 5, 5, 5, 5, 5, 5], "b_turds_left": [5, 5, 5, 5, 5, 5, 5, 4, 4, 4, 4, 3, 3, 3, 3, 2, 2, 2, 2, 1, 1, 1, 1, 1, 1, 1, 1, 1, 1, 1, 1, 1, 1, 1, 1, 1, 1, 1, 1, 1, 1, 1, 1, 1, 1, 1, 1, 1, 1, 1, 1, 1, 1, 1, 1, 1, 1, 1, 1, 1, 1, 1, 1, 1, 1, 1, 1, 1, 1, 1, 1, 1, 1, 1, 1, 0, 0, 0, 0, 0], "a_time_left": [359.95243999999366, 359.95243999999366, 359.9239292909915, 359.9239292909915, 359.87671604097704, 359.87671604097704, 359.84614687398425, 359.84614687398425, 359.7787886239821, 359.7787886239821, 359.73863716598134, 359.73863716598134, 359.70574266600306, 359.70574266600306, 359.6986762500019, 359.6986762500019, 359.69046949999756, 359.69046949999756, 359.68533566599945, 359.68533566599945, 359.677563166013, 359.677563166013, 359.67317699900013, 359.67317699900013, 359.6683269159985, 359.6683269159985, 359.6651544159977, 359.6651544159977, 359.6633762069978, 359.6633762069978, 359.64693008200265, 359.64693008200265, 359.63298178999685, 359.63298178999685, 359.6171624569979, 359.6171624569979, 359.6126706239884, 359.6126706239884, 359.5967829989968, 359.5967829989968, 359.5918716239976, 359.5918716239976, 359.5761789160024, 359.5761789160024, 359.57175412401557, 359.57175412401557, 359.55558008200023, 359.55558008200023, 359.5511046650063, 359.5511046650063, 359.53560520597966, 359.53560520597966, 359.5311340809858, 359.5311340809858, 359.514728205977, 359.514728205977, 359.5123588309798, 359.5123588309798, 359.50040083099157, 359.50040083099157, 359.4963676639891, 359.4963676639891, 359.47933287298656, 359.47933287298656, 359.4767727899889, 359.4767727899889, 359.4649151649792, 359.4649151649792, 359.46051508098026, 359.46051508098026, 359.44479253998725, 359.44479253998725, 359.44128124797135, 359.44128124797135, 359.4293766229821, 359.4293766229821, 359.4275466229592, 359.4275466229592, 359.424546997936, 359.424546997936], "b_time_left": [360, 359.6156097080093, 359.6156097080093, 359.03184899900225, 359.03184899900225, 358.50386333302595, 358.50386333302595, 357.53903304203413, 357.53903304203413, 357.13808645904646, 357.13808645904646, 356.43268258403987, 356.43268258403987, 356.261667459039, 356.261667459039, 356.0582409170456, 356.0582409170456, 355.9647868750326, 355.9647868750326, 355.7241962910339, 355.7241962910339, 355.63291929103434, 355.63291929103434, 355.5365370410145, 355.5365370410145, 355.49427670802106, 355.49427670802106, 355.44233462400734, 355.44233462400734, 355.315096248989, 355.315096248989, 355.12229058300727, 355.12229058300727, 354.8466869580152, 354.8466869580152, 354.6597117080237, 354.6597117080237, 354.37943362499936, 354.37943362499936, 354.1966982499871, 354.1966982499871, 353.949691249989, 353.949691249989, 353.78555404098006, 353.78555404098006, 353.53759762397385, 353.53759762397385, 353.34215254097944, 353.34215254097944, 353.05568583199056, 353.05568583199056, 352.84190329001285, 352.84190329001285, 352.590346707002, 352.590346707002, 352.3518906660029, 352.3518906660029, 352.19456829098635, 352.19456829098635, 352.05904279099195, 352.05904279099195, 351.801217582979, 351.801217582979, 351.66588979098015, 351.66588979098015, 351.5761605409789, 351.5761605409789, 351.4586679159838, 351.4586679159838, 351.23494854097953, 351.23494854097953, 351.0706434159656, 351.0706434159656, 350.9171877489425, 350.9171877489425, 350.87871374894166, 350.87871374894166, 350.86286591592943, 350.86286591592943, 350.8618742489198], "a_moves_left": [39, 39, 38, 38, 37, 37, 36, 36, 35, 35, 34, 34, 33, 33, 32, 32, 31, 31, 30, 30, 29, 29, 28, 28, 27, 27, 26, 26, 25, 25, 24, 24, 23, 23, 22, 22, 21, 21, 20, 20, 19, 19, 18, 18, 17, 17, 16, 16, 15, 15, 14, 14, 13, 13, 12, 12, 11, 11, 10, 10, 9, 9, 8, 8, 7, 7, 6, 6, 5, 5, 4, 4, 3, 3, 2, 2, 1, 1, 0, 0], "b_moves_left": [40, 39, 39, 38, 38, 37, 37, 36, 36, 35, 35, 34, 34, 33, 33, 32, 32, 31, 31, 30, 30, 29, 29, 28, 28, 27, 27, 26, 26, 25, 25, 24, 24, 23, 23, 22, 22, 21, 21, 20, 20, 19, 19, 18, 18, 17, 17, 16, 16, 15, 15, 14, 14, 13, 13, 12, 12, 11, 11, 10, 10, 9, 9, 8, 8, 7, 7, 6, 6, 5, 5, 4, 4, 3, 3, 2, 2, 1, 1, 0], "trapdoor_triggered": [0, 0, 0, 0, 0, 0, 0, 0, 0, 0, 0, 0, 0, 0, 0, 0, 0, 0, 0, 0, 0, 0, 0, 0, 0, 0, 0, 0, 0, 0, 0, 0, 0, 0, 0, 0, 0, 0, 0, 0, 0, 0, 0, 0, 0, 0, 0, 0, 0, 0, 0, 0, 0, 0, 0, 1, 0, 0, 0, 0, 0, 0, 0, 0, 0, 0, 0, 0, 0, 0, 0, 0, 0, 0, 0, 0, 0, 0, 0, 0], "left_behind": ["egg", "egg", "plain", "plain", "egg", "egg", "plain", "turd", "egg", "egg", "plain", "turd", "egg", "egg", "plain", "turd", "egg", "egg", "plain", "turd", "egg", "egg", "plain", "plain", "egg", "egg", "plain", "plain", "plain", "plain", "plain", "plain", "egg", "egg", "plain", "plain", "plain", "egg", "plain", "plain", "plain", "egg", "plain", "plain", "plain", "egg", "plain", "plain", "plain", "egg", "plain", "plain", "plain", "egg", "plain", "plain", "plain", "plain", "plain", "plain", "plain", "egg", "plain", "plain", "plain", "egg", "plain", "plain", "plain", "egg", "plain", "plain", "plain", "egg", "plain", "turd", "plain", "plain", "plain", "plain"], "errlog_a": "", "errlog_b": "", "start_time": 360, "start_moves": 40, "turn_count": 80, "result": 1, "reason": "EGGS_LAID", "trapdoors": [[3, 5], [3, 4]], "spawn_a": [7, 3], "spawn_b": [0, 3]}