{"pos": [[7, 4], [0, 4], [7, 3], [1, 4], [7, 2], [2, 4], [7, 1], [3, 4], [7, 2], [3, 3], [6, 2], [4, 3], [6, 1], [4, 2], [6, 0], [3, 2], [6, 1], [3, 1], [5, 1], [2, 1], [5, 0], [2, 2], [4, 0], [1, 2], [5, 0], [1, 3], [6, 0], [0, 3], [7, 0], [0, 2], [7, 1], [0, 1], [7, 0], [0, 0], [7, 1], [1, 0], [7, 0], [2, 0], [7, 1], [3, 0], [7, 0], [3, 1], [7, 1], [4, 1], [7, 0], [4, 2], [7, 1], [5, 2], [7, 0], [5, 3], [7, 1], [5, 4], [7, 0], [5, 5], [7, 1], [4, 5], [7, 0], [4, 6], [7, 1], [4, 7], [7, 0], [4, 6], [7, 1], [5, 6], [7, 0], [4, 6], [7, 1], [3, 6], [7, 0], [2, 6], [7, 1], [2, 7], [7, 0], [2, 6], [7, 1], [1, 6], [7, 0], [1, 5], [7, 1], [1, 4]], "a_eggs_laid": [1, 1, 1, 1, 2, 2, 2, 2, 3, 3, 3, 3, 4, 4, 4, 4, 5, 5, 5, 5, 6, 6, 6, 6, 7, 7, 7, 7, 7, 7, 7, 7, 7, 7, 7, 7, 7, 7, 7, 7, 7, 7, 7, 7, 7, 7, 7, 7, 7, 7, 7, 7, 7, 7, 7, 7, 7, 7, 7, 7, 7, 7, 7, 7, 7, 7, 7, 7, 7, 7, 7, 7, 7, 7, 7, 7, 7, 7, 7, 7], "b_eggs_laid": [0, 1, 1, 1, 1, 2, 2, 2, 2, 3, 3, 3, 3, 4, 4, 4, 4, 5, 5, 5, 5, 6, 6, 6, 6, 7, 7, 7, 7, 8, 8, 8, 8, 9, 9, 9, 9, 10, 10, 10, 10, 11, 11, 11, 11, 12, 12, 12, 12, 13, 13, 13, 13, 14, 14, 14, 14, 15, 15, 15, 15, 16, 16, 16, 16, 17, 17, 17, 17, 18, 18, 18, 18, 19, 19, 19, 19, 20, 20, 20], "a_turds_left": [5, 5, 5, 5, 5, 5, 5, 5, 5, 5, 5, 5, 5, 5, 5, 5, 5, 5, 5, 5, 5, 5, 5, 5, 5, 5, 5, 5, 5, 5, 5, 5, 5, 5, 5, 5, 5, 5, 5, 5, 5, 5, 5, 5, 5, 5, 5, 5, 5, 5, 5, 5, 5, 5, 5, 5, 5, 5, 5, 5, 5, 5, 5, 5, 5, 5, 5, 5, 5, 5, 5, 5, 5, 5, 5, 5, 5, 5, 5, 5], "b_turds_left": [5, 5, 5, 5, 5, 5, 5, 4, 4, 4, 4, 3, 3, 3, 3, 2, 2, 2, 2, 1, 1, 1, 1, 1, 1, 1, 1, 1, 1, 1, 1, 1, 1, 1, 1, 1, 1, 1, 1, 1, 1, 1, 1, 1, 1, 1, 1, 1, 1, 1, 1, 1, 1, 1, 1, 1, 1, 1, 1, 1, 1, 1, 1, 1, 1, 1, 1, 1, 1, 1, 1, 1, 1, 1, 1, 1, 1, 1, 1, 0], "a_time_left": [359.9451519169961, 359.9451519169961, 359.91131141700316, 359.91131141700316, 359.8597971670097, 359.8597971670097, 359.8219236250152, 359.8219236250152, 359.7757192920253, 359.7757192920253, 359.7454761250119, 359.7454761250119, 359.6798041249858, 359.6798041249858, 359.64016924999305, 359.64016924999305, 359.5967435409839, 359.5967435409839, 359.5609570829838, 359.5609570829838, 359.5272214579745, 359.5272214579745, 359.504776998976, 359.504776998976, 359.4912043319782, 359.4912043319782, 359.46960058197146, 359.46960058197146, 359.45706053997856, 359.45706053997856, 359.4460122069868, 359.4460122069868, 359.4338669569697, 359.4338669569697, 359.42632370698266, 359.42632370698266, 359.4140497490007, 359.4140497490007, 359.4018312909757, 359.4018312909757, 359.3920161239803, 359.3920161239803, 359.3825083739648, 359.3825083739648, 359.3743692069547, 359.3743692069547, 359.3648832489562, 359.3648832489562, 359.35684337397106, 359.35684337397106, 359.34275745696505, 359.34275745696505, 359.32908970696735, 359.32908970696735, 359.3131031659723, 359.3131031659723, 359.2995138739643, 359.2995138739643, 359.28460658196127, 359.28460658196127, 359.27390953997383, 359.27390953997383, 359.25918428995647, 359.25918428995647, 359.2456605399493, 359.2456605399493, 359.2303066649474, 359.2303066649474, 359.21667062395136, 359.21667062395136, 359.1988357079681, 359.1988357079681, 359.188199874945, 359.188199874945, 359.17180787492543, 359.17180787492543, 359.1580904999282, 359.1580904999282, 359.1534765829274, 359.1534765829274], "b_time_left": [360, 359.95179616700625, 359.95179616700625, 359.90846516698366, 359.90846516698366, 359.8503791669791, 359.8503791669791, 359.7944408329786, 359.7944408329786, 359.7376849159773, 359.7376849159773, 359.673666165967, 359.673666165967, 359.6168441659538, 359.6168441659538, 359.57391804095823, 359.57391804095823, 359.51531024996075, 359.51531024996075, 359.4823691249767, 359.4823691249767, 359.4222309169709, 359.4222309169709, 359.40370612597326, 359.40370612597326, 359.3481060839549, 359.3481060839549, 359.31045387595077, 359.31045387595077, 359.2858477089612, 359.2858477089612, 359.2553865419759, 359.2553865419759, 359.230923583993, 359.230923583993, 359.211748917005, 359.211748917005, 359.18932454200694, 359.18932454200694, 359.162220416998, 359.162220416998, 359.1487714999821, 359.1487714999821, 359.129101583967, 359.129101583967, 359.11606370899244, 359.11606370899244, 359.0964009180025, 359.0964009180025, 359.07712666798034, 359.07712666798034, 359.04148870895733, 359.04148870895733, 359.0005735839659, 359.0005735839659, 358.9585240839515, 358.9585240839515, 358.9159512499464, 358.9159512499464, 358.87495345794014, 358.87495345794014, 358.84829216692015, 358.84829216692015, 358.80798341691843, 358.80798341691843, 358.76840470792376, 358.76840470792376, 358.72880166591494, 358.72880166591494, 358.6880045409198, 358.6880045409198, 358.64848437393084, 358.64848437393084, 358.6239337489242, 358.6239337489242, 358.58481745794415, 358.58481745794415, 358.57479541696375, 358.57479541696375, 358.57336999994004], "a_moves_left": [39, 39, 38, 38, 37, 37, 36, 36, 35, 35, 34, 34, 33, 33, 32, 32, 31, 31, 30, 30, 29, 29, 28, 28, 27, 27, 26, 26, 25, 25, 24, 24, 23, 23, 22, 22, 21, 21, 20, 20, 19, 19, 18, 18, 17, 17, 16, 16, 15, 15, 14, 14, 13, 13, 12, 12, 11, 11, 10, 10, 9, 9, 8, 8, 7, 7, 6, 6, 5, 5, 4, 4, 3, 3, 2, 2, 1, 1, 0, 0], "b_moves_left": [40, 39, 39, 38, 38, 37, 37, 36, 36, 35, 35, 34, 34, 33, 33, 32, 32, 31, 31, 30, 30, 29, 29, 28, 28, 27, 27, 26, 26, 25, 25, 24, 24, 23, 23, 22, 22, 21, 21, 20, 20, 19, 19, 18, 18, 17, 17, 16, 16, 15, 15, 14, 14, 13, 13, 12, 12, 11, 11, 10, 10, 9, 9, 8, 8, 7, 7, 6, 6, 5, 5, 4, 4, 3, 3, 2, 2, 1, 1, 0], "trapdoor_triggered": [0, 0, 0, 0, 0, 0, 0, 0, 0, 0, 0, 0, 0, 0, 0, 0, 0, 0, 0, 0, 0, 0, 0, 0, 0, 0, 0, 0, 0, 0, 0, 0, 0, 0, 0, 0, 0, 0, 0, 0, 0, 0, 0, 0, 0, 0, 0, 0, 0, 0, 0, 0, 0, 0, 0, 0, 0, 0, 0, 0, 0, 0, 0, 0, 0, 0, 0, 0, 0, 0, 0, 0, 0, 0, 0, 0, 0, 0, 0, 0], "left_behind": ["egg", "egg", "plain", "plain", "egg", "egg", "plain", "turd", "egg", "egg", "plain", "turd", "egg", "egg", "plain", "turd", "egg", "egg", "plain", "turd", "egg", "egg", "plain", "plain", "egg", "egg", "plain", "plain", "plain", "egg", "plain", "plain", "plain", "egg", "plain", "plain", "plain", "egg", "plain", "plain", "plain", "egg", "plain", "plain", "plain", "egg", "plain", "plain", "plain", "egg", "plain", "plain", "plain", "egg", "plain", "plain", "plain", "egg", "plain", "plain", "plain", "egg", "plain", "plain", "plain", "egg", "plain", "plain", "plain", "egg", "plain", "plain", "plain", "egg", "plain", "plain", "plain", "egg", "plain", "turd"], "errlog_a": "", "errlog_b": "", "start_time": 360, "start_moves": 40, "turn_count": 80, "result": 1, "reason": "EGGS_LAID", "trapdoors": [[3, 5], [2, 5]], "spawn_a": [7, 5], "spawn_b": [0, 5]}