{"pos": [[0, 3], [6, 4], [0, 2], [6, 3], [0, 1], [5, 3], [0, 0], [5, 2], [1, 0], [5, 1], [2, 0], [4, 1], [2, 1], [3, 1], [0, 4], [3, 2], [0, 3], [3, 3], [1, 3], [3, 4], [1, 4], [2, 4], [1, 5], [2, 5], [1, 6], [2, 6], [1, 7], [3, 6], [0, 7], [4, 6], [0, 6], [5, 6], [0, 5], [5, 5], [0, 4], [5, 4], [0, 3], [5, 3], [0, 2], [4, 3], [0, 1], [3, 3], [1, 1], [2, 3], [1, 0], [3, 3], [1, 1], [3, 2], [1, 0], [3, 1], [1, 1], [3, 0], [1, 0], [4, 0], [1, 1], [5, 0], [1, 0], [6, 0], [1, 1], [7, 0], [1, 0], [7, 1], [1, 1], [7, 2], [1, 0], [7, 1], [1, 1], [6, 1], [1, 0], [6, 2], [1, 1], [6, 3], [1, 0], [6, 4], [1, 1], [6, 5], [1, 0], [6, 4], [2, 0], [6, 3]], "a_eggs_laid": [1, 1, 1, 1, 2, 2, 2, 2, 5, 5, 5, 5, 6, 6, 6, 6, 6, 6, 6, 6, 7, 7, 7, 7, 8, 8, 8, 8, 9, 9, 9, 9, 10, 10, 10, 10, 10, 10, 10, 10, 10, 10, 10, 10, 11, 11, 11, 11, 11, 11, 11, 11, 11, 11, 11, 11, 11, 11, 11, 11, 11, 11, 11, 11, 11, 11, 11, 11, 11, 11, 11, 11, 11, 11, 11, 11, 11, 11, 11, 11], "b_eggs_laid": [0, 1, 1, 1, 1, 2, 2, 2, 2, 3, 3, 3, 3, 4, 4, 8, 8, 9, 9, 9, 9, 10, 10, 10, 10, 11, 11, 11, 11, 12, 12, 12, 12, 13, 13, 13, 13, 14, 14, 14, 14, 15, 15, 15, 15, 16, 16, 16, 16, 16, 16, 16, 16, 17, 17, 17, 17, 18, 18, 18, 18, 21, 21, 21, 21, 22, 22, 22, 22, 23, 23, 23, 23, 23, 23, 23, 23, 24, 24, 24], "a_turds_left": [5, 5, 5, 5, 5, 5, 5, 5, 5, 5, 5, 5, 5, 5, 5, 5, 5, 5, 5, 5, 5, 5, 5, 5, 5, 5, 5, 5, 5, 5, 5, 5, 5, 5, 5, 5, 5, 5, 5, 5, 5, 5, 5, 5, 5, 5, 5, 5, 5, 5, 5, 5, 5, 5, 5, 5, 5, 5, 5, 5, 5, 5, 5, 5, 5, 5, 5, 5, 5, 5, 5, 5, 5, 5, 5, 5, 5, 5, 5, 5], "b_turds_left": [5, 5, 5, 5, 5, 5, 5, 5, 5, 5, 5, 4, 4, 4, 4, 3, 3, 3, 3, 2, 2, 2, 2, 1, 1, 1, 1, 0, 0, 0, 0, 0, 0, 0, 0, 0, 0, 0, 0, 0, 0, 0, 0, 0, 0, 0, 0, 0, 0, 0, 0, 0, 0, 0, 0, 0, 0, 0, 0, 0, 0, 0, 0, 0, 0, 0, 0, 0, 0, 0, 0, 0, 0, 0, 0, 0, 0, 0, 0, 0], "a_time_left": [359.93447099998593, 359.93447099998593, 359.898672915966, 359.898672915966, 359.849922082969, 359.849922082969, 359.81726133296615, 359.81726133296615, 359.7867272919684, 359.7867272919684, 359.75386845797766, 359.75386845797766, 359.70429904200137, 359.70429904200137, 359.6891834999842, 359.6891834999842, 359.67152933299076, 359.67152933299076, 359.6428262919944, 359.6428262919944, 359.58935024999664, 359.58935024999664, 359.57644083400373, 359.57644083400373, 359.5552557510091, 359.5552557510091, 359.5443782090151, 359.5443782090151, 359.5368815010006, 359.5368815010006, 359.5299212509999, 359.5299212509999, 359.5132528760005, 359.5132528760005, 359.503866043, 359.503866043, 359.49809362599626, 359.49809362599626, 359.48645104200114, 359.48645104200114, 359.4771448330139, 359.4771448330139, 359.4647790000017, 359.4647790000017, 359.4421494580165, 359.4421494580165, 359.43141295801615, 359.43141295801615, 359.42505075002555, 359.42505075002555, 359.4151135830325, 359.4151135830325, 359.4080822500109, 359.4080822500109, 359.40062508301344, 359.40062508301344, 359.3918630000262, 359.3918630000262, 359.384157708002, 359.384157708002, 359.37851729098475, 359.37851729098475, 359.3700797909987, 359.3700797909987, 359.3610488320119, 359.3610488320119, 359.3526818320097, 359.3526818320097, 359.3418253730051, 359.3418253730051, 359.331433164014, 359.331433164014, 359.32524062201264, 359.32524062201264, 359.3147793310054, 359.3147793310054, 359.30531616401277, 359.30531616401277, 359.3018487060035, 359.3018487060035], "b_time_left": [360, 359.92873787501594, 359.92873787501594, 359.87415583303664, 359.87415583303664, 359.8188237080176, 359.8188237080176, 359.7847001250193, 359.7847001250193, 359.73139679201995, 359.73139679201995, 359.6869874999975, 359.6869874999975, 359.6293079579773, 359.6293079579773, 359.58819624996977, 359.58819624996977, 359.55339549997007, 359.55339549997007, 359.50695158398594, 359.50695158398594, 359.4532265009766, 359.4532265009766, 359.4211550009786, 359.4211550009786, 359.38409508398036, 359.38409508398036, 359.36538145897794, 359.36538145897794, 359.3485367089743, 359.3485367089743, 359.338270749955, 359.338270749955, 359.31391349996557, 359.31391349996557, 359.3035048339807, 359.3035048339807, 359.2741332089936, 359.2741332089936, 359.2613107090001, 359.2613107090001, 359.23504833399784, 359.23504833399784, 359.21757716700085, 359.21757716700085, 359.20373891701456, 359.20373891701456, 359.18669670802774, 359.18669670802774, 359.166905583028, 359.166905583028, 359.1520682500268, 359.1520682500268, 359.1379158750351, 359.1379158750351, 359.1260667910392, 359.1260667910392, 359.10653495704173, 359.10653495704173, 359.09480683202855, 359.09480683202855, 359.08110149903223, 359.08110149903223, 359.0692921660375, 359.0692921660375, 359.04891241603764, 359.04891241603764, 359.03734870802145, 359.03734870802145, 359.00865225002053, 359.00865225002053, 358.99066375000984, 358.99066375000984, 358.96077287502703, 358.96077287502703, 358.9421954580175, 358.9421954580175, 358.9313864580181, 358.9313864580181, 358.9308038740419], "a_moves_left": [39, 39, 38, 38, 37, 37, 36, 36, 35, 35, 34, 34, 33, 33, 32, 32, 31, 31, 30, 30, 29, 29, 28, 28, 27, 27, 26, 26, 25, 25, 24, 24, 23, 23, 22, 22, 21, 21, 20, 20, 19, 19, 18, 18, 17, 17, 16, 16, 15, 15, 14, 14, 13, 13, 12, 12, 11, 11, 10, 10, 9, 9, 8, 8, 7, 7, 6, 6, 5, 5, 4, 4, 3, 3, 2, 2, 1, 1, 0, 0], "b_moves_left": [40, 39, 39, 38, 38, 37, 37, 36, 36, 35, 35, 34, 34, 33, 33, 32, 32, 31, 31, 30, 30, 29, 29, 28, 28, 27, 27, 26, 26, 25, 25, 24, 24, 23, 23, 22, 22, 21, 21, 20, 20, 19, 19, 18, 18, 17, 17, 16, 16, 15, 15, 14, 14, 13, 13, 12, 12, 11, 11, 10, 10, 9, 9, 8, 8, 7, 7, 6, 6, 5, 5, 4, 4, 3, 3, 2, 2, 1, 1, 0], "trapdoor_triggered": [0, 0, 0, 0, 0, 0, 0, 0, 0, 0, 0, 0, 0, 0, 1, 0, 0, 0, 0, 0, 0, 0, 0, 0, 0, 0, 0, 0, 0, 0, 0, 0, 0, 0, 0, 0, 0, 0, 0, 0, 0, 0, 0, 0, 0, 0, 0, 0, 0, 0, 0, 0, 0, 0, 0, 0, 0, 0, 0, 0, 0, 0, 0, 0, 0, 0, 0, 0, 0, 0, 0, 0, 0, 0, 0, 0, 0, 0, 0, 0], "left_behind": ["egg", "egg", "plain", "plain", "egg", "egg", "plain", "plain", "egg", "egg", "plain", "turd", "egg", "egg", "plain", "turd", "plain", "egg", "plain", "turd", "egg", "egg", "plain", "turd", "egg", "egg", "plain", "turd", "egg", "egg", "plain", "plain", "egg", "egg", "plain", "plain", "plain", "egg", "plain", "plain", "plain", "egg", "plain", "plain", "egg", "egg", "plain", "plain", "plain", "plain", "plain", "plain", "plain", "egg", "plain", "plain", "plain", "egg", "plain", "plain", "plain", "egg", "plain", "plain", "plain", "egg", "plain", "plain", "plain", "egg", "plain", "plain", "plain", "plain", "plain", "plain", "plain", "egg", "plain", "plain"], "errlog_a": "", "errlog_b": "", "start_time": 360, "start_moves": 40, "turn_count": 80, "result": 1, "reason": "EGGS_LAID", "trapdoors": [[2, 2], [4, 5]], "spawn_a": [0, 4], "spawn_b": [7, 4]}