{"pos": [[0, 1], [7, 3], [0, 0], [6, 3], [1, 0], [6, 4], [2, 0], [7, 4], [3, 0], [6, 4], [4, 0], [6, 5], [5, 0], [5, 5], [6, 0], [5, 6], [6, 1], [4, 6], [7, 1], [3, 6], [6, 1], [2, 6], [6, 2], [1, 6], [6, 1], [1, 5], [5, 1], [1, 4], [4, 1], [1, 5], [3, 1], [0, 5], [2, 1], [1, 5], [1, 1], [2, 5], [2, 1], [3, 5], [2, 2], [4, 5], [3, 2], [4, 4], [4, 2], [4, 3], [4, 1], [5, 3], [4, 0], [5, 4], [5, 0], [4, 4], [6, 0], [3, 4], [6, 1], [2, 4], [6, 0], [2, 3], [6, 1], [1, 3], [6, 0], [0, 3], [6, 1], [1, 3], [6, 0], [1, 2], [6, 1], [1, 3], [6, 0], [2, 3], [6, 1], [2, 4], [6, 0], [3, 4], [6, 1], [3, 5], [6, 0], [4, 5], [6, 1], [4, 4], [6, 0], [4, 3]], "a_eggs_laid": [1, 1, 1, 1, 4, 4, 4, 4, 5, 5, 5, 5, 6, 6, 6, 6, 7, 7, 7, 7, 8, 8, 8, 8, 9, 9, 9, 9, 10, 10, 10, 10, 11, 11, 11, 11, 12, 12, 12, 12, 13, 13, 13, 13, 14, 14, 14, 14, 14, 14, 14, 14, 14, 14, 14, 14, 14, 14, 14, 14, 14, 14, 14, 14, 14, 14, 14, 14, 14, 14, 14, 14, 14, 14, 14, 14, 14, 14, 14, 14], "b_eggs_laid": [0, 1, 1, 1, 1, 2, 2, 2, 2, 3, 3, 3, 3, 4, 4, 4, 4, 5, 5, 5, 5, 6, 6, 6, 6, 7, 7, 7, 7, 8, 8, 8, 8, 9, 9, 9, 9, 10, 10, 10, 10, 11, 11, 11, 11, 12, 12, 12, 12, 13, 13, 13, 13, 14, 14, 14, 14, 15, 15, 15, 15, 16, 16, 16, 16, 17, 17, 17, 17, 17, 17, 17, 17, 17, 17, 17, 17, 17, 17, 17], "a_turds_left": [5, 5, 5, 5, 5, 5, 5, 5, 5, 5, 5, 5, 5, 5, 5, 5, 5, 5, 5, 5, 5, 5, 5, 5, 5, 5, 5, 5, 5, 5, 5, 5, 5, 5, 5, 5, 5, 5, 5, 5, 5, 5, 5, 5, 5, 5, 5, 5, 5, 5, 5, 5, 5, 5, 5, 5, 5, 5, 5, 5, 5, 5, 5, 5, 5, 5, 5, 5, 5, 5, 5, 5, 5, 5, 5, 5, 5, 5, 5, 5], "b_turds_left": [5, 5, 5, 5, 5, 5, 5, 5, 5, 5, 5, 4, 4, 4, 4, 3, 3, 3, 3, 3, 3, 3, 3, 2, 2, 2, 2, 1, 1, 1, 1, 1, 1, 1, 1, 1, 1, 1, 1, 1, 1, 1, 1, 1, 1, 1, 1, 1, 1, 1, 1, 1, 1, 1, 1, 1, 1, 1, 1, 1, 1, 1, 1, 1, 1, 1, 1, 1, 1, 1, 1, 1, 1, 1, 1, 1, 1, 1, 1, 0], "a_time_left": [359.9563587500015, 359.9563587500015, 359.92482924999786, 359.92482924999786, 359.895246125001, 359.895246125001, 359.8575067920028, 359.8575067920028, 359.8169065420225, 359.8169065420225, 359.78091387602035, 359.78091387602035, 359.723634251015, 359.723634251015, 359.6872582510114, 359.6872582510114, 359.6422239179956, 359.6422239179956, 359.60665058498853, 359.60665058498853, 359.57556100198417, 359.57556100198417, 359.54079245997127, 359.54079245997127, 359.50698300095974, 359.50698300095974, 359.4739091259544, 359.4739091259544, 359.4096775849466, 359.4096775849466, 359.37912029295694, 359.37912029295694, 359.32911375098047, 359.32911375098047, 359.29863083397504, 359.29863083397504, 359.2275175009854, 359.2275175009854, 359.1944258339936, 359.1944258339936, 359.12690266699065, 359.12690266699065, 359.08786920897546, 359.08786920897546, 359.06256904196925, 359.06256904196925, 359.03329324995866, 359.03329324995866, 359.01618541695643, 359.01618541695643, 358.9908834999369, 358.9908834999369, 358.975463791925, 358.975463791925, 358.94988900094177, 358.94988900094177, 358.9378757509403, 358.9378757509403, 358.9091232099454, 358.9091232099454, 358.90115820994833, 358.90115820994833, 358.87235612695804, 358.87235612695804, 358.86713383495226, 358.86713383495226, 358.8373232099693, 358.8373232099693, 358.8304940429516, 358.8304940429516, 358.7981641679653, 358.7981641679653, 358.7897047929873, 358.7897047929873, 358.757728667988, 358.757728667988, 358.7481164599885, 358.7481164599885, 358.73953645996517, 358.73953645996517], "b_time_left": [360, 359.9500140839955, 359.9500140839955, 359.9251867919811, 359.9251867919811, 359.87098066697945, 359.87098066697945, 359.8259174589766, 359.8259174589766, 359.78800325098564, 359.78800325098564, 359.74335562597844, 359.74335562597844, 359.6916736669664, 359.6916736669664, 359.6427822509431, 359.6427822509431, 359.5705074169382, 359.5705074169382, 359.53647462592926, 359.53647462592926, 359.4669835429231, 359.4669835429231, 359.43293012693175, 359.43293012693175, 359.3862495019275, 359.3862495019275, 359.3327610439155, 359.3327610439155, 359.2677186689398, 359.2677186689398, 359.24083112794324, 359.24083112794324, 359.19941146095516, 359.19941146095516, 359.1775770029344, 359.1775770029344, 359.1306127939315, 359.1306127939315, 359.08731783594703, 359.08731783594703, 359.033365501964, 359.033365501964, 358.99829795997357, 358.99829795997357, 358.95918566797627, 358.95918566797627, 358.9288219179725, 358.9288219179725, 358.8918391679472, 358.8918391679472, 358.8588827099593, 358.8588827099593, 358.83020725194365, 358.83020725194365, 358.7961230019573, 358.7961230019573, 358.7657353769464, 358.7657353769464, 358.74002929293783, 358.74002929293783, 358.7196263759397, 358.7196263759397, 358.6944074599305, 358.6944074599305, 358.6830676259124, 358.6830676259124, 358.6579625849263, 358.6579625849263, 358.63767333491705, 358.63767333491705, 358.6058125849231, 358.6058125849231, 358.5784852509096, 358.5784852509096, 358.5421981259133, 358.5421981259133, 358.5252952929004, 358.5252952929004, 358.5236422508897], "a_moves_left": [39, 39, 38, 38, 37, 37, 36, 36, 35, 35, 34, 34, 33, 33, 32, 32, 31, 31, 30, 30, 29, 29, 28, 28, 27, 27, 26, 26, 25, 25, 24, 24, 23, 23, 22, 22, 21, 21, 20, 20, 19, 19, 18, 18, 17, 17, 16, 16, 15, 15, 14, 14, 13, 13, 12, 12, 11, 11, 10, 10, 9, 9, 8, 8, 7, 7, 6, 6, 5, 5, 4, 4, 3, 3, 2, 2, 1, 1, 0, 0], "b_moves_left": [40, 39, 39, 38, 38, 37, 37, 36, 36, 35, 35, 34, 34, 33, 33, 32, 32, 31, 31, 30, 30, 29, 29, 28, 28, 27, 27, 26, 26, 25, 25, 24, 24, 23, 23, 22, 22, 21, 21, 20, 20, 19, 19, 18, 18, 17, 17, 16, 16, 15, 15, 14, 14, 13, 13, 12, 12, 11, 11, 10, 10, 9, 9, 8, 8, 7, 7, 6, 6, 5, 5, 4, 4, 3, 3, 2, 2, 1, 1, 0], "trapdoor_triggered": [0, 0, 0, 0, 0, 0, 0, 0, 0, 0, 0, 0, 0, 0, 0, 0, 0, 0, 0, 0, 0, 0, 0, 0, 0, 0, 0, 0, 0, 0, 0, 0, 0, 0, 0, 0, 0, 0, 0, 0, 0, 0, 0, 0, 0, 0, 0, 0, 0, 0, 0, 0, 0, 0, 0, 0, 0, 0, 0, 0, 0, 0, 0, 0, 0, 0, 0, 0, 0, 0, 0, 0, 0, 0, 0, 0, 0, 0, 0, 0], "left_behind": ["egg", "egg", "plain", "plain", "egg", "egg", "plain", "plain", "egg", "egg", "plain", "turd", "egg", "egg", "plain", "turd", "egg", "egg", "plain", "plain", "egg", "egg", "plain", "turd", "egg", "egg", "plain", "turd", "egg", "egg", "plain", "plain", "egg", "egg", "plain", "plain", "egg", "egg", "plain", "plain", "egg", "egg", "plain", "plain", "egg", "egg", "plain", "plain", "plain", "egg", "plain", "plain", "plain", "egg", "plain", "plain", "plain", "egg", "plain", "plain", "plain", "egg", "plain", "plain", "plain", "egg", "plain", "plain", "plain", "plain", "plain", "plain", "plain", "plain", "plain", "plain", "plain", "plain", "plain", "turd"], "errlog_a": "", "errlog_b": "", "start_time": 360, "start_moves": 40, "turn_count": 80, "result": 1, "reason": "EGGS_LAID", "trapdoors": [[3, 3], [5, 2]], "spawn_a": [0, 2], "spawn_b": [7, 2]}