{"pos": [[0, 3], [6, 4], [0, 2], [6, 3], [0, 1], [5, 3], [0, 0], [4, 3], [1, 0], [4, 2], [2, 0], [3, 2], [2, 1], [2, 2], [3, 1], [2, 3], [3, 0], [2, 4], [4, 0], [3, 4], [5, 0], [3, 5], [6, 0], [2, 5], [7, 0], [2, 6], [7, 1], [2, 7], [7, 2], [2, 6], [6, 2], [1, 6], [6, 1], [2, 6], [5, 1], [3, 6], [5, 0], [3, 5], [6, 0], [4, 5], [7, 0], [5, 5], [7, 1], [5, 4], [7, 0], [5, 5], [7, 1], [6, 5], [7, 0], [6, 6], [7, 1], [5, 6], [7, 0], [5, 7], [7, 1], [4, 7], [7, 0], [5, 7], [7, 1], [6, 7], [7, 0], [6, 6], [7, 1], [7, 6], [7, 0], [6, 6], [7, 1], [6, 5], [7, 0], [6, 4], [7, 1], [6, 5], [7, 0], [6, 4], [7, 1], [6, 5], [7, 0]], "a_eggs_laid": [1, 1, 1, 1, 2, 2, 2, 2, 5, 5, 5, 5, 6, 6, 6, 6, 7, 7, 7, 7, 8, 8, 8, 8, 9, 9, 9, 9, 10, 10, 10, 10, 11, 11, 11, 11, 12, 12, 12, 12, 12, 12, 12, 12, 12, 12, 12, 12, 12, 12, 12, 12, 12, 12, 12, 12, 12, 12, 12, 12, 12, 12, 12, 12, 12, 12, 12, 12, 12, 12, 12, 12, 12, 12, 12, 12, 12], "b_eggs_laid": [0, 1, 1, 1, 1, 2, 2, 2, 2, 3, 3, 3, 3, 4, 4, 4, 4, 5, 5, 5, 5, 6, 6, 6, 6, 7, 7, 7, 7, 8, 8, 8, 8, 9, 9, 9, 9, 10, 10, 10, 10, 11, 11, 11, 11, 12, 12, 12, 12, 13, 13, 13, 13, 14, 14, 14, 14, 15, 15, 15, 15, 16, 16, 16, 16, 17, 17, 17, 17, 17, 17, 17, 17, 17, 17, 17, 17], "a_turds_left": [5, 5, 5, 5, 5, 5, 5, 5, 5, 5, 5, 5, 5, 5, 5, 5, 5, 5, 5, 5, 5, 5, 5, 5, 5, 5, 5, 5, 5, 5, 5, 5, 5, 5, 5, 5, 5, 5, 5, 5, 5, 5, 5, 5, 5, 5, 5, 5, 5, 5, 5, 5, 5, 5, 5, 5, 5, 5, 5, 5, 5, 5, 5, 5, 5, 5, 5, 5, 5, 5, 5, 5, 5, 5, 5, 5, 5], "b_turds_left": [5, 5, 5, 4, 4, 4, 4, 3, 3, 3, 3, 2, 2, 2, 2, 1, 1, 1, 1, 1, 1, 1, 1, 1, 1, 1, 1, 1, 1, 1, 1, 1, 1, 1, 1, 1, 1, 1, 1, 1, 1, 1, 1, 1, 1, 1, 1, 1, 1, 1, 1, 1, 1, 1, 1, 1, 1, 1, 1, 1, 1, 1, 1, 1, 1, 1, 1, 1, 1, 1, 1, 1, 1, 1, 1, 1, 1], "a_time_left": [359.8945467090234, 359.8945467090234, 359.85843787601334, 359.85843787601334, 359.79715266800486, 359.79715266800486, 359.75806287600426, 359.75806287600426, 359.7198262930033, 359.7198262930033, 359.68938745898777, 359.68938745898777, 359.63731908399495, 359.63731908399495, 359.62057054199977, 359.62057054199977, 359.6055401249905, 359.6055401249905, 359.5698046250036, 359.5698046250036, 359.535372540995, 359.535372540995, 359.4998662910075, 359.4998662910075, 359.4562893330003, 359.4562893330003, 359.42881720798323, 359.42881720798323, 359.38922054096474, 359.38922054096474, 359.35953891594545, 359.35953891594545, 359.3186408749316, 359.3186408749316, 359.28688124992186, 359.28688124992186, 359.2486657919071, 359.2486657919071, 359.2188111669093, 359.2188111669093, 359.19659420789685, 359.19659420789685, 359.1799489578989, 359.1799489578989, 359.15179154090583, 359.15179154090583, 359.11984266591026, 359.11984266591026, 359.0951716239215, 359.0951716239215, 359.0771127069311, 359.0771127069311, 359.0526682069467, 359.0526682069467, 359.02553499894566, 359.02553499894566, 359.007854706957, 359.007854706957, 358.9866968729475, 358.9866968729475, 358.9684023729351, 358.9684023729351, 358.94480708194897, 358.94480708194897, 358.9312900819641, 358.9312900819641, 358.9061898739601, 358.9061898739601, 358.8957919989771, 358.8957919989771, 358.87388183298754, 358.87388183298754, 358.855433040997, 358.855433040997, 358.8372032069892, 358.8372032069892, 358.8202190400043], "b_time_left": [360, 359.88241820799885, 359.88241820799885, 359.7507823330234, 359.7507823330234, 359.604444791039, 359.604444791039, 359.5111872070411, 359.5111872070411, 359.3637401240412, 359.3637401240412, 359.2297371660243, 359.2297371660243, 359.07174308304093, 359.07174308304093, 359.0093227910402, 359.0093227910402, 358.8934273320483, 358.8934273320483, 358.8211897490546, 358.8211897490546, 358.66937016605516, 358.66937016605516, 358.55589687405154, 358.55589687405154, 358.45163954107556, 358.45163954107556, 358.3362273320672, 358.3362273320672, 358.22933320706943, 358.22933320706943, 358.16567562407, 358.16567562407, 357.98808829006157, 357.98808829006157, 357.91675420707907, 357.91675420707907, 357.78039241509396, 357.78039241509396, 357.7270830400812, 357.7270830400812, 357.6153270400828, 357.6153270400828, 357.5333326651016, 357.5333326651016, 357.4352337900782, 357.4352337900782, 357.36321083205985, 357.36321083205985, 357.2559797070571, 357.2559797070571, 357.1728470400558, 357.1728470400558, 357.06258729007095, 357.06258729007095, 357.0129887490766, 357.0129887490766, 356.9407681240991, 356.9407681240991, 356.89509833208285, 356.89509833208285, 356.8271708730899, 356.8271708730899, 356.76849666508497, 356.76849666508497, 356.7089247900876, 356.7089247900876, 356.6584675400809, 356.6584675400809, 356.62530591510586, 356.62530591510586, 356.60070654010633, 356.60070654010633, 356.5679539151315, 356.5679539151315, 356.54052054014755, 356.54052054014755], "a_moves_left": [39, 39, 38, 38, 37, 37, 36, 36, 35, 35, 34, 34, 33, 33, 32, 32, 31, 31, 30, 30, 29, 29, 28, 28, 27, 27, 26, 26, 25, 25, 24, 24, 23, 23, 22, 22, 21, 21, 20, 20, 19, 19, 18, 18, 17, 17, 16, 16, 15, 15, 14, 14, 13, 13, 12, 12, 11, 11, 10, 10, 9, 9, 8, 8, 7, 7, 6, 6, 5, 5, 4, 4, 3, 3, 2, 2, 1], "b_moves_left": [40, 39, 39, 38, 38, 37, 37, 36, 36, 35, 35, 34, 34, 33, 33, 32, 32, 31, 31, 30, 30, 29, 29, 28, 28, 27, 27, 26, 26, 25, 25, 24, 24, 23, 23, 22, 22, 21, 21, 20, 20, 19, 19, 18, 18, 17, 17, 16, 16, 15, 15, 14, 14, 13, 13, 12, 12, 11, 11, 10, 10, 9, 9, 8, 8, 7, 7, 6, 6, 5, 5, 4, 4, 3, 3, 2, 2], "trapdoor_triggered": [0, 0, 0, 0, 0, 0, 0, 0, 0, 0, 0, 0, 0, 0, 0, 0, 0, 0, 0, 0, 0, 0, 0, 0, 0, 0, 0, 0, 0, 0, 0, 0, 0, 0, 0, 0, 0, 0, 0, 0, 0, 0, 0, 0, 0, 0, 0, 0, 0, 0, 0, 0, 0, 0, 0, 0, 0, 0, 0, 0, 0, 0, 0, 0, 0, 0, 0, 0, 0, 0, 0, 0, 0, 0, 0, 0, 0], "left_behind": ["egg", "egg", "plain", "turd", "egg", "egg", "plain", "turd", "egg", "egg", "plain", "turd", "egg", "egg", "plain", "turd", "egg", "egg", "plain", "plain", "egg", "egg", "plain", "plain", "egg", "egg", "plain", "plain", "egg", "egg", "plain", "plain", "egg", "egg", "plain", "plain", "egg", "egg", "plain", "plain", "plain", "egg", "plain", "plain", "plain", "egg", "plain", "plain", "plain", "egg", "plain", "plain", "plain", "egg", "plain", "plain", "plain", "egg", "plain", "plain", "plain", "egg", "plain", "plain", "plain", "egg", "plain", "plain", "plain", "plain", "plain", "plain", "plain", "plain", "plain", "plain", "plain"], "errlog_a": "", "errlog_b": "Timeout", "start_time": 360, "start_moves": 40, "turn_count": 77, "result": 0, "reason": "CODE_CRASH", "trapdoors": [[4, 4], [5, 2]], "spawn_a": [0, 4], "spawn_b": [7, 4]}