{"pos": [[7, 2], [0, 2], [7, 1], [0, 1], [7, 2], [1, 1], [6, 2], [2, 1], [6, 1], [3, 1], [6, 0], [4, 1], [6, 1], [4, 2], [5, 1], [3, 2], [5, 0], [2, 2], [4, 0], [1, 2], [5, 0], [1, 3], [6, 0], [1, 4], [7, 0], [1, 5], [7, 1], [1, 6], [7, 0], [2, 6], [7, 1], [3, 6], [7, 0], [4, 6], [7, 1], [4, 5], [7, 0], [4, 4], [7, 1], [4, 3], [7, 0], [5, 3], [7, 1], [5, 2], [7, 0], [5, 3], [7, 1], [6, 3], [7, 0], [6, 4], [7, 1], [7, 4], [7, 0], [7, 5], [7, 1], [7, 6], [7, 0], [7, 5], [7, 1], [6, 5], [7, 0], [6, 4], [7, 1], [5, 4], [7, 0], [5, 5], [7, 1], [5, 6], [7, 0], [6, 6], [7, 1], [6, 7], [7, 0], [5, 7], [7, 1], [4, 7], [7, 0], [4, 6], [7, 1], [4, 5]], "a_eggs_laid": [1, 1, 1, 1, 2, 2, 2, 2, 3, 3, 3, 3, 4, 4, 4, 4, 5, 5, 5, 5, 6, 6, 6, 6, 6, 6, 6, 6, 6, 6, 6, 6, 6, 6, 6, 6, 6, 6, 6, 6, 6, 6, 6, 6, 6, 6, 6, 6, 6, 6, 6, 6, 6, 6, 6, 6, 6, 6, 6, 6, 6, 6, 6, 6, 6, 6, 6, 6, 6, 6, 6, 6, 6, 6, 6, 6, 6, 6, 6, 6], "b_eggs_laid": [0, 1, 1, 1, 1, 2, 2, 2, 2, 3, 3, 3, 3, 4, 4, 4, 4, 5, 5, 5, 5, 6, 6, 6, 6, 7, 7, 7, 7, 8, 8, 8, 8, 9, 9, 9, 9, 10, 10, 10, 10, 11, 11, 11, 11, 12, 12, 12, 12, 13, 13, 13, 13, 14, 14, 14, 14, 15, 15, 15, 15, 16, 16, 16, 16, 17, 17, 17, 17, 18, 18, 18, 18, 19, 19, 19, 19, 20, 20, 20], "a_turds_left": [5, 5, 5, 5, 5, 5, 5, 5, 5, 5, 5, 5, 5, 5, 5, 5, 5, 5, 5, 5, 5, 5, 5, 5, 5, 5, 5, 5, 5, 5, 5, 5, 5, 5, 5, 5, 5, 5, 5, 5, 5, 5, 5, 5, 5, 5, 5, 5, 5, 5, 5, 5, 5, 5, 5, 5, 5, 5, 5, 5, 5, 5, 5, 5, 5, 5, 5, 5, 5, 5, 5, 5, 5, 5, 5, 5, 5, 5, 5, 5], "b_turds_left": [5, 5, 5, 4, 4, 4, 4, 3, 3, 3, 3, 2, 2, 2, 2, 1, 1, 1, 1, 1, 1, 1, 1, 1, 1, 1, 1, 1, 1, 1, 1, 1, 1, 1, 1, 1, 1, 1, 1, 1, 1, 1, 1, 1, 1, 1, 1, 1, 1, 1, 1, 1, 1, 1, 1, 1, 1, 1, 1, 1, 1, 1, 1, 1, 1, 1, 1, 1, 1, 1, 1, 1, 1, 1, 1, 1, 1, 1, 1, 0], "a_time_left": [359.9621060419886, 359.9621060419886, 359.93918083398603, 359.93918083398603, 359.9104674589762, 359.9104674589762, 359.89228920897585, 359.89228920897585, 359.84970887596137, 359.84970887596137, 359.8244320009544, 359.8244320009544, 359.80027512597735, 359.80027512597735, 359.77227591798874, 359.77227591798874, 359.7528007509827, 359.7528007509827, 359.7403218349791, 359.7403218349791, 359.7314724600001, 359.7314724600001, 359.7197965430096, 359.7197965430096, 359.7118595429929, 359.7118595429929, 359.70204570898204, 359.70204570898204, 359.69420079299016, 359.69420079299016, 359.6855189590133, 359.6855189590133, 359.677825501014, 359.677825501014, 359.66907429203275, 359.66907429203275, 359.66127604202484, 359.66127604202484, 359.6519878760446, 359.6519878760446, 359.64415500103496, 359.64415500103496, 359.6357015010435, 359.6357015010435, 359.6311337510415, 359.6311337510415, 359.6229098760523, 359.6229098760523, 359.6183930010593, 359.6183930010593, 359.6084624170617, 359.6084624170617, 359.603093959071, 359.603093959071, 359.5961507090833, 359.5961507090833, 359.58910883410135, 359.58910883410135, 359.5820546250907, 359.5820546250907, 359.5743885000993, 359.5743885000993, 359.56557195910136, 359.56557195910136, 359.55782279209234, 359.55782279209234, 359.5489511260821, 359.5489511260821, 359.54117204310023, 359.54117204310023, 359.53206504310947, 359.53206504310947, 359.5262204601022, 359.5262204601022, 359.5190764600993, 359.5190764600993, 359.51288783509517, 359.51288783509517, 359.510184418119, 359.510184418119], "b_time_left": [360, 359.9577112919942, 359.9577112919942, 359.93109654198634, 359.93109654198634, 359.90444549999665, 359.90444549999665, 359.8777242919896, 359.8777242919896, 359.8422226670082, 359.8422226670082, 359.8175000839983, 359.8175000839983, 359.7783950009907, 359.7783950009907, 359.75828866800293, 359.75828866800293, 359.72754175099544, 359.72754175099544, 359.7187283759995, 359.7187283759995, 359.68922641701647, 359.68922641701647, 359.6775461670186, 359.6775461670186, 359.64908920801827, 359.64908920801827, 359.6331866250257, 359.6331866250257, 359.609895917034, 359.609895917034, 359.59383875102503, 359.59383875102503, 359.5705415010161, 359.5705415010161, 359.5545160010224, 359.5545160010224, 359.52898829302285, 359.52898829302285, 359.51179975201376, 359.51179975201376, 359.4871011270152, 359.4871011270152, 359.47394933502073, 359.47394933502073, 359.46225937700365, 359.46225937700365, 359.4502060439845, 359.4502060439845, 359.43608254397986, 359.43608254397986, 359.42153858498204, 359.42153858498204, 359.4082512509776, 359.4082512509776, 359.39770091796527, 359.39770091796527, 359.3813848349673, 359.3813848349673, 359.37268383495393, 359.37268383495393, 359.34665412595496, 359.34665412595496, 359.33590266795363, 359.33590266795363, 359.3113032509573, 359.3113032509573, 359.2984660419752, 359.2984660419752, 359.27326183297555, 359.27326183297555, 359.26210529200034, 359.26210529200034, 359.24689287500223, 359.24689287500223, 359.23827183400863, 359.23827183400863, 359.23109370900784, 359.23109370900784, 359.23033800101257], "a_moves_left": [39, 39, 38, 38, 37, 37, 36, 36, 35, 35, 34, 34, 33, 33, 32, 32, 31, 31, 30, 30, 29, 29, 28, 28, 27, 27, 26, 26, 25, 25, 24, 24, 23, 23, 22, 22, 21, 21, 20, 20, 19, 19, 18, 18, 17, 17, 16, 16, 15, 15, 14, 14, 13, 13, 12, 12, 11, 11, 10, 10, 9, 9, 8, 8, 7, 7, 6, 6, 5, 5, 4, 4, 3, 3, 2, 2, 1, 1, 0, 0], "b_moves_left": [40, 39, 39, 38, 38, 37, 37, 36, 36, 35, 35, 34, 34, 33, 33, 32, 32, 31, 31, 30, 30, 29, 29, 28, 28, 27, 27, 26, 26, 25, 25, 24, 24, 23, 23, 22, 22, 21, 21, 20, 20, 19, 19, 18, 18, 17, 17, 16, 16, 15, 15, 14, 14, 13, 13, 12, 12, 11, 11, 10, 10, 9, 9, 8, 8, 7, 7, 6, 6, 5, 5, 4, 4, 3, 3, 2, 2, 1, 1, 0], "trapdoor_triggered": [0, 0, 0, 0, 0, 0, 0, 0, 0, 0, 0, 0, 0, 0, 0, 0, 0, 0, 0, 0, 0, 0, 0, 0, 0, 0, 0, 0, 0, 0, 0, 0, 0, 0, 0, 0, 0, 0, 0, 0, 0, 0, 0, 0, 0, 0, 0, 0, 0, 0, 0, 0, 0, 0, 0, 0, 0, 0, 0, 0, 0, 0, 0, 0, 0, 0, 0, 0, 0, 0, 0, 0, 0, 0, 0, 0, 0, 0, 0, 0], "left_behind": ["egg", "egg", "plain", "turd", "egg", "egg", "plain", "turd", "egg", "egg", "plain", "turd", "egg", "egg", "plain", "turd", "egg", "egg", "plain", "plain", "egg", "egg", "plain", "plain", "plain", "egg", "plain", "plain", "plain", "egg", "plain", "plain", "plain", "egg", "plain", "plain", "plain", "egg", "plain", "plain", "plain", "egg", "plain", "plain", "plain", "egg", "plain", "plain", "plain", "egg", "plain", "plain", "plain", "egg", "plain", "plain", "plain", "egg", "plain", "plain", "plain", "egg", "plain", "plain", "plain", "egg", "plain", "plain", "plain", "egg", "plain", "plain", "plain", "egg", "plain", "plain", "plain", "egg", "plain", "turd"], "errlog_a": "", "errlog_b": "", "start_time": 360, "start_moves": 40, "turn_count": 80, "result": 1, "reason": "EGGS_LAID", "trapdoors": [[3, 5], [2, 5]], "spawn_a": [7, 3], "spawn_b": [0, 3]}