{"pos": [[0, 5], [7, 5], [0, 4], [6, 5], [0, 3], [6, 4], [0, 2], [6, 3], [0, 1], [6, 2], [0, 0], [5, 2], [1, 0], [5, 1], [2, 0], [4, 1], [2, 1], [3, 1], [2, 2], [2, 1], [1, 2], [3, 1], [1, 1], [3, 0], [1, 2], [4, 0], [1, 3], [5, 0], [1, 4], [6, 0], [1, 5], [7, 0], [2, 5], [7, 1], [2, 6], [7, 2], [3, 6], [7, 1], [4, 6], [6, 1], [4, 5], [6, 2], [3, 5], [6, 3], [3, 4], [7, 6], [3, 3], [6, 6], [4, 3], [6, 7], [4, 2], [5, 7], [4, 3], [4, 7], [4, 4], [5, 7], [3, 4], [5, 6], [2, 4], [5, 5], [3, 4], [5, 4], [3, 3], [5, 5], [3, 4], [4, 5], [3, 3], [5, 5], [3, 4], [5, 4], [3, 3], [6, 4], [3, 4], [7, 4], [3, 3], [7, 3], [3, 4], [7, 2], [3, 3], [7, 1]], "a_eggs_laid": [1, 1, 1, 1, 2, 2, 2, 2, 3, 3, 3, 3, 6, 6, 6, 6, 7, 7, 7, 7, 8, 8, 8, 8, 9, 9, 9, 9, 10, 10, 10, 10, 11, 11, 11, 11, 12, 12, 12, 12, 13, 13, 13, 13, 14, 14, 18, 18, 19, 19, 19, 19, 20, 20, 20, 20, 21, 21, 21, 21, 22, 22, 22, 22, 22, 22, 22, 22, 22, 22, 22, 22, 22, 22, 22, 22, 22, 22, 22, 22], "b_eggs_laid": [0, 1, 1, 1, 1, 2, 2, 2, 2, 3, 3, 3, 3, 4, 4, 4, 4, 5, 5, 5, 5, 6, 6, 6, 6, 7, 7, 7, 7, 8, 8, 8, 8, 11, 11, 11, 11, 12, 12, 12, 12, 13, 13, 13, 13, 13, 13, 13, 13, 13, 13, 14, 14, 14, 14, 15, 15, 15, 15, 16, 16, 16, 16, 17, 17, 17, 17, 18, 18, 18, 18, 18, 18, 18, 18, 19, 19, 19, 19, 19], "a_turds_left": [5, 5, 5, 5, 5, 5, 5, 5, 5, 5, 5, 5, 5, 5, 5, 5, 5, 5, 5, 5, 5, 5, 5, 5, 5, 5, 5, 5, 5, 5, 5, 5, 5, 5, 5, 5, 5, 5, 5, 5, 5, 5, 5, 5, 5, 5, 5, 5, 5, 5, 5, 5, 5, 5, 5, 5, 5, 5, 5, 5, 5, 5, 5, 5, 5, 5, 5, 5, 5, 5, 5, 5, 5, 5, 5, 5, 5, 5, 5, 5], "b_turds_left": [5, 5, 5, 5, 5, 5, 5, 5, 5, 5, 5, 5, 5, 5, 5, 4, 4, 4, 4, 3, 3, 3, 3, 3, 3, 3, 3, 3, 3, 3, 3, 3, 3, 3, 3, 3, 3, 3, 3, 3, 3, 3, 3, 2, 2, 2, 2, 2, 2, 2, 2, 2, 2, 1, 1, 1, 1, 1, 1, 1, 1, 1, 1, 1, 1, 0, 0, 0, 0, 0, 0, 0, 0, 0, 0, 0, 0, 0, 0, 0], "a_time_left": [359.95547891699243, 359.95547891699243, 359.92331691700383, 359.92331691700383, 359.8775128760026, 359.8775128760026, 359.84935625101207, 359.84935625101207, 359.80380137602333, 359.80380137602333, 359.7767966670217, 359.7767966670217, 359.7464276670071, 359.7464276670071, 359.7131210420048, 359.7131210420048, 359.66654537501745, 359.66654537501745, 359.65133020901703, 359.65133020901703, 359.634244750021, 359.634244750021, 359.60950804202, 359.60950804202, 359.5840462090273, 359.5840462090273, 359.5603176250006, 359.5603176250006, 359.5107237919874, 359.5107237919874, 359.4760860840033, 359.4760860840033, 359.4396187509992, 359.4396187509992, 359.39125558399246, 359.39125558399246, 359.33240466800635, 359.33240466800635, 359.2872308350052, 359.2872308350052, 359.2155401259952, 359.2155401259952, 359.1770942930016, 359.1770942930016, 359.1223087510152, 359.1223087510152, 359.0954215840029, 359.0954215840029, 359.04018495901255, 359.04018495901255, 359.0156080000161, 359.0156080000161, 359.00382120802533, 359.00382120802533, 358.9848301660386, 358.9848301660386, 358.95613029101514, 358.95613029101514, 358.9220037070336, 358.9220037070336, 358.87068599803024, 358.87068599803024, 358.83910170700983, 358.83910170700983, 358.82274887300446, 358.82274887300446, 358.81473612299305, 358.81473612299305, 358.80448703901493, 358.80448703901493, 358.79295824700966, 358.79295824700966, 358.7835024560045, 358.7835024560045, 358.76308229001006, 358.76308229001006, 358.7526020820078, 358.7526020820078, 358.7472987490182, 358.7472987490182], "b_time_left": [360, 359.9563130000024, 359.9563130000024, 359.92360454201116, 359.92360454201116, 359.8679413339996, 359.8679413339996, 359.82333758397726, 359.82333758397726, 359.76888829199015, 359.76888829199015, 359.7359615000023, 359.7359615000023, 359.69559508300154, 359.69559508300154, 359.56281795797986, 359.56281795797986, 359.5051922919811, 359.5051922919811, 359.47724216699135, 359.47724216699135, 359.4358024169924, 359.4358024169924, 359.3875580839813, 359.3875580839813, 359.32541862595826, 359.32541862595826, 359.16438083397225, 359.16438083397225, 359.0293846669956, 359.0293846669956, 358.8700259589823, 358.8700259589823, 358.7537436669809, 358.7537436669809, 358.60420900097233, 358.60420900097233, 358.47867191795376, 358.47867191795376, 358.30126887597726, 358.30126887597726, 357.85190333396895, 357.85190333396895, 356.8092674999789, 356.8092674999789, 356.28958983396296, 356.28958983396296, 356.04281262497534, 356.04281262497534, 355.4931476669735, 355.4931476669735, 355.41045262498665, 355.41045262498665, 355.09213412497775, 355.09213412497775, 354.93724979195395, 354.93724979195395, 354.7348567919689, 354.7348567919689, 354.43883170795743, 354.43883170795743, 353.1397017489653, 353.1397017489653, 352.6834428739676, 352.6834428739676, 351.21266349896905, 351.21266349896905, 351.12127312395023, 351.12127312395023, 350.60373366595013, 350.60373366595013, 350.38860033193487, 350.38860033193487, 349.7230218729237, 349.7230218729237, 349.5119808309246, 349.5119808309246, 349.4851870809216, 349.4851870809216, 349.4838519139157], "a_moves_left": [39, 39, 38, 38, 37, 37, 36, 36, 35, 35, 34, 34, 33, 33, 32, 32, 31, 31, 30, 30, 29, 29, 28, 28, 27, 27, 26, 26, 25, 25, 24, 24, 23, 23, 22, 22, 21, 21, 20, 20, 19, 19, 18, 18, 17, 17, 16, 16, 15, 15, 14, 14, 13, 13, 12, 12, 11, 11, 10, 10, 9, 9, 8, 8, 7, 7, 6, 6, 5, 5, 4, 4, 3, 3, 2, 2, 1, 1, 0, 0], "b_moves_left": [40, 39, 39, 38, 38, 37, 37, 36, 36, 35, 35, 34, 34, 33, 33, 32, 32, 31, 31, 30, 30, 29, 29, 28, 28, 27, 27, 26, 26, 25, 25, 24, 24, 23, 23, 22, 22, 21, 21, 20, 20, 19, 19, 18, 18, 17, 17, 16, 16, 15, 15, 14, 14, 13, 13, 12, 12, 11, 11, 10, 10, 9, 9, 8, 8, 7, 7, 6, 6, 5, 5, 4, 4, 3, 3, 2, 2, 1, 1, 0], "trapdoor_triggered": [0, 0, 0, 0, 0, 0, 0, 0, 0, 0, 0, 0, 0, 0, 0, 0, 0, 0, 0, 0, 0, 0, 0, 0, 0, 0, 0, 0, 0, 0, 0, 0, 0, 0, 0, 0, 0, 0, 0, 0, 0, 0, 0, 0, 0, 1, 0, 0, 0, 0, 0, 0, 0, 0, 0, 0, 0, 0, 0, 0, 0, 0, 0, 0, 0, 0, 0, 0, 0, 0, 0, 0, 0, 0, 0, 0, 0, 0, 0, 0], "left_behind": ["egg", "egg", "plain", "plain", "egg", "egg", "plain", "plain", "egg", "egg", "plain", "plain", "egg", "egg", "plain", "turd", "egg", "egg", "plain", "turd", "egg", "egg", "plain", "plain", "egg", "egg", "plain", "plain", "egg", "egg", "plain", "plain", "egg", "egg", "plain", "plain", "egg", "egg", "plain", "plain", "egg", "egg", "plain", "turd", "egg", "plain", "plain", "plain", "egg", "plain", "plain", "egg", "egg", "turd", "plain", "egg", "egg", "plain", "plain", "egg", "egg", "plain", "plain", "egg", "plain", "turd", "plain", "egg", "plain", "plain", "plain", "plain", "plain", "plain", "plain", "egg", "plain", "plain", "plain", "plain"], "errlog_a": "", "errlog_b": "", "start_time": 360, "start_moves": 40, "turn_count": 80, "result": 0, "reason": "EGGS_LAID", "trapdoors": [[5, 3], [3, 2]], "spawn_a": [0, 6], "spawn_b": [7, 6]}