{"pos": [[0, 1], [7, 3], [0, 0], [6, 3], [1, 0], [5, 3], [2, 0], [5, 2], [3, 0], [4, 2], [3, 1], [3, 2], [2, 1], [2, 2], [1, 1], [1, 2], [1, 0], [1, 3], [2, 0], [1, 4], [3, 0], [1, 5], [4, 0], [2, 5], [5, 0], [3, 5], [6, 0], [3, 6], [7, 0], [4, 6], [7, 1], [4, 5], [6, 1], [5, 5], [6, 2], [5, 4], [6, 1], [5, 5], [5, 1], [5, 6], [5, 0], [5, 5], [6, 0], [6, 5], [7, 0], [6, 6], [7, 1], [7, 6], [7, 0], [7, 7], [7, 1], [6, 7], [7, 0], [5, 7], [7, 1], [4, 7], [7, 0], [3, 7], [7, 1], [2, 7], [7, 0], [2, 6], [7, 1], [1, 6], [7, 0], [1, 5], [7, 1], [0, 5], [7, 0], [0, 6], [7, 1], [0, 7], [7, 0], [0, 6], [7, 1], [0, 5], [7, 0], [0, 4], [7, 1], [0, 3]], "a_eggs_laid": [1, 1, 1, 1, 4, 4, 4, 4, 5, 5, 5, 5, 6, 6, 6, 6, 7, 7, 7, 7, 7, 7, 7, 7, 8, 8, 8, 8, 9, 9, 9, 9, 10, 10, 10, 10, 11, 11, 11, 11, 12, 12, 12, 12, 12, 12, 12, 12, 12, 12, 12, 12, 12, 12, 12, 12, 12, 12, 12, 12, 12, 12, 12, 12, 12, 12, 12, 12, 12, 12, 12, 12, 12, 12, 12, 12, 12, 12, 12, 12], "b_eggs_laid": [0, 1, 1, 1, 1, 2, 2, 2, 2, 3, 3, 3, 3, 4, 4, 4, 4, 5, 5, 5, 5, 6, 6, 6, 6, 7, 7, 7, 7, 8, 8, 8, 8, 9, 9, 9, 9, 10, 10, 10, 10, 11, 11, 11, 11, 12, 12, 12, 12, 13, 13, 13, 13, 14, 14, 14, 14, 15, 15, 15, 15, 16, 16, 16, 16, 17, 17, 17, 17, 18, 18, 18, 18, 21, 21, 21, 21, 21, 21, 21], "a_turds_left": [5, 5, 5, 5, 5, 5, 5, 5, 5, 5, 5, 5, 5, 5, 5, 5, 5, 5, 5, 5, 5, 5, 5, 5, 5, 5, 5, 5, 5, 5, 5, 5, 5, 5, 5, 5, 5, 5, 5, 5, 5, 5, 5, 5, 5, 5, 5, 5, 5, 5, 5, 5, 5, 5, 5, 5, 5, 5, 5, 5, 5, 5, 5, 5, 5, 5, 5, 5, 5, 5, 5, 5, 5, 5, 5, 5, 5, 5, 5, 5], "b_turds_left": [5, 5, 5, 5, 5, 5, 5, 4, 4, 4, 4, 3, 3, 3, 3, 2, 2, 2, 2, 1, 1, 1, 1, 1, 1, 1, 1, 1, 1, 1, 1, 1, 1, 1, 1, 1, 1, 1, 1, 1, 1, 1, 1, 1, 1, 1, 1, 1, 1, 1, 1, 1, 1, 1, 1, 1, 1, 1, 1, 1, 1, 1, 1, 1, 1, 1, 1, 1, 1, 1, 1, 1, 1, 1, 1, 1, 1, 1, 1, 0], "a_time_left": [359.9531562500051, 359.9531562500051, 359.9213044580247, 359.9213044580247, 359.89154312503524, 359.89154312503524, 359.8571556660463, 359.8571556660463, 359.81057312406483, 359.81057312406483, 359.7779314990621, 359.7779314990621, 359.76083008307614, 359.76083008307614, 359.74719445809023, 359.74719445809023, 359.7356277081126, 359.7356277081126, 359.71564266609494, 359.71564266609494, 359.7055229161051, 359.7055229161051, 359.6839833331178, 359.6839833331178, 359.65701587410877, 359.65701587410877, 359.63270570809254, 359.63270570809254, 359.5901943751087, 359.5901943751087, 359.57491508408566, 359.57491508408566, 359.5444820431003, 359.5444820431003, 359.51711429309216, 359.51711429309216, 359.49971345908125, 359.49971345908125, 359.47320750006475, 359.47320750006475, 359.4437122500676, 359.4437122500676, 359.4242759580666, 359.4242759580666, 359.41054624906974, 359.41054624906974, 359.3955305410782, 359.3955305410782, 359.38760133308824, 359.38760133308824, 359.379838624096, 359.379838624096, 359.3728554570989, 359.3728554570989, 359.3614965821034, 359.3614965821034, 359.354550082091, 359.354550082091, 359.3433271651156, 359.3433271651156, 359.3362820401089, 359.3362820401089, 359.3223504991038, 359.3223504991038, 359.31326941610314, 359.31326941610314, 359.2981349990878, 359.2981349990878, 359.2899864570936, 359.2899864570936, 359.27802591511863, 359.27802591511863, 359.27288466511527, 359.27288466511527, 359.26119845712674, 359.26119845712674, 359.2564580401231, 359.2564580401231, 359.25311783212237, 359.25311783212237], "b_time_left": [360, 359.94740883397753, 359.94740883397753, 359.9203355839709, 359.9203355839709, 359.8629155839735, 359.8629155839735, 359.81594179195235, 359.81594179195235, 359.766682500951, 359.766682500951, 359.72151691795443, 359.72151691795443, 359.68409920993145, 359.68409920993145, 359.6490834179567, 359.6490834179567, 359.62493887593155, 359.62493887593155, 359.60154850091203, 359.60154850091203, 359.56454820992076, 359.56454820992076, 359.5428125009348, 359.5428125009348, 359.5061692929303, 359.5061692929303, 359.47100008494454, 359.47100008494454, 359.4433638349292, 359.4433638349292, 359.41627704392886, 359.41627704392886, 359.34610629393137, 359.34610629393137, 359.3306500859326, 359.3306500859326, 359.2653404189332, 359.2653404189332, 359.2381238359376, 359.2381238359376, 359.1874242949416, 359.1874242949416, 359.1554501699575, 359.1554501699575, 359.1218700869649, 359.1218700869649, 359.09802683696034, 359.09802683696034, 359.07518937895657, 359.07518937895657, 359.06427079596324, 359.06427079596324, 359.0410579209565, 359.0410579209565, 359.0238002129481, 359.0238002129481, 358.9983890039439, 358.9983890039439, 358.98093021294335, 358.98093021294335, 358.95735067196074, 358.95735067196074, 358.9319626719807, 358.9319626719807, 358.8962522560032, 358.8962522560032, 358.87127308899653, 358.87127308899653, 358.84756696398836, 358.84756696398836, 358.83075033899513, 358.83075033899513, 358.8162716309889, 358.8162716309889, 358.8001328399696, 358.8001328399696, 358.7932110489928, 358.7932110489928, 358.7923057579901], "a_moves_left": [39, 39, 38, 38, 37, 37, 36, 36, 35, 35, 34, 34, 33, 33, 32, 32, 31, 31, 30, 30, 29, 29, 28, 28, 27, 27, 26, 26, 25, 25, 24, 24, 23, 23, 22, 22, 21, 21, 20, 20, 19, 19, 18, 18, 17, 17, 16, 16, 15, 15, 14, 14, 13, 13, 12, 12, 11, 11, 10, 10, 9, 9, 8, 8, 7, 7, 6, 6, 5, 5, 4, 4, 3, 3, 2, 2, 1, 1, 0, 0], "b_moves_left": [40, 39, 39, 38, 38, 37, 37, 36, 36, 35, 35, 34, 34, 33, 33, 32, 32, 31, 31, 30, 30, 29, 29, 28, 28, 27, 27, 26, 26, 25, 25, 24, 24, 23, 23, 22, 22, 21, 21, 20, 20, 19, 19, 18, 18, 17, 17, 16, 16, 15, 15, 14, 14, 13, 13, 12, 12, 11, 11, 10, 10, 9, 9, 8, 8, 7, 7, 6, 6, 5, 5, 4, 4, 3, 3, 2, 2, 1, 1, 0], "trapdoor_triggered": [0, 0, 0, 0, 0, 0, 0, 0, 0, 0, 0, 0, 0, 0, 0, 0, 0, 0, 0, 0, 0, 0, 0, 0, 0, 0, 0, 0, 0, 0, 0, 0, 0, 0, 0, 0, 0, 0, 0, 0, 0, 0, 0, 0, 0, 0, 0, 0, 0, 0, 0, 0, 0, 0, 0, 0, 0, 0, 0, 0, 0, 0, 0, 0, 0, 0, 0, 0, 0, 0, 0, 0, 0, 0, 0, 0, 0, 0, 0, 0], "left_behind": ["egg", "egg", "plain", "plain", "egg", "egg", "plain", "turd", "egg", "egg", "plain", "turd", "egg", "egg", "plain", "turd", "egg", "egg", "plain", "turd", "plain", "egg", "plain", "plain", "egg", "egg", "plain", "plain", "egg", "egg", "plain", "plain", "egg", "egg", "plain", "plain", "egg", "egg", "plain", "plain", "egg", "egg", "plain", "plain", "plain", "egg", "plain", "plain", "plain", "egg", "plain", "plain", "plain", "egg", "plain", "plain", "plain", "egg", "plain", "plain", "plain", "egg", "plain", "plain", "plain", "egg", "plain", "plain", "plain", "egg", "plain", "plain", "plain", "egg", "plain", "plain", "plain", "plain", "plain", "turd"], "errlog_a": "", "errlog_b": "", "start_time": 360, "start_moves": 40, "turn_count": 80, "result": 1, "reason": "EGGS_LAID", "trapdoors": [[2, 4], [3, 4]], "spawn_a": [0, 2], "spawn_b": [7, 2]}