{"pos": [[0, 1], [7, 3], [0, 0], [6, 3], [1, 0], [6, 4], [2, 0], [7, 4], [3, 0], [6, 4], [4, 0], [6, 5], [5, 0], [7, 2], [6, 0], [6, 2], [6, 1], [5, 2], [7, 1], [5, 3], [6, 1], [7, 2], [6, 2], [7, 3], [6, 1], [7, 4], [5, 1], [6, 4], [4, 1], [5, 4], [4, 2], [4, 4], [4, 1], [3, 4], [3, 1], [3, 5], [3, 2], [2, 5], [3, 3], [2, 6], [3, 2], [2, 7], [2, 2], [2, 6], [2, 1], [1, 6], [1, 1], [2, 6], [1, 2], [3, 6], [1, 3], [3, 5], [1, 4], [4, 5], [2, 4], [4, 6], [1, 4], [5, 6], [1, 5], [5, 7], [1, 4], [6, 7], [0, 4], [5, 7], [0, 5], [4, 7], [0, 6], [4, 6], [0, 5], [3, 6], [0, 4], [3, 5], [0, 3], [3, 6], [0, 2], [3, 5], [0, 1], [3, 4], [0, 0], [4, 4]], "a_eggs_laid": [1, 1, 1, 1, 4, 4, 4, 4, 5, 5, 5, 5, 6, 6, 10, 10, 11, 11, 11, 11, 12, 12, 16, 16, 17, 17, 17, 17, 18, 18, 18, 18, 19, 19, 19, 19, 20, 20, 20, 20, 21, 21, 21, 21, 22, 22, 22, 22, 23, 23, 23, 23, 24, 24, 24, 24, 25, 25, 25, 25, 26, 26, 26, 26, 27, 27, 27, 27, 28, 28, 28, 28, 28, 28, 28, 28, 28, 28, 28, 28], "b_eggs_laid": [0, 1, 1, 1, 1, 2, 2, 2, 2, 3, 3, 3, 3, 4, 4, 4, 4, 4, 4, 5, 5, 5, 5, 5, 5, 5, 5, 5, 5, 5, 5, 6, 6, 6, 6, 7, 7, 7, 7, 8, 8, 8, 8, 9, 9, 9, 9, 10, 10, 10, 10, 11, 11, 11, 11, 12, 12, 12, 12, 13, 13, 13, 13, 14, 14, 14, 14, 15, 15, 15, 15, 15, 15, 15, 15, 15, 15, 15, 15, 15], "a_turds_left": [5, 5, 5, 5, 5, 5, 5, 5, 5, 5, 5, 5, 5, 5, 5, 5, 5, 5, 5, 5, 5, 5, 5, 5, 5, 5, 5, 5, 5, 5, 5, 5, 5, 5, 5, 5, 5, 5, 5, 5, 5, 5, 5, 5, 5, 5, 5, 5, 5, 5, 5, 5, 5, 5, 5, 5, 5, 5, 5, 5, 5, 5, 5, 5, 5, 5, 5, 5, 5, 5, 5, 5, 5, 5, 5, 5, 5, 5, 5, 5], "b_turds_left": [5, 5, 5, 5, 5, 5, 5, 5, 5, 5, 5, 4, 4, 4, 4, 4, 4, 4, 4, 4, 4, 3, 3, 3, 3, 2, 2, 2, 2, 2, 2, 2, 2, 1, 1, 1, 1, 1, 1, 1, 1, 1, 1, 1, 1, 1, 1, 1, 1, 1, 1, 1, 1, 1, 1, 1, 1, 1, 1, 1, 1, 1, 1, 1, 1, 1, 1, 1, 1, 1, 1, 1, 1, 1, 1, 1, 1, 0, 0, 0], "a_time_left": [359.95156162499916, 359.95156162499916, 359.91817904097843, 359.91817904097843, 359.8883855829772, 359.8883855829772, 359.8504319579806, 359.8504319579806, 359.8096026669955, 359.8096026669955, 359.77389008397586, 359.77389008397586, 359.7167406679655, 359.7167406679655, 359.69931529296446, 359.69931529296446, 359.6600560009538, 359.6600560009538, 359.6344139179564, 359.6344139179564, 359.6006068349525, 359.6006068349525, 359.59101429293514, 359.59101429293514, 359.57723458393593, 359.57723458393593, 359.5626694589446, 359.5626694589446, 359.52200954192085, 359.52200954192085, 359.47494541693595, 359.47494541693595, 359.43686016692664, 359.43686016692664, 359.3969678749272, 359.3969678749272, 359.32391079192166, 359.32391079192166, 359.2822797089175, 359.2822797089175, 359.24565179191995, 359.24565179191995, 359.2152517919312, 359.2152517919312, 359.14594008395215, 359.14594008395215, 359.10446325095836, 359.10446325095836, 359.0447668339475, 359.0447668339475, 359.00298075095634, 359.00298075095634, 358.94311687594745, 358.94311687594745, 358.8990638759569, 358.8990638759569, 358.8665016259765, 358.8665016259765, 358.828697792982, 358.828697792982, 358.802849625994, 358.802849625994, 358.7754224589735, 358.7754224589735, 358.74015437596245, 358.74015437596245, 358.7205971259682, 358.7205971259682, 358.6981844169786, 358.6981844169786, 358.6869011669769, 358.6869011669769, 358.6737143759674, 358.6737143759674, 358.6603376259736, 358.6603376259736, 358.6464702929661, 358.6464702929661, 358.6436880429683, 358.6436880429683], "b_time_left": [360, 359.95398291698075, 359.95398291698075, 359.9287861669727, 359.9287861669727, 359.8743462509592, 359.8743462509592, 359.8290410009504, 359.8290410009504, 359.79057195893256, 359.79057195893256, 359.7458435839508, 359.7458435839508, 359.6937789589574, 359.6937789589574, 359.67591199997696, 359.67591199997696, 359.64769929196336, 359.64769929196336, 359.6211747499765, 359.6211747499765, 359.52840412498335, 359.52840412498335, 359.5249021249765, 359.5249021249765, 359.4709614159947, 359.4709614159947, 359.4501066660159, 359.4501066660159, 359.39130866600317, 359.39130866600317, 359.3741908330121, 359.3741908330121, 359.2961760830076, 359.2961760830076, 359.247297917027, 359.247297917027, 359.1566755840322, 359.1566755840322, 359.1299299590464, 359.1299299590464, 359.0554002930294, 359.0554002930294, 359.0244425020355, 359.0244425020355, 358.945671669062, 358.945671669062, 358.9057793770626, 358.9057793770626, 358.8388462100702, 358.8388462100702, 358.8020321270742, 358.8020321270742, 358.7349358770589, 358.7349358770589, 358.7188639190572, 358.7188639190572, 358.65077046104125, 358.65077046104125, 358.634283211024, 358.634283211024, 358.59115271104383, 358.59115271104383, 358.5713164200424, 358.5713164200424, 358.53691050302587, 358.53691050302587, 358.5261990860163, 358.5261990860163, 358.48240575302043, 358.48240575302043, 358.4576193780231, 358.4576193780231, 358.40726462801103, 358.40726462801103, 358.3824265860021, 358.3824265860021, 358.35719712797436, 358.35719712797436, 358.35674358697725], "a_moves_left": [39, 39, 38, 38, 37, 37, 36, 36, 35, 35, 34, 34, 33, 33, 32, 32, 31, 31, 30, 30, 29, 29, 28, 28, 27, 27, 26, 26, 25, 25, 24, 24, 23, 23, 22, 22, 21, 21, 20, 20, 19, 19, 18, 18, 17, 17, 16, 16, 15, 15, 14, 14, 13, 13, 12, 12, 11, 11, 10, 10, 9, 9, 8, 8, 7, 7, 6, 6, 5, 5, 4, 4, 3, 3, 2, 2, 1, 1, 0, 0], "b_moves_left": [40, 39, 39, 38, 38, 37, 37, 36, 36, 35, 35, 34, 34, 33, 33, 32, 32, 31, 31, 30, 30, 29, 29, 28, 28, 27, 27, 26, 26, 25, 25, 24, 24, 23, 23, 22, 22, 21, 21, 20, 20, 19, 19, 18, 18, 17, 17, 16, 16, 15, 15, 14, 14, 13, 13, 12, 12, 11, 11, 10, 10, 9, 9, 8, 8, 7, 7, 6, 6, 5, 5, 4, 4, 3, 3, 2, 2, 1, 1, 0], "trapdoor_triggered": [0, 0, 0, 0, 0, 0, 0, 0, 0, 0, 0, 0, 0, 1, 0, 0, 0, 0, 0, 0, 0, 1, 0, 0, 0, 0, 0, 0, 0, 0, 0, 0, 0, 0, 0, 0, 0, 0, 0, 0, 0, 0, 0, 0, 0, 0, 0, 0, 0, 0, 0, 0, 0, 0, 0, 0, 0, 0, 0, 0, 0, 0, 0, 0, 0, 0, 0, 0, 0, 0, 0, 0, 0, 0, 0, 0, 0, 0, 0, 0], "left_behind": ["egg", "egg", "plain", "plain", "egg", "egg", "plain", "plain", "egg", "egg", "plain", "turd", "egg", "egg", "plain", "plain", "egg", "plain", "plain", "egg", "egg", "turd", "plain", "plain", "egg", "turd", "plain", "plain", "egg", "plain", "plain", "egg", "egg", "turd", "plain", "egg", "egg", "plain", "plain", "egg", "egg", "plain", "plain", "egg", "egg", "plain", "plain", "egg", "egg", "plain", "plain", "egg", "egg", "plain", "plain", "egg", "egg", "plain", "plain", "egg", "egg", "plain", "plain", "egg", "egg", "plain", "plain", "egg", "egg", "plain", "plain", "plain", "plain", "plain", "plain", "plain", "plain", "turd", "plain", "plain"], "errlog_a": "", "errlog_b": "", "start_time": 360, "start_moves": 40, "turn_count": 80, "result": 0, "reason": "EGGS_LAID", "trapdoors": [[5, 5], [4, 3]], "spawn_a": [0, 2], "spawn_b": [7, 2]}