{"pos": [[7, 2], [0, 2], [7, 1], [0, 3], [7, 0], [0, 4], [7, 1], [0, 5], [7, 0], [0, 4], [7, 1], [0, 5], [7, 0], [0, 6]], "a_eggs_laid": [0, 0, 0, 0, 0, 0, 0, 0, 0, 0, 0, 0, 0, 0], "b_eggs_laid": [0, 1, 1, 1, 1, 1, 1, 1, 1, 2, 2, 2, 2, 2], "a_turds_left": [5, 5, 5, 5, 5, 5, 5, 5, 5, 5, 5, 5, 5, 5], "b_turds_left": [5, 5, 5, 5, 5, 5, 5, 5, 5, 5, 5, 5, 5, 5], "a_time_left": [359.04980420898937, 359.04980420898937, 358.0997578339884, 358.0997578339884, 357.14971099999093, 357.14971099999093, 356.1995585409895, 356.1995585409895, 355.2493954989768, 355.2493954989768, 354.299334581985, 354.299334581985, 353.349222956982, 353.349222956982], "b_time_left": [360, 359.9998110830056, 359.9998110830056, 359.99901075000525, 359.99901075000525, 359.9982544999948, 359.9982544999948, 359.99751208300586, 359.99751208300586, 359.9973840830062, 359.9973840830062, 359.99664520799706, 359.99664520799706, 359.9959221659956], "a_moves_left": [39, 39, 38, 38, 37, 37, 36, 36, 35, 35, 34, 34, 33, 33], "b_moves_left": [40, 39, 39, 38, 38, 37, 37, 36, 36, 35, 35, 34, 34, 33], "trapdoor_triggered": [0, 0, 0, 0, 0, 0, 0, 0, 0, 0, 0, 0, 0, 0], "left_behind": ["plain", "egg", "plain", "plain", "plain", "plain", "plain", "plain", "plain", "egg", "plain", "plain", "plain", "plain"], "errlog_a": "Timeout", "errlog_b": "", "start_time": 360, "start_moves": 40, "turn_count": 14, "result": 1, "reason": "CODE_CRASH", "trapdoors": [[4, 2], [4, 3]], "spawn_a": [7, 3], "spawn_b": [0, 3]}