{"pos": [[0, 3], [6, 4], [0, 2], [6, 3], [0, 1], [5, 3], [0, 0], [5, 2], [1, 0], [5, 1], [2, 0], [4, 1], [2, 1], [3, 1], [2, 2], [3, 2], [1, 2], [3, 3], [1, 1], [2, 3], [1, 0], [1, 3], [1, 1], [1, 4], [1, 0], [1, 5], [2, 0], [1, 6], [1, 0], [2, 6], [2, 0], [3, 6], [1, 0], [3, 5], [2, 0], [7, 4], [1, 0], [6, 4], [2, 0], [5, 4], [1, 0], [4, 4], [2, 0], [3, 4], [1, 0], [3, 5], [2, 0], [2, 5], [1, 0], [2, 6], [2, 0], [2, 7], [1, 0], [3, 7], [2, 0], [4, 7], [1, 0], [4, 6], [2, 0], [5, 6], [1, 0], [6, 6], [2, 0], [6, 5], [1, 0], [7, 5], [2, 0], [7, 6], [1, 0], [7, 7], [2, 0], [6, 7], [1, 0], [6, 6], [2, 0], [6, 5], [1, 0], [6, 4], [2, 0], [6, 3]], "a_eggs_laid": [1, 1, 1, 1, 2, 2, 2, 2, 5, 5, 5, 5, 6, 6, 6, 6, 7, 7, 7, 7, 8, 8, 8, 8, 8, 8, 8, 8, 8, 8, 8, 8, 8, 8, 8, 8, 12, 12, 12, 12, 12, 12, 12, 12, 12, 12, 12, 12, 12, 12, 12, 12, 12, 12, 12, 12, 12, 12, 12, 12, 12, 12, 12, 12, 12, 12, 12, 12, 12, 12, 12, 12, 12, 12, 12, 12, 12, 12, 12, 12], "b_eggs_laid": [0, 1, 1, 1, 1, 2, 2, 2, 2, 3, 3, 3, 3, 4, 4, 4, 4, 5, 5, 5, 5, 6, 6, 6, 6, 7, 7, 7, 7, 8, 8, 8, 8, 9, 9, 9, 9, 9, 9, 9, 9, 10, 10, 10, 10, 11, 11, 11, 11, 12, 12, 12, 12, 13, 13, 13, 13, 14, 14, 14, 14, 15, 15, 15, 15, 16, 16, 16, 16, 17, 17, 17, 17, 18, 18, 18, 18, 18, 18, 18], "a_turds_left": [5, 5, 5, 5, 5, 5, 5, 5, 5, 5, 5, 5, 5, 5, 5, 5, 5, 5, 5, 5, 5, 5, 5, 5, 5, 5, 5, 5, 5, 5, 5, 5, 5, 5, 5, 5, 5, 5, 5, 5, 5, 5, 5, 5, 5, 5, 5, 5, 5, 5, 5, 5, 5, 5, 5, 5, 5, 5, 5, 5, 5, 5, 5, 5, 5, 5, 5, 5, 5, 5, 5, 5, 5, 5, 5, 5, 5, 5, 5, 5], "b_turds_left": [5, 5, 5, 5, 5, 5, 5, 5, 5, 5, 5, 4, 4, 4, 4, 3, 3, 3, 3, 2, 2, 2, 2, 1, 1, 1, 1, 1, 1, 1, 1, 1, 1, 1, 1, 1, 1, 1, 1, 1, 1, 1, 1, 1, 1, 1, 1, 1, 1, 1, 1, 1, 1, 1, 1, 1, 1, 1, 1, 1, 1, 1, 1, 1, 1, 1, 1, 1, 1, 1, 1, 1, 1, 1, 1, 1, 1, 1, 1, 0], "a_time_left": [359.9341035830148, 359.9341035830148, 359.88604349902016, 359.88604349902016, 359.832228083018, 359.832228083018, 359.7921077500214, 359.7921077500214, 359.7539992920065, 359.7539992920065, 359.7137830420106, 359.7137830420106, 359.6562156260188, 359.6562156260188, 359.6384258760081, 359.6384258760081, 359.6115870010108, 359.6115870010108, 359.5645990850171, 359.5645990850171, 359.52500245999545, 359.52500245999545, 359.5002121269936, 359.5002121269936, 359.4900235439709, 359.4900235439709, 359.4554714189726, 359.4554714189726, 359.4471740439767, 359.4471740439767, 359.41838566894876, 359.41838566894876, 359.41137750196503, 359.41137750196503, 359.37877854396356, 359.37877854396356, 359.37506137695163, 359.37506137695163, 359.3429687519383, 359.3429687519383, 359.33656775194686, 359.33656775194686, 359.3139213769464, 359.3139213769464, 359.3083859599428, 359.3083859599428, 359.28223979394534, 359.28223979394534, 359.2753667939396, 359.2753667939396, 359.253125751944, 359.253125751944, 359.2482395019615, 359.2482395019615, 359.2288347519643, 359.2288347519643, 359.2246984599624, 359.2246984599624, 359.20230175196775, 359.20230175196775, 359.19562787696486, 359.19562787696486, 359.17451175197493, 359.17451175197493, 359.1690133769589, 359.1690133769589, 359.151086584985, 359.151086584985, 359.14639375096885, 359.14639375096885, 359.1331370419648, 359.1331370419648, 359.1284636249766, 359.1284636249766, 359.1056440829707, 359.1056440829707, 359.1022979579575, 359.1022979579575, 359.09446529095294, 359.09446529095294], "b_time_left": [360, 359.929403874994, 359.929403874994, 359.86444825000945, 359.86444825000945, 359.78513825000846, 359.78513825000846, 359.7437089160085, 359.7437089160085, 359.67841291599325, 359.67841291599325, 359.623508374003, 359.623508374003, 359.54973762400914, 359.54973762400914, 359.5069011239975, 359.5069011239975, 359.4592236239987, 359.4592236239987, 359.4042849149846, 359.4042849149846, 359.3610157069925, 359.3610157069925, 359.33450499898754, 359.33450499898754, 359.27533012398635, 359.27533012398635, 359.252286789997, 359.252286789997, 359.13144654000644, 359.13144654000644, 359.1024869560206, 359.1024869560206, 358.8882881650061, 358.8882881650061, 358.84786279001855, 358.84786279001855, 358.779387957009, 358.779387957009, 358.7586317480309, 358.7586317480309, 358.6879519560316, 358.6879519560316, 358.6743829140323, 358.6743829140323, 358.6101763310144, 358.6101763310144, 358.5924732059939, 358.5924732059939, 358.522581747995, 358.522581747995, 358.5035487480054, 358.5035487480054, 358.4599099979969, 358.4599099979969, 358.4482679560024, 358.4482679560024, 358.405506081006, 358.405506081006, 358.3904041640053, 358.3904041640053, 358.321961580019, 358.321961580019, 358.30570433003595, 358.30570433003595, 358.2452007890388, 358.2452007890388, 358.2304689970333, 358.2304689970333, 358.1862743720412, 358.1862743720412, 358.1786567470408, 358.1786567470408, 358.1432658310514, 358.1432658310514, 358.1259959140734, 358.1259959140734, 358.1083396220638, 358.1083396220638, 358.10689591406845], "a_moves_left": [39, 39, 38, 38, 37, 37, 36, 36, 35, 35, 34, 34, 33, 33, 32, 32, 31, 31, 30, 30, 29, 29, 28, 28, 27, 27, 26, 26, 25, 25, 24, 24, 23, 23, 22, 22, 21, 21, 20, 20, 19, 19, 18, 18, 17, 17, 16, 16, 15, 15, 14, 14, 13, 13, 12, 12, 11, 11, 10, 10, 9, 9, 8, 8, 7, 7, 6, 6, 5, 5, 4, 4, 3, 3, 2, 2, 1, 1, 0, 0], "b_moves_left": [40, 39, 39, 38, 38, 37, 37, 36, 36, 35, 35, 34, 34, 33, 33, 32, 32, 31, 31, 30, 30, 29, 29, 28, 28, 27, 27, 26, 26, 25, 25, 24, 24, 23, 23, 22, 22, 21, 21, 20, 20, 19, 19, 18, 18, 17, 17, 16, 16, 15, 15, 14, 14, 13, 13, 12, 12, 11, 11, 10, 10, 9, 9, 8, 8, 7, 7, 6, 6, 5, 5, 4, 4, 3, 3, 2, 2, 1, 1, 0], "trapdoor_triggered": [0, 0, 0, 0, 0, 0, 0, 0, 0, 0, 0, 0, 0, 0, 0, 0, 0, 0, 0, 0, 0, 0, 0, 0, 0, 0, 0, 0, 0, 0, 0, 0, 0, 0, 0, 1, 0, 0, 0, 0, 0, 0, 0, 0, 0, 0, 0, 0, 0, 0, 0, 0, 0, 0, 0, 0, 0, 0, 0, 0, 0, 0, 0, 0, 0, 0, 0, 0, 0, 0, 0, 0, 0, 0, 0, 0, 0, 0, 0, 0], "left_behind": ["egg", "egg", "plain", "plain", "egg", "egg", "plain", "plain", "egg", "egg", "plain", "turd", "egg", "egg", "plain", "turd", "egg", "egg", "plain", "turd", "egg", "egg", "plain", "turd", "plain", "egg", "plain", "plain", "plain", "egg", "plain", "plain", "plain", "egg", "plain", "plain", "plain", "plain", "plain", "plain", "plain", "egg", "plain", "plain", "plain", "egg", "plain", "plain", "plain", "egg", "plain", "plain", "plain", "egg", "plain", "plain", "plain", "egg", "plain", "plain", "plain", "egg", "plain", "plain", "plain", "egg", "plain", "plain", "plain", "egg", "plain", "plain", "plain", "egg", "plain", "plain", "plain", "plain", "plain", "turd"], "errlog_a": "", "errlog_b": "", "start_time": 360, "start_moves": 40, "turn_count": 80, "result": 1, "reason": "EGGS_LAID", "trapdoors": [[5, 5], [4, 5]], "spawn_a": [0, 4], "spawn_b": [7, 4]}