{"pos": [[7, 2], [1, 3], [7, 1], [1, 4], [7, 2], [1, 5], [6, 2], [2, 5], [6, 1], [3, 5], [6, 0], [3, 6], [6, 1], [4, 6], [5, 1], [4, 7], [4, 1], [4, 6], [4, 0], [5, 6], [4, 1], [5, 5], [3, 1], [6, 5], [2, 1], [5, 5], [2, 0], [5, 4], [2, 1], [4, 4], [2, 2], [4, 3], [2, 1], [4, 4], [1, 1], [3, 4], [1, 0], [4, 4], [0, 0], [4, 5], [0, 1], [3, 5], [0, 2], [3, 6], [1, 2], [2, 6], [1, 3], [2, 7], [2, 3], [2, 6], [3, 3], [1, 6], [2, 3], [1, 5], [2, 4], [0, 5], [2, 3], [0, 6], [2, 2], [0, 7], [2, 1], [0, 6], [2, 0], [0, 5], [3, 0], [1, 5], [4, 0], [1, 4], [5, 0], [1, 5], [6, 0], [1, 4], [6, 1], [1, 5], [6, 0], [1, 4], [6, 1], [1, 5], [6, 0], [1, 4]], "a_eggs_laid": [1, 1, 1, 1, 2, 2, 2, 2, 3, 3, 3, 3, 4, 4, 4, 4, 5, 5, 5, 5, 6, 6, 6, 6, 7, 7, 7, 7, 8, 8, 8, 8, 9, 9, 9, 9, 10, 10, 10, 10, 13, 13, 13, 13, 14, 14, 14, 14, 15, 15, 15, 15, 16, 16, 16, 16, 17, 17, 17, 17, 17, 17, 17, 17, 17, 17, 17, 17, 17, 17, 17, 17, 17, 17, 17, 17, 17, 17, 17, 17], "b_eggs_laid": [0, 1, 1, 1, 1, 2, 2, 2, 2, 3, 3, 3, 3, 4, 4, 4, 4, 5, 5, 5, 5, 6, 6, 6, 6, 7, 7, 7, 7, 8, 8, 8, 8, 9, 9, 9, 9, 10, 10, 10, 10, 11, 11, 11, 11, 11, 11, 11, 11, 12, 12, 12, 12, 13, 13, 13, 13, 14, 14, 14, 14, 17, 17, 17, 17, 17, 17, 17, 17, 17, 17, 17, 17, 17, 17, 17, 17, 17, 17, 17], "a_turds_left": [5, 5, 5, 5, 5, 5, 5, 5, 5, 5, 5, 5, 5, 5, 5, 5, 5, 5, 5, 5, 5, 5, 5, 5, 5, 5, 5, 5, 5, 5, 5, 5, 5, 5, 5, 5, 5, 5, 5, 5, 5, 5, 5, 5, 5, 5, 5, 5, 5, 5, 5, 5, 5, 5, 5, 5, 5, 5, 5, 5, 5, 5, 5, 5, 5, 5, 5, 5, 5, 5, 5, 5, 5, 5, 5, 5, 5, 5, 5, 5], "b_turds_left": [5, 5, 5, 5, 5, 5, 5, 5, 5, 5, 5, 4, 4, 4, 4, 4, 4, 4, 4, 4, 4, 4, 4, 3, 3, 3, 3, 3, 3, 3, 3, 3, 3, 3, 3, 2, 2, 2, 2, 2, 2, 2, 2, 2, 2, 2, 2, 2, 2, 2, 2, 1, 1, 1, 1, 1, 1, 1, 1, 1, 1, 1, 1, 1, 1, 1, 1, 1, 1, 1, 1, 1, 1, 1, 1, 1, 1, 1, 1, 0], "a_time_left": [359.9362283750088, 359.9362283750088, 359.9033482920204, 359.9033482920204, 359.8562945010199, 359.8562945010199, 359.82319237600313, 359.82319237600313, 359.7543346679886, 359.7543346679886, 359.7120796270028, 359.7120796270028, 359.66152041900204, 359.66152041900204, 359.62385625200113, 359.62385625200113, 359.5714597099868, 359.5714597099868, 359.52988283499144, 359.52988283499144, 359.48158604299533, 359.48158604299533, 359.4404222519952, 359.4404222519952, 359.37401325200335, 359.37401325200335, 359.34800204398925, 359.34800204398925, 359.2997377529682, 359.2997377529682, 359.2585128779756, 359.2585128779756, 359.1910592529748, 359.1910592529748, 359.1482810029993, 359.1482810029993, 359.08535383598064, 359.08535383598064, 359.06815758597804, 359.06815758597804, 359.0355410859629, 359.0355410859629, 359.0208604609652, 359.0208604609652, 359.00094796097255, 359.00094796097255, 358.9636283769796, 358.9636283769796, 358.9385169609741, 358.9385169609741, 358.90555791999213, 358.90555791999213, 358.875163544988, 358.875163544988, 358.846101920004, 358.846101920004, 358.83182987800683, 358.83182987800683, 358.8107961700007, 358.8107961700007, 358.79882625400205, 358.79882625400205, 358.77179196299403, 358.77179196299403, 358.7637847959995, 358.7637847959995, 358.7373941290134, 358.7373941290134, 358.7324288790114, 358.7324288790114, 358.7045883370156, 358.7045883370156, 358.6999263370235, 358.6999263370235, 358.66291262902087, 358.66291262902087, 358.6583075460221, 358.6583075460221, 358.648888130032, 358.648888130032], "b_time_left": [360, 359.9488818329992, 359.9488818329992, 359.8954762080102, 359.8954762080102, 359.8307619160041, 359.8307619160041, 359.77139524999075, 359.77139524999075, 359.70915887498995, 359.70915887498995, 359.6625405419909, 359.6625405419909, 359.5984792499803, 359.5984792499803, 359.5450355419889, 359.5450355419889, 359.49302049999824, 359.49302049999824, 359.4505885830149, 359.4505885830149, 359.37941941601457, 359.37941941601457, 359.3186368329916, 359.3186368329916, 359.2590237080003, 359.2590237080003, 359.23494050002773, 359.23494050002773, 359.1791178340209, 359.1791178340209, 359.1262072510144, 359.1262072510144, 359.0755749170203, 359.0755749170203, 359.0340476260171, 359.0340476260171, 358.99169766702107, 358.99169766702107, 358.97821333401953, 358.97821333401953, 358.9424247920397, 358.9424247920397, 358.9266646250326, 358.9266646250326, 358.8692366660398, 358.8692366660398, 358.8394276240433, 358.8394276240433, 358.7019212070445, 358.7019212070445, 358.67210249905474, 358.67210249905474, 358.61396366506233, 358.61396366506233, 358.60001445707167, 358.60001445707167, 358.5675765820779, 358.5675765820779, 358.5430292490637, 358.5430292490637, 358.5205870400532, 358.5205870400532, 358.5002847070573, 358.5002847070573, 358.46738720705616, 358.46738720705616, 358.44028091605287, 358.44028091605287, 358.4138830830343, 358.4138830830343, 358.37907041603466, 358.37907041603466, 358.35293799903593, 358.35293799903593, 358.31875549905817, 358.31875549905817, 358.3097209990665, 358.3097209990665, 358.30831412406405], "a_moves_left": [39, 39, 38, 38, 37, 37, 36, 36, 35, 35, 34, 34, 33, 33, 32, 32, 31, 31, 30, 30, 29, 29, 28, 28, 27, 27, 26, 26, 25, 25, 24, 24, 23, 23, 22, 22, 21, 21, 20, 20, 19, 19, 18, 18, 17, 17, 16, 16, 15, 15, 14, 14, 13, 13, 12, 12, 11, 11, 10, 10, 9, 9, 8, 8, 7, 7, 6, 6, 5, 5, 4, 4, 3, 3, 2, 2, 1, 1, 0, 0], "b_moves_left": [40, 39, 39, 38, 38, 37, 37, 36, 36, 35, 35, 34, 34, 33, 33, 32, 32, 31, 31, 30, 30, 29, 29, 28, 28, 27, 27, 26, 26, 25, 25, 24, 24, 23, 23, 22, 22, 21, 21, 20, 20, 19, 19, 18, 18, 17, 17, 16, 16, 15, 15, 14, 14, 13, 13, 12, 12, 11, 11, 10, 10, 9, 9, 8, 8, 7, 7, 6, 6, 5, 5, 4, 4, 3, 3, 2, 2, 1, 1, 0], "trapdoor_triggered": [0, 0, 0, 0, 0, 0, 0, 0, 0, 0, 0, 0, 0, 0, 0, 0, 0, 0, 0, 0, 0, 0, 0, 0, 0, 0, 0, 0, 0, 0, 0, 0, 0, 0, 0, 0, 0, 0, 0, 0, 0, 0, 0, 0, 0, 0, 0, 0, 0, 0, 0, 0, 0, 0, 0, 0, 0, 0, 0, 0, 0, 0, 0, 0, 0, 0, 0, 0, 0, 0, 0, 0, 0, 0, 0, 0, 0, 0, 0, 0], "left_behind": ["egg", "egg", "plain", "plain", "egg", "egg", "plain", "plain", "egg", "egg", "plain", "turd", "egg", "egg", "plain", "plain", "egg", "egg", "plain", "plain", "egg", "egg", "plain", "turd", "egg", "egg", "plain", "plain", "egg", "egg", "plain", "plain", "egg", "egg", "plain", "turd", "egg", "egg", "plain", "plain", "egg", "egg", "plain", "plain", "egg", "plain", "plain", "plain", "egg", "egg", "plain", "turd", "egg", "egg", "plain", "plain", "egg", "egg", "plain", "plain", "plain", "egg", "plain", "plain", "plain", "plain", "plain", "plain", "plain", "plain", "plain", "plain", "plain", "plain", "plain", "plain", "plain", "plain", "plain", "turd"], "errlog_a": "", "errlog_b": "", "start_time": 360, "start_moves": 40, "turn_count": 80, "result": 2, "reason": "EGGS_LAID", "trapdoors": [[4, 2], [3, 2]], "spawn_a": [7, 3], "spawn_b": [0, 3]}