{"pos": [[7, 2], [1, 1], [7, 3], [1, 2], [7, 2], [1, 3], [6, 2], [1, 4], [6, 1], [1, 5], [6, 0], [0, 1], [6, 1], [1, 1], [5, 1], [2, 1], [5, 2], [2, 2], [5, 3], [3, 2], [6, 3], [3, 3], [6, 4], [4, 3], [6, 5], [4, 4], [7, 5], [4, 5], [7, 6], [4, 6], [7, 7], [3, 6], [7, 6], [2, 6], [6, 6], [2, 7], [6, 5], [2, 6], [7, 1], [1, 6], [7, 2], [1, 5], [7, 1], [0, 5], [7, 2], [0, 4], [7, 1], [0, 3], [7, 2], [1, 3], [7, 1], [2, 3], [7, 2], [3, 3], [7, 1], [3, 4], [7, 2], [4, 4], [7, 1], [5, 4], [7, 2], [4, 4], [7, 1], [4, 3], [7, 2], [4, 2], [7, 1], [4, 1], [7, 2], [4, 0], [7, 1], [3, 0], [7, 2], [2, 0], [7, 1], [1, 0], [7, 2], [2, 0], [7, 1], [3, 0]], "a_eggs_laid": [1, 1, 1, 1, 2, 2, 2, 2, 3, 3, 3, 3, 8, 8, 8, 8, 9, 9, 9, 9, 10, 10, 10, 10, 11, 11, 11, 11, 12, 12, 12, 12, 15, 15, 15, 15, 16, 16, 16, 16, 16, 16, 16, 16, 16, 16, 16, 16, 16, 16, 16, 16, 16, 16, 16, 16, 16, 16, 16, 16, 16, 16, 16, 16, 16, 16, 16, 16, 16, 16, 16, 16, 16, 16, 16, 16, 16, 16, 16, 16], "b_eggs_laid": [0, 1, 1, 1, 1, 2, 2, 2, 2, 3, 3, 3, 3, 3, 3, 3, 3, 4, 4, 4, 4, 5, 5, 5, 5, 6, 6, 6, 6, 7, 7, 7, 7, 8, 8, 8, 8, 9, 9, 13, 13, 14, 14, 14, 14, 15, 15, 15, 15, 16, 16, 16, 16, 17, 17, 17, 17, 18, 18, 18, 18, 19, 19, 19, 19, 19, 19, 19, 19, 20, 20, 20, 20, 21, 21, 21, 21, 22, 22, 22], "a_turds_left": [5, 5, 5, 5, 5, 5, 5, 5, 5, 5, 5, 5, 5, 5, 5, 5, 5, 5, 5, 5, 5, 5, 5, 5, 5, 5, 5, 5, 5, 5, 5, 5, 5, 5, 5, 5, 5, 5, 5, 5, 5, 5, 5, 5, 5, 5, 5, 5, 5, 5, 5, 5, 5, 5, 5, 5, 5, 5, 5, 5, 5, 5, 5, 5, 5, 5, 5, 5, 5, 5, 5, 5, 5, 5, 5, 5, 5, 5, 5, 5], "b_turds_left": [5, 5, 5, 5, 5, 5, 5, 5, 5, 5, 5, 5, 5, 5, 5, 4, 4, 4, 4, 3, 3, 3, 3, 3, 3, 3, 3, 2, 2, 2, 2, 1, 1, 1, 1, 1, 1, 1, 1, 1, 1, 1, 1, 1, 1, 1, 1, 1, 1, 1, 1, 1, 1, 1, 1, 1, 1, 1, 1, 1, 1, 1, 1, 1, 1, 1, 1, 1, 1, 1, 1, 1, 1, 1, 1, 1, 1, 1, 1, 0], "a_time_left": [359.95228308299556, 359.95228308299556, 359.91715770799783, 359.91715770799783, 359.86933420799323, 359.86933420799323, 359.8365887499822, 359.8365887499822, 359.76970887498464, 359.76970887498464, 359.7238248329668, 359.7238248329668, 359.70106729096733, 359.70106729096733, 359.6629745409591, 359.6629745409591, 359.58921945796465, 359.58921945796465, 359.5403293739655, 359.5403293739655, 359.472961707972, 359.472961707972, 359.4280318749661, 359.4280318749661, 359.3756171249843, 359.3756171249843, 359.3230726670008, 359.3230726670008, 359.26961883401964, 359.26961883401964, 359.2359811680217, 359.2359811680217, 359.2070430430176, 359.2070430430176, 359.17883016800624, 359.17883016800624, 359.14450533501804, 359.14450533501804, 359.1136895850068, 359.1136895850068, 359.0998290430289, 359.0998290430289, 359.0740130850172, 359.0740130850172, 359.06144146001316, 359.06144146001316, 359.0451072930009, 359.0451072930009, 359.032583585009, 359.032583585009, 359.0098131679988, 359.0098131679988, 358.9931175429956, 358.9931175429956, 358.9693213349965, 358.9693213349965, 358.9547070849803, 358.9547070849803, 358.9398549189791, 358.9398549189791, 358.9299279609986, 358.9299279609986, 358.9138543359877, 358.9138543359877, 358.9075816279801, 358.9075816279801, 358.88757508597337, 358.88757508597337, 358.8739946279675, 358.8739946279675, 358.85600650298875, 358.85600650298875, 358.8426844609785, 358.8426844609785, 358.82268975197803, 358.82268975197803, 358.8122097939777, 358.8122097939777, 358.8067115439626, 358.8067115439626], "b_time_left": [360, 359.9370237499825, 359.9370237499825, 359.8859850829758, 359.8859850829758, 359.8208914579882, 359.8208914579882, 359.76146374997916, 359.76146374997916, 359.69843433299684, 359.69843433299684, 359.6540192910179, 359.6540192910179, 359.60314604101586, 359.60314604101586, 359.54062691601575, 359.54062691601575, 359.47098312401795, 359.47098312401795, 359.404856165027, 359.404856165027, 359.3411134990165, 359.3411134990165, 359.2818077490083, 359.2818077490083, 359.2286503330106, 359.2286503330106, 359.18706266602385, 359.18706266602385, 359.1372296240297, 359.1372296240297, 359.10675070801517, 359.10675070801517, 359.0564947920211, 359.0564947920211, 359.0331452920218, 359.0331452920218, 358.9786345840257, 358.9786345840257, 358.94923887602636, 358.94923887602636, 358.89871816703817, 358.89871816703817, 358.86914087604964, 358.86914087604964, 358.8353730420349, 358.8353730420349, 358.8078612090321, 358.8078612090321, 358.77505854301853, 358.77505854301853, 358.7353985020018, 358.7353985020018, 358.68746437699883, 358.68746437699883, 358.64781866798876, 358.64781866798876, 358.61607066798024, 358.61607066798024, 358.5974957929866, 358.5974957929866, 358.59091904299567, 358.59091904299567, 358.57228958499036, 358.57228958499036, 358.54809558499255, 358.54809558499255, 358.51644687599037, 358.51644687599037, 358.48206425097305, 358.48206425097305, 358.460271917982, 358.460271917982, 358.43191245998605, 358.43191245998605, 358.40528837699094, 358.40528837699094, 358.395448042982, 358.395448042982, 358.3942307929683], "a_moves_left": [39, 39, 38, 38, 37, 37, 36, 36, 35, 35, 34, 34, 33, 33, 32, 32, 31, 31, 30, 30, 29, 29, 28, 28, 27, 27, 26, 26, 25, 25, 24, 24, 23, 23, 22, 22, 21, 21, 20, 20, 19, 19, 18, 18, 17, 17, 16, 16, 15, 15, 14, 14, 13, 13, 12, 12, 11, 11, 10, 10, 9, 9, 8, 8, 7, 7, 6, 6, 5, 5, 4, 4, 3, 3, 2, 2, 1, 1, 0, 0], "b_moves_left": [40, 39, 39, 38, 38, 37, 37, 36, 36, 35, 35, 34, 34, 33, 33, 32, 32, 31, 31, 30, 30, 29, 29, 28, 28, 27, 27, 26, 26, 25, 25, 24, 24, 23, 23, 22, 22, 21, 21, 20, 20, 19, 19, 18, 18, 17, 17, 16, 16, 15, 15, 14, 14, 13, 13, 12, 12, 11, 11, 10, 10, 9, 9, 8, 8, 7, 7, 6, 6, 5, 5, 4, 4, 3, 3, 2, 2, 1, 1, 0], "trapdoor_triggered": [0, 0, 0, 0, 0, 0, 0, 0, 0, 0, 0, 1, 0, 0, 0, 0, 0, 0, 0, 0, 0, 0, 0, 0, 0, 0, 0, 0, 0, 0, 0, 0, 0, 0, 0, 0, 0, 0, 1, 0, 0, 0, 0, 0, 0, 0, 0, 0, 0, 0, 0, 0, 0, 0, 0, 0, 0, 0, 0, 0, 0, 0, 0, 0, 0, 0, 0, 0, 0, 0, 0, 0, 0, 0, 0, 0, 0, 0, 0, 0], "left_behind": ["egg", "egg", "plain", "plain", "egg", "egg", "plain", "plain", "egg", "egg", "plain", "plain", "egg", "plain", "plain", "turd", "egg", "egg", "plain", "turd", "egg", "egg", "plain", "plain", "egg", "egg", "plain", "turd", "egg", "egg", "plain", "turd", "egg", "egg", "plain", "plain", "egg", "egg", "plain", "plain", "plain", "egg", "plain", "plain", "plain", "egg", "plain", "plain", "plain", "egg", "plain", "plain", "plain", "egg", "plain", "plain", "plain", "egg", "plain", "plain", "plain", "egg", "plain", "plain", "plain", "plain", "plain", "plain", "plain", "egg", "plain", "plain", "plain", "egg", "plain", "plain", "plain", "egg", "plain", "turd"], "errlog_a": "", "errlog_b": "", "start_time": 360, "start_moves": 40, "turn_count": 80, "result": 1, "reason": "EGGS_LAID", "trapdoors": [[5, 5], [2, 5]], "spawn_a": [7, 1], "spawn_b": [0, 1]}