{"pos": [[0, 1], [7, 3], [0, 0], [6, 3], [1, 0], [6, 4], [2, 0], [7, 4], [3, 0], [6, 4], [4, 0], [6, 5], [5, 0], [5, 5], [6, 0], [5, 6], [6, 1], [4, 6], [7, 1], [3, 6], [6, 1], [2, 6], [6, 2], [1, 6], [6, 1], [1, 5], [5, 1], [1, 4], [4, 1], [1, 5], [3, 1], [0, 5], [2, 1], [0, 6], [1, 1], [0, 7], [2, 1], [1, 7], [2, 2], [2, 7], [3, 2], [3, 7], [4, 2], [4, 7], [0, 2], [4, 6], [1, 2], [4, 5], [1, 3], [4, 4], [2, 3], [3, 4], [0, 2], [4, 4], [0, 1], [5, 4], [1, 1], [5, 3], [1, 0], [5, 2], [2, 0], [5, 3], [3, 0], [5, 4], [4, 0], [5, 3], [4, 1], [5, 4], [4, 0], [5, 3], [4, 1], [5, 4], [4, 0], [5, 3], [4, 1], [5, 2], [4, 0], [5, 3], [5, 0], [5, 2]], "a_eggs_laid": [1, 1, 1, 1, 4, 4, 4, 4, 5, 5, 5, 5, 6, 6, 6, 6, 7, 7, 7, 7, 8, 8, 8, 8, 9, 9, 9, 9, 10, 10, 10, 10, 11, 11, 11, 11, 12, 12, 12, 12, 13, 13, 13, 13, 14, 14, 14, 14, 14, 14, 15, 15, 15, 15, 15, 15, 15, 15, 15, 15, 15, 15, 15, 15, 15, 15, 15, 15, 15, 15, 15, 15, 15, 15, 15, 15, 15, 15, 15, 15], "b_eggs_laid": [0, 1, 1, 1, 1, 2, 2, 2, 2, 3, 3, 3, 3, 4, 4, 4, 4, 5, 5, 5, 5, 6, 6, 6, 6, 7, 7, 7, 7, 8, 8, 8, 8, 9, 9, 9, 9, 12, 12, 12, 12, 13, 13, 13, 13, 18, 18, 18, 18, 19, 19, 19, 19, 24, 24, 24, 24, 25, 25, 25, 25, 26, 26, 26, 26, 26, 26, 26, 26, 26, 26, 26, 26, 26, 26, 26, 26, 26, 26, 26], "a_turds_left": [5, 5, 5, 5, 5, 5, 5, 5, 5, 5, 5, 5, 5, 5, 5, 5, 5, 5, 5, 5, 5, 5, 5, 5, 5, 5, 5, 5, 5, 5, 5, 5, 5, 5, 5, 5, 5, 5, 5, 5, 5, 5, 5, 5, 5, 5, 5, 5, 5, 5, 5, 5, 5, 5, 5, 5, 5, 5, 5, 5, 5, 5, 5, 5, 5, 5, 5, 5, 5, 5, 5, 5, 5, 5, 5, 5, 5, 5, 5, 5], "b_turds_left": [5, 5, 5, 5, 5, 5, 5, 5, 5, 5, 5, 4, 4, 4, 4, 3, 3, 3, 3, 3, 3, 3, 3, 2, 2, 2, 2, 1, 1, 1, 1, 1, 1, 1, 1, 1, 1, 1, 1, 1, 1, 1, 1, 1, 1, 1, 1, 1, 1, 1, 1, 1, 1, 1, 1, 0, 0, 0, 0, 0, 0, 0, 0, 0, 0, 0, 0, 0, 0, 0, 0, 0, 0, 0, 0, 0, 0, 0, 0, 0], "a_time_left": [359.93290633300785, 359.93290633300785, 359.8912743740075, 359.8912743740075, 359.8564098319912, 359.8564098319912, 359.8183692069724, 359.8183692069724, 359.7773806239711, 359.7773806239711, 359.7420681649819, 359.7420681649819, 359.68520512399846, 359.68520512399846, 359.648649248993, 359.648649248993, 359.60329404097865, 359.60329404097865, 359.5552404989721, 359.5552404989721, 359.524225290952, 359.524225290952, 359.4791333739413, 359.4791333739413, 359.4450650829531, 359.4450650829531, 359.4110721659672, 359.4110721659672, 359.34546191597474, 359.34546191597474, 359.30641158198705, 359.30641158198705, 359.2279632909922, 359.2279632909922, 359.1876809160167, 359.1876809160167, 359.15217054102686, 359.15217054102686, 359.1223527910479, 359.1223527910479, 359.06130791603937, 359.06130791603937, 359.02583604105166, 359.02583604105166, 358.97322758304654, 358.97322758304654, 358.9614595830499, 358.9614595830499, 358.9206684160454, 358.9206684160454, 358.8794439990306, 358.8794439990306, 358.8526566240471, 358.8526566240471, 358.84094579104567, 358.84094579104567, 358.82296595704975, 358.82296595704975, 358.80619679004303, 358.80619679004303, 358.79914591505076, 358.79914591505076, 358.7833703320357, 358.7833703320357, 358.7702876650437, 358.7702876650437, 358.75799874804216, 358.75799874804216, 358.74215462306165, 358.74215462306165, 358.7299310400558, 358.7299310400558, 358.714160623058, 358.714160623058, 358.70213804004015, 358.70213804004015, 358.6961501650512, 358.6961501650512, 358.6943612070463, 358.6943612070463], "b_time_left": [360, 359.9308858330187, 359.9308858330187, 359.9018997500243, 359.9018997500243, 359.8452852500195, 359.8452852500195, 359.8000012499979, 359.8000012499979, 359.76189633397735, 359.76189633397735, 359.7170019169862, 359.7170019169862, 359.6674073759932, 359.6674073759932, 359.6189554169832, 359.6189554169832, 359.5487903749745, 359.5487903749745, 359.5145766249916, 359.5145766249916, 359.32836700000917, 359.32836700000917, 359.17977200000314, 359.17977200000314, 359.04059899999993, 359.04059899999993, 358.8381010000012, 358.8381010000012, 358.6647557920078, 358.6647557920078, 358.5523904170259, 358.5523904170259, 358.388007542002, 358.388007542002, 358.2491697090154, 358.2491697090154, 358.15843345900066, 358.15843345900066, 357.98127491702326, 357.98127491702326, 357.6442826250277, 357.6442826250277, 357.1825813340256, 357.1825813340256, 356.95504091703333, 356.95504091703333, 356.49124679202214, 356.49124679202214, 356.1988226250396, 356.1988226250396, 355.8412938750407, 355.8412938750407, 355.6090060410497, 355.6090060410497, 355.3456104580546, 355.3456104580546, 355.1517139170319, 355.1517139170319, 354.9881031670375, 354.9881031670375, 354.7903698340233, 354.7903698340233, 353.9070120420074, 353.9070120420074, 353.0557866670133, 353.0557866670133, 352.0263275420293, 352.0263275420293, 351.17071491703973, 351.17071491703973, 350.13720516703324, 350.13720516703324, 349.27697262502625, 349.27697262502625, 349.17622050002683, 349.17622050002683, 349.17275204102043, 349.17275204102043, 349.1717681660375], "a_moves_left": [39, 39, 38, 38, 37, 37, 36, 36, 35, 35, 34, 34, 33, 33, 32, 32, 31, 31, 30, 30, 29, 29, 28, 28, 27, 27, 26, 26, 25, 25, 24, 24, 23, 23, 22, 22, 21, 21, 20, 20, 19, 19, 18, 18, 17, 17, 16, 16, 15, 15, 14, 14, 13, 13, 12, 12, 11, 11, 10, 10, 9, 9, 8, 8, 7, 7, 6, 6, 5, 5, 4, 4, 3, 3, 2, 2, 1, 1, 0, 0], "b_moves_left": [40, 39, 39, 38, 38, 37, 37, 36, 36, 35, 35, 34, 34, 33, 33, 32, 32, 31, 31, 30, 30, 29, 29, 28, 28, 27, 27, 26, 26, 25, 25, 24, 24, 23, 23, 22, 22, 21, 21, 20, 20, 19, 19, 18, 18, 17, 17, 16, 16, 15, 15, 14, 14, 13, 13, 12, 12, 11, 11, 10, 10, 9, 9, 8, 8, 7, 7, 6, 6, 5, 5, 4, 4, 3, 3, 2, 2, 1, 1, 0], "trapdoor_triggered": [0, 0, 0, 0, 0, 0, 0, 0, 0, 0, 0, 0, 0, 0, 0, 0, 0, 0, 0, 0, 0, 0, 0, 0, 0, 0, 0, 0, 0, 0, 0, 0, 0, 0, 0, 0, 0, 0, 0, 0, 0, 0, 0, 0, 1, 0, 0, 0, 0, 0, 0, 0, 1, 0, 0, 0, 0, 0, 0, 0, 0, 0, 0, 0, 0, 0, 0, 0, 0, 0, 0, 0, 0, 0, 0, 0, 0, 0, 0, 0], "left_behind": ["egg", "egg", "plain", "plain", "egg", "egg", "plain", "plain", "egg", "egg", "plain", "turd", "egg", "egg", "plain", "turd", "egg", "egg", "plain", "plain", "egg", "egg", "plain", "turd", "egg", "egg", "plain", "turd", "egg", "egg", "plain", "plain", "egg", "egg", "plain", "plain", "egg", "egg", "plain", "plain", "egg", "egg", "plain", "plain", "egg", "egg", "plain", "plain", "plain", "egg", "egg", "plain", "plain", "egg", "plain", "turd", "plain", "egg", "plain", "plain", "plain", "egg", "plain", "plain", "plain", "plain", "plain", "plain", "plain", "plain", "plain", "plain", "plain", "plain", "plain", "plain", "plain", "plain", "plain", "plain"], "errlog_a": "", "errlog_b": "", "start_time": 360, "start_moves": 40, "turn_count": 80, "result": 1, "reason": "EGGS_LAID", "trapdoors": [[3, 3], [4, 3]], "spawn_a": [0, 2], "spawn_b": [7, 2]}