{"pos": [[7, 2], [1, 3], [7, 1], [1, 2], [7, 2], [1, 1], [6, 2], [2, 1], [6, 1], [3, 1], [6, 0], [4, 1], [6, 1], [5, 1], [6, 2], [5, 0], [6, 3], [4, 0], [6, 4], [3, 0], [6, 5], [3, 1], [7, 5], [3, 2], [7, 6]], "a_eggs_laid": [1, 1, 1, 1, 2, 2, 2, 2, 3, 3, 3, 3, 4, 4, 4, 4, 4, 4, 4, 4, 5, 5, 5, 5, 6], "b_eggs_laid": [0, 1, 1, 1, 1, 2, 2, 2, 2, 3, 3, 3, 3, 4, 4, 4, 4, 5, 5, 5, 5, 6, 6, 6, 6], "a_turds_left": [5, 5, 5, 5, 5, 5, 5, 5, 5, 5, 5, 5, 5, 5, 5, 5, 5, 5, 5, 5, 5, 5, 5, 5, 5], "b_turds_left": [5, 5, 5, 5, 5, 5, 5, 5, 5, 5, 5, 4, 4, 4, 4, 4, 4, 4, 4, 3, 3, 3, 3, 3, 3], "a_time_left": [359.9476697079954, 359.9476697079954, 359.9154376660008, 359.9154376660008, 359.8680159570067, 359.8680159570067, 359.8369639989978, 359.8369639989978, 359.76070045799133, 359.76070045799133, 359.71292270798585, 359.71292270798585, 359.6702382079675, 359.6702382079675, 359.65902791699045, 359.65902791699045, 359.64632999998867, 359.64632999998867, 359.6045125419914, 359.6045125419914, 359.5373860000109, 359.5373860000109, 359.49377095801174, 359.49377095801174, 359.43822233300307], "b_time_left": [360, 355.9993278750044, 355.9993278750044, 351.9989933750185, 351.9989933750185, 347.9985605000111, 347.9985605000111, 343.99800250001135, 343.99800250001135, 339.9977518749947, 339.9977518749947, 335.9973866670043, 335.9973866670043, 332.45018741700915, 332.45018741700915, 329.39265870902454, 329.39265870902454, 325.4823354590044, 325.4823354590044, 321.4820952920127, 321.4820952920127, 317.4817375000275, 317.4817375000275, 314.96783658402273, 314.96783658402273], "a_moves_left": [39, 39, 38, 38, 37, 37, 36, 36, 35, 35, 34, 34, 33, 33, 32, 32, 31, 31, 30, 30, 29, 29, 28, 28, 27], "b_moves_left": [40, 39, 39, 38, 38, 37, 37, 36, 36, 35, 35, 34, 34, 33, 33, 32, 32, 31, 31, 30, 30, 29, 29, 28, 28], "trapdoor_triggered": [0, 0, 0, 0, 0, 0, 0, 0, 0, 0, 0, 0, 0, 0, 0, 0, 0, 0, 0, 0, 0, 0, 0, 0, 0], "left_behind": ["egg", "egg", "plain", "plain", "egg", "egg", "plain", "plain", "egg", "egg", "plain", "turd", "egg", "egg", "plain", "plain", "plain", "egg", "plain", "turd", "egg", "egg", "plain", "plain", "egg"], "errlog_a": "", "errlog_b": "Timeout", "start_time": 360, "start_moves": 40, "turn_count": 25, "result": 0, "reason": "CODE_CRASH", "trapdoors": [[5, 5], [3, 4]], "spawn_a": [7, 3], "spawn_b": [0, 3]}