{"pos": [[0, 5], [7, 5], [0, 4], [7, 4], [0, 3], [7, 3], [0, 2], [7, 2], [0, 1], [7, 1], [0, 0], [7, 0], [1, 0], [7, 1], [2, 0], [6, 1], [3, 0], [6, 2], [4, 0], [5, 2], [4, 1], [4, 2], [3, 1], [3, 2], [2, 1], [2, 2], [1, 1], [1, 2], [1, 0], [1, 3], [2, 0], [1, 4], [3, 0], [1, 5], [4, 0], [1, 6], [5, 0], [1, 7], [6, 0], [0, 7], [5, 0], [1, 7], [5, 1], [2, 7], [5, 0], [2, 6], [6, 0], [3, 6], [5, 0], [4, 6], [6, 0], [4, 5], [5, 0], [3, 5], [6, 0], [7, 6], [5, 0], [7, 5], [6, 0], [6, 5], [5, 0], [6, 4], [6, 0], [6, 3], [5, 0], [6, 4], [6, 0], [5, 4], [5, 0], [5, 3], [6, 0], [4, 3], [5, 0], [4, 4], [6, 0], [4, 3], [5, 0], [4, 2], [6, 0], [4, 1]], "a_eggs_laid": [1, 1, 1, 1, 2, 2, 2, 2, 3, 3, 3, 3, 6, 6, 6, 6, 7, 7, 7, 7, 8, 8, 8, 8, 9, 9, 9, 9, 10, 10, 10, 10, 10, 10, 10, 10, 10, 10, 10, 10, 11, 11, 11, 11, 12, 12, 12, 12, 12, 12, 12, 12, 12, 12, 12, 12, 16, 16, 16, 16, 16, 16, 16, 16, 16, 16, 16, 16, 16, 16, 16, 16, 16, 16, 16, 16, 16, 16, 16, 16], "b_eggs_laid": [0, 1, 1, 1, 1, 2, 2, 2, 2, 3, 3, 3, 3, 6, 6, 6, 6, 7, 7, 7, 7, 8, 8, 8, 8, 9, 9, 9, 9, 10, 10, 10, 10, 11, 11, 11, 11, 12, 12, 12, 12, 15, 15, 15, 15, 16, 16, 16, 16, 17, 17, 17, 17, 18, 18, 18, 18, 18, 18, 18, 18, 19, 19, 19, 19, 20, 20, 20, 20, 21, 21, 21, 21, 22, 22, 22, 22, 22, 22, 22], "a_turds_left": [5, 5, 5, 5, 5, 5, 5, 5, 5, 5, 5, 5, 5, 5, 5, 5, 5, 5, 5, 5, 5, 5, 5, 5, 5, 5, 5, 5, 5, 5, 5, 5, 5, 5, 5, 5, 5, 5, 5, 5, 5, 5, 5, 5, 5, 5, 5, 5, 5, 5, 5, 5, 5, 5, 5, 5, 5, 5, 5, 5, 5, 5, 5, 5, 5, 5, 5, 5, 5, 5, 5, 5, 5, 5, 5, 5, 5, 5, 5, 5], "b_turds_left": [5, 5, 5, 5, 5, 5, 5, 5, 5, 5, 5, 5, 5, 5, 5, 5, 5, 5, 5, 4, 4, 4, 4, 3, 3, 3, 3, 2, 2, 2, 2, 1, 1, 1, 1, 1, 1, 1, 1, 1, 1, 1, 1, 1, 1, 1, 1, 1, 1, 1, 1, 1, 1, 1, 1, 1, 1, 1, 1, 1, 1, 1, 1, 1, 1, 1, 1, 1, 1, 1, 1, 1, 1, 1, 1, 0, 0, 0, 0, 0], "a_time_left": [359.95689954201225, 359.95689954201225, 359.9297449590231, 359.9297449590231, 359.8883190420165, 359.8883190420165, 359.86143079199246, 359.86143079199246, 359.8207390420139, 359.8207390420139, 359.7967091250175, 359.7967091250175, 359.78032583300956, 359.78032583300956, 359.75075341702905, 359.75075341702905, 359.6970163330261, 359.6970163330261, 359.66149237402715, 359.66149237402715, 359.61703879002016, 359.61703879002016, 359.6020768310409, 359.6020768310409, 359.58242453902494, 359.58242453902494, 359.56879862202914, 359.56879862202914, 359.55695487203775, 359.55695487203775, 359.53740812203614, 359.53740812203614, 359.5291126630618, 359.5291126630618, 359.51065166306216, 359.51065166306216, 359.50366820406634, 359.50366820406634, 359.48947741204756, 359.48947741204756, 359.48477253704914, 359.48477253704914, 359.47130816205754, 359.47130816205754, 359.4612278290733, 359.4612278290733, 359.4444839540811, 359.4444839540811, 359.43970303807873, 359.43970303807873, 359.4223482470843, 359.4223482470843, 359.41723799708416, 359.41723799708416, 359.3994065390725, 359.3994065390725, 359.3970734560571, 359.3970734560571, 359.3840670810605, 359.3840670810605, 359.379311456054, 359.379311456054, 359.3620852890599, 359.3620852890599, 359.3564725390752, 359.3564725390752, 359.33868628909113, 359.33868628909113, 359.33364149709814, 359.33364149709814, 359.3162419550936, 359.3162419550936, 359.3108762050979, 359.3108762050979, 359.293411039107, 359.293411039107, 359.2910820391262, 359.2910820391262, 359.28790074712015, 359.28790074712015], "b_time_left": [360, 359.69954004199826, 359.69954004199826, 359.24455954201403, 359.24455954201403, 358.91555283300113, 358.91555283300113, 358.34980349900434, 358.34980349900434, 358.17404287398676, 358.17404287398676, 357.8277164149913, 357.8277164149913, 357.60459253998124, 357.60459253998124, 357.0056984149851, 357.0056984149851, 356.610135497991, 356.610135497991, 355.75131612300174, 355.75131612300174, 355.34823578901705, 355.34823578901705, 354.54026699700626, 354.54026699700626, 354.2976461639919, 354.2976461639919, 353.8040356639831, 353.8040356639831, 353.6774591229914, 353.6774591229914, 353.3439320399775, 353.3439320399775, 353.13536124897655, 353.13536124897655, 352.9265629989677, 352.9265629989677, 352.7661815829633, 352.7661815829633, 352.6682341249543, 352.6682341249543, 352.6282509159646, 352.6282509159646, 352.54060170796583, 352.54060170796583, 352.3819279159652, 352.3819279159652, 352.2470078749757, 352.2470078749757, 351.93408383298083, 351.93408383298083, 351.7982506249682, 351.7982506249682, 351.477218666987, 351.477218666987, 351.32125099998666, 351.32125099998666, 351.1474894580024, 351.1474894580024, 351.02129054200486, 351.02129054200486, 350.6999013760069, 350.6999013760069, 350.4179146680108, 350.4179146680108, 350.1253465010086, 350.1253465010086, 349.9197156680166, 349.9197156680166, 349.5709010430146, 349.5709010430146, 349.3705794600246, 349.3705794600246, 349.0843516680179, 349.0843516680179, 349.030694459012, 349.030694459012, 349.0141074169951, 349.0141074169951, 349.0132419169822], "a_moves_left": [39, 39, 38, 38, 37, 37, 36, 36, 35, 35, 34, 34, 33, 33, 32, 32, 31, 31, 30, 30, 29, 29, 28, 28, 27, 27, 26, 26, 25, 25, 24, 24, 23, 23, 22, 22, 21, 21, 20, 20, 19, 19, 18, 18, 17, 17, 16, 16, 15, 15, 14, 14, 13, 13, 12, 12, 11, 11, 10, 10, 9, 9, 8, 8, 7, 7, 6, 6, 5, 5, 4, 4, 3, 3, 2, 2, 1, 1, 0, 0], "b_moves_left": [40, 39, 39, 38, 38, 37, 37, 36, 36, 35, 35, 34, 34, 33, 33, 32, 32, 31, 31, 30, 30, 29, 29, 28, 28, 27, 27, 26, 26, 25, 25, 24, 24, 23, 23, 22, 22, 21, 21, 20, 20, 19, 19, 18, 18, 17, 17, 16, 16, 15, 15, 14, 14, 13, 13, 12, 12, 11, 11, 10, 10, 9, 9, 8, 8, 7, 7, 6, 6, 5, 5, 4, 4, 3, 3, 2, 2, 1, 1, 0], "trapdoor_triggered": [0, 0, 0, 0, 0, 0, 0, 0, 0, 0, 0, 0, 0, 0, 0, 0, 0, 0, 0, 0, 0, 0, 0, 0, 0, 0, 0, 0, 0, 0, 0, 0, 0, 0, 0, 0, 0, 0, 0, 0, 0, 0, 0, 0, 0, 0, 0, 0, 0, 0, 0, 0, 0, 0, 0, 1, 0, 0, 0, 0, 0, 0, 0, 0, 0, 0, 0, 0, 0, 0, 0, 0, 0, 0, 0, 0, 0, 0, 0, 0], "left_behind": ["egg", "egg", "plain", "plain", "egg", "egg", "plain", "plain", "egg", "egg", "plain", "plain", "egg", "egg", "plain", "plain", "egg", "egg", "plain", "turd", "egg", "egg", "plain", "turd", "egg", "egg", "plain", "turd", "egg", "egg", "plain", "turd", "plain", "egg", "plain", "plain", "plain", "egg", "plain", "plain", "egg", "egg", "plain", "plain", "egg", "egg", "plain", "plain", "plain", "egg", "plain", "plain", "plain", "egg", "plain", "plain", "plain", "plain", "plain", "plain", "plain", "egg", "plain", "plain", "plain", "egg", "plain", "plain", "plain", "egg", "plain", "plain", "plain", "egg", "plain", "turd", "plain", "plain", "plain", "plain"], "errlog_a": "", "errlog_b": "", "start_time": 360, "start_moves": 40, "turn_count": 80, "result": 1, "reason": "EGGS_LAID", "trapdoors": [[5, 5], [3, 4]], "spawn_a": [0, 6], "spawn_b": [7, 6]}