{"pos": [[0, 3], [7, 3], [0, 2], [7, 2], [0, 1], [7, 1], [0, 0], [7, 0], [1, 0], [7, 1], [2, 0], [6, 1], [3, 0], [6, 0], [4, 0], [5, 0], [4, 1], [6, 0], [5, 1], [5, 0], [4, 1], [6, 0], [4, 2], [6, 1], [4, 1], [6, 2], [3, 1], [6, 3], [2, 1], [6, 2], [1, 1], [6, 3], [1, 2], [6, 4], [1, 3], [6, 5], [1, 4], [6, 4], [1, 5], [6, 5], [1, 6], [6, 6], [2, 6], [5, 6], [3, 6], [6, 6], [3, 5], [5, 6], [3, 4], [4, 6], [3, 3], [3, 6], [3, 2], [4, 6], [2, 2], [3, 6], [2, 1], [3, 7], [2, 0], [2, 7], [3, 0], [3, 7], [4, 0], [2, 7], [4, 1], [1, 7], [4, 0], [0, 7], [4, 1], [0, 6], [4, 0], [0, 7], [4, 1], [1, 7], [4, 0], [2, 7], [4, 1], [3, 7], [4, 0], [4, 7]], "a_eggs_laid": [1, 1, 1, 1, 2, 2, 2, 2, 5, 5, 5, 5, 6, 6, 6, 6, 7, 7, 7, 7, 8, 8, 8, 8, 9, 9, 9, 9, 10, 10, 10, 10, 11, 11, 11, 11, 12, 12, 12, 12, 13, 13, 13, 13, 14, 14, 14, 14, 15, 15, 15, 15, 16, 16, 16, 16, 17, 17, 17, 17, 17, 17, 17, 17, 17, 17, 17, 17, 17, 17, 17, 17, 17, 17, 17, 17, 17, 17, 17, 17], "b_eggs_laid": [0, 1, 1, 1, 1, 2, 2, 2, 2, 5, 5, 5, 5, 6, 6, 6, 6, 7, 7, 7, 7, 7, 7, 7, 7, 7, 7, 7, 7, 8, 8, 8, 8, 8, 8, 8, 8, 9, 9, 9, 9, 9, 9, 9, 9, 10, 10, 10, 10, 10, 10, 10, 10, 11, 11, 11, 11, 11, 11, 11, 11, 12, 12, 12, 12, 12, 12, 12, 12, 15, 15, 15, 15, 15, 15, 15, 15, 15, 15, 15], "a_turds_left": [5, 5, 5, 5, 5, 5, 5, 5, 5, 5, 5, 5, 5, 5, 5, 5, 5, 5, 5, 5, 5, 5, 5, 5, 5, 5, 5, 5, 5, 5, 5, 5, 5, 5, 5, 5, 5, 5, 5, 5, 5, 5, 5, 5, 5, 5, 5, 5, 5, 5, 5, 5, 5, 5, 5, 5, 5, 5, 5, 5, 5, 5, 5, 5, 5, 5, 5, 5, 5, 5, 5, 5, 5, 5, 5, 5, 5, 5, 5, 5], "b_turds_left": [5, 5, 5, 5, 5, 5, 5, 5, 5, 5, 5, 5, 5, 5, 5, 5, 5, 5, 5, 5, 5, 5, 5, 5, 5, 5, 5, 5, 5, 5, 5, 5, 5, 5, 5, 5, 5, 5, 5, 5, 5, 5, 5, 5, 5, 5, 5, 5, 5, 5, 5, 5, 5, 5, 5, 5, 5, 5, 5, 5, 5, 5, 5, 5, 5, 5, 5, 5, 5, 5, 5, 5, 5, 5, 5, 5, 5, 5, 5, 5], "a_time_left": [359.9449872499972, 359.9449872499972, 359.92013466599747, 359.92013466599747, 359.88656091598386, 359.88656091598386, 359.87134658297873, 359.87134658297873, 359.8615687909769, 359.8615687909769, 359.84418137397734, 359.84418137397734, 359.81466170799104, 359.81466170799104, 359.7975147499965, 359.7975147499965, 359.78899445800926, 359.78899445800926, 359.76975041600235, 359.76975041600235, 359.76592512399657, 359.76592512399657, 359.74644408198947, 359.74644408198947, 359.7260534569941, 359.7260534569941, 359.70616329098993, 359.70616329098993, 359.6679914580018, 359.6679914580018, 359.640430999003, 359.640430999003, 359.62095824899734, 359.62095824899734, 359.59425066599215, 359.59425066599215, 359.55672912498994, 359.55672912498994, 359.5321242499922, 359.5321242499922, 359.5126992500009, 359.5126992500009, 359.4829394160042, 359.4829394160042, 359.44709537499875, 359.44709537499875, 359.42169925000053, 359.42169925000053, 359.40284199999587, 359.40284199999587, 359.37934687499364, 359.37934687499364, 359.35643712499586, 359.35643712499586, 359.3371139589872, 359.3371139589872, 359.3238801669795, 359.3238801669795, 359.309254125983, 359.309254125983, 359.3037702089787, 359.3037702089787, 359.29400791697844, 359.29400791697844, 359.29203862597933, 359.29203862597933, 359.28012275097717, 359.28012275097717, 359.2766243759688, 359.2766243759688, 359.26434412597155, 359.26434412597155, 359.26239554196945, 359.26239554196945, 359.2508244579658, 359.2508244579658, 359.24887754095835, 359.24887754095835, 359.244939082957, 359.244939082957], "b_time_left": [360, 359.9996545419999, 359.9996545419999, 359.9978695840109, 359.9978695840109, 359.99773845901655, 359.99773845901655, 359.9970587510179, 359.9970587510179, 359.9969604600192, 359.9969604600192, 359.9963135430298, 359.9963135430298, 359.9961965850234, 359.9961965850234, 359.9955500430224, 359.9955500430224, 359.99545679302537, 359.99545679302537, 359.9948292930203, 359.9948292930203, 359.99425579301897, 359.99425579301897, 359.9935953770182, 359.9935953770182, 359.99294066902075, 359.99294066902075, 359.9923052100203, 359.9923052100203, 359.99217858503107, 359.99217858503107, 359.9915661270352, 359.9915661270352, 359.99100154303596, 359.99100154303596, 359.9903752930404, 359.9903752930404, 359.99024704303883, 359.99024704303883, 359.98971121004433, 359.98971121004433, 359.98919354303507, 359.98919354303507, 359.9886811260367, 359.9886811260367, 359.98856916803925, 359.98856916803925, 359.9880752510362, 359.9880752510362, 359.9876518760284, 359.9876518760284, 359.9872305010358, 359.9872305010358, 359.9870973340294, 359.9870973340294, 359.98660800003563, 359.98660800003563, 359.9861993330269, 359.9861993330269, 359.98573887402017, 359.98573887402017, 359.98563712401665, 359.98563712401665, 359.98522158201376, 359.98522158201376, 359.9848126240104, 359.9848126240104, 359.9843842490227, 359.9843842490227, 359.9842898740317, 359.9842898740317, 359.98386695703084, 359.98386695703084, 359.9834727070265, 359.9834727070265, 359.9830585400341, 359.9830585400341, 359.9826700400299, 359.9826700400299, 359.98221337402356], "a_moves_left": [39, 39, 38, 38, 37, 37, 36, 36, 35, 35, 34, 34, 33, 33, 32, 32, 31, 31, 30, 30, 29, 29, 28, 28, 27, 27, 26, 26, 25, 25, 24, 24, 23, 23, 22, 22, 21, 21, 20, 20, 19, 19, 18, 18, 17, 17, 16, 16, 15, 15, 14, 14, 13, 13, 12, 12, 11, 11, 10, 10, 9, 9, 8, 8, 7, 7, 6, 6, 5, 5, 4, 4, 3, 3, 2, 2, 1, 1, 0, 0], "b_moves_left": [40, 39, 39, 38, 38, 37, 37, 36, 36, 35, 35, 34, 34, 33, 33, 32, 32, 31, 31, 30, 30, 29, 29, 28, 28, 27, 27, 26, 26, 25, 25, 24, 24, 23, 23, 22, 22, 21, 21, 20, 20, 19, 19, 18, 18, 17, 17, 16, 16, 15, 15, 14, 14, 13, 13, 12, 12, 11, 11, 10, 10, 9, 9, 8, 8, 7, 7, 6, 6, 5, 5, 4, 4, 3, 3, 2, 2, 1, 1, 0], "trapdoor_triggered": [0, 0, 0, 0, 0, 0, 0, 0, 0, 0, 0, 0, 0, 0, 0, 0, 0, 0, 0, 0, 0, 0, 0, 0, 0, 0, 0, 0, 0, 0, 0, 0, 0, 0, 0, 0, 0, 0, 0, 0, 0, 0, 0, 0, 0, 0, 0, 0, 0, 0, 0, 0, 0, 0, 0, 0, 0, 0, 0, 0, 0, 0, 0, 0, 0, 0, 0, 0, 0, 0, 0, 0, 0, 0, 0, 0, 0, 0, 0, 0], "left_behind": ["egg", "egg", "plain", "plain", "egg", "egg", "plain", "plain", "egg", "egg", "plain", "plain", "egg", "egg", "plain", "plain", "egg", "egg", "plain", "plain", "egg", "plain", "plain", "plain", "egg", "plain", "plain", "plain", "egg", "egg", "plain", "plain", "egg", "plain", "plain", "plain", "egg", "egg", "plain", "plain", "egg", "plain", "plain", "plain", "egg", "egg", "plain", "plain", "egg", "plain", "plain", "plain", "egg", "egg", "plain", "plain", "egg", "plain", "plain", "plain", "plain", "egg", "plain", "plain", "plain", "plain", "plain", "plain", "plain", "egg", "plain", "plain", "plain", "plain", "plain", "plain", "plain", "plain", "plain", "plain"], "errlog_a": "", "errlog_b": "", "start_time": 360, "start_moves": 40, "turn_count": 80, "result": 0, "reason": "EGGS_LAID", "trapdoors": [[2, 4], [2, 3]], "spawn_a": [0, 4], "spawn_b": [7, 4]}