{"pos": [[7, 4], [0, 4], [7, 3], [1, 4], [7, 2], [1, 3], [7, 1], [0, 3], [7, 2], [0, 2], [6, 2], [1, 2], [6, 1], [1, 1], [6, 0], [2, 1], [6, 1], [3, 1], [5, 1], [3, 0], [7, 5], [3, 1], [7, 4], [4, 1], [6, 4], [4, 2], [6, 5], [4, 3], [6, 6], [4, 4], [5, 6], [3, 4], [5, 7], [3, 5], [5, 6], [3, 6], [4, 6], [2, 6], [5, 6], [2, 5], [5, 5], [2, 4], [6, 5], [2, 3], [6, 4], [2, 2], [6, 5], [3, 2], [6, 4], [4, 2], [6, 3], [4, 3], [5, 3], [4, 4], [6, 3], [5, 4], [6, 2], [4, 4], [6, 1], [4, 5], [6, 0], [3, 5], [7, 0], [3, 6], [7, 1], [2, 6], [7, 0], [2, 7], [7, 1], [1, 7], [7, 0], [0, 7], [7, 1], [0, 6], [7, 0], [0, 5], [7, 1], [0, 4], [7, 0], [0, 3]], "a_eggs_laid": [1, 1, 1, 1, 2, 2, 2, 2, 3, 3, 3, 3, 4, 4, 4, 4, 5, 5, 5, 5, 6, 6, 6, 6, 6, 6, 7, 7, 7, 7, 8, 8, 8, 8, 9, 9, 9, 9, 10, 10, 10, 10, 11, 11, 11, 11, 11, 11, 11, 11, 11, 11, 11, 11, 12, 12, 12, 12, 12, 12, 12, 12, 12, 12, 12, 12, 12, 12, 12, 12, 12, 12, 12, 12, 12, 12, 12, 12, 12, 12], "b_eggs_laid": [0, 1, 1, 1, 1, 2, 2, 2, 2, 3, 3, 3, 3, 4, 4, 4, 4, 5, 5, 5, 5, 10, 10, 10, 10, 11, 11, 11, 11, 12, 12, 12, 12, 13, 13, 13, 13, 14, 14, 14, 14, 15, 15, 15, 15, 16, 16, 16, 16, 17, 17, 17, 17, 17, 17, 17, 17, 18, 18, 18, 18, 19, 19, 19, 19, 19, 19, 19, 19, 20, 20, 20, 20, 23, 23, 23, 23, 23, 23, 23], "a_turds_left": [5, 5, 5, 5, 5, 5, 5, 5, 5, 5, 5, 5, 5, 5, 5, 5, 5, 5, 5, 5, 5, 5, 5, 5, 5, 5, 5, 5, 5, 5, 5, 5, 5, 5, 5, 5, 5, 5, 5, 5, 5, 5, 5, 5, 5, 5, 5, 5, 5, 5, 5, 5, 5, 5, 5, 5, 5, 5, 5, 5, 5, 5, 5, 5, 5, 5, 5, 5, 5, 5, 5, 5, 5, 5, 5, 5, 5, 5, 5, 5], "b_turds_left": [5, 5, 5, 5, 5, 5, 5, 5, 5, 5, 5, 5, 5, 5, 5, 5, 5, 5, 5, 5, 5, 5, 5, 5, 5, 5, 5, 4, 4, 4, 4, 3, 3, 3, 3, 2, 2, 2, 2, 1, 1, 1, 1, 1, 1, 1, 1, 1, 1, 1, 1, 1, 1, 1, 1, 1, 1, 1, 1, 1, 1, 1, 1, 1, 1, 1, 1, 1, 1, 1, 1, 1, 1, 1, 1, 0, 0, 0, 0, 0], "a_time_left": [359.89199041598476, 359.89199041598476, 359.864699290978, 359.864699290978, 359.8172452499857, 359.8172452499857, 359.7869190409838, 359.7869190409838, 359.74728308196063, 359.74728308196063, 359.72260591594386, 359.72260591594386, 359.6556273329188, 359.6556273329188, 359.61366274993634, 359.61366274993634, 359.563846874953, 359.563846874953, 359.5223475829698, 359.5223475829698, 359.469646582962, 359.469646582962, 359.4514044999378, 359.4514044999378, 359.4234342079435, 359.4234342079435, 359.3464790409489, 359.3464790409489, 359.30157424896606, 359.30157424896606, 359.2160615409666, 359.2160615409666, 359.1726878329646, 359.1726878329646, 359.1121015829558, 359.1121015829558, 359.07829733297694, 359.07829733297694, 359.0498009999865, 359.0498009999865, 359.0099269999773, 359.0099269999773, 358.9835094589798, 358.9835094589798, 358.9437102089869, 358.9437102089869, 358.9283603759832, 358.9283603759832, 358.8872294180037, 358.8872294180037, 358.8736286680214, 358.8736286680214, 358.85771333501907, 358.85771333501907, 358.84833312701085, 358.84833312701085, 358.83825287703075, 358.83825287703075, 358.828625543043, 358.828625543043, 358.80825641803676, 358.80825641803676, 358.80119291803567, 358.80119291803567, 358.79423075102386, 358.79423075102386, 358.7827210430405, 358.7827210430405, 358.76754229306243, 358.76754229306243, 358.75882746005664, 358.75882746005664, 358.7482665850548, 358.7482665850548, 358.7374532940448, 358.7374532940448, 358.7312329610577, 358.7312329610577, 358.72980621104944, 358.72980621104944], "b_time_left": [360, 359.9570160830044, 359.9570160830044, 359.91993704100605, 359.91993704100605, 359.8662237910321, 359.8662237910321, 359.81342375001987, 359.81342375001987, 359.7673527910374, 359.7673527910374, 359.72370412404416, 359.72370412404416, 359.6680858740583, 359.6680858740583, 359.6253268320579, 359.6253268320579, 359.5567373740778, 359.5567373740778, 359.5036575400736, 359.5036575400736, 359.37185337307164, 359.37185337307164, 359.1806039560761, 359.1806039560761, 359.0237472060835, 359.0237472060835, 358.810126497061, 358.810126497061, 358.663435331051, 358.663435331051, 358.4519754560315, 358.4519754560315, 358.35611645603785, 358.35611645603785, 358.16732233102084, 358.16732233102084, 358.1197958730336, 358.1197958730336, 357.97683370602317, 357.97683370602317, 357.73035970600904, 357.73035970600904, 356.89579541399144, 356.89579541399144, 356.5252969969879, 356.5252969969879, 355.80360849699355, 355.80360849699355, 355.4379310380027, 355.4379310380027, 355.2855739130173, 355.2855739130173, 355.23843683002633, 355.23843683002633, 355.0684819550079, 355.0684819550079, 355.0231781640032, 355.0231781640032, 354.80764891402214, 354.80764891402214, 354.4756925390102, 354.4756925390102, 353.67646299800253, 353.67646299800253, 353.09519020598964, 353.09519020598964, 352.2468531639897, 352.2468531639897, 351.81418474699603, 351.81418474699603, 350.99357095500454, 350.99357095500454, 350.73998587200185, 350.73998587200185, 350.63397462200373, 350.63397462200373, 350.6249596630223, 350.6249596630223, 350.62414574599825], "a_moves_left": [39, 39, 38, 38, 37, 37, 36, 36, 35, 35, 34, 34, 33, 33, 32, 32, 31, 31, 30, 30, 29, 29, 28, 28, 27, 27, 26, 26, 25, 25, 24, 24, 23, 23, 22, 22, 21, 21, 20, 20, 19, 19, 18, 18, 17, 17, 16, 16, 15, 15, 14, 14, 13, 13, 12, 12, 11, 11, 10, 10, 9, 9, 8, 8, 7, 7, 6, 6, 5, 5, 4, 4, 3, 3, 2, 2, 1, 1, 0, 0], "b_moves_left": [40, 39, 39, 38, 38, 37, 37, 36, 36, 35, 35, 34, 34, 33, 33, 32, 32, 31, 31, 30, 30, 29, 29, 28, 28, 27, 27, 26, 26, 25, 25, 24, 24, 23, 23, 22, 22, 21, 21, 20, 20, 19, 19, 18, 18, 17, 17, 16, 16, 15, 15, 14, 14, 13, 13, 12, 12, 11, 11, 10, 10, 9, 9, 8, 8, 7, 7, 6, 6, 5, 5, 4, 4, 3, 3, 2, 2, 1, 1, 0], "trapdoor_triggered": [0, 0, 0, 0, 0, 0, 0, 0, 0, 0, 0, 0, 0, 0, 0, 0, 0, 0, 0, 0, 1, 0, 0, 0, 0, 0, 0, 0, 0, 0, 0, 0, 0, 0, 0, 0, 0, 0, 0, 0, 0, 0, 0, 0, 0, 0, 0, 0, 0, 0, 0, 0, 0, 0, 0, 0, 0, 0, 0, 0, 0, 0, 0, 0, 0, 0, 0, 0, 0, 0, 0, 0, 0, 0, 0, 0, 0, 0, 0, 0], "left_behind": ["egg", "egg", "plain", "plain", "egg", "egg", "plain", "plain", "egg", "egg", "plain", "plain", "egg", "egg", "plain", "plain", "egg", "egg", "plain", "plain", "egg", "egg", "plain", "plain", "plain", "egg", "egg", "turd", "plain", "egg", "egg", "turd", "plain", "egg", "egg", "turd", "plain", "egg", "egg", "turd", "plain", "egg", "egg", "plain", "plain", "egg", "plain", "plain", "plain", "egg", "plain", "plain", "plain", "plain", "egg", "plain", "plain", "egg", "plain", "plain", "plain", "egg", "plain", "plain", "plain", "plain", "plain", "plain", "plain", "egg", "plain", "plain", "plain", "egg", "plain", "turd", "plain", "plain", "plain", "plain"], "errlog_a": "", "errlog_b": "", "start_time": 360, "start_moves": 40, "turn_count": 80, "result": 1, "reason": "EGGS_LAID", "trapdoors": [[3, 3], [5, 2]], "spawn_a": [7, 5], "spawn_b": [0, 5]}