{"pos": [[7, 4], [0, 4], [7, 3], [1, 4], [7, 2], [1, 3], [7, 1], [0, 3], [7, 2], [0, 2], [6, 2], [1, 2], [6, 1], [1, 1], [6, 0], [2, 1], [6, 1], [3, 1], [5, 1], [3, 0], [5, 2], [2, 0], [5, 3], [1, 0], [6, 3], [1, 1], [6, 4], [0, 1], [6, 5], [1, 1], [6, 6], [2, 1], [5, 6], [3, 1], [5, 7], [4, 1], [5, 6], [4, 2], [4, 6], [4, 3], [3, 6], [4, 4], [3, 5], [3, 4], [3, 6], [2, 4], [3, 7], [2, 5], [2, 7], [2, 6], [1, 7], [1, 6], [0, 7], [0, 6], [1, 7], [0, 5], [0, 7], [0, 6], [1, 7], [0, 5], [0, 7], [0, 6], [1, 7], [0, 5], [0, 7], [0, 6], [1, 7], [0, 5], [0, 7], [0, 6], [1, 7], [0, 5], [0, 7], [0, 6], [1, 7], [0, 5], [0, 7], [0, 4], [0, 6], [0, 3]], "a_eggs_laid": [1, 1, 1, 1, 2, 2, 2, 2, 3, 3, 3, 3, 4, 4, 4, 4, 5, 5, 5, 5, 6, 6, 6, 6, 7, 7, 7, 7, 8, 8, 8, 8, 9, 9, 9, 9, 10, 10, 10, 10, 11, 11, 11, 11, 12, 12, 12, 12, 13, 13, 13, 13, 14, 14, 14, 14, 14, 14, 14, 14, 14, 14, 14, 14, 14, 14, 14, 14, 14, 14, 14, 14, 14, 14, 14, 14, 14, 14, 14, 14], "b_eggs_laid": [0, 1, 1, 1, 1, 2, 2, 2, 2, 3, 3, 3, 3, 4, 4, 4, 4, 5, 5, 5, 5, 6, 6, 6, 6, 7, 7, 7, 7, 8, 8, 8, 8, 8, 8, 8, 8, 9, 9, 9, 9, 10, 10, 10, 10, 11, 11, 11, 11, 12, 12, 12, 12, 13, 13, 13, 13, 13, 13, 13, 13, 13, 13, 13, 13, 13, 13, 13, 13, 13, 13, 13, 13, 13, 13, 13, 13, 13, 13, 13], "a_turds_left": [5, 5, 5, 5, 5, 5, 5, 5, 5, 5, 5, 5, 5, 5, 5, 5, 5, 5, 5, 5, 5, 5, 5, 5, 5, 5, 5, 5, 5, 5, 5, 5, 5, 5, 5, 5, 5, 5, 5, 5, 5, 5, 5, 5, 5, 5, 5, 5, 5, 5, 5, 5, 5, 5, 5, 5, 5, 5, 5, 5, 5, 5, 5, 5, 5, 5, 5, 5, 5, 5, 5, 5, 5, 5, 5, 5, 5, 5, 5, 5], "b_turds_left": [5, 5, 5, 5, 5, 5, 5, 5, 5, 5, 5, 5, 5, 5, 5, 5, 5, 5, 5, 5, 5, 5, 5, 5, 5, 5, 5, 5, 5, 5, 5, 5, 5, 5, 5, 5, 5, 5, 5, 4, 4, 4, 4, 3, 3, 3, 3, 2, 2, 2, 2, 1, 1, 1, 1, 1, 1, 1, 1, 1, 1, 1, 1, 1, 1, 1, 1, 1, 1, 1, 1, 1, 1, 1, 1, 1, 1, 1, 1, 0], "a_time_left": [359.9219527919777, 359.9219527919777, 359.8899195419799, 359.8899195419799, 359.84184191699023, 359.84184191699023, 359.8111690839869, 359.8111690839869, 359.77099037598236, 359.77099037598236, 359.74610708496766, 359.74610708496766, 359.67818425098085, 359.67818425098085, 359.63545687598526, 359.63545687598526, 359.5846010429668, 359.5846010429668, 359.542594500992, 359.542594500992, 359.4855720419728, 359.4855720419728, 359.4417175419803, 359.4417175419803, 359.3803470839921, 359.3803470839921, 359.3365945009864, 359.3365945009864, 359.2790292929858, 359.2790292929858, 359.23242550200666, 359.23242550200666, 359.1900727520115, 359.1900727520115, 359.1357268349966, 359.1357268349966, 359.09338725201087, 359.09338725201087, 359.05142987699946, 359.05142987699946, 358.98963746000663, 358.98963746000663, 358.95553562702844, 358.95553562702844, 358.9361847100372, 358.9361847100372, 358.90328112602583, 358.90328112602583, 358.8702472090081, 358.8702472090081, 358.86230441802763, 358.86230441802763, 358.8569876680267, 358.8569876680267, 358.8558092510211, 358.8558092510211, 358.8539936680172, 358.8539936680172, 358.8528153350053, 358.8528153350053, 358.8510193770053, 358.8510193770053, 358.8498437519884, 358.8498437519884, 358.84803687699605, 358.84803687699605, 358.846847044013, 358.846847044013, 358.8450461270404, 358.8450461270404, 358.8438625020499, 358.8438625020499, 358.8420649600448, 358.8420649600448, 358.84087691802415, 358.84087691802415, 358.83905854303157, 358.83905854303157, 358.8360716680181, 358.8360716680181], "b_time_left": [360, 359.93324220800423, 359.93324220800423, 359.8902564159944, 359.8902564159944, 359.83677437398, 359.83677437398, 359.78402170698973, 359.78402170698973, 359.7389111239754, 359.7389111239754, 359.6952034989663, 359.6952034989663, 359.63952358198003, 359.63952358198003, 359.5969173319754, 359.5969173319754, 359.52641070695245, 359.52641070695245, 359.47299941495294, 359.47299941495294, 359.3238382899435, 359.3238382899435, 359.1096264979278, 359.1096264979278, 358.96368216493283, 358.96368216493283, 358.71155395693495, 358.71155395693495, 358.5313432489347, 358.5313432489347, 358.316133331944, 358.316133331944, 358.0944147069531, 358.0944147069531, 357.970799247938, 357.970799247938, 357.8372657059226, 357.8372657059226, 357.6539412899292, 357.6539412899292, 357.46402728994144, 357.46402728994144, 357.01729403992067, 357.01729403992067, 356.84773099792073, 356.84773099792073, 356.25197441491764, 356.25197441491764, 356.1441737479181, 356.1441737479181, 356.045370831911, 356.045370831911, 356.0091311238939, 356.0091311238939, 355.9910738738836, 355.9910738738836, 355.94850741588743, 355.94850741588743, 355.9304740818916, 355.9304740818916, 355.8458832069009, 355.8458832069009, 355.8085319568927, 355.8085319568927, 355.7241651659133, 355.7241651659133, 355.6865269569098, 355.6865269569098, 355.602239789936, 355.602239789936, 355.56456374793197, 355.56456374793197, 355.4806204139313, 355.4806204139313, 355.46682133094873, 355.46682133094873, 355.45662603896926, 355.45662603896926, 355.45517741396907], "a_moves_left": [39, 39, 38, 38, 37, 37, 36, 36, 35, 35, 34, 34, 33, 33, 32, 32, 31, 31, 30, 30, 29, 29, 28, 28, 27, 27, 26, 26, 25, 25, 24, 24, 23, 23, 22, 22, 21, 21, 20, 20, 19, 19, 18, 18, 17, 17, 16, 16, 15, 15, 14, 14, 13, 13, 12, 12, 11, 11, 10, 10, 9, 9, 8, 8, 7, 7, 6, 6, 5, 5, 4, 4, 3, 3, 2, 2, 1, 1, 0, 0], "b_moves_left": [40, 39, 39, 38, 38, 37, 37, 36, 36, 35, 35, 34, 34, 33, 33, 32, 32, 31, 31, 30, 30, 29, 29, 28, 28, 27, 27, 26, 26, 25, 25, 24, 24, 23, 23, 22, 22, 21, 21, 20, 20, 19, 19, 18, 18, 17, 17, 16, 16, 15, 15, 14, 14, 13, 13, 12, 12, 11, 11, 10, 10, 9, 9, 8, 8, 7, 7, 6, 6, 5, 5, 4, 4, 3, 3, 2, 2, 1, 1, 0], "trapdoor_triggered": [0, 0, 0, 0, 0, 0, 0, 0, 0, 0, 0, 0, 0, 0, 0, 0, 0, 0, 0, 0, 0, 0, 0, 0, 0, 0, 0, 0, 0, 0, 0, 0, 0, 0, 0, 0, 0, 0, 0, 0, 0, 0, 0, 0, 0, 0, 0, 0, 0, 0, 0, 0, 0, 0, 0, 0, 0, 0, 0, 0, 0, 0, 0, 0, 0, 0, 0, 0, 0, 0, 0, 0, 0, 0, 0, 0, 0, 0, 0, 0], "left_behind": ["egg", "egg", "plain", "plain", "egg", "egg", "plain", "plain", "egg", "egg", "plain", "plain", "egg", "egg", "plain", "plain", "egg", "egg", "plain", "plain", "egg", "egg", "plain", "plain", "egg", "egg", "plain", "plain", "egg", "egg", "plain", "plain", "egg", "plain", "plain", "plain", "egg", "egg", "plain", "turd", "egg", "egg", "plain", "turd", "egg", "egg", "plain", "turd", "egg", "egg", "plain", "turd", "egg", "egg", "plain", "plain", "plain", "plain", "plain", "plain", "plain", "plain", "plain", "plain", "plain", "plain", "plain", "plain", "plain", "plain", "plain", "plain", "plain", "plain", "plain", "plain", "plain", "plain", "plain", "turd"], "errlog_a": "", "errlog_b": "", "start_time": 360, "start_moves": 40, "turn_count": 80, "result": 0, "reason": "EGGS_LAID", "trapdoors": [[3, 3], [5, 4]], "spawn_a": [7, 5], "spawn_b": [0, 5]}