{"pos": [[7, 2], [1, 3], [7, 1], [2, 3], [7, 2], [0, 3], [6, 2], [1, 3], [6, 1], [1, 2], [6, 0], [1, 1], [6, 1], [2, 1], [5, 1], [3, 1], [4, 1], [3, 2], [4, 0], [4, 2], [4, 1], [5, 2], [5, 1], [5, 3], [5, 0], [6, 3], [6, 0], [6, 4], [7, 0], [7, 4], [7, 1], [7, 5], [7, 0], [7, 6], [7, 1], [7, 5], [7, 0], [6, 5], [7, 1], [5, 5], [7, 0], [5, 4], [7, 1], [5, 5], [7, 0], [5, 6], [7, 1], [4, 6], [7, 0], [4, 5], [7, 1], [4, 6], [7, 0], [4, 7], [7, 1], [4, 6], [7, 0], [3, 6], [7, 1], [3, 5], [7, 0], [3, 4], [7, 1], [3, 5], [7, 0], [2, 5], [7, 1], [2, 4], [7, 0], [1, 4], [7, 1]], "a_eggs_laid": [1, 1, 1, 1, 2, 2, 6, 6, 7, 7, 7, 7, 8, 8, 8, 8, 9, 9, 9, 9, 10, 10, 10, 10, 10, 10, 10, 10, 10, 10, 10, 10, 10, 10, 10, 10, 10, 10, 10, 10, 10, 10, 10, 10, 10, 10, 10, 10, 10, 10, 10, 10, 10, 10, 10, 10, 10, 10, 10, 10, 10, 10, 10, 10, 10, 10, 10, 10, 10, 10, 10], "b_eggs_laid": [0, 1, 1, 1, 1, 2, 2, 2, 2, 2, 2, 3, 3, 3, 3, 4, 4, 4, 4, 4, 4, 4, 4, 5, 5, 5, 5, 6, 6, 6, 6, 7, 7, 7, 7, 8, 8, 8, 8, 9, 9, 9, 9, 10, 10, 10, 10, 11, 11, 11, 11, 12, 12, 12, 12, 13, 13, 13, 13, 14, 14, 14, 14, 15, 15, 15, 15, 16, 16, 16, 16], "a_turds_left": [5, 5, 5, 5, 5, 5, 5, 5, 5, 5, 5, 5, 5, 5, 5, 5, 5, 5, 5, 5, 5, 5, 5, 5, 5, 5, 5, 5, 5, 5, 5, 5, 5, 5, 5, 5, 5, 5, 5, 5, 5, 5, 5, 5, 5, 5, 5, 5, 5, 5, 5, 5, 5, 5, 5, 5, 5, 5, 5, 5, 5, 5, 5, 5, 5, 5, 5, 5, 5, 5, 5], "b_turds_left": [5, 5, 5, 4, 4, 4, 4, 4, 4, 4, 4, 4, 4, 3, 3, 3, 3, 3, 3, 2, 2, 2, 2, 2, 2, 1, 1, 1, 1, 1, 1, 1, 1, 1, 1, 1, 1, 1, 1, 1, 1, 0, 0, 0, 0, 0, 0, 0, 0, 0, 0, 0, 0, 0, 0, 0, 0, 0, 0, 0, 0, 0, 0, 0, 0, 0, 0, 0, 0, 0, 0], "a_time_left": [359.95000004200847, 359.95000004200847, 359.91803412500303, 359.91803412500303, 359.8667092919932, 359.8667092919932, 359.853803667007, 359.853803667007, 359.8162728760217, 359.8162728760217, 359.77243308504694, 359.77243308504694, 359.7249375010433, 359.7249375010433, 359.6793299590645, 359.6793299590645, 359.6096707090619, 359.6096707090619, 359.5805498760601, 359.5805498760601, 359.5465976680862, 359.5465976680862, 359.53919983509695, 359.53919983509695, 359.5253909181047, 359.5253909181047, 359.50993562710937, 359.50993562710937, 359.495571627107, 359.495571627107, 359.4847041691246, 359.4847041691246, 359.4722350021184, 359.4722350021184, 359.4458917111333, 359.4458917111333, 359.4325512951473, 359.4325512951473, 359.4099790871551, 359.4099790871551, 359.39607479516417, 359.39607479516417, 359.3834000041825, 359.3834000041825, 359.3755243791675, 359.3755243791675, 359.36197937914403, 359.36197937914403, 359.352640587138, 359.352640587138, 359.3396567121381, 359.3396567121381, 359.3299032531213, 359.3299032531213, 359.31906175310723, 359.31906175310723, 359.31062341909274, 359.31062341909274, 359.2972965030931, 359.2972965030931, 359.28954000308295, 359.28954000308295, 359.27667079507955, 359.27667079507955, 359.2688857530884, 359.2688857530884, 359.2559037110768, 359.2559037110768, 359.24983729506494, 359.24983729506494, 359.2368923780741], "b_time_left": [360, 355.99965745801455, 355.99965745801455, 351.99952008301625, 351.99952008301625, 347.99914666602854, 347.99914666602854, 343.9988369990315, 343.9988369990315, 339.9984895410307, 339.9984895410307, 335.9981689580309, 335.9981689580309, 331.9976901660266, 331.9976901660266, 327.9972376250371, 327.9972376250371, 324.7221878330165, 324.7221878330165, 320.72171008301666, 320.72171008301666, 318.87119866602006, 318.87119866602006, 314.8707961240143, 314.8707961240143, 310.8705266660254, 310.8705266660254, 307.4259900000179, 307.4259900000179, 303.4257788330142, 303.4257788330142, 299.42557874901104, 299.42557874901104, 295.4250395830022, 295.4250395830022, 291.4245469580055, 291.4245469580055, 287.4241338749998, 287.4241338749998, 283.42391625000164, 283.42391625000164, 279.42359562500496, 279.42359562500496, 275.6724216250004, 275.6724216250004, 272.91629799999646, 272.91629799999646, 268.91597241698764, 268.91597241698764, 266.9198935420136, 266.9198935420136, 262.91973862503073, 262.91973862503073, 260.6077167910116, 260.6077167910116, 258.15561554100714, 258.15561554100714, 255.99682695700903, 255.99682695700903, 252.8754717069969, 252.8754717069969, 250.86833679000847, 250.86833679000847, 247.48936787302955, 247.48936787302955, 245.49662491402705, 245.49662491402705, 242.60228616403765, 242.60228616403765, 240.66938624702743, 240.66938624702743], "a_moves_left": [39, 39, 38, 38, 37, 37, 36, 36, 35, 35, 34, 34, 33, 33, 32, 32, 31, 31, 30, 30, 29, 29, 28, 28, 27, 27, 26, 26, 25, 25, 24, 24, 23, 23, 22, 22, 21, 21, 20, 20, 19, 19, 18, 18, 17, 17, 16, 16, 15, 15, 14, 14, 13, 13, 12, 12, 11, 11, 10, 10, 9, 9, 8, 8, 7, 7, 6, 6, 5, 5, 4], "b_moves_left": [40, 39, 39, 38, 38, 37, 37, 36, 36, 35, 35, 34, 34, 33, 33, 32, 32, 31, 31, 30, 30, 29, 29, 28, 28, 27, 27, 26, 26, 25, 25, 24, 24, 23, 23, 22, 22, 21, 21, 20, 20, 19, 19, 18, 18, 17, 17, 16, 16, 15, 15, 14, 14, 13, 13, 12, 12, 11, 11, 10, 10, 9, 9, 8, 8, 7, 7, 6, 6, 5, 5], "trapdoor_triggered": [0, 0, 0, 0, 0, 1, 0, 0, 0, 0, 0, 0, 0, 0, 0, 0, 0, 0, 0, 0, 0, 0, 0, 0, 0, 0, 0, 0, 0, 0, 0, 0, 0, 0, 0, 0, 0, 0, 0, 0, 0, 0, 0, 0, 0, 0, 0, 0, 0, 0, 0, 0, 0, 0, 0, 0, 0, 0, 0, 0, 0, 0, 0, 0, 0, 0, 0, 0, 0, 0, 0], "left_behind": ["egg", "egg", "plain", "turd", "egg", "egg", "plain", "plain", "egg", "plain", "plain", "egg", "egg", "turd", "plain", "egg", "egg", "plain", "plain", "turd", "egg", "plain", "plain", "egg", "plain", "turd", "plain", "egg", "plain", "plain", "plain", "egg", "plain", "plain", "plain", "egg", "plain", "plain", "plain", "egg", "plain", "turd", "plain", "egg", "plain", "plain", "plain", "egg", "plain", "plain", "plain", "egg", "plain", "plain", "plain", "egg", "plain", "plain", "plain", "egg", "plain", "plain", "plain", "egg", "plain", "plain", "plain", "egg", "plain", "plain", "plain"], "errlog_a": "", "errlog_b": "Timeout", "start_time": 360, "start_moves": 40, "turn_count": 71, "result": 0, "reason": "CODE_CRASH", "trapdoors": [[2, 2], [4, 3]], "spawn_a": [7, 3], "spawn_b": [0, 3]}