{"pos": [[7, 4], [0, 6], [7, 3], [0, 7], [7, 2], [0, 6], [7, 1], [1, 6], [7, 2], [2, 6], [6, 2], [2, 5], [6, 1], [3, 5], [6, 0], [4, 5], [6, 1], [4, 4], [5, 1], [0, 5], [4, 1], [0, 4], [4, 0], [0, 3], [4, 1], [1, 3], [3, 1], [1, 2], [3, 0], [1, 1], [2, 0], [2, 1], [3, 0], [2, 2], [4, 0], [3, 2], [5, 0], [2, 2], [6, 0], [2, 3], [6, 1], [1, 3], [6, 0], [1, 4], [6, 1], [2, 4], [6, 0], [3, 4], [6, 1], [4, 4], [6, 0], [5, 4], [6, 1], [6, 4], [6, 0], [6, 5], [6, 1], [6, 4], [6, 0], [7, 4], [6, 1], [6, 4], [6, 0], [6, 3], [6, 1], [0, 5], [6, 0], [1, 5], [6, 1], [2, 5], [6, 0], [3, 5], [6, 1], [3, 6], [6, 0], [3, 5], [6, 1], [3, 4], [6, 0], [3, 3]], "a_eggs_laid": [1, 1, 1, 1, 2, 2, 2, 2, 3, 3, 3, 3, 4, 4, 4, 4, 5, 5, 5, 5, 10, 10, 10, 10, 11, 11, 11, 11, 12, 12, 12, 12, 13, 13, 13, 13, 13, 13, 13, 13, 13, 13, 13, 13, 13, 13, 13, 13, 13, 13, 13, 13, 13, 13, 13, 13, 13, 13, 13, 13, 13, 13, 13, 13, 13, 13, 17, 17, 17, 17, 17, 17, 17, 17, 17, 17, 17, 17, 17, 17], "b_eggs_laid": [0, 1, 1, 1, 1, 4, 4, 4, 4, 5, 5, 5, 5, 6, 6, 6, 6, 7, 7, 7, 7, 7, 7, 7, 7, 8, 8, 8, 8, 9, 9, 9, 9, 10, 10, 10, 10, 11, 11, 11, 11, 12, 12, 12, 12, 13, 13, 13, 13, 14, 14, 14, 14, 15, 15, 15, 15, 16, 16, 16, 16, 17, 17, 17, 17, 18, 18, 18, 18, 18, 18, 18, 18, 18, 18, 19, 19, 19, 19, 19], "a_turds_left": [5, 5, 5, 5, 5, 5, 5, 5, 5, 5, 5, 5, 5, 5, 5, 5, 5, 5, 5, 5, 5, 5, 5, 5, 5, 5, 5, 5, 5, 5, 5, 5, 5, 5, 5, 5, 5, 5, 5, 5, 5, 5, 5, 5, 5, 5, 5, 5, 5, 5, 5, 5, 5, 5, 5, 5, 5, 5, 5, 5, 5, 5, 5, 5, 5, 5, 5, 5, 5, 5, 5, 5, 5, 5, 5, 5, 5, 5, 5, 5], "b_turds_left": [5, 5, 5, 5, 5, 5, 5, 5, 5, 5, 5, 5, 5, 5, 5, 4, 4, 4, 4, 3, 3, 3, 3, 2, 2, 2, 2, 2, 2, 2, 2, 1, 1, 1, 1, 1, 1, 1, 1, 1, 1, 1, 1, 1, 1, 1, 1, 1, 1, 1, 1, 1, 1, 1, 1, 1, 1, 1, 1, 1, 1, 1, 1, 1, 1, 1, 1, 1, 1, 1, 1, 1, 1, 1, 1, 1, 1, 1, 1, 1], "a_time_left": [359.95369833300356, 359.95369833300356, 359.9259982079966, 359.9259982079966, 359.8994219999877, 359.8994219999877, 359.8454373339773, 359.8454373339773, 359.79727679197094, 359.79727679197094, 359.7680990419467, 359.7680990419467, 359.698716416955, 359.698716416955, 359.6556022079603, 359.6556022079603, 359.6068245409406, 359.6068245409406, 359.56586541593424, 359.56586541593424, 359.5294481239398, 359.5294481239398, 359.4910396239429, 359.4910396239429, 359.4493740409671, 359.4493740409671, 359.40900183297344, 359.40900183297344, 359.3430320409825, 359.3430320409825, 359.31047716600006, 359.31047716600006, 359.30416837500525, 359.30416837500525, 359.2836981250148, 359.2836981250148, 359.27042908302974, 359.27042908302974, 359.24619287403766, 359.24619287403766, 359.2303711240529, 359.2303711240529, 359.1970098320744, 359.1970098320744, 359.1820221650705, 359.1820221650705, 359.15000195705215, 359.15000195705215, 359.13187041605124, 359.13187041605124, 359.1120222080499, 359.1120222080499, 359.09729583305307, 359.09729583305307, 359.0677538330783, 359.0677538330783, 359.05567458306905, 359.05567458306905, 359.02621741607436, 359.02621741607436, 359.0208715830522, 359.0208715830522, 358.99067341705086, 358.99067341705086, 358.9815289580438, 358.9815289580438, 358.96634641702985, 358.96634641702985, 358.9525205420214, 358.9525205420214, 358.9327928760322, 358.9327928760322, 358.9209136260324, 358.9209136260324, 358.8804679590103, 358.8804679590103, 358.8711938339984, 358.8711938339984, 358.8648517090187, 358.8648517090187], "b_time_left": [360, 359.67916220802, 359.67916220802, 359.1262470000074, 359.1262470000074, 358.86048470801325, 358.86048470801325, 358.234082208015, 358.234082208015, 357.75301275000675, 357.75301275000675, 356.98897212499287, 356.98897212499287, 356.5806558339973, 356.5806558339973, 355.5928909590002, 355.5928909590002, 355.0511594179843, 355.0511594179843, 354.19193079299293, 354.19193079299293, 353.9081426259945, 353.9081426259945, 353.4648855009873, 353.4648855009873, 353.0902347090014, 353.0902347090014, 352.2192589590268, 352.2192589590268, 351.76214129303116, 351.76214129303116, 351.42682596002123, 351.42682596002123, 351.28051529300865, 351.28051529300865, 350.6848190840101, 350.6848190840101, 350.34251950102043, 350.34251950102043, 349.7148897930165, 349.7148897930165, 348.90178108401597, 348.90178108401597, 348.0457280840201, 348.0457280840201, 347.38223720900714, 347.38223720900714, 346.782852000033, 346.782852000033, 346.1996521250403, 346.1996521250403, 345.9541441660258, 345.9541441660258, 345.35722470801556, 345.35722470801556, 344.9294284580101, 344.9294284580101, 344.4105175420118, 344.4105175420118, 343.9966809999896, 343.9966809999896, 343.90018787496956, 343.90018787496956, 343.4869186669821, 343.4869186669821, 343.23635991697665, 343.23635991697665, 343.0266944169707, 343.0266944169707, 342.2769539169676, 342.2769539169676, 341.94451866697636, 341.94451866697636, 341.4364628759795, 341.4364628759795, 341.3106500429567, 341.3106500429567, 341.28068100096425, 341.28068100096425, 341.27950975095155], "a_moves_left": [39, 39, 38, 38, 37, 37, 36, 36, 35, 35, 34, 34, 33, 33, 32, 32, 31, 31, 30, 30, 29, 29, 28, 28, 27, 27, 26, 26, 25, 25, 24, 24, 23, 23, 22, 22, 21, 21, 20, 20, 19, 19, 18, 18, 17, 17, 16, 16, 15, 15, 14, 14, 13, 13, 12, 12, 11, 11, 10, 10, 9, 9, 8, 8, 7, 7, 6, 6, 5, 5, 4, 4, 3, 3, 2, 2, 1, 1, 0, 0], "b_moves_left": [40, 39, 39, 38, 38, 37, 37, 36, 36, 35, 35, 34, 34, 33, 33, 32, 32, 31, 31, 30, 30, 29, 29, 28, 28, 27, 27, 26, 26, 25, 25, 24, 24, 23, 23, 22, 22, 21, 21, 20, 20, 19, 19, 18, 18, 17, 17, 16, 16, 15, 15, 14, 14, 13, 13, 12, 12, 11, 11, 10, 10, 9, 9, 8, 8, 7, 7, 6, 6, 5, 5, 4, 4, 3, 3, 2, 2, 1, 1, 0], "trapdoor_triggered": [0, 0, 0, 0, 0, 0, 0, 0, 0, 0, 0, 0, 0, 0, 0, 0, 0, 0, 0, 1, 0, 0, 0, 0, 0, 0, 0, 0, 0, 0, 0, 0, 0, 0, 0, 0, 0, 0, 0, 0, 0, 0, 0, 0, 0, 0, 0, 0, 0, 0, 0, 0, 0, 0, 0, 0, 0, 0, 0, 0, 0, 0, 0, 0, 0, 1, 0, 0, 0, 0, 0, 0, 0, 0, 0, 0, 0, 0, 0, 0], "left_behind": ["egg", "egg", "plain", "plain", "egg", "egg", "plain", "plain", "egg", "egg", "plain", "plain", "egg", "egg", "plain", "turd", "egg", "egg", "plain", "turd", "egg", "plain", "plain", "turd", "egg", "egg", "plain", "plain", "egg", "egg", "plain", "turd", "egg", "egg", "plain", "plain", "plain", "egg", "plain", "plain", "plain", "egg", "plain", "plain", "plain", "egg", "plain", "plain", "plain", "egg", "plain", "plain", "plain", "egg", "plain", "plain", "plain", "egg", "plain", "plain", "plain", "egg", "plain", "plain", "plain", "egg", "plain", "plain", "plain", "plain", "plain", "plain", "plain", "plain", "plain", "egg", "plain", "plain", "plain", "plain"], "errlog_a": "", "errlog_b": "", "start_time": 360, "start_moves": 40, "turn_count": 80, "result": 1, "reason": "EGGS_LAID", "trapdoors": [[5, 3], [4, 3]], "spawn_a": [7, 5], "spawn_b": [0, 5]}