{"pos": [[7, 2], [1, 3], [7, 1], [1, 4], [7, 2], [1, 3], [6, 2], [2, 3], [6, 1], [1, 3], [6, 0], [1, 2], [6, 1], [1, 1], [5, 1], [2, 1], [5, 2], [3, 1], [4, 2], [3, 2], [5, 2], [0, 3], [5, 3], [0, 4], [6, 3], [0, 5], [6, 4], [1, 5], [6, 5], [2, 5], [7, 5], [3, 5], [7, 6], [4, 5], [7, 7], [4, 6], [7, 6], [5, 6], [6, 6], [4, 6], [6, 5], [3, 6], [5, 5], [2, 6], [5, 4], [2, 7], [4, 4], [2, 6], [5, 4], [1, 6], [5, 3], [1, 5], [6, 3], [1, 4], [6, 2], [1, 3], [6, 1], [2, 3], [6, 0], [2, 2], [6, 1], [2, 3], [6, 0], [2, 2], [6, 1], [2, 3], [6, 0], [2, 2], [6, 1], [2, 3], [6, 0], [2, 2], [6, 1], [2, 3], [6, 0], [2, 2], [6, 1], [2, 1], [6, 0], [2, 0]], "a_eggs_laid": [1, 1, 1, 1, 2, 2, 2, 2, 3, 3, 3, 3, 4, 4, 4, 4, 5, 5, 5, 5, 6, 6, 10, 10, 11, 11, 11, 11, 12, 12, 12, 12, 13, 13, 13, 13, 16, 16, 16, 16, 17, 17, 17, 17, 18, 18, 18, 18, 19, 19, 19, 19, 19, 19, 19, 19, 19, 19, 19, 19, 19, 19, 19, 19, 19, 19, 19, 19, 19, 19, 19, 19, 19, 19, 19, 19, 19, 19, 19, 19], "b_eggs_laid": [0, 1, 1, 1, 1, 2, 2, 2, 2, 3, 3, 3, 3, 4, 4, 4, 4, 5, 5, 5, 5, 6, 6, 6, 6, 6, 6, 7, 7, 7, 7, 8, 8, 8, 8, 9, 9, 9, 9, 10, 10, 10, 10, 11, 11, 11, 11, 12, 12, 12, 12, 13, 13, 13, 13, 13, 13, 13, 13, 13, 13, 13, 13, 13, 13, 13, 13, 13, 13, 13, 13, 13, 13, 13, 13, 13, 13, 13, 13, 13], "a_turds_left": [5, 5, 5, 5, 5, 5, 5, 5, 5, 5, 5, 5, 5, 5, 5, 5, 5, 5, 5, 5, 5, 5, 5, 5, 5, 5, 5, 5, 5, 5, 5, 5, 5, 5, 5, 5, 5, 5, 5, 5, 5, 5, 5, 5, 5, 5, 5, 5, 5, 5, 5, 5, 5, 5, 5, 5, 5, 5, 5, 5, 5, 5, 5, 5, 5, 5, 5, 5, 5, 5, 5, 5, 5, 5, 5, 5, 5, 5, 5, 5], "b_turds_left": [5, 5, 5, 4, 4, 4, 4, 4, 4, 4, 4, 4, 4, 4, 4, 3, 3, 3, 3, 2, 2, 2, 2, 2, 2, 1, 1, 1, 1, 1, 1, 1, 1, 1, 1, 1, 1, 1, 1, 1, 1, 1, 1, 1, 1, 1, 1, 1, 1, 1, 1, 1, 1, 1, 1, 1, 1, 1, 1, 1, 1, 1, 1, 1, 1, 1, 1, 1, 1, 1, 1, 1, 1, 1, 1, 1, 1, 0, 0, 0], "a_time_left": [359.96939970899257, 359.96939970899257, 359.91916570899775, 359.91916570899775, 359.8608828760043, 359.8608828760043, 359.8462530009856, 359.8462530009856, 359.77829666700563, 359.77829666700563, 359.7490960000141, 359.7490960000141, 359.69551145800506, 359.69551145800506, 359.64506166701904, 359.64506166701904, 359.579530292016, 359.579530292016, 359.53210045801825, 359.53210045801825, 359.5033052910294, 359.5033052910294, 359.47572975003277, 359.47572975003277, 359.4213909160462, 359.4213909160462, 359.3776411660656, 359.3776411660656, 359.31914287406835, 359.31914287406835, 359.26192720705876, 359.26192720705876, 359.22140662305173, 359.22140662305173, 359.1834585390461, 359.1834585390461, 359.1466750810214, 359.1466750810214, 359.115787206043, 359.115787206043, 359.0777404970431, 359.0777404970431, 359.0344902470533, 359.0344902470533, 358.9934960800747, 358.9934960800747, 358.9505541220715, 358.9505541220715, 358.89951545506483, 358.89951545506483, 358.8536860800814, 358.8536860800814, 358.8233359970909, 358.8233359970909, 358.80156895608525, 358.80156895608525, 358.7784208310768, 358.7784208310768, 358.7497454150871, 358.7497454150871, 358.73119841507287, 358.73119841507287, 358.70219312407426, 358.70219312407426, 358.67476233208436, 358.67476233208436, 358.64427529109525, 358.64427529109525, 358.6330084161018, 358.6330084161018, 358.60280020709615, 358.60280020709615, 358.58113637409406, 358.58113637409406, 358.55342983209994, 358.55342983209994, 358.53847487308667, 358.53847487308667, 358.52674995709094, 358.52674995709094], "b_time_left": [360, 359.9487382499792, 359.9487382499792, 359.88881949998904, 359.88881949998904, 359.8309716669901, 359.8309716669901, 359.78990787497605, 359.78990787497605, 359.72589245796553, 359.72589245796553, 359.69839133296045, 359.69839133296045, 359.64010112395044, 359.64010112395044, 359.57795766496565, 359.57795766496565, 359.5077097489848, 359.5077097489848, 359.46323612399283, 359.46323612399283, 359.40239916500286, 359.40239916500286, 359.3708043320221, 359.3708043320221, 359.3453925400099, 359.3453925400099, 359.293699789996, 359.293699789996, 359.23924937300035, 359.23924937300035, 359.1772622480057, 359.1772622480057, 359.14324808100355, 359.14324808100355, 359.09871095602284, 359.09871095602284, 359.05589412301197, 359.05589412301197, 359.01564395602327, 359.01564395602327, 358.96874041401315, 358.96874041401315, 358.9343642470194, 358.9343642470194, 358.8890177050198, 358.8890177050198, 358.84582837103517, 358.84582837103517, 358.8080692040385, 358.8080692040385, 358.7499954540399, 358.7499954540399, 358.7049655370356, 358.7049655370356, 358.68138766204356, 358.68138766204356, 358.65817599504953, 358.65817599504953, 358.64377528603654, 358.64377528603654, 358.609555786039, 358.609555786039, 358.59483270306373, 358.59483270306373, 358.5497477030731, 358.5497477030731, 358.5356533280865, 358.5356533280865, 358.48634216209757, 358.48634216209757, 358.47173795409617, 358.47173795409617, 358.42826628810144, 358.42826628810144, 358.41999062211835, 358.41999062211835, 358.39601699711056, 358.39601699711056, 358.3928803720919], "a_moves_left": [39, 39, 38, 38, 37, 37, 36, 36, 35, 35, 34, 34, 33, 33, 32, 32, 31, 31, 30, 30, 29, 29, 28, 28, 27, 27, 26, 26, 25, 25, 24, 24, 23, 23, 22, 22, 21, 21, 20, 20, 19, 19, 18, 18, 17, 17, 16, 16, 15, 15, 14, 14, 13, 13, 12, 12, 11, 11, 10, 10, 9, 9, 8, 8, 7, 7, 6, 6, 5, 5, 4, 4, 3, 3, 2, 2, 1, 1, 0, 0], "b_moves_left": [40, 39, 39, 38, 38, 37, 37, 36, 36, 35, 35, 34, 34, 33, 33, 32, 32, 31, 31, 30, 30, 29, 29, 28, 28, 27, 27, 26, 26, 25, 25, 24, 24, 23, 23, 22, 22, 21, 21, 20, 20, 19, 19, 18, 18, 17, 17, 16, 16, 15, 15, 14, 14, 13, 13, 12, 12, 11, 11, 10, 10, 9, 9, 8, 8, 7, 7, 6, 6, 5, 5, 4, 4, 3, 3, 2, 2, 1, 1, 0], "trapdoor_triggered": [0, 0, 0, 0, 0, 0, 0, 0, 0, 0, 0, 0, 0, 0, 0, 0, 0, 0, 0, 0, 0, 1, 0, 0, 0, 0, 0, 0, 0, 0, 0, 0, 0, 0, 0, 0, 0, 0, 0, 0, 0, 0, 0, 0, 0, 0, 0, 0, 0, 0, 0, 0, 0, 0, 0, 0, 0, 0, 0, 0, 0, 0, 0, 0, 0, 0, 0, 0, 0, 0, 0, 0, 0, 0, 0, 0, 0, 0, 0, 0], "left_behind": ["egg", "egg", "plain", "turd", "egg", "egg", "plain", "plain", "egg", "egg", "plain", "plain", "egg", "egg", "plain", "turd", "egg", "egg", "plain", "turd", "egg", "egg", "plain", "plain", "egg", "turd", "plain", "egg", "egg", "plain", "plain", "egg", "egg", "plain", "plain", "egg", "egg", "plain", "plain", "egg", "egg", "plain", "plain", "egg", "egg", "plain", "plain", "egg", "egg", "plain", "plain", "egg", "plain", "plain", "plain", "plain", "plain", "plain", "plain", "plain", "plain", "plain", "plain", "plain", "plain", "plain", "plain", "plain", "plain", "plain", "plain", "plain", "plain", "plain", "plain", "plain", "plain", "turd", "plain", "plain"], "errlog_a": "", "errlog_b": "", "start_time": 360, "start_moves": 40, "turn_count": 80, "result": 0, "reason": "EGGS_LAID", "trapdoors": [[3, 3], [3, 4]], "spawn_a": [7, 3], "spawn_b": [0, 3]}