{"pos": [[0, 3], [7, 3], [0, 2], [7, 2], [0, 1], [7, 1], [0, 0], [7, 0], [1, 0], [7, 1], [2, 0], [6, 1], [3, 0], [5, 1], [3, 1], [5, 0], [2, 1], [5, 1], [1, 1], [4, 1], [1, 2], [5, 1], [1, 3], [5, 2], [1, 4], [6, 2], [1, 5], [6, 3], [1, 6], [6, 4], [2, 6], [6, 5], [3, 6], [5, 5], [4, 6], [5, 6], [3, 6], [5, 5], [3, 7], [7, 4], [3, 6], [7, 5], [3, 5], [7, 6], [3, 4], [7, 7], [2, 4], [6, 7], [2, 3], [6, 6], [2, 2], [6, 5], [3, 2], [5, 5], [4, 2], [4, 5], [4, 3], [7, 4], [5, 3], [7, 5], [4, 3], [7, 4], [3, 3], [7, 5], [3, 2], [7, 4], [3, 1], [7, 5], [3, 2], [7, 4], [3, 1], [7, 5], [3, 2], [7, 4], [3, 1], [7, 5], [3, 2], [7, 4], [3, 1], [7, 3]], "a_eggs_laid": [1, 1, 1, 1, 2, 2, 2, 2, 5, 5, 5, 5, 6, 6, 6, 6, 7, 7, 7, 7, 8, 8, 8, 8, 9, 9, 9, 9, 10, 10, 10, 10, 11, 11, 11, 11, 12, 12, 12, 12, 17, 17, 17, 17, 18, 18, 18, 18, 19, 19, 19, 19, 20, 20, 20, 20, 21, 21, 25, 25, 26, 26, 26, 26, 27, 27, 27, 27, 27, 27, 27, 27, 27, 27, 27, 27, 27, 27, 27, 27], "b_eggs_laid": [0, 1, 1, 1, 1, 2, 2, 2, 2, 5, 5, 5, 5, 6, 6, 6, 6, 7, 7, 7, 7, 8, 8, 8, 8, 9, 9, 9, 9, 10, 10, 10, 10, 11, 11, 11, 11, 12, 12, 12, 12, 12, 12, 12, 12, 13, 13, 13, 13, 14, 14, 14, 14, 14, 14, 14, 14, 15, 15, 15, 15, 15, 15, 15, 15, 15, 15, 15, 15, 15, 15, 15, 15, 15, 15, 15, 15, 15, 15, 15], "a_turds_left": [5, 5, 5, 5, 5, 5, 5, 5, 5, 5, 5, 5, 5, 5, 5, 5, 5, 5, 5, 5, 5, 5, 5, 5, 5, 5, 5, 5, 5, 5, 5, 5, 5, 5, 5, 5, 5, 5, 5, 5, 5, 5, 5, 5, 5, 5, 5, 5, 5, 5, 5, 5, 5, 5, 5, 5, 5, 5, 5, 5, 5, 5, 5, 5, 5, 5, 5, 5, 5, 5, 5, 5, 5, 5, 5, 5, 5, 5, 5, 5], "b_turds_left": [5, 5, 5, 5, 5, 5, 5, 5, 5, 5, 5, 5, 5, 5, 5, 5, 5, 5, 5, 5, 5, 5, 5, 5, 5, 5, 5, 5, 5, 5, 5, 5, 5, 5, 5, 5, 5, 5, 5, 5, 5, 5, 5, 5, 5, 5, 5, 5, 5, 5, 5, 5, 5, 5, 5, 5, 5, 5, 5, 5, 5, 5, 5, 5, 5, 5, 5, 5, 5, 5, 5, 5, 5, 5, 5, 5, 5, 5, 5, 5], "a_time_left": [359.96877725000377, 359.96877725000377, 359.94039275002433, 359.94039275002433, 359.90669829104445, 359.90669829104445, 359.8924758750363, 359.8924758750363, 359.8833730830229, 359.8833730830229, 359.8443524580216, 359.8443524580216, 359.8152101660089, 359.8152101660089, 359.79646408199915, 359.79646408199915, 359.76611212300486, 359.76611212300486, 359.73395453899866, 359.73395453899866, 359.7001718310057, 359.7001718310057, 359.6716652059986, 359.6716652059986, 359.63374516399927, 359.63374516399927, 359.606036829995, 359.606036829995, 359.56573412098805, 359.56573412098805, 359.5403182049922, 359.5403182049922, 359.50055470500956, 359.50055470500956, 359.4711198720033, 359.4711198720033, 359.45486316402094, 359.45486316402094, 359.4288047890004, 359.4288047890004, 359.41451841400703, 359.41451841400703, 359.39774883099017, 359.39774883099017, 359.36306053897715, 359.36306053897715, 359.34446353896055, 359.34446353896055, 359.3152804559795, 359.3152804559795, 359.2947157889721, 359.2947157889721, 359.2752210389881, 359.2752210389881, 359.250659746991, 359.250659746991, 359.2398174550035, 359.2398174550035, 359.2302922880044, 359.2302922880044, 359.2211031629995, 359.2211031629995, 359.2134507049923, 359.2134507049923, 359.18072916398523, 359.18072916398523, 359.17209278899827, 359.17209278899827, 359.1644327059912, 359.1644327059912, 359.1557728309708, 359.1557728309708, 359.14825762296095, 359.14825762296095, 359.1396680819453, 359.1396680819453, 359.13194358194596, 359.13194358194596, 359.1290585399547, 359.1290585399547], "b_time_left": [360, 359.97103312498075, 359.97103312498075, 359.9401404579694, 359.9401404579694, 359.919487749954, 359.919487749954, 359.90925804094877, 359.90925804094877, 359.89502458195784, 359.89502458195784, 359.8688191229594, 359.8688191229594, 359.83684645596077, 359.83684645596077, 359.8119379559648, 359.8119379559648, 359.7806107059587, 359.7806107059587, 359.75313845594064, 359.75313845594064, 359.7235104559513, 359.7235104559513, 359.69916966496385, 359.69916966496385, 359.6568327899731, 359.6568327899731, 359.63204674897133, 359.63204674897133, 359.59344262396917, 359.59344262396917, 359.56682066599024, 359.56682066599024, 359.5227964159858, 359.5227964159858, 359.5043029160006, 359.5043029160006, 359.47334774999763, 359.47334774999763, 359.4533735839941, 359.4533735839941, 359.4431619589741, 359.4431619589741, 359.42444249996333, 359.42444249996333, 359.3993260829593, 359.3993260829593, 359.3871767499659, 359.3871767499659, 359.36326279098284, 359.36326279098284, 359.340615499008, 359.340615499008, 359.3271199580049, 359.3271199580049, 359.3178210000042, 359.3178210000042, 359.3022876250034, 359.3022876250034, 359.29710587501177, 359.29710587501177, 359.2830556250119, 359.2830556250119, 359.273662416992, 359.273662416992, 359.25774600100704, 359.25774600100704, 359.2530377089861, 359.2530377089861, 359.23664312498295, 359.23664312498295, 359.23166262498125, 359.23166262498125, 359.21517279098043, 359.21517279098043, 359.2104843329871, 359.2104843329871, 359.2011617079843, 359.2011617079843, 359.2008154159703], "a_moves_left": [39, 39, 38, 38, 37, 37, 36, 36, 35, 35, 34, 34, 33, 33, 32, 32, 31, 31, 30, 30, 29, 29, 28, 28, 27, 27, 26, 26, 25, 25, 24, 24, 23, 23, 22, 22, 21, 21, 20, 20, 19, 19, 18, 18, 17, 17, 16, 16, 15, 15, 14, 14, 13, 13, 12, 12, 11, 11, 10, 10, 9, 9, 8, 8, 7, 7, 6, 6, 5, 5, 4, 4, 3, 3, 2, 2, 1, 1, 0, 0], "b_moves_left": [40, 39, 39, 38, 38, 37, 37, 36, 36, 35, 35, 34, 34, 33, 33, 32, 32, 31, 31, 30, 30, 29, 29, 28, 28, 27, 27, 26, 26, 25, 25, 24, 24, 23, 23, 22, 22, 21, 21, 20, 20, 19, 19, 18, 18, 17, 17, 16, 16, 15, 15, 14, 14, 13, 13, 12, 12, 11, 11, 10, 10, 9, 9, 8, 8, 7, 7, 6, 6, 5, 5, 4, 4, 3, 3, 2, 2, 1, 1, 0], "trapdoor_triggered": [0, 0, 0, 0, 0, 0, 0, 0, 0, 0, 0, 0, 0, 0, 0, 0, 0, 0, 0, 0, 0, 0, 0, 0, 0, 0, 0, 0, 0, 0, 0, 0, 0, 0, 0, 0, 0, 0, 0, 1, 0, 0, 0, 0, 0, 0, 0, 0, 0, 0, 0, 0, 0, 0, 0, 0, 0, 1, 0, 0, 0, 0, 0, 0, 0, 0, 0, 0, 0, 0, 0, 0, 0, 0, 0, 0, 0, 0, 0, 0], "left_behind": ["egg", "egg", "plain", "plain", "egg", "egg", "plain", "plain", "egg", "egg", "plain", "plain", "egg", "egg", "plain", "plain", "egg", "egg", "plain", "plain", "egg", "egg", "plain", "plain", "egg", "egg", "plain", "plain", "egg", "egg", "plain", "plain", "egg", "egg", "plain", "plain", "egg", "egg", "plain", "plain", "egg", "plain", "plain", "plain", "egg", "egg", "plain", "plain", "egg", "egg", "plain", "plain", "egg", "plain", "plain", "plain", "egg", "egg", "plain", "plain", "egg", "plain", "plain", "plain", "egg", "plain", "plain", "plain", "plain", "plain", "plain", "plain", "plain", "plain", "plain", "plain", "plain", "plain", "plain", "plain"], "errlog_a": "", "errlog_b": "", "start_time": 360, "start_moves": 40, "turn_count": 80, "result": 0, "reason": "EGGS_LAID", "trapdoors": [[4, 4], [5, 4]], "spawn_a": [0, 4], "spawn_b": [7, 4]}