{"pos": [[7, 2], [1, 1], [7, 3], [1, 2], [7, 2], [1, 3], [6, 2], [1, 4], [6, 1], [1, 5], [6, 0], [2, 5], [6, 1], [3, 5], [5, 1], [4, 5], [4, 1], [4, 4], [4, 0], [4, 3], [4, 1], [0, 1], [4, 2], [1, 1], [3, 2], [1, 0], [3, 1], [2, 0], [3, 2], [3, 0], [2, 2], [2, 0], [2, 3], [2, 1], [2, 4], [1, 1], [2, 3], [1, 2], [1, 3], [1, 1], [0, 3], [1, 0], [0, 2], [2, 0], [0, 3], [3, 0], [0, 4], [2, 0], [0, 5], [3, 0], [1, 5], [2, 0], [1, 6], [3, 0], [2, 6], [2, 0], [2, 7], [3, 0], [1, 7], [2, 0], [1, 6], [3, 0], [0, 6], [2, 0], [0, 5], [3, 0], [1, 5], [2, 0], [1, 6], [3, 0], [1, 5], [2, 0], [1, 6], [3, 0], [1, 5], [2, 0], [1, 6], [3, 0], [1, 5], [2, 0]], "a_eggs_laid": [1, 1, 1, 1, 2, 2, 2, 2, 3, 3, 3, 3, 4, 4, 4, 4, 5, 5, 5, 5, 6, 6, 10, 10, 11, 11, 11, 11, 12, 12, 12, 12, 13, 13, 13, 13, 14, 14, 14, 14, 15, 15, 15, 15, 16, 16, 16, 16, 17, 17, 17, 17, 18, 18, 18, 18, 19, 19, 19, 19, 20, 20, 20, 20, 21, 21, 21, 21, 21, 21, 21, 21, 21, 21, 21, 21, 21, 21, 21, 21], "b_eggs_laid": [0, 1, 1, 1, 1, 2, 2, 2, 2, 3, 3, 3, 3, 4, 4, 4, 4, 5, 5, 5, 5, 6, 6, 6, 6, 6, 6, 7, 7, 7, 7, 8, 8, 8, 8, 9, 9, 9, 9, 9, 9, 9, 9, 9, 9, 9, 9, 9, 9, 9, 9, 9, 9, 9, 9, 9, 9, 9, 9, 9, 9, 9, 9, 9, 9, 9, 9, 9, 9, 9, 9, 9, 9, 9, 9, 9, 9, 9, 9, 9], "a_turds_left": [5, 5, 5, 5, 5, 5, 5, 5, 5, 5, 5, 5, 5, 5, 5, 5, 5, 5, 5, 5, 5, 5, 5, 5, 5, 5, 5, 5, 5, 5, 5, 5, 5, 5, 5, 5, 5, 5, 5, 5, 5, 5, 5, 5, 5, 5, 5, 5, 5, 5, 5, 5, 5, 5, 5, 5, 5, 5, 5, 5, 5, 5, 5, 5, 5, 5, 5, 5, 5, 5, 5, 5, 5, 5, 5, 5, 5, 5, 5, 5], "b_turds_left": [5, 5, 5, 5, 5, 5, 5, 5, 5, 5, 5, 5, 5, 5, 5, 4, 4, 4, 4, 3, 3, 3, 3, 3, 3, 2, 2, 2, 2, 2, 2, 2, 2, 2, 2, 2, 2, 2, 2, 2, 2, 2, 2, 2, 2, 2, 2, 2, 2, 2, 2, 2, 2, 2, 2, 2, 2, 2, 2, 2, 2, 2, 2, 2, 2, 2, 2, 2, 2, 2, 2, 2, 2, 2, 2, 2, 2, 1, 1, 1], "a_time_left": [359.9572859159962, 359.9572859159962, 359.9181700409972, 359.9181700409972, 359.87034774999483, 359.87034774999483, 359.83750404100283, 359.83750404100283, 359.77065379099804, 359.77065379099804, 359.72324045799905, 359.72324045799905, 359.67559108301066, 359.67559108301066, 359.63556754100136, 359.63556754100136, 359.5670878330129, 359.5670878330129, 359.5255705830059, 359.5255705830059, 359.4778851660085, 359.4778851660085, 359.4566789160017, 359.4566789160017, 359.4026156250038, 359.4026156250038, 359.37907424999867, 359.37907424999867, 359.3510805829719, 359.3510805829719, 359.3424649159715, 359.3424649159715, 359.3199790409708, 359.3199790409708, 359.30648674897384, 359.30648674897384, 359.29519437396084, 359.29519437396084, 359.28648249895195, 359.28648249895195, 359.2705538739392, 359.2705538739392, 359.2615382069198, 359.2615382069198, 359.2484995399136, 359.2484995399136, 359.24419824790675, 359.24419824790675, 359.21937112289015, 359.21937112289015, 359.2132903308666, 359.2132903308666, 359.1844423308794, 359.1844423308794, 359.1749699978682, 359.1749699978682, 359.14617099787574, 359.14617099787574, 359.1400213728775, 359.1400213728775, 359.10236866388004, 359.10236866388004, 359.09544766388717, 359.09544766388717, 359.0592811218812, 359.0592811218812, 359.05525341286557, 359.05525341286557, 359.0458233708632, 359.0458233708632, 359.0402672458731, 359.0402672458731, 359.0312817048689, 359.0312817048689, 359.02567007986363, 359.02567007986363, 359.0167462458485, 359.0167462458485, 359.01410816184944, 359.01410816184944], "b_time_left": [360, 359.9464089999965, 359.9464089999965, 359.89536258400767, 359.89536258400767, 359.8289726670191, 359.8289726670191, 359.7695730840205, 359.7695730840205, 359.708630542038, 359.708630542038, 359.6638765000389, 359.6638765000389, 359.58481812503305, 359.58481812503305, 359.5337092500413, 359.5337092500413, 359.47219250004855, 359.47219250004855, 359.4378324590507, 359.4378324590507, 359.2697653750365, 359.2697653750365, 359.170646625018, 359.170646625018, 358.98378041703836, 358.98378041703836, 358.90423150002607, 358.90423150002607, 358.78580737501034, 358.78580737501034, 358.7631402500265, 358.7631402500265, 358.66557270803605, 358.66557270803605, 358.6380489160365, 358.6380489160365, 358.5654534990317, 358.5654534990317, 358.5323236240365, 358.5323236240365, 358.4549908740446, 358.4549908740446, 358.4021690400259, 358.4021690400259, 358.2667692900286, 358.2667692900286, 358.2195972070331, 358.2195972070331, 358.07696729002055, 358.07696729002055, 358.0281038310204, 358.0281038310204, 357.81960187200457, 357.81960187200457, 357.76821353900596, 357.76821353900596, 357.6069116220169, 357.6069116220169, 357.5438427060144, 357.5438427060144, 356.71354658101336, 356.71354658101336, 356.5606744150282, 356.5606744150282, 355.76459841502947, 355.76459841502947, 355.64462433205335, 355.64462433205335, 355.0401887910557, 355.0401887910557, 354.9220919580839, 354.9220919580839, 354.31566516606836, 354.31566516606836, 354.2850533750898, 354.2850533750898, 354.2439338750846, 354.2439338750846, 354.24347654209123], "a_moves_left": [39, 39, 38, 38, 37, 37, 36, 36, 35, 35, 34, 34, 33, 33, 32, 32, 31, 31, 30, 30, 29, 29, 28, 28, 27, 27, 26, 26, 25, 25, 24, 24, 23, 23, 22, 22, 21, 21, 20, 20, 19, 19, 18, 18, 17, 17, 16, 16, 15, 15, 14, 14, 13, 13, 12, 12, 11, 11, 10, 10, 9, 9, 8, 8, 7, 7, 6, 6, 5, 5, 4, 4, 3, 3, 2, 2, 1, 1, 0, 0], "b_moves_left": [40, 39, 39, 38, 38, 37, 37, 36, 36, 35, 35, 34, 34, 33, 33, 32, 32, 31, 31, 30, 30, 29, 29, 28, 28, 27, 27, 26, 26, 25, 25, 24, 24, 23, 23, 22, 22, 21, 21, 20, 20, 19, 19, 18, 18, 17, 17, 16, 16, 15, 15, 14, 14, 13, 13, 12, 12, 11, 11, 10, 10, 9, 9, 8, 8, 7, 7, 6, 6, 5, 5, 4, 4, 3, 3, 2, 2, 1, 1, 0], "trapdoor_triggered": [0, 0, 0, 0, 0, 0, 0, 0, 0, 0, 0, 0, 0, 0, 0, 0, 0, 0, 0, 0, 0, 1, 0, 0, 0, 0, 0, 0, 0, 0, 0, 0, 0, 0, 0, 0, 0, 0, 0, 0, 0, 0, 0, 0, 0, 0, 0, 0, 0, 0, 0, 0, 0, 0, 0, 0, 0, 0, 0, 0, 0, 0, 0, 0, 0, 0, 0, 0, 0, 0, 0, 0, 0, 0, 0, 0, 0, 0, 0, 0], "left_behind": ["egg", "egg", "plain", "plain", "egg", "egg", "plain", "plain", "egg", "egg", "plain", "plain", "egg", "egg", "plain", "turd", "egg", "egg", "plain", "turd", "egg", "egg", "plain", "plain", "egg", "turd", "plain", "egg", "egg", "plain", "plain", "egg", "egg", "plain", "plain", "egg", "egg", "plain", "plain", "plain", "egg", "plain", "plain", "plain", "egg", "plain", "plain", "plain", "egg", "plain", "plain", "plain", "egg", "plain", "plain", "plain", "egg", "plain", "plain", "plain", "egg", "plain", "plain", "plain", "egg", "plain", "plain", "plain", "plain", "plain", "plain", "plain", "plain", "plain", "plain", "plain", "plain", "turd", "plain", "plain"], "errlog_a": "", "errlog_b": "", "start_time": 360, "start_moves": 40, "turn_count": 80, "result": 0, "reason": "EGGS_LAID", "trapdoors": [[3, 3], [3, 4]], "spawn_a": [7, 1], "spawn_b": [0, 1]}