{"pos": [[0, 5], [7, 5], [0, 4], [6, 5], [0, 3], [6, 4], [0, 2], [6, 3], [0, 1], [6, 2], [0, 0], [6, 1], [1, 0], [5, 1], [2, 0], [4, 1], [2, 1], [3, 1], [2, 2], [2, 1], [1, 2], [3, 1], [1, 1], [3, 0], [1, 2], [4, 0], [1, 3], [5, 0], [1, 4], [6, 0], [1, 5], [7, 0], [2, 5], [7, 1], [2, 6], [7, 2], [3, 6], [7, 3], [4, 6], [7, 4], [4, 5], [6, 4], [5, 5], [5, 4], [5, 6], [5, 3], [6, 6], [5, 2], [6, 7], [5, 3], [7, 7], [4, 3], [6, 7], [4, 2], [5, 7], [3, 2], [4, 7], [3, 1], [3, 7], [3, 2], [2, 7], [3, 1], [1, 7], [3, 2], [1, 6], [3, 1], [1, 5], [3, 2], [1, 4], [3, 1], [2, 4], [3, 2], [3, 4], [3, 1], [3, 3], [3, 0], [3, 4], [4, 0], [3, 3], [5, 0]], "a_eggs_laid": [1, 1, 1, 1, 2, 2, 2, 2, 3, 3, 3, 3, 6, 6, 6, 6, 7, 7, 7, 7, 8, 8, 8, 8, 9, 9, 9, 9, 10, 10, 10, 10, 11, 11, 11, 11, 12, 12, 12, 12, 13, 13, 13, 13, 14, 14, 14, 14, 15, 15, 15, 15, 18, 18, 18, 18, 19, 19, 19, 19, 20, 20, 20, 20, 21, 21, 21, 21, 21, 21, 21, 21, 22, 22, 22, 22, 23, 23, 23, 23], "b_eggs_laid": [0, 1, 1, 1, 1, 2, 2, 2, 2, 3, 3, 3, 3, 4, 4, 4, 4, 5, 5, 5, 5, 6, 6, 6, 6, 7, 7, 7, 7, 8, 8, 8, 8, 11, 11, 11, 11, 12, 12, 12, 12, 13, 13, 13, 13, 14, 14, 14, 14, 15, 15, 15, 15, 16, 16, 16, 16, 17, 17, 17, 17, 17, 17, 17, 17, 17, 17, 17, 17, 17, 17, 17, 17, 17, 17, 17, 17, 17, 17, 17], "a_turds_left": [5, 5, 5, 5, 5, 5, 5, 5, 5, 5, 5, 5, 5, 5, 5, 5, 5, 5, 5, 5, 5, 5, 5, 5, 5, 5, 5, 5, 5, 5, 5, 5, 5, 5, 5, 5, 5, 5, 5, 5, 5, 5, 4, 4, 4, 4, 4, 4, 4, 4, 4, 4, 4, 4, 4, 4, 4, 4, 4, 4, 4, 4, 4, 4, 4, 4, 4, 4, 4, 4, 4, 4, 4, 4, 4, 4, 4, 4, 4, 4], "b_turds_left": [5, 5, 5, 5, 5, 5, 5, 5, 5, 5, 5, 5, 5, 5, 5, 4, 4, 4, 4, 3, 3, 3, 3, 3, 3, 3, 3, 3, 3, 3, 3, 3, 3, 3, 3, 3, 3, 3, 3, 2, 2, 2, 2, 1, 1, 1, 1, 0, 0, 0, 0, 0, 0, 0, 0, 0, 0, 0, 0, 0, 0, 0, 0, 0, 0, 0, 0, 0, 0, 0, 0, 0, 0, 0, 0, 0, 0, 0, 0, 0], "a_time_left": [359.9496304159984, 359.9496304159984, 359.9185664159886, 359.9185664159886, 359.8729842489993, 359.8729842489993, 359.84451045800233, 359.84451045800233, 359.7991864999931, 359.7991864999931, 359.77213774999836, 359.77213774999836, 359.73777466698084, 359.73777466698084, 359.70475462498143, 359.70475462498143, 359.6575983329967, 359.6575983329967, 359.6424279579951, 359.6424279579951, 359.6254912909935, 359.6254912909935, 359.6009494989994, 359.6009494989994, 359.5754643739783, 359.5754643739783, 359.5516385829833, 359.5516385829833, 359.501497499994, 359.501497499994, 359.47392241697526, 359.47392241697526, 359.4372603329539, 359.4372603329539, 359.39927849994274, 359.39927849994274, 359.34025204196223, 359.34025204196223, 359.30307404193445, 359.30307404193445, 359.23621625092346, 359.23621625092346, 359.1929224169289, 359.1929224169289, 359.18118516690447, 359.18118516690447, 359.1516201249033, 359.1516201249033, 359.1304469589086, 359.1304469589086, 359.11672370892484, 359.11672370892484, 359.1085916259035, 359.1085916259035, 359.0957648339099, 359.0957648339099, 359.0709336679138, 359.0709336679138, 359.05625345991575, 359.05625345991575, 359.03475791891105, 359.03475791891105, 359.0200329599029, 359.0200329599029, 359.0048820429074, 359.0048820429074, 358.98840583491256, 358.98840583491256, 358.98087966791354, 358.98087966791354, 358.9599757519318, 358.9599757519318, 358.93709850191954, 358.93709850191954, 358.91382879394223, 358.91382879394223, 358.90227658493677, 358.90227658493677, 358.89818454292254, 358.89818454292254], "b_time_left": [360, 359.9527915419894, 359.9527915419894, 359.91983129197615, 359.91983129197615, 359.86410170898307, 359.86410170898307, 359.81945966696367, 359.81945966696367, 359.7675972089637, 359.7675972089637, 359.7356417509727, 359.7356417509727, 359.68150708498433, 359.68150708498433, 359.63650587698794, 359.63650587698794, 359.58236862698686, 359.58236862698686, 359.54410516799544, 359.54410516799544, 359.5011146259785, 359.5011146259785, 359.44340608399943, 359.44340608399943, 359.3788667510089, 359.3788667510089, 359.236470459, 359.236470459, 359.1096717090113, 359.1096717090113, 358.9337303750217, 358.9337303750217, 358.8412420840177, 358.8412420840177, 358.68125083399354, 358.68125083399354, 358.5747892090003, 358.5747892090003, 358.3731718340132, 358.3731718340132, 358.0556524590065, 358.0556524590065, 357.6865361670207, 357.6865361670207, 357.54261075000977, 357.54261075000977, 357.2606539160188, 357.2606539160188, 357.1172136660316, 357.1172136660316, 357.0544276240107, 357.0544276240107, 356.9558755820326, 356.9558755820326, 356.76763808203395, 356.76763808203395, 356.65084795703297, 356.65084795703297, 356.4969552900293, 356.4969552900293, 356.17025908103096, 356.17025908103096, 355.76767224801006, 355.76767224801006, 355.3927322900272, 355.3927322900272, 354.896520290029, 354.896520290029, 354.3605044570286, 354.3605044570286, 353.91770920701674, 353.91770920701674, 353.598410666018, 353.598410666018, 353.54426212399267, 353.54426212399267, 353.53109924899763, 353.53109924899763, 353.53016337400186], "a_moves_left": [39, 39, 38, 38, 37, 37, 36, 36, 35, 35, 34, 34, 33, 33, 32, 32, 31, 31, 30, 30, 29, 29, 28, 28, 27, 27, 26, 26, 25, 25, 24, 24, 23, 23, 22, 22, 21, 21, 20, 20, 19, 19, 18, 18, 17, 17, 16, 16, 15, 15, 14, 14, 13, 13, 12, 12, 11, 11, 10, 10, 9, 9, 8, 8, 7, 7, 6, 6, 5, 5, 4, 4, 3, 3, 2, 2, 1, 1, 0, 0], "b_moves_left": [40, 39, 39, 38, 38, 37, 37, 36, 36, 35, 35, 34, 34, 33, 33, 32, 32, 31, 31, 30, 30, 29, 29, 28, 28, 27, 27, 26, 26, 25, 25, 24, 24, 23, 23, 22, 22, 21, 21, 20, 20, 19, 19, 18, 18, 17, 17, 16, 16, 15, 15, 14, 14, 13, 13, 12, 12, 11, 11, 10, 10, 9, 9, 8, 8, 7, 7, 6, 6, 5, 5, 4, 4, 3, 3, 2, 2, 1, 1, 0], "trapdoor_triggered": [0, 0, 0, 0, 0, 0, 0, 0, 0, 0, 0, 0, 0, 0, 0, 0, 0, 0, 0, 0, 0, 0, 0, 0, 0, 0, 0, 0, 0, 0, 0, 0, 0, 0, 0, 0, 0, 0, 0, 0, 0, 0, 0, 0, 0, 0, 0, 0, 0, 0, 0, 0, 0, 0, 0, 0, 0, 0, 0, 0, 0, 0, 0, 0, 0, 0, 0, 0, 0, 0, 0, 0, 0, 0, 0, 0, 0, 0, 0, 0], "left_behind": ["egg", "egg", "plain", "plain", "egg", "egg", "plain", "plain", "egg", "egg", "plain", "plain", "egg", "egg", "plain", "turd", "egg", "egg", "plain", "turd", "egg", "egg", "plain", "plain", "egg", "egg", "plain", "plain", "egg", "egg", "plain", "plain", "egg", "egg", "plain", "plain", "egg", "egg", "plain", "turd", "egg", "egg", "turd", "turd", "egg", "egg", "plain", "turd", "egg", "egg", "plain", "plain", "egg", "egg", "plain", "plain", "egg", "egg", "plain", "plain", "egg", "plain", "plain", "plain", "egg", "plain", "plain", "plain", "plain", "plain", "plain", "plain", "egg", "plain", "plain", "plain", "egg", "plain", "plain", "plain"], "errlog_a": "", "errlog_b": "", "start_time": 360, "start_moves": 40, "turn_count": 80, "result": 0, "reason": "EGGS_LAID", "trapdoors": [[3, 5], [2, 3]], "spawn_a": [0, 6], "spawn_b": [7, 6]}