{"pos": [[7, 4], [0, 4], [7, 3], [1, 4], [7, 2], [1, 3], [7, 1], [0, 3], [7, 2], [0, 2], [6, 2], [1, 2], [6, 1], [1, 1], [6, 0], [2, 1], [6, 1], [3, 1], [5, 1], [4, 1], [5, 2], [4, 2], [5, 3], [4, 3], [6, 3], [3, 3], [6, 4], [3, 4], [6, 5], [0, 5], [6, 6], [1, 5], [6, 5], [1, 6], [5, 5], [2, 6], [7, 5], [2, 7], [7, 6], [2, 6], [7, 7], [3, 6], [6, 7], [4, 6], [5, 7], [4, 7], [5, 6], [4, 6], [5, 5], [5, 6], [5, 4], [4, 6], [4, 4], [3, 6], [5, 4], [2, 6], [5, 3], [2, 5], [6, 3], [2, 4], [6, 2], [2, 3], [6, 3], [2, 2], [6, 2], [3, 2], [6, 3], [3, 1], [6, 2], [3, 0], [6, 3], [2, 0], [6, 2], [1, 0], [6, 3], [1, 1], [6, 2], [1, 0], [6, 1], [2, 0]], "a_eggs_laid": [1, 1, 1, 1, 2, 2, 2, 2, 3, 3, 3, 3, 4, 4, 4, 4, 5, 5, 5, 5, 6, 6, 6, 6, 7, 7, 7, 7, 8, 8, 12, 12, 13, 13, 13, 13, 14, 14, 14, 14, 14, 14, 17, 17, 17, 17, 18, 18, 18, 18, 18, 18, 18, 18, 19, 19, 19, 19, 19, 19, 19, 19, 19, 19, 19, 19, 19, 19, 19, 19, 19, 19, 19, 19, 19, 19, 19, 19, 19, 19], "b_eggs_laid": [0, 1, 1, 1, 1, 2, 2, 2, 2, 3, 3, 3, 3, 4, 4, 4, 4, 5, 5, 5, 5, 6, 6, 6, 6, 7, 7, 7, 7, 8, 8, 8, 8, 8, 8, 9, 9, 13, 13, 14, 14, 14, 14, 15, 15, 15, 15, 16, 16, 16, 16, 17, 17, 17, 17, 17, 17, 17, 17, 18, 18, 18, 18, 19, 19, 19, 19, 20, 20, 20, 20, 21, 21, 21, 21, 22, 22, 22, 22, 22], "a_turds_left": [5, 5, 5, 5, 5, 5, 5, 5, 5, 5, 5, 5, 5, 5, 5, 5, 5, 5, 5, 5, 5, 5, 5, 5, 5, 5, 5, 5, 5, 5, 5, 5, 5, 5, 5, 5, 5, 5, 5, 5, 5, 5, 5, 5, 5, 5, 5, 5, 5, 5, 5, 5, 5, 5, 5, 5, 5, 5, 5, 5, 5, 5, 5, 5, 5, 5, 5, 5, 5, 5, 5, 5, 5, 5, 5, 5, 5, 5, 5, 5], "b_turds_left": [5, 5, 5, 5, 5, 5, 5, 5, 5, 5, 5, 5, 5, 5, 5, 5, 5, 5, 5, 4, 4, 4, 4, 3, 3, 3, 3, 2, 2, 2, 2, 2, 2, 1, 1, 1, 1, 1, 1, 1, 1, 1, 1, 1, 1, 1, 1, 1, 1, 1, 1, 1, 1, 1, 1, 1, 1, 1, 1, 1, 1, 1, 1, 1, 1, 1, 1, 1, 1, 1, 1, 1, 1, 1, 1, 1, 1, 0, 0, 0], "a_time_left": [359.9529428750102, 359.9529428750102, 359.912618708011, 359.912618708011, 359.8651408330188, 359.8651408330188, 359.83494166700984, 359.83494166700984, 359.7959743750107, 359.7959743750107, 359.7705407910107, 359.7705407910107, 359.7016534990107, 359.7016534990107, 359.6596105399949, 359.6596105399949, 359.6096636239963, 359.6096636239963, 359.5695335830096, 359.5695335830096, 359.54157583299093, 359.54157583299093, 359.52693683299003, 359.52693683299003, 359.5057133329974, 359.5057133329974, 359.466866917006, 359.466866917006, 359.39929929201026, 359.39929929201026, 359.37198433399317, 359.37198433399317, 359.30591966799693, 359.30591966799693, 359.26100141799543, 359.26100141799543, 359.19912104299874, 359.19912104299874, 359.1878655019973, 359.1878655019973, 359.16614520997973, 359.16614520997973, 359.1359256679716, 359.1359256679716, 359.11335070899804, 359.11335070899804, 359.1015320009901, 359.1015320009901, 359.0909194590058, 359.0909194590058, 359.0867312090122, 359.0867312090122, 359.0551777930232, 359.0551777930232, 359.04551933403127, 359.04551933403127, 359.0188819170289, 359.0188819170289, 359.00781558302697, 359.00781558302697, 358.9225522490451, 358.9225522490451, 358.90699620806845, 358.90699620806845, 358.84960587508976, 358.84960587508976, 358.8179985000752, 358.8179985000752, 358.8014600830793, 358.8014600830793, 358.7897726240917, 358.7897726240917, 358.76420045708073, 358.76420045708073, 358.7502610410738, 358.7502610410738, 358.7175787490851, 358.7175787490851, 358.71586158208083, 358.71586158208083], "b_time_left": [360, 359.9556417079875, 359.9556417079875, 359.9160475409881, 359.9160475409881, 359.86265533196274, 359.86265533196274, 359.8099497909716, 359.8099497909716, 359.76485483298893, 359.76485483298893, 359.72127641600673, 359.72127641600673, 359.66052062399103, 359.66052062399103, 359.61742424900876, 359.61742424900876, 359.548480789992, 359.548480789992, 359.4960208729899, 359.4960208729899, 359.46008220597287, 359.46008220597287, 359.42426087296917, 359.42426087296917, 359.38207708197297, 359.38207708197297, 359.32983070699265, 359.32983070699265, 359.2778557489801, 359.2778557489801, 359.2469542909821, 359.2469542909821, 359.16125995796756, 359.16125995796756, 359.1259287909779, 359.1259287909779, 359.0908642069844, 359.0908642069844, 359.0621121659642, 359.0621121659642, 359.03457987395814, 359.03457987395814, 359.0032432489679, 359.0032432489679, 358.9908267489809, 358.9908267489809, 358.9734801649756, 358.9734801649756, 358.9536876229977, 358.9536876229977, 358.94110399801866, 358.94110399801866, 358.92918804002693, 358.92918804002693, 358.8916776650294, 358.8916776650294, 358.87032999802614, 358.87032999802614, 358.7652084980218, 358.7652084980218, 358.73062062301324, 358.73062062301324, 358.6707943319925, 358.6707943319925, 358.58204737398773, 358.58204737398773, 358.54286662398954, 358.54286662398954, 358.52551608200883, 358.52551608200883, 358.4875867070223, 358.4875867070223, 358.4630368320213, 358.4630368320213, 358.41745258204173, 358.41745258204173, 358.4011977070477, 358.4011977070477, 358.4005607900326], "a_moves_left": [39, 39, 38, 38, 37, 37, 36, 36, 35, 35, 34, 34, 33, 33, 32, 32, 31, 31, 30, 30, 29, 29, 28, 28, 27, 27, 26, 26, 25, 25, 24, 24, 23, 23, 22, 22, 21, 21, 20, 20, 19, 19, 18, 18, 17, 17, 16, 16, 15, 15, 14, 14, 13, 13, 12, 12, 11, 11, 10, 10, 9, 9, 8, 8, 7, 7, 6, 6, 5, 5, 4, 4, 3, 3, 2, 2, 1, 1, 0, 0], "b_moves_left": [40, 39, 39, 38, 38, 37, 37, 36, 36, 35, 35, 34, 34, 33, 33, 32, 32, 31, 31, 30, 30, 29, 29, 28, 28, 27, 27, 26, 26, 25, 25, 24, 24, 23, 23, 22, 22, 21, 21, 20, 20, 19, 19, 18, 18, 17, 17, 16, 16, 15, 15, 14, 14, 13, 13, 12, 12, 11, 11, 10, 10, 9, 9, 8, 8, 7, 7, 6, 6, 5, 5, 4, 4, 3, 3, 2, 2, 1, 1, 0], "trapdoor_triggered": [0, 0, 0, 0, 0, 0, 0, 0, 0, 0, 0, 0, 0, 0, 0, 0, 0, 0, 0, 0, 0, 0, 0, 0, 0, 0, 0, 0, 0, 1, 0, 0, 0, 0, 0, 0, 1, 0, 0, 0, 0, 0, 0, 0, 0, 0, 0, 0, 0, 0, 0, 0, 0, 0, 0, 0, 0, 0, 0, 0, 0, 0, 0, 0, 0, 0, 0, 0, 0, 0, 0, 0, 0, 0, 0, 0, 0, 0, 0, 0], "left_behind": ["egg", "egg", "plain", "plain", "egg", "egg", "plain", "plain", "egg", "egg", "plain", "plain", "egg", "egg", "plain", "plain", "egg", "egg", "plain", "turd", "egg", "egg", "plain", "turd", "egg", "egg", "plain", "turd", "egg", "egg", "plain", "plain", "egg", "turd", "plain", "egg", "egg", "plain", "plain", "egg", "plain", "plain", "egg", "egg", "plain", "plain", "egg", "egg", "plain", "plain", "plain", "egg", "plain", "plain", "egg", "plain", "plain", "plain", "plain", "egg", "plain", "plain", "plain", "egg", "plain", "plain", "plain", "egg", "plain", "plain", "plain", "egg", "plain", "plain", "plain", "egg", "plain", "turd", "plain", "plain"], "errlog_a": "", "errlog_b": "", "start_time": 360, "start_moves": 40, "turn_count": 80, "result": 1, "reason": "EGGS_LAID", "trapdoors": [[3, 5], [4, 5]], "spawn_a": [7, 5], "spawn_b": [0, 5]}