{"pos": [[7, 2], [1, 1], [7, 3], [2, 1], [7, 2], [3, 1], [6, 2], [4, 1], [6, 3], [3, 1], [6, 4], [3, 2], [6, 5], [2, 2], [7, 5], [1, 2], [7, 6], [1, 3], [7, 7], [1, 4], [7, 6], [1, 5], [6, 6], [1, 6], [5, 6], [1, 5], [5, 7], [0, 5], [5, 6], [1, 5], [4, 6], [2, 5], [4, 5], [2, 4], [4, 4], [2, 3], [4, 3], [3, 3], [4, 2], [0, 1], [5, 2], [0, 0], [5, 1], [1, 0], [5, 2], [2, 0], [5, 3], [3, 0], [4, 3], [4, 0], [3, 3], [5, 0], [4, 3], [6, 0], [4, 2], [7, 0], [5, 2], [6, 0], [5, 1], [6, 1], [5, 2], [6, 0], [5, 1], [7, 0], [5, 2], [6, 0], [5, 1], [7, 0], [5, 2], [6, 0], [5, 1], [7, 0], [5, 2], [6, 0], [5, 1], [7, 0], [5, 2], [6, 0], [5, 1], [7, 0]], "a_eggs_laid": [1, 1, 1, 1, 2, 2, 2, 2, 3, 3, 3, 3, 4, 4, 4, 4, 5, 5, 5, 5, 8, 8, 8, 8, 9, 9, 9, 9, 10, 10, 10, 10, 11, 11, 11, 11, 12, 12, 12, 12, 17, 17, 17, 17, 18, 18, 18, 18, 19, 19, 19, 19, 20, 20, 20, 20, 20, 20, 20, 20, 20, 20, 20, 20, 20, 20, 20, 20, 20, 20, 20, 20, 20, 20, 20, 20, 20, 20, 20, 20], "b_eggs_laid": [0, 1, 1, 1, 1, 2, 2, 2, 2, 3, 3, 3, 3, 4, 4, 4, 4, 5, 5, 5, 5, 6, 6, 6, 6, 7, 7, 7, 7, 8, 8, 8, 8, 9, 9, 9, 9, 10, 10, 10, 10, 10, 10, 10, 10, 11, 11, 11, 11, 12, 12, 12, 12, 13, 13, 13, 13, 16, 16, 16, 16, 17, 17, 17, 17, 17, 17, 17, 17, 17, 17, 17, 17, 17, 17, 17, 17, 17, 17, 17], "a_turds_left": [5, 5, 5, 5, 5, 5, 5, 5, 5, 5, 5, 5, 5, 5, 5, 5, 5, 5, 5, 5, 5, 5, 5, 5, 5, 5, 5, 5, 5, 5, 5, 5, 5, 5, 5, 5, 5, 5, 5, 5, 5, 5, 5, 5, 5, 5, 5, 5, 5, 5, 5, 5, 5, 5, 5, 5, 5, 5, 5, 5, 5, 5, 5, 5, 5, 5, 5, 5, 5, 5, 5, 5, 5, 5, 5, 5, 5, 5, 5, 5], "b_turds_left": [5, 5, 5, 4, 4, 4, 4, 3, 3, 3, 3, 3, 3, 3, 3, 2, 2, 2, 2, 1, 1, 1, 1, 1, 1, 1, 1, 1, 1, 1, 1, 1, 1, 1, 1, 1, 1, 1, 1, 1, 1, 1, 1, 1, 1, 1, 1, 1, 1, 1, 1, 1, 1, 1, 1, 1, 1, 1, 1, 1, 1, 1, 1, 1, 1, 1, 1, 1, 1, 1, 1, 1, 1, 1, 1, 1, 1, 1, 1, 0], "a_time_left": [359.9567280409974, 359.9567280409974, 359.9312121660041, 359.9312121660041, 359.90030999900773, 359.90030999900773, 359.8820100830053, 359.8820100830053, 359.8439742079936, 359.8439742079936, 359.82675029098755, 359.82675029098755, 359.7827712489816, 359.7827712489816, 359.7539961239672, 359.7539961239672, 359.7232780409686, 359.7232780409686, 359.70490029096254, 359.70490029096254, 359.686419540958, 359.686419540958, 359.67034191597486, 359.67034191597486, 359.63443204099895, 359.63443204099895, 359.60338137400686, 359.60338137400686, 359.5802337900095, 359.5802337900095, 359.5557277490152, 359.5557277490152, 359.52028145702207, 359.52028145702207, 359.4996847490256, 359.4996847490256, 359.4597717070137, 359.4597717070137, 359.4507347490289, 359.4507347490289, 359.44008141502854, 359.44008141502854, 359.42882412302424, 359.42882412302424, 359.4073069980077, 359.4073069980077, 359.3928646229906, 359.3928646229906, 359.36181591497734, 359.36181591497734, 359.34843116495176, 359.34843116495176, 359.342634039931, 359.342634039931, 359.32982808194356, 359.32982808194356, 359.3273823739437, 359.3273823739437, 359.31438849892584, 359.31438849892584, 359.3132761239249, 359.3132761239249, 359.30155408292194, 359.30155408292194, 359.30076737489435, 359.30076737489435, 359.2894073748903, 359.2894073748903, 359.2885957498802, 359.2885957498802, 359.2770624588593, 359.2770624588593, 359.2762716258585, 359.2762716258585, 359.26453033386497, 359.26453033386497, 359.26373533386504, 359.26373533386504, 359.259938874864, 359.259938874864], "b_time_left": [360, 359.96766154200304, 359.96766154200304, 359.92801091700676, 359.92801091700676, 359.8959399169835, 359.8959399169835, 359.8680257079832, 359.8680257079832, 359.82611379097216, 359.82611379097216, 359.8121123329911, 359.8121123329911, 359.76123258296866, 359.76123258296866, 359.7358364999527, 359.7358364999527, 359.70335899994825, 359.70335899994825, 359.687291249953, 359.687291249953, 359.6572439169395, 359.6572439169395, 359.6326680839411, 359.6326680839411, 359.5850748339435, 359.5850748339435, 359.5667356669437, 359.5667356669437, 359.5328326669405, 359.5328326669405, 359.5090389579418, 359.5090389579418, 359.4693516669213, 359.4693516669213, 359.4472459589306, 359.4472459589306, 359.41955291791237, 359.41955291791237, 359.4100620849349, 359.4100620849349, 359.4018765849469, 359.4018765849469, 359.3921150009264, 359.3921150009264, 359.36636462592287, 359.36636462592287, 359.3475693339424, 359.3475693339424, 359.32252620893996, 359.32252620893996, 359.3129319169384, 359.3129319169384, 359.2911254589271, 359.2911254589271, 359.28688095894177, 359.28688095894177, 359.278033666953, 359.278033666953, 359.2752372499381, 359.2752372499381, 359.268132499943, 359.268132499943, 359.2662712079473, 359.2662712079473, 359.26353412494063, 359.26353412494063, 359.2616639159387, 359.2616639159387, 359.25878583293525, 359.25878583293525, 359.2567409579351, 359.2567409579351, 359.2538228329504, 359.2538228329504, 359.2517383749655, 359.2517383749655, 359.2503213749442, 359.2503213749442, 359.249887874932], "a_moves_left": [39, 39, 38, 38, 37, 37, 36, 36, 35, 35, 34, 34, 33, 33, 32, 32, 31, 31, 30, 30, 29, 29, 28, 28, 27, 27, 26, 26, 25, 25, 24, 24, 23, 23, 22, 22, 21, 21, 20, 20, 19, 19, 18, 18, 17, 17, 16, 16, 15, 15, 14, 14, 13, 13, 12, 12, 11, 11, 10, 10, 9, 9, 8, 8, 7, 7, 6, 6, 5, 5, 4, 4, 3, 3, 2, 2, 1, 1, 0, 0], "b_moves_left": [40, 39, 39, 38, 38, 37, 37, 36, 36, 35, 35, 34, 34, 33, 33, 32, 32, 31, 31, 30, 30, 29, 29, 28, 28, 27, 27, 26, 26, 25, 25, 24, 24, 23, 23, 22, 22, 21, 21, 20, 20, 19, 19, 18, 18, 17, 17, 16, 16, 15, 15, 14, 14, 13, 13, 12, 12, 11, 11, 10, 10, 9, 9, 8, 8, 7, 7, 6, 6, 5, 5, 4, 4, 3, 3, 2, 2, 1, 1, 0], "trapdoor_triggered": [0, 0, 0, 0, 0, 0, 0, 0, 0, 0, 0, 0, 0, 0, 0, 0, 0, 0, 0, 0, 0, 0, 0, 0, 0, 0, 0, 0, 0, 0, 0, 0, 0, 0, 0, 0, 0, 0, 0, 1, 0, 0, 0, 0, 0, 0, 0, 0, 0, 0, 0, 0, 0, 0, 0, 0, 0, 0, 0, 0, 0, 0, 0, 0, 0, 0, 0, 0, 0, 0, 0, 0, 0, 0, 0, 0, 0, 0, 0, 0], "left_behind": ["egg", "egg", "plain", "turd", "egg", "egg", "plain", "turd", "egg", "egg", "plain", "plain", "egg", "egg", "plain", "turd", "egg", "egg", "plain", "turd", "egg", "egg", "plain", "plain", "egg", "egg", "plain", "plain", "egg", "egg", "plain", "plain", "egg", "egg", "plain", "plain", "egg", "egg", "plain", "plain", "egg", "plain", "plain", "plain", "egg", "egg", "plain", "plain", "egg", "egg", "plain", "plain", "egg", "egg", "plain", "plain", "plain", "egg", "plain", "plain", "plain", "egg", "plain", "plain", "plain", "plain", "plain", "plain", "plain", "plain", "plain", "plain", "plain", "plain", "plain", "plain", "plain", "plain", "plain", "turd"], "errlog_a": "", "errlog_b": "", "start_time": 360, "start_moves": 40, "turn_count": 80, "result": 0, "reason": "EGGS_LAID", "trapdoors": [[5, 5], [3, 4]], "spawn_a": [7, 1], "spawn_b": [0, 1]}