{"pos": [[0, 3], [6, 4], [0, 2], [6, 3], [0, 1], [5, 3], [0, 0], [5, 2], [1, 0], [5, 1], [2, 0], [4, 1], [2, 1], [3, 1], [2, 2], [3, 2], [1, 2], [3, 3], [1, 1], [3, 4], [1, 2], [3, 5], [1, 3], [2, 5], [1, 2], [3, 5], [1, 1], [3, 6], [1, 0], [4, 6], [1, 1], [4, 7], [1, 0], [4, 6], [1, 1], [5, 6], [1, 0], [5, 5], [1, 1], [5, 4], [1, 0], [4, 4], [1, 1], [4, 3], [1, 0], [3, 3], [1, 1], [2, 3], [1, 0], [2, 4], [1, 1], [1, 4], [1, 0], [1, 5], [1, 1], [0, 5], [1, 0], [1, 5], [1, 1], [1, 6], [1, 0], [2, 6], [1, 1], [2, 7], [1, 0], [1, 7], [1, 1], [0, 7], [1, 0], [0, 6], [1, 1], [1, 6], [1, 0], [2, 6], [1, 1], [3, 6], [1, 0], [3, 5], [2, 0], [3, 4]], "a_eggs_laid": [1, 1, 1, 1, 2, 2, 2, 2, 5, 5, 5, 5, 6, 6, 6, 6, 7, 7, 7, 7, 8, 8, 8, 8, 9, 9, 9, 9, 9, 9, 9, 9, 9, 9, 9, 9, 9, 9, 9, 9, 9, 9, 9, 9, 9, 9, 9, 9, 9, 9, 9, 9, 9, 9, 9, 9, 9, 9, 9, 9, 9, 9, 9, 9, 9, 9, 9, 9, 9, 9, 9, 9, 9, 9, 9, 9, 9, 9, 9, 9], "b_eggs_laid": [0, 1, 1, 1, 1, 2, 2, 2, 2, 3, 3, 3, 3, 4, 4, 4, 4, 5, 5, 5, 5, 6, 6, 6, 6, 7, 7, 7, 7, 8, 8, 8, 8, 9, 9, 9, 9, 10, 10, 10, 10, 11, 11, 11, 11, 12, 12, 12, 12, 13, 13, 13, 13, 14, 14, 14, 14, 15, 15, 15, 15, 16, 16, 16, 16, 17, 17, 17, 17, 20, 20, 20, 20, 20, 20, 20, 20, 20, 20, 20], "a_turds_left": [5, 5, 5, 5, 5, 5, 5, 5, 5, 5, 5, 5, 5, 5, 5, 5, 5, 5, 5, 5, 5, 5, 5, 5, 5, 5, 5, 5, 5, 5, 5, 5, 5, 5, 5, 5, 5, 5, 5, 5, 5, 5, 5, 5, 5, 5, 5, 5, 5, 5, 5, 5, 5, 5, 5, 5, 5, 5, 5, 5, 5, 5, 5, 5, 5, 5, 5, 5, 5, 5, 5, 5, 5, 5, 5, 5, 5, 5, 5, 5], "b_turds_left": [5, 5, 5, 5, 5, 5, 5, 5, 5, 5, 5, 4, 4, 4, 4, 3, 3, 3, 3, 2, 2, 2, 2, 1, 1, 1, 1, 1, 1, 1, 1, 1, 1, 1, 1, 1, 1, 1, 1, 1, 1, 1, 1, 1, 1, 1, 1, 1, 1, 1, 1, 1, 1, 1, 1, 1, 1, 1, 1, 1, 1, 1, 1, 1, 1, 1, 1, 1, 1, 1, 1, 1, 1, 1, 1, 1, 1, 1, 1, 1], "a_time_left": [359.9513180000067, 359.9513180000067, 359.91149058399606, 359.91149058399606, 359.866370208998, 359.866370208998, 359.83387154198135, 359.83387154198135, 359.8039063749893, 359.8039063749893, 359.77093654099735, 359.77093654099735, 359.7245169579983, 359.7245169579983, 359.65646733299945, 359.65646733299945, 359.63461708300747, 359.63461708300747, 359.5976449580048, 359.5976449580048, 359.5515679999953, 359.5515679999953, 359.5195657919976, 359.5195657919976, 359.47428904200206, 359.47428904200206, 359.45787870901404, 359.45787870901404, 359.4417840000242, 359.4417840000242, 359.4223918750358, 359.4223918750358, 359.41139962503803, 359.41139962503803, 359.3922939580516, 359.3922939580516, 359.37796995803365, 359.37796995803365, 359.3579516670434, 359.3579516670434, 359.3427179590508, 359.3427179590508, 359.3224675000529, 359.3224675000529, 359.3078967910551, 359.3078967910551, 359.296637750027, 359.296637750027, 359.28835691703716, 359.28835691703716, 359.2693903330364, 359.2693903330364, 359.260784874059, 359.260784874059, 359.2421435410506, 359.2421435410506, 359.2338151660515, 359.2338151660515, 359.21531183304614, 359.21531183304614, 359.2013292500633, 359.2013292500633, 359.181803625077, 359.181803625077, 359.1704851660761, 359.1704851660761, 359.15503149907454, 359.15503149907454, 359.14689233206445, 359.14689233206445, 359.1303806240903, 359.1303806240903, 359.1230819991033, 359.1230819991033, 359.1019346661051, 359.1019346661051, 359.09273391609895, 359.09273391609895, 359.0886822491011, 359.0886822491011], "b_time_left": [360, 359.941617583012, 359.941617583012, 359.89462858301704, 359.89462858301704, 359.83636470802594, 359.83636470802594, 359.8021960410115, 359.8021960410115, 359.7476398739964, 359.7476398739964, 359.7039821659855, 359.7039821659855, 359.6474921659974, 359.6474921659974, 359.6031219160068, 359.6031219160068, 359.56290674899356, 359.56290674899356, 359.52299745799974, 359.52299745799974, 359.47448620799696, 359.47448620799696, 359.4327567489818, 359.4327567489818, 359.3761846239795, 359.3761846239795, 359.35516353999265, 359.35516353999265, 359.30020812299335, 359.30020812299335, 359.26460908097215, 359.26460908097215, 359.2240232479817, 359.2240232479817, 359.1900829979568, 359.1900829979568, 359.13473224797053, 359.13473224797053, 359.0991604149749, 359.0991604149749, 359.0354541229899, 359.0354541229899, 359.00006899799337, 359.00006899799337, 358.95467695599655, 358.95467695599655, 358.937973246997, 358.937973246997, 358.915098330006, 358.915098330006, 358.8830369960051, 358.8830369960051, 358.8552635789965, 358.8552635789965, 358.8279027459794, 358.8279027459794, 358.8012517869647, 358.8012517869647, 358.7748405789607, 358.7748405789607, 358.7228757039411, 358.7228757039411, 358.6914002459671, 358.6914002459671, 358.6569195369666, 358.6569195369666, 358.636546744965, 358.636546744965, 358.6170813279459, 358.6170813279459, 358.59821924494463, 358.59821924494463, 358.5490009949717, 358.5490009949717, 358.52014641196, 358.52014641196, 358.5072075369535, 358.5072075369535, 358.5063832869346], "a_moves_left": [39, 39, 38, 38, 37, 37, 36, 36, 35, 35, 34, 34, 33, 33, 32, 32, 31, 31, 30, 30, 29, 29, 28, 28, 27, 27, 26, 26, 25, 25, 24, 24, 23, 23, 22, 22, 21, 21, 20, 20, 19, 19, 18, 18, 17, 17, 16, 16, 15, 15, 14, 14, 13, 13, 12, 12, 11, 11, 10, 10, 9, 9, 8, 8, 7, 7, 6, 6, 5, 5, 4, 4, 3, 3, 2, 2, 1, 1, 0, 0], "b_moves_left": [40, 39, 39, 38, 38, 37, 37, 36, 36, 35, 35, 34, 34, 33, 33, 32, 32, 31, 31, 30, 30, 29, 29, 28, 28, 27, 27, 26, 26, 25, 25, 24, 24, 23, 23, 22, 22, 21, 21, 20, 20, 19, 19, 18, 18, 17, 17, 16, 16, 15, 15, 14, 14, 13, 13, 12, 12, 11, 11, 10, 10, 9, 9, 8, 8, 7, 7, 6, 6, 5, 5, 4, 4, 3, 3, 2, 2, 1, 1, 0], "trapdoor_triggered": [0, 0, 0, 0, 0, 0, 0, 0, 0, 0, 0, 0, 0, 0, 0, 0, 0, 0, 0, 0, 0, 0, 0, 0, 0, 0, 0, 0, 0, 0, 0, 0, 0, 0, 0, 0, 0, 0, 0, 0, 0, 0, 0, 0, 0, 0, 0, 0, 0, 0, 0, 0, 0, 0, 0, 0, 0, 0, 0, 0, 0, 0, 0, 0, 0, 0, 0, 0, 0, 0, 0, 0, 0, 0, 0, 0, 0, 0, 0, 0], "left_behind": ["egg", "egg", "plain", "plain", "egg", "egg", "plain", "plain", "egg", "egg", "plain", "turd", "egg", "egg", "plain", "turd", "egg", "egg", "plain", "turd", "egg", "egg", "plain", "turd", "egg", "egg", "plain", "plain", "plain", "egg", "plain", "plain", "plain", "egg", "plain", "plain", "plain", "egg", "plain", "plain", "plain", "egg", "plain", "plain", "plain", "egg", "plain", "plain", "plain", "egg", "plain", "plain", "plain", "egg", "plain", "plain", "plain", "egg", "plain", "plain", "plain", "egg", "plain", "plain", "plain", "egg", "plain", "plain", "plain", "egg", "plain", "plain", "plain", "plain", "plain", "plain", "plain", "plain", "plain", "plain"], "errlog_a": "", "errlog_b": "", "start_time": 360, "start_moves": 40, "turn_count": 80, "result": 1, "reason": "EGGS_LAID", "trapdoors": [[4, 2], [4, 5]], "spawn_a": [0, 4], "spawn_b": [7, 4]}