{"pos": [[7, 4], [0, 4], [7, 3], [1, 4], [7, 2], [1, 3], [7, 1], [0, 3], [7, 2], [0, 2], [6, 2], [1, 2], [6, 1], [1, 1], [6, 0], [2, 1], [6, 1], [3, 1], [5, 1], [3, 0], [5, 2], [2, 0], [7, 5], [1, 0], [7, 4], [1, 1], [6, 4], [0, 1], [6, 5], [1, 1], [6, 6], [2, 1], [6, 5], [2, 2], [5, 5], [2, 3], [5, 6], [3, 3], [5, 7], [3, 4], [5, 6], [3, 5], [4, 6], [3, 6], [4, 7], [2, 6], [3, 7], [2, 7], [4, 7], [2, 6], [4, 6], [1, 6], [5, 6], [1, 5], [5, 5], [2, 5], [6, 5], [2, 4], [6, 4], [3, 4], [6, 3], [3, 3], [6, 2], [3, 2], [6, 1], [4, 2], [6, 0], [4, 1], [6, 1], [4, 2], [6, 0], [5, 2], [7, 0], [4, 2], [7, 1], [4, 1], [7, 0], [4, 0], [7, 1], [5, 0]], "a_eggs_laid": [1, 1, 1, 1, 2, 2, 2, 2, 3, 3, 3, 3, 4, 4, 4, 4, 5, 5, 5, 5, 6, 6, 6, 6, 6, 6, 6, 6, 7, 7, 7, 7, 8, 8, 8, 8, 9, 9, 9, 9, 10, 10, 10, 10, 11, 11, 11, 11, 12, 12, 12, 12, 12, 12, 12, 12, 12, 12, 12, 12, 12, 12, 12, 12, 12, 12, 12, 12, 12, 12, 12, 12, 12, 12, 12, 12, 12, 12, 12, 12], "b_eggs_laid": [0, 1, 1, 1, 1, 2, 2, 2, 2, 3, 3, 3, 3, 4, 4, 4, 4, 5, 5, 5, 5, 6, 6, 10, 10, 11, 11, 11, 11, 12, 12, 12, 12, 12, 12, 12, 12, 13, 13, 13, 13, 14, 14, 14, 14, 15, 15, 15, 15, 16, 16, 16, 16, 17, 17, 17, 17, 18, 18, 18, 18, 18, 18, 18, 18, 19, 19, 19, 19, 20, 20, 20, 20, 21, 21, 21, 21, 21, 21, 21], "a_turds_left": [5, 5, 5, 5, 5, 5, 5, 5, 5, 5, 5, 5, 5, 5, 5, 5, 5, 5, 5, 5, 5, 5, 5, 5, 5, 5, 5, 5, 5, 5, 5, 5, 5, 5, 5, 5, 5, 5, 5, 5, 5, 5, 5, 5, 5, 5, 5, 5, 5, 5, 5, 5, 5, 5, 5, 5, 5, 5, 5, 5, 5, 5, 5, 5, 5, 5, 5, 5, 5, 5, 5, 5, 5, 5, 5, 5, 5, 5, 5, 5], "b_turds_left": [5, 5, 5, 5, 5, 5, 5, 5, 5, 5, 5, 5, 5, 5, 5, 5, 5, 5, 5, 5, 5, 5, 5, 5, 5, 5, 5, 5, 5, 5, 5, 5, 5, 5, 5, 4, 4, 4, 4, 3, 3, 3, 3, 2, 2, 2, 2, 2, 2, 2, 2, 1, 1, 1, 1, 1, 1, 1, 1, 1, 1, 1, 1, 1, 1, 1, 1, 1, 1, 1, 1, 1, 1, 1, 1, 1, 1, 1, 1, 0], "a_time_left": [359.9401915000053, 359.9401915000053, 359.90041062500677, 359.90041062500677, 359.84739949999494, 359.84739949999494, 359.816843040986, 359.816843040986, 359.777407415997, 359.777407415997, 359.75263845801237, 359.75263845801237, 359.684703542036, 359.684703542036, 359.6424315000477, 359.6424315000477, 359.5922057500575, 359.5922057500575, 359.5515856660495, 359.5515856660495, 359.49887387405033, 359.49887387405033, 359.45543591605383, 359.45543591605383, 359.4417830830498, 359.4417830830498, 359.4082294990658, 359.4082294990658, 359.3512425830704, 359.3512425830704, 359.3047007910791, 359.3047007910791, 359.2594415830972, 359.2594415830972, 359.21828554107924, 359.21828554107924, 359.1395531251037, 359.1395531251037, 359.10201387511916, 359.10201387511916, 359.0481724581332, 359.0481724581332, 359.00697287515504, 359.00697287515504, 358.98705008314573, 358.98705008314573, 358.9653339581273, 358.9653339581273, 358.9591780411138, 358.9591780411138, 358.9408389161108, 358.9408389161108, 358.9312757491134, 358.9312757491134, 358.90111895711743, 358.90111895711743, 358.8855703321169, 358.8855703321169, 358.8507957071415, 358.8507957071415, 358.8378093741485, 358.8378093741485, 358.8235745821439, 358.8235745821439, 358.8025605821458, 358.8025605821458, 358.772505290166, 358.772505290166, 358.7600442071853, 358.7600442071853, 358.7270880821743, 358.7270880821743, 358.7190847071761, 358.7190847071761, 358.7030120821728, 358.7030120821728, 358.6956160821719, 358.6956160821719, 358.692112290184, 358.692112290184], "b_time_left": [360, 359.9338472080126, 359.9338472080126, 359.89057970800786, 359.89057970800786, 359.8365699170099, 359.8365699170099, 359.7836123750021, 359.7836123750021, 359.73806041598436, 359.73806041598436, 359.6943292490032, 359.6943292490032, 359.6329298320052, 359.6329298320052, 359.59018808198743, 359.59018808198743, 359.52103308198275, 359.52103308198275, 359.46961649900186, 359.46961649900186, 359.4179913330008, 359.4179913330008, 359.3841446659935, 359.3841446659935, 359.3455309580022, 359.3455309580022, 359.29186129098525, 359.29186129098525, 359.2412374159903, 359.2412374159903, 359.19036937499186, 359.19036937499186, 359.119829208008, 359.119829208008, 359.05867054100963, 359.05867054100963, 358.99589100002777, 358.99589100002777, 358.9577611250279, 358.9577611250279, 358.89633241601405, 358.89633241601405, 358.86005058302544, 358.86005058302544, 358.83395962402574, 358.83395962402574, 358.8157169150363, 358.8157169150363, 358.79613904003054, 358.79613904003054, 358.7749634150532, 358.7749634150532, 358.7032569560397, 358.7032569560397, 358.6704367060447, 358.6704367060447, 358.6287549150584, 358.6287549150584, 358.5834664150607, 358.5834664150607, 358.5360388320405, 358.5360388320405, 358.5129604570393, 358.5129604570393, 358.46333129005507, 358.46333129005507, 358.439133040054, 358.439133040054, 358.4039144150447, 358.4039144150447, 358.3796865820477, 358.3796865820477, 358.3710049150686, 358.3710049150686, 358.34648341508, 358.34648341508, 358.3389814570546, 358.3389814570546, 358.33783766505076], "a_moves_left": [39, 39, 38, 38, 37, 37, 36, 36, 35, 35, 34, 34, 33, 33, 32, 32, 31, 31, 30, 30, 29, 29, 28, 28, 27, 27, 26, 26, 25, 25, 24, 24, 23, 23, 22, 22, 21, 21, 20, 20, 19, 19, 18, 18, 17, 17, 16, 16, 15, 15, 14, 14, 13, 13, 12, 12, 11, 11, 10, 10, 9, 9, 8, 8, 7, 7, 6, 6, 5, 5, 4, 4, 3, 3, 2, 2, 1, 1, 0, 0], "b_moves_left": [40, 39, 39, 38, 38, 37, 37, 36, 36, 35, 35, 34, 34, 33, 33, 32, 32, 31, 31, 30, 30, 29, 29, 28, 28, 27, 27, 26, 26, 25, 25, 24, 24, 23, 23, 22, 22, 21, 21, 20, 20, 19, 19, 18, 18, 17, 17, 16, 16, 15, 15, 14, 14, 13, 13, 12, 12, 11, 11, 10, 10, 9, 9, 8, 8, 7, 7, 6, 6, 5, 5, 4, 4, 3, 3, 2, 2, 1, 1, 0], "trapdoor_triggered": [0, 0, 0, 0, 0, 0, 0, 0, 0, 0, 0, 0, 0, 0, 0, 0, 0, 0, 0, 0, 0, 0, 1, 0, 0, 0, 0, 0, 0, 0, 0, 0, 0, 0, 0, 0, 0, 0, 0, 0, 0, 0, 0, 0, 0, 0, 0, 0, 0, 0, 0, 0, 0, 0, 0, 0, 0, 0, 0, 0, 0, 0, 0, 0, 0, 0, 0, 0, 0, 0, 0, 0, 0, 0, 0, 0, 0, 0, 0, 0], "left_behind": ["egg", "egg", "plain", "plain", "egg", "egg", "plain", "plain", "egg", "egg", "plain", "plain", "egg", "egg", "plain", "plain", "egg", "egg", "plain", "plain", "egg", "egg", "plain", "plain", "plain", "egg", "plain", "plain", "egg", "egg", "plain", "plain", "egg", "plain", "plain", "turd", "egg", "egg", "plain", "turd", "egg", "egg", "plain", "turd", "egg", "egg", "plain", "plain", "egg", "egg", "plain", "turd", "plain", "egg", "plain", "plain", "plain", "egg", "plain", "plain", "plain", "plain", "plain", "plain", "plain", "egg", "plain", "plain", "plain", "egg", "plain", "plain", "plain", "egg", "plain", "plain", "plain", "plain", "plain", "turd"], "errlog_a": "", "errlog_b": "", "start_time": 360, "start_moves": 40, "turn_count": 80, "result": 1, "reason": "EGGS_LAID", "trapdoors": [[5, 3], [4, 3]], "spawn_a": [7, 5], "spawn_b": [0, 5]}