{"pos": [[7, 2], [1, 1], [7, 3], [2, 1], [7, 2], [3, 1], [6, 2], [4, 1], [6, 3], [3, 1], [6, 4], [3, 2], [6, 5], [2, 2], [7, 5], [1, 2], [7, 6], [1, 3], [7, 7], [1, 4], [7, 6], [1, 5], [6, 6], [1, 6], [5, 6], [1, 5], [5, 7], [0, 5], [5, 6], [1, 5], [4, 6], [2, 5], [4, 5], [2, 4], [5, 5], [2, 3], [5, 4], [1, 3], [5, 3], [0, 3], [5, 4], [0, 2], [4, 4], [0, 1], [4, 5], [0, 0], [3, 5], [1, 0], [3, 6], [2, 0], [3, 7], [3, 0], [3, 6], [4, 0], [2, 6], [5, 0], [2, 7], [6, 0], [1, 7], [7, 0], [2, 7], [6, 0], [2, 6], [6, 1], [3, 6], [5, 1], [3, 5], [5, 2], [4, 5], [5, 1], [4, 6], [5, 0], [4, 5], [5, 1], [4, 6], [5, 0], [4, 5], [6, 0], [4, 6], [7, 0]], "a_eggs_laid": [1, 1, 1, 1, 2, 2, 2, 2, 3, 3, 3, 3, 4, 4, 4, 4, 5, 5, 5, 5, 8, 8, 8, 8, 9, 9, 9, 9, 10, 10, 10, 10, 11, 11, 11, 11, 12, 12, 12, 12, 13, 13, 13, 13, 14, 14, 14, 14, 15, 15, 15, 15, 16, 16, 16, 16, 17, 17, 17, 17, 18, 18, 18, 18, 18, 18, 18, 18, 18, 18, 18, 18, 18, 18, 18, 18, 18, 18, 18, 18], "b_eggs_laid": [0, 1, 1, 1, 1, 2, 2, 2, 2, 3, 3, 3, 3, 4, 4, 4, 4, 5, 5, 5, 5, 6, 6, 6, 6, 7, 7, 7, 7, 8, 8, 8, 8, 9, 9, 9, 9, 10, 10, 10, 10, 11, 11, 11, 11, 11, 11, 11, 11, 12, 12, 12, 12, 13, 13, 13, 13, 14, 14, 14, 14, 17, 17, 17, 17, 18, 18, 18, 18, 19, 19, 19, 19, 19, 19, 19, 19, 19, 19, 19], "a_turds_left": [5, 5, 5, 5, 5, 5, 5, 5, 5, 5, 5, 5, 5, 5, 5, 5, 5, 5, 5, 5, 5, 5, 5, 5, 5, 5, 5, 5, 5, 5, 5, 5, 5, 5, 5, 5, 5, 5, 5, 5, 5, 5, 5, 5, 5, 5, 5, 5, 5, 5, 5, 5, 5, 5, 5, 5, 5, 5, 5, 5, 5, 5, 5, 5, 5, 5, 5, 5, 5, 5, 5, 5, 5, 5, 5, 5, 5, 5, 5, 5], "b_turds_left": [5, 5, 5, 4, 4, 4, 4, 3, 3, 3, 3, 3, 3, 3, 3, 2, 2, 2, 2, 1, 1, 1, 1, 1, 1, 1, 1, 1, 1, 1, 1, 1, 1, 1, 1, 1, 1, 1, 1, 1, 1, 1, 1, 1, 1, 1, 1, 1, 1, 1, 1, 1, 1, 1, 1, 1, 1, 1, 1, 1, 1, 1, 1, 1, 1, 1, 1, 1, 1, 1, 1, 1, 1, 1, 1, 1, 1, 1, 1, 0], "a_time_left": [359.9727338749799, 359.9727338749799, 359.94554408299155, 359.94554408299155, 359.90860612498363, 359.90860612498363, 359.8902202079771, 359.8902202079771, 359.851814707974, 359.851814707974, 359.8347372499702, 359.8347372499702, 359.7910395829822, 359.7910395829822, 359.7622366659634, 359.7622366659634, 359.731884290959, 359.731884290959, 359.7132658739574, 359.7132658739574, 359.6932721649646, 359.6932721649646, 359.6777538319584, 359.6777538319584, 359.6410335409455, 359.6410335409455, 359.6148726659594, 359.6148726659594, 359.59186833296553, 359.59186833296553, 359.56774724894785, 359.56774724894785, 359.5300778739329, 359.5300778739329, 359.50830003991723, 359.50830003991723, 359.46433708191034, 359.46433708191034, 359.44685037390445, 359.44685037390445, 359.41746879089624, 359.41746879089624, 359.3997406658891, 359.3997406658891, 359.37868066589, 359.37868066589, 359.3682161658944, 359.3682161658944, 359.34739479090786, 359.34739479090786, 359.33399212389486, 359.33399212389486, 359.31337620690465, 359.31337620690465, 359.30086499790195, 359.30086499790195, 359.2854897479119, 359.2854897479119, 359.2767952059221, 359.2767952059221, 359.2717787469155, 359.2717787469155, 359.26378058092087, 359.26378058092087, 359.25979228891083, 359.25979228891083, 359.2433572469163, 359.2433572469163, 359.23794374693534, 359.23794374693534, 359.21907466393895, 359.21907466393895, 359.2124374139239, 359.2124374139239, 359.19382695591776, 359.19382695591776, 359.18725991490646, 359.18725991490646, 359.18294253989006, 359.18294253989006], "b_time_left": [360, 359.9453117919911, 359.9453117919911, 359.9105789999885, 359.9105789999885, 359.878937417001, 359.878937417001, 359.8506400840124, 359.8506400840124, 359.80988691802486, 359.80988691802486, 359.7961762100458, 359.7961762100458, 359.74446129304124, 359.74446129304124, 359.71986079303315, 359.71986079303315, 359.68698316803784, 359.68698316803784, 359.6711972100602, 359.6711972100602, 359.64139325206634, 359.64139325206634, 359.61729521106463, 359.61729521106463, 359.57854883605614, 359.57854883605614, 359.55940017005196, 359.55940017005196, 359.53236208704766, 359.53236208704766, 359.50928712805035, 359.50928712805035, 359.4773196700553, 359.4773196700553, 359.4528799200489, 359.4528799200489, 359.419786211045, 359.419786211045, 359.4067255440459, 359.4067255440459, 359.38131975205033, 359.38131975205033, 359.36411004303955, 359.36411004303955, 359.356368960056, 359.356368960056, 359.34728762705345, 359.34728762705345, 359.32502796006156, 359.32502796006156, 359.3122858350689, 359.3122858350689, 359.2878840020858, 359.2878840020858, 359.2785922520852, 359.2785922520852, 359.25746058509685, 359.25746058509685, 359.2499548771011, 359.2499548771011, 359.24262250211905, 359.24262250211905, 359.2387366271287, 359.2387366271287, 359.21960483511793, 359.21960483511793, 359.21152104312205, 359.21152104312205, 359.1860287931049, 359.1860287931049, 359.17688058508793, 359.17688058508793, 359.1674706680933, 359.1674706680933, 359.1583802510868, 359.1583802510868, 359.1534568760835, 359.1534568760835, 359.15276387607446], "a_moves_left": [39, 39, 38, 38, 37, 37, 36, 36, 35, 35, 34, 34, 33, 33, 32, 32, 31, 31, 30, 30, 29, 29, 28, 28, 27, 27, 26, 26, 25, 25, 24, 24, 23, 23, 22, 22, 21, 21, 20, 20, 19, 19, 18, 18, 17, 17, 16, 16, 15, 15, 14, 14, 13, 13, 12, 12, 11, 11, 10, 10, 9, 9, 8, 8, 7, 7, 6, 6, 5, 5, 4, 4, 3, 3, 2, 2, 1, 1, 0, 0], "b_moves_left": [40, 39, 39, 38, 38, 37, 37, 36, 36, 35, 35, 34, 34, 33, 33, 32, 32, 31, 31, 30, 30, 29, 29, 28, 28, 27, 27, 26, 26, 25, 25, 24, 24, 23, 23, 22, 22, 21, 21, 20, 20, 19, 19, 18, 18, 17, 17, 16, 16, 15, 15, 14, 14, 13, 13, 12, 12, 11, 11, 10, 10, 9, 9, 8, 8, 7, 7, 6, 6, 5, 5, 4, 4, 3, 3, 2, 2, 1, 1, 0], "trapdoor_triggered": [0, 0, 0, 0, 0, 0, 0, 0, 0, 0, 0, 0, 0, 0, 0, 0, 0, 0, 0, 0, 0, 0, 0, 0, 0, 0, 0, 0, 0, 0, 0, 0, 0, 0, 0, 0, 0, 0, 0, 0, 0, 0, 0, 0, 0, 0, 0, 0, 0, 0, 0, 0, 0, 0, 0, 0, 0, 0, 0, 0, 0, 0, 0, 0, 0, 0, 0, 0, 0, 0, 0, 0, 0, 0, 0, 0, 0, 0, 0, 0], "left_behind": ["egg", "egg", "plain", "turd", "egg", "egg", "plain", "turd", "egg", "egg", "plain", "plain", "egg", "egg", "plain", "turd", "egg", "egg", "plain", "turd", "egg", "egg", "plain", "plain", "egg", "egg", "plain", "plain", "egg", "egg", "plain", "plain", "egg", "egg", "plain", "plain", "egg", "egg", "plain", "plain", "egg", "egg", "plain", "plain", "egg", "plain", "plain", "plain", "egg", "egg", "plain", "plain", "egg", "egg", "plain", "plain", "egg", "egg", "plain", "plain", "egg", "egg", "plain", "plain", "plain", "egg", "plain", "plain", "plain", "egg", "plain", "plain", "plain", "plain", "plain", "plain", "plain", "plain", "plain", "turd"], "errlog_a": "", "errlog_b": "", "start_time": 360, "start_moves": 40, "turn_count": 80, "result": 1, "reason": "EGGS_LAID", "trapdoors": [[3, 3], [4, 3]], "spawn_a": [7, 1], "spawn_b": [0, 1]}