{"pos": [[0, 3], [6, 4], [0, 2], [6, 3], [0, 1], [6, 2], [0, 0], [7, 2], [1, 0], [7, 1], [2, 0], [7, 0], [3, 0], [7, 1], [4, 0], [6, 1], [4, 1], [5, 1], [4, 2], [5, 2], [3, 2], [5, 3], [3, 1], [5, 4], [2, 1], [5, 3], [1, 1], [5, 4], [1, 2], [5, 3], [1, 3], [5, 2], [1, 4], [5, 1], [1, 5], [5, 0], [1, 6], [5, 1], [2, 6], [5, 0], [3, 6], [5, 1], [4, 6], [5, 0], [4, 5], [5, 1], [3, 5], [4, 1], [2, 5], [5, 1], [2, 4], [5, 2], [2, 3], [5, 3], [3, 3], [4, 3], [3, 2], [7, 4], [2, 2]], "a_eggs_laid": [1, 1, 1, 1, 2, 2, 2, 2, 5, 5, 5, 5, 6, 6, 6, 6, 7, 7, 7, 7, 8, 8, 8, 8, 9, 9, 9, 9, 10, 10, 10, 10, 11, 11, 11, 11, 12, 12, 12, 12, 13, 13, 13, 13, 14, 14, 14, 14, 15, 15, 15, 15, 16, 16, 16, 16, 17, 17, 21], "b_eggs_laid": [0, 1, 1, 1, 1, 2, 2, 2, 2, 3, 3, 3, 3, 6, 6, 6, 6, 7, 7, 7, 7, 8, 8, 8, 8, 9, 9, 9, 9, 9, 9, 9, 9, 9, 9, 9, 9, 10, 10, 10, 10, 10, 10, 10, 10, 10, 10, 10, 10, 11, 11, 11, 11, 11, 11, 11, 11, 12, 12], "a_turds_left": [5, 5, 5, 5, 5, 5, 5, 5, 5, 5, 5, 5, 5, 5, 5, 5, 5, 5, 5, 5, 5, 5, 5, 5, 5, 5, 5, 5, 5, 5, 5, 5, 5, 5, 5, 5, 5, 5, 5, 5, 5, 5, 5, 5, 5, 5, 5, 5, 5, 5, 5, 5, 5, 5, 5, 5, 5, 5, 5], "b_turds_left": [5, 5, 5, 4, 4, 4, 4, 3, 3, 3, 3, 2, 2, 2, 2, 2, 2, 2, 2, 1, 1, 1, 1, 0, 0, 0, 0, 0, 0, 0, 0, 0, 0, 0, 0, 0, 0, 0, 0, 0, 0, 0, 0, 0, 0, 0, 0, 0, 0, 0, 0, 0, 0, 0, 0, 0, 0, 0, 0], "a_time_left": [359.9556034170091, 359.9556034170091, 359.92532312500407, 359.92532312500407, 359.87929045798955, 359.87929045798955, 359.8517199579801, 359.8517199579801, 359.82803741598036, 359.82803741598036, 359.8022671249637, 359.8022671249637, 359.77100345797953, 359.77100345797953, 359.7453576239641, 359.7453576239641, 359.69982145694667, 359.69982145694667, 359.68358387294575, 359.68358387294575, 359.6618990819552, 359.6618990819552, 359.6110275819374, 359.6110275819374, 359.57743841494084, 359.57743841494084, 359.55123258093954, 359.55123258093954, 359.5215331639629, 359.5215331639629, 359.49550758095575, 359.49550758095575, 359.4707637059619, 359.4707637059619, 359.45138403895544, 359.45138403895544, 359.41918720596004, 359.41918720596004, 359.3934509139508, 359.3934509139508, 359.36810708095436, 359.36810708095436, 359.3404642889509, 359.3404642889509, 359.31547083097394, 359.31547083097394, 359.2920444139745, 359.2920444139745, 359.2735713729635, 359.2735713729635, 359.2520388729463, 359.2520388729463, 359.2247735809651, 359.2247735809651, 359.19831337296637, 359.19831337296637, 359.1826155819872, 359.1826155819872, 359.1679944569769], "b_time_left": [360, 355.9996774169849, 355.9996774169849, 351.99910670897225, 351.99910670897225, 347.99892775097396, 347.99892775097396, 343.99874804296996, 343.99874804296996, 339.9985372509691, 339.9985372509691, 335.9982615429617, 335.9982615429617, 331.9978436679521, 331.9978436679521, 327.9976941269415, 327.9976941269415, 323.99752620994695, 323.99752620994695, 319.9971802519576, 319.9971802519576, 315.99683745994116, 315.99683745994116, 311.9965514599462, 311.9965514599462, 307.99630216893274, 307.99630216893274, 303.9960887519119, 303.9960887519119, 299.99577770990436, 299.99577770990436, 295.99563570989994, 295.99563570989994, 291.99529758488643, 291.99529758488643, 287.9951990848931, 287.9951990848931, 283.99485916786944, 283.99485916786944, 279.99458687586593, 279.99458687586593, 277.6126275428687, 277.6126275428687, 273.61251300084405, 273.61251300084405, 271.6076676258526, 271.6076676258526, 267.6073845838546, 267.6073845838546, 266.208823124849, 266.208823124849, 262.8626234168478, 262.8626234168478, 259.85951858284534, 259.85951858284534, 255.85916558286408, 255.85916558286408, 251.85893774984288, 251.85893774984288], "a_moves_left": [39, 39, 38, 38, 37, 37, 36, 36, 35, 35, 34, 34, 33, 33, 32, 32, 31, 31, 30, 30, 29, 29, 28, 28, 27, 27, 26, 26, 25, 25, 24, 24, 23, 23, 22, 22, 21, 21, 20, 20, 19, 19, 18, 18, 17, 17, 16, 16, 15, 15, 14, 14, 13, 13, 12, 12, 11, 11, 10], "b_moves_left": [40, 39, 39, 38, 38, 37, 37, 36, 36, 35, 35, 34, 34, 33, 33, 32, 32, 31, 31, 30, 30, 29, 29, 28, 28, 27, 27, 26, 26, 25, 25, 24, 24, 23, 23, 22, 22, 21, 21, 20, 20, 19, 19, 18, 18, 17, 17, 16, 16, 15, 15, 14, 14, 13, 13, 12, 12, 11, 11], "trapdoor_triggered": [0, 0, 0, 0, 0, 0, 0, 0, 0, 0, 0, 0, 0, 0, 0, 0, 0, 0, 0, 0, 0, 0, 0, 0, 0, 0, 0, 0, 0, 0, 0, 0, 0, 0, 0, 0, 0, 0, 0, 0, 0, 0, 0, 0, 0, 0, 0, 0, 0, 0, 0, 0, 0, 0, 0, 0, 0, 1, 0], "left_behind": ["egg", "egg", "plain", "turd", "egg", "egg", "plain", "turd", "egg", "egg", "plain", "turd", "egg", "egg", "plain", "plain", "egg", "egg", "plain", "turd", "egg", "egg", "plain", "turd", "egg", "egg", "plain", "plain", "egg", "plain", "plain", "plain", "egg", "plain", "plain", "plain", "egg", "egg", "plain", "plain", "egg", "plain", "plain", "plain", "egg", "plain", "plain", "plain", "egg", "egg", "plain", "plain", "egg", "plain", "plain", "plain", "egg", "egg", "plain"], "errlog_a": "", "errlog_b": "Timeout", "start_time": 360, "start_moves": 40, "turn_count": 59, "result": 0, "reason": "CODE_CRASH", "trapdoors": [[4, 4], [3, 4]], "spawn_a": [0, 4], "spawn_b": [7, 4]}