{"pos": [[7, 2], [1, 3], [7, 1], [1, 4], [7, 2], [1, 5], [6, 2], [2, 5], [6, 1], [3, 5], [6, 0], [3, 6], [6, 1], [4, 6], [5, 1], [4, 7], [4, 1], [4, 6], [4, 0], [4, 5], [4, 1], [4, 6], [3, 1], [5, 6], [2, 1], [6, 6], [2, 0], [6, 5], [2, 1], [7, 5], [1, 1], [7, 4], [2, 1], [7, 5], [2, 2], [7, 6], [3, 2], [7, 7], [4, 2], [6, 7], [5, 2], [6, 6], [5, 3], [5, 6], [7, 3], [4, 6], [6, 3], [3, 6], [6, 4], [3, 5], [5, 4], [3, 4], [4, 4], [3, 3], [5, 4], [3, 2], [7, 3], [3, 3], [7, 2], [2, 3], [7, 1], [1, 3], [7, 2], [1, 2], [7, 1], [0, 2], [7, 2], [0, 1], [7, 1], [0, 0], [7, 2], [1, 0], [7, 1], [0, 0], [7, 2], [1, 0], [7, 1], [0, 0], [7, 0], [1, 0]], "a_eggs_laid": [1, 1, 1, 1, 2, 2, 2, 2, 3, 3, 3, 3, 4, 4, 4, 4, 5, 5, 5, 5, 6, 6, 6, 6, 7, 7, 7, 7, 8, 8, 8, 8, 9, 9, 9, 9, 10, 10, 10, 10, 11, 11, 11, 11, 12, 12, 12, 12, 12, 12, 13, 13, 13, 13, 14, 14, 14, 14, 14, 14, 14, 14, 14, 14, 14, 14, 14, 14, 14, 14, 14, 14, 14, 14, 14, 14, 14, 14, 14, 14], "b_eggs_laid": [0, 1, 1, 1, 1, 2, 2, 2, 2, 3, 3, 3, 3, 4, 4, 4, 4, 5, 5, 5, 5, 6, 6, 6, 6, 7, 7, 7, 7, 8, 8, 8, 8, 9, 9, 9, 9, 10, 10, 10, 10, 11, 11, 11, 11, 15, 15, 15, 15, 15, 15, 15, 15, 16, 16, 16, 16, 21, 21, 21, 21, 22, 22, 22, 22, 23, 23, 23, 23, 24, 24, 24, 24, 25, 25, 25, 25, 25, 25, 25], "a_turds_left": [5, 5, 5, 5, 5, 5, 5, 5, 5, 5, 5, 5, 5, 5, 5, 5, 5, 5, 5, 5, 5, 5, 5, 5, 5, 5, 5, 5, 5, 5, 5, 5, 5, 5, 5, 5, 5, 5, 5, 5, 5, 5, 5, 5, 5, 5, 5, 5, 5, 5, 5, 5, 5, 5, 5, 5, 5, 5, 5, 5, 5, 5, 5, 5, 5, 5, 5, 5, 5, 5, 5, 5, 5, 5, 5, 5, 5, 5, 5, 5], "b_turds_left": [5, 5, 5, 5, 5, 5, 5, 5, 5, 5, 5, 4, 4, 4, 4, 4, 4, 4, 4, 4, 4, 4, 4, 4, 4, 4, 4, 4, 4, 4, 4, 4, 4, 4, 4, 3, 3, 3, 3, 2, 2, 2, 2, 1, 1, 1, 1, 1, 1, 1, 1, 1, 1, 1, 1, 1, 1, 1, 1, 1, 1, 1, 1, 1, 1, 1, 1, 1, 1, 1, 1, 1, 1, 1, 1, 0, 0, 0, 0, 0], "a_time_left": [359.9555547500204, 359.9555547500204, 359.9203953750257, 359.9203953750257, 359.87406908304547, 359.87406908304547, 359.8414265830361, 359.8414265830361, 359.774092458043, 359.774092458043, 359.7326560000656, 359.7326560000656, 359.6871135000838, 359.6871135000838, 359.65007995808264, 359.65007995808264, 359.59845275009866, 359.59845275009866, 359.55802454109653, 359.55802454109653, 359.5090222490835, 359.5090222490835, 359.4653370830929, 359.4653370830929, 359.39755683310796, 359.39755683310796, 359.35921237411094, 359.35921237411094, 359.31164862410515, 359.31164862410515, 359.2779092490964, 359.2779092490964, 359.1853867910977, 359.1853867910977, 359.15551299910294, 359.15551299910294, 359.08951304110815, 359.08951304110815, 359.0619799581182, 359.0619799581182, 359.00510295809363, 359.00510295809363, 358.97005775009166, 358.97005775009166, 358.9182137080934, 358.9182137080934, 358.9074565411138, 358.9074565411138, 358.88964079110883, 358.88964079110883, 358.87298745810403, 358.87298745810403, 358.8446953750972, 358.8446953750972, 358.8314598331053, 358.8314598331053, 358.82017695810646, 358.82017695810646, 358.80976804110105, 358.80976804110105, 358.78780699911295, 358.78780699911295, 358.77745733209304, 358.77745733209304, 358.76118616509484, 358.76118616509484, 358.7532768730889, 358.7532768730889, 358.7384058730968, 358.7384058730968, 358.732848082087, 358.732848082087, 358.7249461240717, 358.7249461240717, 358.71721329007414, 358.71721329007414, 358.7130869150569, 358.7130869150569, 358.7113092900545, 358.7113092900545], "b_time_left": [360, 359.95589229199686, 359.95589229199686, 359.8979499170091, 359.8979499170091, 359.83330704201944, 359.83330704201944, 359.77438050101046, 359.77438050101046, 359.71297633400536, 359.71297633400536, 359.66660583400517, 359.66660583400517, 359.603790543013, 359.603790543013, 359.54432816803455, 359.54432816803455, 359.49647175203427, 359.49647175203427, 359.4545098360104, 359.4545098360104, 359.3139675030252, 359.3139675030252, 359.0559498370276, 359.0559498370276, 358.90404562902404, 358.90404562902404, 358.75153262901586, 358.75153262901586, 358.59061050400487, 358.59061050400487, 358.41087387900916, 358.41087387900916, 358.32925954600796, 358.32925954600796, 358.1758138790028, 358.1758138790028, 358.0627475869842, 358.0627475869842, 357.94027133696363, 357.94027133696363, 357.6768434619589, 357.6768434619589, 356.8869112119428, 356.8869112119428, 356.7118942119414, 356.7118942119414, 356.22856533693266, 356.22856533693266, 355.9734999209468, 355.9734999209468, 355.6844485869515, 355.6844485869515, 355.53836650395533, 355.53836650395533, 355.2914078379399, 355.2914078379399, 355.2295820049476, 355.2295820049476, 354.9346396709443, 354.9346396709443, 354.3627092119423, 354.3627092119423, 352.32230683692615, 352.32230683692615, 351.9473309619352, 351.9473309619352, 350.94617567094974, 350.94617567094974, 350.6776987129706, 350.6776987129706, 350.40195533796214, 350.40195533796214, 350.2606054629723, 350.2606054629723, 350.186697920959, 350.186697920959, 350.1834350869467, 350.1834350869467, 350.182799711969], "a_moves_left": [39, 39, 38, 38, 37, 37, 36, 36, 35, 35, 34, 34, 33, 33, 32, 32, 31, 31, 30, 30, 29, 29, 28, 28, 27, 27, 26, 26, 25, 25, 24, 24, 23, 23, 22, 22, 21, 21, 20, 20, 19, 19, 18, 18, 17, 17, 16, 16, 15, 15, 14, 14, 13, 13, 12, 12, 11, 11, 10, 10, 9, 9, 8, 8, 7, 7, 6, 6, 5, 5, 4, 4, 3, 3, 2, 2, 1, 1, 0, 0], "b_moves_left": [40, 39, 39, 38, 38, 37, 37, 36, 36, 35, 35, 34, 34, 33, 33, 32, 32, 31, 31, 30, 30, 29, 29, 28, 28, 27, 27, 26, 26, 25, 25, 24, 24, 23, 23, 22, 22, 21, 21, 20, 20, 19, 19, 18, 18, 17, 17, 16, 16, 15, 15, 14, 14, 13, 13, 12, 12, 11, 11, 10, 10, 9, 9, 8, 8, 7, 7, 6, 6, 5, 5, 4, 4, 3, 3, 2, 2, 1, 1, 0], "trapdoor_triggered": [0, 0, 0, 0, 0, 0, 0, 0, 0, 0, 0, 0, 0, 0, 0, 0, 0, 0, 0, 0, 0, 0, 0, 0, 0, 0, 0, 0, 0, 0, 0, 0, 0, 0, 0, 0, 0, 0, 0, 0, 0, 0, 0, 0, 1, 0, 0, 0, 0, 0, 0, 0, 0, 0, 0, 0, 1, 0, 0, 0, 0, 0, 0, 0, 0, 0, 0, 0, 0, 0, 0, 0, 0, 0, 0, 0, 0, 0, 0, 0], "left_behind": ["egg", "egg", "plain", "plain", "egg", "egg", "plain", "plain", "egg", "egg", "plain", "turd", "egg", "egg", "plain", "plain", "egg", "egg", "plain", "plain", "egg", "egg", "plain", "plain", "egg", "egg", "plain", "plain", "egg", "egg", "plain", "plain", "egg", "egg", "plain", "turd", "egg", "egg", "plain", "turd", "egg", "egg", "plain", "turd", "egg", "plain", "plain", "plain", "plain", "plain", "egg", "plain", "plain", "egg", "egg", "plain", "plain", "egg", "plain", "plain", "plain", "egg", "plain", "plain", "plain", "egg", "plain", "plain", "plain", "egg", "plain", "plain", "plain", "egg", "plain", "turd", "plain", "plain", "plain", "plain"], "errlog_a": "", "errlog_b": "", "start_time": 360, "start_moves": 40, "turn_count": 80, "result": 1, "reason": "EGGS_LAID", "trapdoors": [[5, 5], [4, 3]], "spawn_a": [7, 3], "spawn_b": [0, 3]}