{"pos": [[7, 2], [1, 1], [7, 3], [1, 2], [7, 2], [1, 3], [6, 2], [1, 4], [6, 1], [1, 5], [6, 0], [2, 5], [6, 1], [3, 5], [5, 1], [3, 6], [4, 1], [4, 6], [4, 0], [5, 6], [4, 1], [0, 1], [4, 2], [1, 1], [3, 2], [1, 0], [3, 1], [2, 0], [3, 2], [3, 0], [3, 3], [2, 0], [4, 3], [2, 1], [5, 3], [2, 2], [6, 3], [2, 3], [6, 4], [1, 3], [7, 4], [0, 3], [7, 5], [0, 4], [7, 6], [0, 5], [7, 7], [0, 6], [7, 6], [0, 7], [6, 6], [1, 7], [6, 7], [2, 7], [5, 7], [2, 6], [6, 7], [1, 6], [6, 6], [2, 6], [6, 5], [3, 6], [6, 4], [3, 5], [5, 4], [4, 5], [4, 4], [3, 5], [4, 3], [0, 1], [4, 2], [0, 0], [4, 1], [1, 0], [4, 0], [2, 0], [5, 0], [3, 0], [6, 0], [2, 0]], "a_eggs_laid": [1, 1, 1, 1, 2, 2, 2, 2, 3, 3, 3, 3, 4, 4, 4, 4, 5, 5, 5, 5, 6, 6, 10, 10, 11, 11, 11, 11, 12, 12, 12, 12, 13, 13, 13, 13, 14, 14, 14, 14, 15, 15, 15, 15, 16, 16, 16, 16, 19, 19, 19, 19, 20, 20, 20, 20, 21, 21, 21, 21, 21, 21, 21, 21, 21, 21, 21, 21, 22, 22, 26, 26, 26, 26, 26, 26, 26, 26, 26, 26], "b_eggs_laid": [0, 1, 1, 1, 1, 2, 2, 2, 2, 3, 3, 3, 3, 4, 4, 4, 4, 5, 5, 5, 5, 6, 6, 6, 6, 6, 6, 7, 7, 7, 7, 8, 8, 8, 8, 9, 9, 9, 9, 10, 10, 10, 10, 11, 11, 11, 11, 12, 12, 12, 12, 15, 15, 15, 15, 16, 16, 16, 16, 17, 17, 17, 17, 17, 17, 17, 17, 18, 18, 18, 18, 18, 18, 18, 18, 18, 18, 18, 18, 18], "a_turds_left": [5, 5, 5, 5, 5, 5, 5, 5, 5, 5, 5, 5, 5, 5, 5, 5, 5, 5, 5, 5, 5, 5, 5, 5, 5, 5, 5, 5, 5, 5, 5, 5, 5, 5, 5, 5, 5, 5, 5, 5, 5, 5, 5, 5, 5, 5, 5, 5, 5, 5, 5, 5, 5, 5, 5, 5, 5, 5, 5, 5, 5, 5, 5, 5, 5, 5, 5, 5, 5, 5, 5, 5, 5, 5, 5, 5, 5, 5, 5, 5], "b_turds_left": [5, 5, 5, 5, 5, 5, 5, 5, 5, 5, 5, 5, 5, 5, 5, 4, 4, 4, 4, 4, 4, 4, 4, 4, 4, 3, 3, 3, 3, 3, 3, 3, 3, 2, 2, 2, 2, 1, 1, 1, 1, 1, 1, 1, 1, 1, 1, 1, 1, 1, 1, 1, 1, 1, 1, 1, 1, 0, 0, 0, 0, 0, 0, 0, 0, 0, 0, 0, 0, 0, 0, 0, 0, 0, 0, 0, 0, 0, 0, 0], "a_time_left": [359.94660445899353, 359.94660445899353, 359.9117529169889, 359.9117529169889, 359.8643486670044, 359.8643486670044, 359.8316633750219, 359.8316633750219, 359.7648740420409, 359.7648740420409, 359.7185003340419, 359.7185003340419, 359.67173283404554, 359.67173283404554, 359.63169954306795, 359.63169954306795, 359.56543333505397, 359.56543333505397, 359.52477050205925, 359.52477050205925, 359.47706521104556, 359.47706521104556, 359.4544539610506, 359.4544539610506, 359.38303300202824, 359.38303300202824, 359.3502515440341, 359.3502515440341, 359.3211795860261, 359.3211795860261, 359.3079642940138, 359.3079642940138, 359.26894796002307, 359.26894796002307, 359.2309525430319, 359.2309525430319, 359.1513440840354, 359.1513440840354, 359.1143158340419, 359.1143158340419, 359.05149108404294, 359.05149108404294, 359.02586254203925, 359.02586254203925, 358.9841780420393, 358.9841780420393, 358.9587405010534, 358.9587405010534, 358.93731425105943, 358.93731425105943, 358.9213723760622, 358.9213723760622, 358.89284941807273, 358.89284941807273, 358.87294112707605, 358.87294112707605, 358.8468690860609, 358.8468690860609, 358.83098346108454, 358.83098346108454, 358.82438954507234, 358.82438954507234, 358.8124853790796, 358.8124853790796, 358.8031635870866, 358.8031635870866, 358.7881770870881, 358.7881770870881, 358.7712277540995, 358.7712277540995, 358.7594195040874, 358.7594195040874, 358.7535082960967, 358.7535082960967, 358.7416814630851, 358.7416814630851, 358.7368673380697, 358.7368673380697, 358.73499629608705, 358.73499629608705], "b_time_left": [360, 359.95491041601053, 359.95491041601053, 359.9033397080202, 359.9033397080202, 359.83806362500763, 359.83806362500763, 359.77933083401877, 359.77933083401877, 359.7194485840155, 359.7194485840155, 359.6749238750199, 359.6749238750199, 359.5964704170183, 359.5964704170183, 359.52591604203917, 359.52591604203917, 359.45986108403304, 359.45986108403304, 359.4111020010314, 359.4111020010314, 359.1837827510317, 359.1837827510317, 359.03321070905076, 359.03321070905076, 358.81964695904753, 358.81964695904753, 358.73455695903976, 358.73455695903976, 358.60346925104386, 358.60346925104386, 358.5718662510335, 358.5718662510335, 358.43022875103634, 358.43022875103634, 358.31642321002437, 358.31642321002437, 358.08979054301744, 358.08979054301744, 357.95172616801574, 357.95172616801574, 357.38648687602836, 357.38648687602836, 357.007797917031, 357.007797917031, 356.66009008404217, 356.66009008404217, 356.46015979204094, 356.46015979204094, 356.12480275004054, 356.12480275004054, 355.9680249580415, 355.9680249580415, 355.71498704102123, 355.71498704102123, 355.57858370701433, 355.57858370701433, 355.07595295700594, 355.07595295700594, 354.9387765399879, 354.9387765399879, 354.1502884559741, 354.1502884559741, 353.34875253998325, 353.34875253998325, 352.6342682069808, 352.6342682069808, 352.410111581994, 352.410111581994, 351.756551664992, 351.756551664992, 351.4325979559799, 351.4325979559799, 351.1635287059762, 351.1635287059762, 351.1184982059931, 351.1184982059931, 351.1024228729948, 351.1024228729948, 351.1019443309924], "a_moves_left": [39, 39, 38, 38, 37, 37, 36, 36, 35, 35, 34, 34, 33, 33, 32, 32, 31, 31, 30, 30, 29, 29, 28, 28, 27, 27, 26, 26, 25, 25, 24, 24, 23, 23, 22, 22, 21, 21, 20, 20, 19, 19, 18, 18, 17, 17, 16, 16, 15, 15, 14, 14, 13, 13, 12, 12, 11, 11, 10, 10, 9, 9, 8, 8, 7, 7, 6, 6, 5, 5, 4, 4, 3, 3, 2, 2, 1, 1, 0, 0], "b_moves_left": [40, 39, 39, 38, 38, 37, 37, 36, 36, 35, 35, 34, 34, 33, 33, 32, 32, 31, 31, 30, 30, 29, 29, 28, 28, 27, 27, 26, 26, 25, 25, 24, 24, 23, 23, 22, 22, 21, 21, 20, 20, 19, 19, 18, 18, 17, 17, 16, 16, 15, 15, 14, 14, 13, 13, 12, 12, 11, 11, 10, 10, 9, 9, 8, 8, 7, 7, 6, 6, 5, 5, 4, 4, 3, 3, 2, 2, 1, 1, 0], "trapdoor_triggered": [0, 0, 0, 0, 0, 0, 0, 0, 0, 0, 0, 0, 0, 0, 0, 0, 0, 0, 0, 0, 0, 1, 0, 0, 0, 0, 0, 0, 0, 0, 0, 0, 0, 0, 0, 0, 0, 0, 0, 0, 0, 0, 0, 0, 0, 0, 0, 0, 0, 0, 0, 0, 0, 0, 0, 0, 0, 0, 0, 0, 0, 0, 0, 0, 0, 0, 0, 0, 0, 1, 0, 0, 0, 0, 0, 0, 0, 0, 0, 0], "left_behind": ["egg", "egg", "plain", "plain", "egg", "egg", "plain", "plain", "egg", "egg", "plain", "plain", "egg", "egg", "plain", "turd", "egg", "egg", "plain", "plain", "egg", "egg", "plain", "plain", "egg", "turd", "plain", "egg", "egg", "plain", "plain", "egg", "egg", "turd", "plain", "egg", "egg", "turd", "plain", "egg", "egg", "plain", "plain", "egg", "egg", "plain", "plain", "egg", "egg", "plain", "plain", "egg", "egg", "plain", "plain", "egg", "egg", "turd", "plain", "egg", "plain", "plain", "plain", "plain", "plain", "plain", "plain", "egg", "egg", "plain", "plain", "plain", "plain", "plain", "plain", "plain", "plain", "plain", "plain", "plain"], "errlog_a": "", "errlog_b": "", "start_time": 360, "start_moves": 40, "turn_count": 80, "result": 0, "reason": "EGGS_LAID", "trapdoors": [[5, 5], [3, 4]], "spawn_a": [7, 1], "spawn_b": [0, 1]}