{"pos": [[7, 2], [0, 2], [7, 1], [0, 1], [7, 2], [1, 1], [6, 2], [1, 0], [6, 1], [2, 0], [6, 0], [3, 0], [6, 1], [3, 1], [5, 1], [4, 1], [5, 2], [4, 2], [5, 3], [3, 2], [6, 3], [3, 1], [6, 4], [2, 1], [6, 5], [1, 1], [7, 5], [1, 2], [7, 6], [1, 3], [7, 7], [1, 4], [7, 6], [1, 5], [6, 6], [1, 6], [5, 6], [2, 6], [5, 7], [3, 6], [5, 6], [3, 5], [4, 6], [2, 5], [5, 6], [0, 3], [5, 5], [1, 3], [5, 4], [2, 3], [4, 4], [2, 2], [4, 5], [2, 1], [3, 5], [2, 0], [7, 3], [3, 0], [7, 2], [3, 1], [7, 1], [3, 0], [7, 2], [3, 1], [7, 1], [3, 0], [7, 2], [3, 1], [7, 1], [3, 0], [7, 2], [3, 1], [7, 1], [3, 0], [7, 2], [3, 1], [7, 1], [3, 0], [7, 0], [4, 0]], "a_eggs_laid": [1, 1, 1, 1, 2, 2, 2, 2, 3, 3, 3, 3, 4, 4, 4, 4, 5, 5, 5, 5, 6, 6, 6, 6, 7, 7, 7, 7, 8, 8, 8, 8, 11, 11, 11, 11, 12, 12, 12, 12, 13, 13, 13, 13, 14, 14, 18, 18, 19, 19, 19, 19, 20, 20, 20, 20, 21, 21, 21, 21, 21, 21, 21, 21, 21, 21, 21, 21, 21, 21, 21, 21, 21, 21, 21, 21, 21, 21, 21, 21], "b_eggs_laid": [0, 1, 1, 1, 1, 2, 2, 2, 2, 3, 3, 3, 3, 4, 4, 4, 4, 5, 5, 5, 5, 6, 6, 6, 6, 7, 7, 7, 7, 8, 8, 8, 8, 9, 9, 9, 9, 10, 10, 10, 10, 11, 11, 11, 11, 12, 12, 12, 12, 12, 12, 13, 13, 13, 13, 13, 13, 17, 17, 17, 17, 17, 17, 17, 17, 17, 17, 17, 17, 17, 17, 17, 17, 17, 17, 17, 17, 17, 17, 17], "a_turds_left": [5, 5, 5, 5, 5, 5, 5, 5, 5, 5, 5, 5, 5, 5, 5, 5, 5, 5, 5, 5, 5, 5, 5, 5, 5, 5, 5, 5, 5, 5, 5, 5, 5, 5, 5, 5, 5, 5, 5, 5, 5, 5, 5, 5, 5, 5, 5, 5, 5, 5, 5, 5, 5, 5, 5, 5, 5, 5, 5, 5, 5, 5, 5, 5, 5, 5, 5, 5, 5, 5, 5, 5, 5, 5, 5, 5, 5, 5, 5, 5], "b_turds_left": [5, 5, 5, 5, 5, 5, 5, 5, 5, 5, 5, 5, 5, 5, 5, 5, 5, 5, 5, 5, 5, 5, 5, 5, 5, 5, 5, 5, 5, 5, 5, 5, 5, 5, 5, 5, 5, 5, 5, 5, 5, 5, 5, 5, 5, 5, 5, 5, 5, 5, 5, 5, 5, 5, 5, 5, 5, 5, 5, 5, 5, 5, 5, 5, 5, 5, 5, 5, 5, 5, 5, 5, 5, 5, 5, 5, 5, 5, 5, 5], "a_time_left": [359.9518260420009, 359.9518260420009, 359.92447183399054, 359.92447183399054, 359.8966303759953, 359.8966303759953, 359.87659387600434, 359.87659387600434, 359.8377215010114, 359.8377215010114, 359.81305812600476, 359.81305812600476, 359.7882002920087, 359.7882002920087, 359.76065354200546, 359.76065354200546, 359.7414978750021, 359.7414978750021, 359.7328518330032, 359.7328518330032, 359.68269870801305, 359.68269870801305, 359.6567934580089, 359.6567934580089, 359.6031554160145, 359.6031554160145, 359.5661202080082, 359.5661202080082, 359.5274738740118, 359.5274738740118, 359.5064890830108, 359.5064890830108, 359.47483295801794, 359.47483295801794, 359.45508816701476, 359.45508816701476, 359.40525016702304, 359.40525016702304, 359.3764945010189, 359.3764945010189, 359.3435634170164, 359.3435634170164, 359.31647129201156, 359.31647129201156, 359.2758505830134, 359.2758505830134, 359.26453829102684, 359.26453829102684, 359.2100740820315, 359.2100740820315, 359.1842519570346, 359.1842519570346, 359.120759166035, 359.120759166035, 359.10918204103655, 359.10918204103655, 359.0880663750286, 359.0880663750286, 359.0834764580359, 359.0834764580359, 359.06562537503487, 359.06562537503487, 359.06140454203705, 359.06140454203705, 359.04382708303456, 359.04382708303456, 359.03942524903687, 359.03942524903687, 359.0219288320368, 359.0219288320368, 359.0177698320331, 359.0177698320331, 358.999874457033, 358.999874457033, 358.99571112403646, 358.99571112403646, 358.97809916504775, 358.97809916504775, 358.9770670400467, 358.9770670400467], "b_time_left": [360, 359.9652824999939, 359.9652824999939, 359.9429173329845, 359.9429173329845, 359.92326104098174, 359.92326104098174, 359.89717920798284, 359.89717920798284, 359.87259499898937, 359.87259499898937, 359.8559921239794, 359.8559921239794, 359.82155458198395, 359.82155458198395, 359.7942904159718, 359.7942904159718, 359.7674884159642, 359.7674884159642, 359.7514586249599, 359.7514586249599, 359.711400791959, 359.711400791959, 359.6870700419677, 359.6870700419677, 359.64084866696794, 359.64084866696794, 359.61987745796796, 359.61987745796796, 359.5842072489759, 359.5842072489759, 359.5653102069773, 359.5653102069773, 359.53374145698035, 359.53374145698035, 359.5076684989908, 359.5076684989908, 359.47524937397975, 359.47524937397975, 359.4548096239887, 359.4548096239887, 359.42658737399324, 359.42658737399324, 359.41089258299326, 359.41089258299326, 359.37881487498817, 359.37881487498817, 359.3683043329802, 359.3683043329802, 359.34554658297566, 359.34554658297566, 359.3178042499785, 359.3178042499785, 359.29809599998407, 359.29809599998407, 359.29068849998293, 359.29068849998293, 359.2838794579875, 359.2838794579875, 359.27688108298753, 359.27688108298753, 359.26706166699296, 359.26706166699296, 359.2598354579968, 359.2598354579968, 359.25028304099396, 359.25028304099396, 359.2425644569885, 359.2425644569885, 359.2328830399929, 359.2328830399929, 359.22584378998727, 359.22584378998727, 359.2159512899816, 359.2159512899816, 359.20876778998354, 359.20876778998354, 359.20317783199425, 359.20317783199425, 359.2029135819903], "a_moves_left": [39, 39, 38, 38, 37, 37, 36, 36, 35, 35, 34, 34, 33, 33, 32, 32, 31, 31, 30, 30, 29, 29, 28, 28, 27, 27, 26, 26, 25, 25, 24, 24, 23, 23, 22, 22, 21, 21, 20, 20, 19, 19, 18, 18, 17, 17, 16, 16, 15, 15, 14, 14, 13, 13, 12, 12, 11, 11, 10, 10, 9, 9, 8, 8, 7, 7, 6, 6, 5, 5, 4, 4, 3, 3, 2, 2, 1, 1, 0, 0], "b_moves_left": [40, 39, 39, 38, 38, 37, 37, 36, 36, 35, 35, 34, 34, 33, 33, 32, 32, 31, 31, 30, 30, 29, 29, 28, 28, 27, 27, 26, 26, 25, 25, 24, 24, 23, 23, 22, 22, 21, 21, 20, 20, 19, 19, 18, 18, 17, 17, 16, 16, 15, 15, 14, 14, 13, 13, 12, 12, 11, 11, 10, 10, 9, 9, 8, 8, 7, 7, 6, 6, 5, 5, 4, 4, 3, 3, 2, 2, 1, 1, 0], "trapdoor_triggered": [0, 0, 0, 0, 0, 0, 0, 0, 0, 0, 0, 0, 0, 0, 0, 0, 0, 0, 0, 0, 0, 0, 0, 0, 0, 0, 0, 0, 0, 0, 0, 0, 0, 0, 0, 0, 0, 0, 0, 0, 0, 0, 0, 0, 0, 1, 0, 0, 0, 0, 0, 0, 0, 0, 0, 0, 1, 0, 0, 0, 0, 0, 0, 0, 0, 0, 0, 0, 0, 0, 0, 0, 0, 0, 0, 0, 0, 0, 0, 0], "left_behind": ["egg", "egg", "plain", "plain", "egg", "egg", "plain", "plain", "egg", "egg", "plain", "plain", "egg", "egg", "plain", "plain", "egg", "egg", "plain", "plain", "egg", "egg", "plain", "plain", "egg", "egg", "plain", "plain", "egg", "egg", "plain", "plain", "egg", "egg", "plain", "plain", "egg", "egg", "plain", "plain", "egg", "egg", "plain", "plain", "egg", "egg", "plain", "plain", "egg", "plain", "plain", "egg", "egg", "plain", "plain", "plain", "egg", "plain", "plain", "plain", "plain", "plain", "plain", "plain", "plain", "plain", "plain", "plain", "plain", "plain", "plain", "plain", "plain", "plain", "plain", "plain", "plain", "plain", "plain", "plain"], "errlog_a": "", "errlog_b": "", "start_time": 360, "start_moves": 40, "turn_count": 80, "result": 0, "reason": "EGGS_LAID", "trapdoors": [[2, 4], [3, 4]], "spawn_a": [7, 3], "spawn_b": [0, 3]}