{"pos": [[7, 6], [1, 5], [7, 7], [1, 4], [7, 6], [1, 3], [6, 6], [2, 3]], "a_eggs_laid": [1, 1, 1, 1, 4, 4, 4, 4], "b_eggs_laid": [0, 1, 1, 1, 1, 2, 2, 2], "a_turds_left": [5, 5, 5, 5, 5, 5, 5, 5], "b_turds_left": [5, 5, 5, 4, 4, 4, 4, 3], "a_time_left": [355.9996669579996, 355.9996669579996, 352.26419870799873, 352.26419870799873, 348.6239915409824, 348.6239915409824, 346.2451578750042, 346.2451578750042], "b_time_left": [360, 359.8750600409985, 359.8750600409985, 359.7685584159917, 359.7685584159917, 359.6271496239933, 359.6271496239933, 359.48065933200996], "a_moves_left": [39, 39, 38, 38, 37, 37, 36, 36], "b_moves_left": [40, 39, 39, 38, 38, 37, 37, 36], "trapdoor_triggered": [0, 0, 0, 0, 0, 0, 0, 0], "left_behind": ["egg", "egg", "plain", "turd", "egg", "egg", "plain", "turd"], "errlog_a": "Timeout", "errlog_b": "", "start_time": 360, "start_moves": 40, "turn_count": 8, "result": 1, "reason": "CODE_CRASH", "trapdoors": [[3, 3], [4, 3]], "spawn_a": [7, 5], "spawn_b": [0, 5]}