{"pos": [[0, 1], [6, 2], [0, 0], [6, 3], [1, 0], [6, 4], [2, 0], [5, 4], [3, 0], [7, 2], [4, 0], [6, 2], [4, 1], [5, 2], [3, 1], [5, 3]], "a_eggs_laid": [1, 1, 1, 1, 4, 4, 4, 4, 5, 5, 9, 9, 10, 10, 10, 10], "b_eggs_laid": [0, 1, 1, 1, 1, 2, 2, 2, 2, 3, 3, 3, 3, 3, 3, 4], "a_turds_left": [5, 5, 4, 4, 4, 4, 3, 3, 3, 3, 2, 2, 2, 2, 1, 1], "b_turds_left": [5, 5, 5, 4, 4, 4, 4, 3, 3, 3, 3, 3, 3, 3, 3, 3], "a_time_left": [359.9511201659916, 359.9511201659916, 359.89836779097095, 359.89836779097095, 359.8186916249688, 359.8186916249688, 359.7785710839671, 359.7785710839671, 359.72141037596157, 359.72141037596157, 359.70517925094464, 359.70517925094464, 359.67781791693415, 359.67781791693415, 359.64326991690905, 359.64326991690905], "b_time_left": [360, 359.8107990840217, 359.8107990840217, 359.67863504204433, 359.67863504204433, 359.5012657920597, 359.5012657920597, 359.3768375000509, 359.3768375000509, 359.2264302500407, 359.2264302500407, 359.189409875049, 359.189409875049, 359.12738275006996, 359.12738275006996, 359.0191417920869], "a_moves_left": [39, 39, 38, 38, 37, 37, 36, 36, 35, 35, 34, 34, 33, 33, 32, 32], "b_moves_left": [40, 39, 39, 38, 38, 37, 37, 36, 36, 35, 35, 34, 34, 33, 33, 32], "trapdoor_triggered": [0, 0, 0, 0, 0, 0, 0, 0, 0, 1, 0, 0, 0, 0, 0, 0], "left_behind": ["egg", "egg", "turd", "turd", "egg", "egg", "turd", "turd", "egg", "egg", "turd", "plain", "egg", "plain", "turd", "egg"], "errlog_a": "Timeout", "errlog_b": "", "start_time": 360, "start_moves": 40, "turn_count": 16, "result": 1, "reason": "CODE_CRASH", "trapdoors": [[4, 4], [2, 5]], "spawn_a": [0, 2], "spawn_b": [7, 2]}