{"pos": [[7, 2], [1, 3], [7, 1], [1, 2], [7, 2], [2, 2], [6, 2], [3, 2], [6, 1], [0, 3], [6, 0], [1, 3], [6, 1], [1, 4], [5, 1], [1, 5], [5, 2], [1, 6], [5, 3], [1, 7], [6, 3], [0, 7], [6, 4], [1, 7], [6, 5], [2, 7], [7, 5], [2, 6], [7, 6], [3, 6], [7, 7], [4, 6], [7, 6], [4, 5], [6, 6], [4, 4], [6, 5], [0, 3], [5, 5], [1, 3], [6, 5], [2, 3], [6, 4], [2, 2], [6, 3], [2, 1], [6, 2], [3, 1], [6, 1], [4, 1], [6, 0], [4, 0], [5, 0], [3, 0], [4, 0], [2, 0], [5, 0], [1, 0], [6, 0], [1, 1], [6, 1], [0, 1], [6, 0], [1, 1], [6, 1], [2, 1], [6, 0], [3, 1], [6, 1], [4, 1], [6, 0], [3, 1], [6, 1], [4, 1], [6, 0], [3, 1], [6, 1], [3, 0], [6, 0], [3, 1]], "a_eggs_laid": [1, 1, 1, 1, 2, 2, 2, 2, 3, 3, 7, 7, 8, 8, 8, 8, 9, 9, 9, 9, 10, 10, 10, 10, 11, 11, 11, 11, 12, 12, 12, 12, 15, 15, 15, 15, 16, 16, 20, 20, 21, 21, 21, 21, 21, 21, 21, 21, 21, 21, 21, 21, 21, 21, 21, 21, 22, 22, 22, 22, 22, 22, 22, 22, 22, 22, 22, 22, 22, 22, 22, 22, 22, 22, 22, 22, 22, 22, 22, 22], "b_eggs_laid": [0, 1, 1, 1, 1, 2, 2, 2, 2, 3, 3, 3, 3, 3, 3, 4, 4, 4, 4, 5, 5, 5, 5, 8, 8, 8, 8, 9, 9, 9, 9, 10, 10, 10, 10, 11, 11, 11, 11, 11, 11, 11, 11, 12, 12, 12, 12, 13, 13, 13, 13, 14, 14, 14, 14, 15, 15, 15, 15, 16, 16, 16, 16, 17, 17, 17, 17, 17, 17, 17, 17, 17, 17, 17, 17, 17, 17, 17, 17, 17], "a_turds_left": [5, 5, 5, 5, 5, 5, 5, 5, 5, 5, 5, 5, 5, 5, 5, 5, 5, 5, 5, 5, 5, 5, 5, 5, 5, 5, 5, 5, 5, 5, 5, 5, 5, 5, 5, 5, 5, 5, 5, 5, 5, 5, 5, 5, 5, 5, 5, 5, 5, 5, 5, 5, 5, 5, 5, 5, 5, 5, 5, 5, 5, 5, 5, 5, 5, 5, 5, 5, 5, 5, 5, 5, 5, 5, 5, 5, 5, 5, 5, 5], "b_turds_left": [5, 5, 5, 5, 5, 5, 5, 4, 4, 4, 4, 4, 4, 3, 3, 3, 3, 3, 3, 3, 3, 3, 3, 3, 3, 3, 3, 3, 3, 3, 3, 3, 3, 2, 2, 2, 2, 1, 1, 1, 1, 1, 1, 1, 1, 1, 1, 1, 1, 1, 1, 1, 1, 1, 1, 1, 1, 1, 1, 1, 1, 1, 1, 1, 1, 1, 1, 1, 1, 1, 1, 1, 1, 1, 1, 1, 1, 0, 0, 0], "a_time_left": [359.945358500001, 359.945358500001, 359.91312279200065, 359.91312279200065, 359.86517045798246, 359.86517045798246, 359.8344804160006, 359.8344804160006, 359.7679634160013, 359.7679634160013, 359.74561529100174, 359.74561529100174, 359.6980485410022, 359.6980485410022, 359.6519534580002, 359.6519534580002, 359.57887195798685, 359.57887195798685, 359.5458334579889, 359.5458334579889, 359.4861857499927, 359.4861857499927, 359.4616686250083, 359.4616686250083, 359.40563612501137, 359.40563612501137, 359.3687037920172, 359.3687037920172, 359.3252869170101, 359.3252869170101, 359.29290062602377, 359.29290062602377, 359.25978112602024, 359.25978112602024, 359.2294756680203, 359.2294756680203, 359.17934487602906, 359.17934487602906, 359.1660641670169, 359.1660641670169, 359.15360650100047, 359.15360650100047, 359.11503445901326, 359.11503445901326, 359.10647804202745, 359.10647804202745, 359.06406725003035, 359.06406725003035, 359.04474400001345, 359.04474400001345, 359.0144850840152, 359.0144850840152, 359.0055120840261, 359.0055120840261, 358.9896919170278, 358.9896919170278, 358.97860229201615, 358.97860229201615, 358.9585358760378, 358.9585358760378, 358.943274209043, 358.943274209043, 358.909906875022, 358.909906875022, 358.89601425, 358.89601425, 358.8605387499847, 358.8605387499847, 358.84714683296625, 358.84714683296625, 358.835056248965, 358.835056248965, 358.82173020698247, 358.82173020698247, 358.80989766598213, 358.80989766598213, 358.7964849989803, 358.7964849989803, 358.7926274149795, 358.7926274149795], "b_time_left": [360, 359.60321970799123, 359.60321970799123, 358.6455854999949, 358.6455854999949, 358.0934372909833, 358.0934372909833, 357.05913949900423, 357.05913949900423, 356.66341016598744, 356.66341016598744, 356.2961377069878, 356.2961377069878, 355.05021841599955, 355.05021841599955, 354.3268131239747, 354.3268131239747, 353.2334928739874, 353.2334928739874, 352.68483291499433, 352.68483291499433, 352.1319555400114, 352.1319555400114, 351.8838504150335, 351.8838504150335, 351.300515081035, 351.300515081035, 351.02001283102436, 351.02001283102436, 350.47723787202267, 350.47723787202267, 350.21508695502416, 350.21508695502416, 349.74713503802195, 349.74713503802195, 349.518887955026, 349.518887955026, 348.98376012203516, 348.98376012203516, 348.8878914130619, 348.8878914130619, 348.6609108290577, 348.6609108290577, 348.371903329069, 348.371903329069, 348.1411092450726, 348.1411092450726, 347.51941707805963, 347.51941707805963, 346.78114216108224, 346.78114216108224, 346.66704320308054, 346.66704320308054, 346.5615801610693, 346.5615801610693, 346.50734095307416, 346.50734095307416, 346.1995419530722, 346.1995419530722, 345.9526545780536, 345.9526545780536, 345.0634305780404, 345.0634305780404, 344.8650713280367, 344.8650713280367, 344.15441157802707, 344.15441157802707, 343.808167287003, 343.808167287003, 343.08495195402065, 343.08495195402065, 343.00971674601897, 343.00971674601897, 342.12952749602846, 342.12952749602846, 342.10047195502557, 342.10047195502557, 342.04831041401485, 342.04831041401485, 342.04767216401524], "a_moves_left": [39, 39, 38, 38, 37, 37, 36, 36, 35, 35, 34, 34, 33, 33, 32, 32, 31, 31, 30, 30, 29, 29, 28, 28, 27, 27, 26, 26, 25, 25, 24, 24, 23, 23, 22, 22, 21, 21, 20, 20, 19, 19, 18, 18, 17, 17, 16, 16, 15, 15, 14, 14, 13, 13, 12, 12, 11, 11, 10, 10, 9, 9, 8, 8, 7, 7, 6, 6, 5, 5, 4, 4, 3, 3, 2, 2, 1, 1, 0, 0], "b_moves_left": [40, 39, 39, 38, 38, 37, 37, 36, 36, 35, 35, 34, 34, 33, 33, 32, 32, 31, 31, 30, 30, 29, 29, 28, 28, 27, 27, 26, 26, 25, 25, 24, 24, 23, 23, 22, 22, 21, 21, 20, 20, 19, 19, 18, 18, 17, 17, 16, 16, 15, 15, 14, 14, 13, 13, 12, 12, 11, 11, 10, 10, 9, 9, 8, 8, 7, 7, 6, 6, 5, 5, 4, 4, 3, 3, 2, 2, 1, 1, 0], "trapdoor_triggered": [0, 0, 0, 0, 0, 0, 0, 0, 0, 1, 0, 0, 0, 0, 0, 0, 0, 0, 0, 0, 0, 0, 0, 0, 0, 0, 0, 0, 0, 0, 0, 0, 0, 0, 0, 0, 0, 1, 0, 0, 0, 0, 0, 0, 0, 0, 0, 0, 0, 0, 0, 0, 0, 0, 0, 0, 0, 0, 0, 0, 0, 0, 0, 0, 0, 0, 0, 0, 0, 0, 0, 0, 0, 0, 0, 0, 0, 0, 0, 0], "left_behind": ["egg", "egg", "plain", "plain", "egg", "egg", "plain", "turd", "egg", "egg", "plain", "plain", "egg", "turd", "plain", "egg", "egg", "plain", "plain", "egg", "egg", "plain", "plain", "egg", "egg", "plain", "plain", "egg", "egg", "plain", "plain", "egg", "egg", "turd", "plain", "egg", "egg", "turd", "plain", "plain", "egg", "plain", "plain", "egg", "plain", "plain", "plain", "egg", "plain", "plain", "plain", "egg", "plain", "plain", "plain", "egg", "egg", "plain", "plain", "egg", "plain", "plain", "plain", "egg", "plain", "plain", "plain", "plain", "plain", "plain", "plain", "plain", "plain", "plain", "plain", "plain", "plain", "turd", "plain", "plain"], "errlog_a": "", "errlog_b": "", "start_time": 360, "start_moves": 40, "turn_count": 80, "result": 0, "reason": "EGGS_LAID", "trapdoors": [[4, 2], [3, 4]], "spawn_a": [7, 3], "spawn_b": [0, 3]}