{"pos": [[0, 1], [7, 3], [0, 0], [6, 3], [1, 0], [6, 4], [2, 0], [7, 4], [3, 0], [6, 4], [4, 0], [6, 5], [5, 0], [5, 5], [6, 0], [4, 5], [6, 1], [3, 5], [7, 1], [2, 5], [6, 1], [1, 5], [6, 2], [1, 4], [6, 1], [1, 5], [5, 1], [1, 6], [4, 1], [2, 6], [3, 1], [3, 6], [2, 1], [4, 6], [1, 1], [5, 6], [2, 1], [5, 7], [2, 2], [6, 7], [1, 2], [5, 7], [1, 3], [4, 7], [1, 2], [3, 7], [1, 1], [2, 7], [1, 0], [1, 7], [2, 0], [0, 7], [3, 0], [0, 6], [4, 0], [0, 5], [4, 1], [0, 4], [4, 2], [0, 3], [4, 1], [0, 4], [4, 0], [1, 4], [5, 0], [2, 4], [6, 0], [3, 4], [6, 1], [3, 3], [6, 0], [7, 2], [6, 1], [7, 3], [6, 0], [7, 2], [6, 1], [7, 3], [6, 0], [7, 2]], "a_eggs_laid": [1, 1, 1, 1, 4, 4, 4, 4, 5, 5, 5, 5, 6, 6, 6, 6, 7, 7, 7, 7, 8, 8, 8, 8, 9, 9, 9, 9, 10, 10, 10, 10, 11, 11, 11, 11, 12, 12, 12, 12, 13, 13, 13, 13, 14, 14, 14, 14, 14, 14, 14, 14, 14, 14, 14, 14, 14, 14, 14, 14, 15, 15, 15, 15, 15, 15, 15, 15, 15, 15, 15, 15, 19, 19, 19, 19, 19, 19, 19, 19], "b_eggs_laid": [0, 1, 1, 1, 1, 2, 2, 2, 2, 3, 3, 3, 3, 4, 4, 4, 4, 5, 5, 5, 5, 6, 6, 6, 6, 7, 7, 7, 7, 8, 8, 8, 8, 9, 9, 9, 9, 10, 10, 10, 10, 11, 11, 11, 11, 12, 12, 12, 12, 13, 13, 13, 13, 16, 16, 16, 16, 17, 17, 17, 17, 18, 18, 18, 18, 18, 18, 18, 18, 19, 19, 19, 19, 19, 19, 19, 19, 19, 19, 19], "a_turds_left": [5, 5, 5, 5, 5, 5, 5, 5, 5, 5, 5, 5, 5, 5, 5, 5, 5, 5, 5, 5, 5, 5, 5, 5, 5, 5, 5, 5, 5, 5, 5, 5, 5, 5, 5, 5, 5, 5, 5, 5, 5, 5, 5, 5, 5, 5, 5, 5, 5, 5, 5, 5, 5, 5, 5, 5, 5, 5, 5, 5, 5, 5, 5, 5, 5, 5, 5, 5, 5, 5, 5, 5, 5, 5, 5, 5, 5, 5, 5, 5], "b_turds_left": [5, 5, 5, 5, 5, 5, 5, 5, 5, 5, 5, 4, 4, 4, 4, 3, 3, 3, 3, 2, 2, 2, 2, 1, 1, 1, 1, 1, 1, 1, 1, 1, 1, 1, 1, 1, 1, 1, 1, 1, 1, 1, 1, 1, 1, 1, 1, 1, 1, 1, 1, 1, 1, 1, 1, 0, 0, 0, 0, 0, 0, 0, 0, 0, 0, 0, 0, 0, 0, 0, 0, 0, 0, 0, 0, 0, 0, 0, 0, 0], "a_time_left": [359.9528788749885, 359.9528788749885, 359.92290520798997, 359.92290520798997, 359.8929806249798, 359.8929806249798, 359.8549901249935, 359.8549901249935, 359.8138875410077, 359.8138875410077, 359.77841529101715, 359.77841529101715, 359.7188080000342, 359.7188080000342, 359.6819926670287, 359.6819926670287, 359.6360545840289, 359.6360545840289, 359.5978772510134, 359.5978772510134, 359.5664792919997, 359.5664792919997, 359.5311617499974, 359.5311617499974, 359.4971055840142, 359.4971055840142, 359.47420970903477, 359.47420970903477, 359.4032274170313, 359.4032274170313, 359.3336089590448, 359.3336089590448, 359.2470136260381, 359.2470136260381, 359.1123290430405, 359.1123290430405, 359.0411762090516, 359.0411762090516, 359.00997779206955, 359.00997779206955, 358.9587866670918, 358.9587866670918, 358.92997295808163, 358.92997295808163, 358.89436725009, 358.89436725009, 358.8620755420998, 358.8620755420998, 358.8465654171014, 358.8465654171014, 358.8288562500966, 358.8288562500966, 358.8200189170893, 358.8200189170893, 358.8039688760764, 358.8039688760764, 358.79470104307984, 358.79470104307984, 358.77696350208134, 358.77696350208134, 358.75966829407844, 358.75966829407844, 358.7449627520691, 358.7449627520691, 358.7396550430858, 358.7396550430858, 358.72511175108957, 358.72511175108957, 358.71477866810164, 358.71477866810164, 358.6930632101139, 358.6930632101139, 358.69028604310006, 358.69028604310006, 358.678021835105, 358.678021835105, 358.67521091812523, 358.67521091812523, 358.6712315851182, 358.6712315851182], "b_time_left": [360, 359.94366637500934, 359.94366637500934, 359.91853920801077, 359.91853920801077, 359.86430337501224, 359.86430337501224, 359.81864279203, 359.81864279203, 359.78044420902734, 359.78044420902734, 359.7358236670261, 359.7358236670261, 359.6854295420344, 359.6854295420344, 359.6370355000254, 359.6370355000254, 359.5651661250158, 359.5651661250158, 359.5286294170073, 359.5286294170073, 359.3626794590091, 359.3626794590091, 359.21886887500295, 359.21886887500295, 359.07427104198723, 359.07427104198723, 358.9771294579841, 358.9771294579841, 358.7751710829616, 358.7751710829616, 358.43196749995695, 358.43196749995695, 358.2191684579593, 358.2191684579593, 358.0070790409518, 358.0070790409518, 357.82626499896287, 357.82626499896287, 357.6636458329449, 357.6636458329449, 357.37032212494523, 357.37032212494523, 356.8359024579695, 356.8359024579695, 356.4589116659772, 356.4589116659772, 355.88991658197483, 355.88991658197483, 355.6247512899863, 355.6247512899863, 355.33093383099185, 355.33093383099185, 355.1724127889902, 355.1724127889902, 354.9110525389842, 354.9110525389842, 354.7793217889848, 354.7793217889848, 354.63950537200435, 354.63950537200435, 354.4568880799925, 354.4568880799925, 354.17242099699797, 354.17242099699797, 353.72296474699397, 353.72296474699397, 353.35835366297397, 353.35835366297397, 352.55403328794637, 352.55403328794637, 352.29605724694557, 352.29605724694557, 352.1311410389608, 352.1311410389608, 352.07760687195696, 352.07760687195696, 352.07113441394176, 352.07113441394176, 352.070049997943], "a_moves_left": [39, 39, 38, 38, 37, 37, 36, 36, 35, 35, 34, 34, 33, 33, 32, 32, 31, 31, 30, 30, 29, 29, 28, 28, 27, 27, 26, 26, 25, 25, 24, 24, 23, 23, 22, 22, 21, 21, 20, 20, 19, 19, 18, 18, 17, 17, 16, 16, 15, 15, 14, 14, 13, 13, 12, 12, 11, 11, 10, 10, 9, 9, 8, 8, 7, 7, 6, 6, 5, 5, 4, 4, 3, 3, 2, 2, 1, 1, 0, 0], "b_moves_left": [40, 39, 39, 38, 38, 37, 37, 36, 36, 35, 35, 34, 34, 33, 33, 32, 32, 31, 31, 30, 30, 29, 29, 28, 28, 27, 27, 26, 26, 25, 25, 24, 24, 23, 23, 22, 22, 21, 21, 20, 20, 19, 19, 18, 18, 17, 17, 16, 16, 15, 15, 14, 14, 13, 13, 12, 12, 11, 11, 10, 10, 9, 9, 8, 8, 7, 7, 6, 6, 5, 5, 4, 4, 3, 3, 2, 2, 1, 1, 0], "trapdoor_triggered": [0, 0, 0, 0, 0, 0, 0, 0, 0, 0, 0, 0, 0, 0, 0, 0, 0, 0, 0, 0, 0, 0, 0, 0, 0, 0, 0, 0, 0, 0, 0, 0, 0, 0, 0, 0, 0, 0, 0, 0, 0, 0, 0, 0, 0, 0, 0, 0, 0, 0, 0, 0, 0, 0, 0, 0, 0, 0, 0, 0, 0, 0, 0, 0, 0, 0, 0, 0, 0, 0, 0, 1, 0, 0, 0, 0, 0, 0, 0, 0], "left_behind": ["egg", "egg", "plain", "plain", "egg", "egg", "plain", "plain", "egg", "egg", "plain", "turd", "egg", "egg", "plain", "turd", "egg", "egg", "plain", "turd", "egg", "egg", "plain", "turd", "egg", "egg", "plain", "plain", "egg", "egg", "plain", "plain", "egg", "egg", "plain", "plain", "egg", "egg", "plain", "plain", "egg", "egg", "plain", "plain", "egg", "egg", "plain", "plain", "plain", "egg", "plain", "plain", "plain", "egg", "plain", "turd", "plain", "egg", "plain", "plain", "egg", "egg", "plain", "plain", "plain", "plain", "plain", "plain", "plain", "egg", "plain", "plain", "plain", "plain", "plain", "plain", "plain", "plain", "plain", "plain"], "errlog_a": "", "errlog_b": "", "start_time": 360, "start_moves": 40, "turn_count": 80, "result": 2, "reason": "EGGS_LAID", "trapdoors": [[5, 3], [4, 3]], "spawn_a": [0, 2], "spawn_b": [7, 2]}