{"pos": [[7, 2], [1, 3], [7, 1], [1, 4], [7, 2], [2, 4], [6, 2], [2, 5], [6, 1], [2, 6], [6, 0], [3, 6], [6, 1], [4, 6], [5, 1], [4, 5], [4, 1], [4, 6], [4, 0], [5, 6], [4, 1], [6, 6], [3, 1], [6, 5], [4, 1], [6, 4], [4, 2], [7, 4], [4, 3], [6, 4], [3, 3], [5, 4], [4, 3], [6, 4], [5, 3], [6, 3], [4, 3], [6, 4], [4, 4], [6, 5], [4, 3], [6, 6], [4, 2], [7, 6], [4, 1], [7, 7], [4, 0], [6, 7], [3, 0], [5, 7], [2, 0], [4, 7], [2, 1], [3, 7], [1, 1], [2, 7], [1, 0], [2, 6], [0, 0], [1, 6], [1, 0], [1, 5], [2, 0], [0, 5], [3, 0], [0, 6], [4, 0], [0, 7], [5, 0], [0, 6], [6, 0], [0, 5], [6, 1], [0, 4], [6, 0], [1, 4], [6, 1], [1, 3], [6, 0], [1, 2]], "a_eggs_laid": [1, 1, 1, 1, 2, 2, 2, 2, 3, 3, 3, 3, 4, 4, 4, 4, 5, 5, 5, 5, 6, 6, 6, 6, 7, 7, 7, 7, 8, 8, 8, 8, 9, 9, 9, 9, 10, 10, 10, 10, 11, 11, 11, 11, 11, 11, 11, 11, 11, 11, 11, 11, 12, 12, 12, 12, 13, 13, 13, 13, 16, 16, 16, 16, 16, 16, 16, 16, 16, 16, 16, 16, 16, 16, 16, 16, 16, 16, 16, 16], "b_eggs_laid": [0, 1, 1, 1, 1, 2, 2, 2, 2, 3, 3, 3, 3, 4, 4, 4, 4, 5, 5, 5, 5, 6, 6, 6, 6, 7, 7, 7, 7, 8, 8, 8, 8, 9, 9, 9, 9, 10, 10, 10, 10, 10, 10, 10, 10, 11, 11, 11, 11, 12, 12, 12, 12, 13, 13, 13, 13, 14, 14, 14, 14, 15, 15, 15, 15, 16, 16, 16, 16, 19, 19, 19, 19, 19, 19, 19, 19, 19, 19, 19], "a_turds_left": [5, 5, 5, 5, 5, 5, 5, 5, 5, 5, 5, 5, 5, 5, 5, 5, 5, 5, 5, 5, 5, 5, 5, 5, 5, 5, 5, 5, 5, 5, 4, 4, 4, 4, 4, 4, 4, 4, 4, 4, 4, 4, 4, 4, 4, 4, 4, 4, 4, 4, 4, 4, 4, 4, 4, 4, 4, 4, 4, 4, 4, 4, 4, 4, 4, 4, 4, 4, 4, 4, 4, 4, 4, 4, 4, 4, 4, 4, 4, 4], "b_turds_left": [5, 5, 5, 4, 4, 4, 4, 3, 3, 3, 3, 2, 2, 2, 2, 1, 1, 1, 1, 1, 1, 1, 1, 1, 1, 1, 1, 1, 1, 1, 1, 1, 1, 1, 1, 1, 1, 1, 1, 1, 1, 1, 1, 1, 1, 1, 1, 1, 1, 1, 1, 1, 1, 1, 1, 1, 1, 1, 1, 1, 1, 1, 1, 1, 1, 1, 1, 1, 1, 1, 1, 1, 1, 1, 1, 1, 1, 1, 1, 1], "a_time_left": [359.9289274170005, 359.9289274170005, 359.8896518339752, 359.8896518339752, 359.8392168339633, 359.8392168339633, 359.80898562495713, 359.80898562495713, 359.74216662495746, 359.74216662495746, 359.69604949996574, 359.69604949996574, 359.6500515419757, 359.6500515419757, 359.6125938749756, 359.6125938749756, 359.53791558297235, 359.53791558297235, 359.5038927499554, 359.5038927499554, 359.4578867079399, 359.4578867079399, 359.4231609579583, 359.4231609579583, 359.35532283296925, 359.35532283296925, 359.3192907499906, 359.3192907499906, 359.27251137499115, 359.27251137499115, 359.2344736669911, 359.2344736669911, 359.21639629197307, 359.21639629197307, 359.2021007089934, 359.2021007089934, 359.19472179198056, 359.19472179198056, 359.18073500000173, 359.18073500000173, 359.174230375007, 359.174230375007, 359.16074674998526, 359.16074674998526, 359.1425295419758, 359.1425295419758, 359.1233912919706, 359.1233912919706, 359.11189008297515, 359.11189008297515, 359.0896326669899, 359.0896326669899, 359.0496593329881, 359.0496593329881, 359.019788125006, 359.019788125006, 358.9799637500255, 358.9799637500255, 358.9630202090193, 358.9630202090193, 358.9360551670252, 358.9360551670252, 358.91347879200475, 358.91347879200475, 358.9000985000166, 358.9000985000166, 358.879657958023, 358.879657958023, 358.87113212401164, 358.87113212401164, 358.85144487398793, 358.85144487398793, 358.84393608299433, 358.84393608299433, 358.81615562498337, 358.81615562498337, 358.8070319999824, 358.8070319999824, 358.80127529098536, 358.80127529098536], "b_time_left": [360, 359.9548895409971, 359.9548895409971, 359.8944236660027, 359.8944236660027, 359.83794524901896, 359.83794524901896, 359.7719311240071, 359.7719311240071, 359.7172909990186, 359.7172909990186, 359.6745421240048, 359.6745421240048, 359.61484862398356, 359.61484862398356, 359.55735962398467, 359.55735962398467, 359.48910612400505, 359.48910612400505, 359.46813516601105, 359.46813516601105, 359.3972531250038, 359.3972531250038, 359.3438810830121, 359.3438810830121, 359.2719371659914, 359.2719371659914, 359.22984424897004, 359.22984424897004, 359.2019845819741, 359.2019845819741, 359.18350862397347, 359.18350862397347, 359.1680036239559, 359.1680036239559, 359.14723479095846, 359.14723479095846, 359.1366428329784, 359.1366428329784, 359.1246129159699, 359.1246129159699, 359.084198040975, 359.084198040975, 359.0436239989649, 359.0436239989649, 358.99398266596836, 358.99398266596836, 358.97811745796935, 358.97811745796935, 358.9475073329522, 358.9475073329522, 358.923539832962, 358.923539832962, 358.8898753329704, 358.8898753329704, 358.8646999579796, 358.8646999579796, 358.8359225409804, 358.8359225409804, 358.82236541598104, 358.82236541598104, 358.77414604098885, 358.77414604098885, 358.74189745797776, 358.74189745797776, 358.71169508298044, 358.71169508298044, 358.690630624973, 358.690630624973, 358.675247541978, 358.675247541978, 358.654483124963, 358.654483124963, 358.6195937919838, 358.6195937919838, 358.5973268749949, 358.5973268749949, 358.5806656249915, 358.5806656249915, 358.5799253330042], "a_moves_left": [39, 39, 38, 38, 37, 37, 36, 36, 35, 35, 34, 34, 33, 33, 32, 32, 31, 31, 30, 30, 29, 29, 28, 28, 27, 27, 26, 26, 25, 25, 24, 24, 23, 23, 22, 22, 21, 21, 20, 20, 19, 19, 18, 18, 17, 17, 16, 16, 15, 15, 14, 14, 13, 13, 12, 12, 11, 11, 10, 10, 9, 9, 8, 8, 7, 7, 6, 6, 5, 5, 4, 4, 3, 3, 2, 2, 1, 1, 0, 0], "b_moves_left": [40, 39, 39, 38, 38, 37, 37, 36, 36, 35, 35, 34, 34, 33, 33, 32, 32, 31, 31, 30, 30, 29, 29, 28, 28, 27, 27, 26, 26, 25, 25, 24, 24, 23, 23, 22, 22, 21, 21, 20, 20, 19, 19, 18, 18, 17, 17, 16, 16, 15, 15, 14, 14, 13, 13, 12, 12, 11, 11, 10, 10, 9, 9, 8, 8, 7, 7, 6, 6, 5, 5, 4, 4, 3, 3, 2, 2, 1, 1, 0], "trapdoor_triggered": [0, 0, 0, 0, 0, 0, 0, 0, 0, 0, 0, 0, 0, 0, 0, 0, 0, 0, 0, 0, 0, 0, 0, 0, 0, 0, 0, 0, 0, 0, 0, 0, 0, 0, 0, 0, 0, 0, 0, 0, 0, 0, 0, 0, 0, 0, 0, 0, 0, 0, 0, 0, 0, 0, 0, 0, 0, 0, 0, 0, 0, 0, 0, 0, 0, 0, 0, 0, 0, 0, 0, 0, 0, 0, 0, 0, 0, 0, 0, 0], "left_behind": ["egg", "egg", "plain", "turd", "egg", "egg", "plain", "turd", "egg", "egg", "plain", "turd", "egg", "egg", "plain", "turd", "egg", "egg", "plain", "plain", "egg", "egg", "plain", "plain", "egg", "egg", "plain", "plain", "egg", "egg", "turd", "plain", "egg", "egg", "plain", "plain", "egg", "egg", "plain", "plain", "egg", "plain", "plain", "plain", "plain", "egg", "plain", "plain", "plain", "egg", "plain", "plain", "egg", "egg", "plain", "plain", "egg", "egg", "plain", "plain", "egg", "egg", "plain", "plain", "plain", "egg", "plain", "plain", "plain", "egg", "plain", "plain", "plain", "plain", "plain", "plain", "plain", "plain", "plain", "plain"], "errlog_a": "", "errlog_b": "", "start_time": 360, "start_moves": 40, "turn_count": 80, "result": 1, "reason": "EGGS_LAID", "trapdoors": [[2, 2], [5, 2]], "spawn_a": [7, 3], "spawn_b": [0, 3]}