{"pos": [[7, 2], [1, 1], [7, 3], [1, 2], [7, 2], [2, 2], [6, 2], [2, 1], [6, 1], [3, 1], [6, 0], [4, 1], [6, 1], [4, 2], [5, 1], [3, 2], [5, 0], [3, 3], [4, 0], [2, 3], [5, 0], [2, 4], [6, 0], [2, 5], [7, 0], [3, 5], [7, 1], [4, 5], [7, 0], [4, 6], [7, 1], [4, 7], [7, 0], [4, 6], [7, 1], [5, 6], [7, 0], [0, 1], [7, 1], [0, 2], [7, 0], [0, 3], [7, 1], [1, 3], [7, 0], [1, 4], [7, 1], [1, 5], [7, 0], [1, 6], [7, 1], [2, 6], [7, 0], [3, 6], [7, 1], [3, 5], [7, 0], [3, 4], [7, 1], [4, 4], [7, 0], [5, 4], [7, 1], [6, 4], [7, 0], [7, 4], [7, 1], [7, 5], [7, 0], [6, 5], [7, 1], [6, 6], [7, 0], [7, 6], [7, 1], [7, 7], [7, 0], [7, 6], [7, 1], [7, 5]], "a_eggs_laid": [1, 1, 1, 1, 2, 2, 2, 2, 3, 3, 3, 3, 4, 4, 4, 4, 5, 5, 5, 5, 6, 6, 6, 6, 6, 6, 6, 6, 6, 6, 6, 6, 6, 6, 6, 6, 6, 6, 10, 10, 10, 10, 10, 10, 10, 10, 10, 10, 10, 10, 10, 10, 10, 10, 10, 10, 10, 10, 10, 10, 10, 10, 10, 10, 10, 10, 10, 10, 10, 10, 10, 10, 10, 10, 10, 10, 10, 10, 10, 10], "b_eggs_laid": [0, 1, 1, 1, 1, 2, 2, 2, 2, 3, 3, 3, 3, 4, 4, 4, 4, 5, 5, 5, 5, 6, 6, 6, 6, 7, 7, 7, 7, 8, 8, 8, 8, 9, 9, 9, 9, 10, 10, 10, 10, 10, 10, 11, 11, 11, 11, 12, 12, 12, 12, 13, 13, 13, 13, 14, 14, 14, 14, 15, 15, 15, 15, 16, 16, 16, 16, 17, 17, 17, 17, 18, 18, 18, 18, 19, 19, 19, 19, 19], "a_turds_left": [5, 5, 5, 5, 5, 5, 5, 5, 5, 5, 5, 5, 5, 5, 5, 5, 5, 5, 5, 5, 5, 5, 5, 5, 5, 5, 5, 5, 5, 5, 5, 5, 5, 5, 5, 5, 5, 5, 5, 5, 5, 5, 5, 5, 5, 5, 5, 5, 5, 5, 5, 5, 5, 5, 5, 5, 5, 5, 5, 5, 5, 5, 5, 5, 5, 5, 5, 5, 5, 5, 5, 5, 5, 5, 5, 5, 5, 5, 5, 5], "b_turds_left": [5, 5, 5, 5, 5, 5, 5, 4, 4, 4, 4, 3, 3, 3, 3, 2, 2, 2, 2, 1, 1, 1, 1, 1, 1, 1, 1, 1, 1, 1, 1, 1, 1, 1, 1, 1, 1, 1, 1, 1, 1, 1, 1, 1, 1, 1, 1, 1, 1, 1, 1, 1, 1, 1, 1, 1, 1, 1, 1, 1, 1, 1, 1, 1, 1, 1, 1, 1, 1, 1, 1, 1, 1, 1, 1, 1, 1, 0, 0, 0], "a_time_left": [359.95707662499626, 359.95707662499626, 359.9149480420165, 359.9149480420165, 359.8672812920122, 359.8672812920122, 359.83678425100516, 359.83678425100516, 359.7639685010072, 359.7639685010072, 359.7202226680238, 359.7202226680238, 359.67847450100817, 359.67847450100817, 359.63822712600813, 359.63822712600813, 359.6017159589974, 359.6017159589974, 359.5767590839823, 359.5767590839823, 359.56332937598927, 359.56332937598927, 359.54306358497706, 359.54306358497706, 359.5295143769763, 359.5295143769763, 359.5139230019995, 359.5139230019995, 359.5002207100042, 359.5002207100042, 359.4851950010052, 359.4851950010052, 359.4746086670202, 359.4746086670202, 359.4601089170319, 359.4601089170319, 359.4463189590315, 359.4463189590315, 359.4390802090347, 359.4390802090347, 359.4263134590292, 359.4263134590292, 359.4118375010148, 359.4118375010148, 359.3985399180092, 359.3985399180092, 359.37940516800154, 359.37940516800154, 359.3663865010021, 359.3663865010021, 359.34769904299174, 359.34769904299174, 359.3367875429976, 359.3367875429976, 359.31734604301164, 359.31734604301164, 359.30334045999916, 359.30334045999916, 359.28354462599964, 359.28354462599964, 359.27240216798964, 359.27240216798964, 359.2528872099938, 359.2528872099938, 359.23969137697713, 359.23969137697713, 359.22917295995285, 359.22917295995285, 359.21679037596914, 359.21679037596914, 359.19763108398183, 359.19763108398183, 359.184991083981, 359.184991083981, 359.17069145897403, 359.17069145897403, 359.16228087595664, 359.16228087595664, 359.1599939179723, 359.1599939179723], "b_time_left": [360, 359.9371773330204, 359.9371773330204, 359.88626395800384, 359.88626395800384, 359.818305666995, 359.818305666995, 359.7536893329816, 359.7536893329816, 359.6985007909825, 359.6985007909825, 359.65328491598484, 359.65328491598484, 359.5939682489843, 359.5939682489843, 359.5568692909728, 359.5568692909728, 359.5150045409682, 359.5150045409682, 359.49512070795754, 359.49512070795754, 359.4430155829468, 359.4430155829468, 359.4022192489356, 359.4022192489356, 359.3567515409377, 359.3567515409377, 359.30867662493256, 359.30867662493256, 359.2633943329565, 359.2633943329565, 359.22064670795226, 359.22064670795226, 359.19371912494535, 359.19371912494535, 359.15207891594036, 359.15207891594036, 359.1125951659342, 359.1125951659342, 359.09103258291725, 359.09103258291725, 359.0618842919066, 359.0618842919066, 359.0386288338923, 359.0386288338923, 358.99747933389153, 358.99747933389153, 358.9632449178898, 358.9632449178898, 358.9244812508987, 358.9244812508987, 358.89229262588196, 358.89229262588196, 358.85743450088194, 358.85743450088194, 358.8206674598914, 358.8206674598914, 358.78339379289537, 358.78339379289537, 358.75088179289014, 358.75088179289014, 358.7136252509081, 358.7136252509081, 358.6885346669296, 358.6885346669296, 358.65765012495103, 358.65765012495103, 358.64248016595957, 358.64248016595957, 358.6153377489536, 358.6153377489536, 358.5927727909584, 358.5927727909584, 358.5591266239353, 358.5591266239353, 358.53975420692586, 358.53975420692586, 358.5309633319266, 358.5309633319266, 358.5303729149455], "a_moves_left": [39, 39, 38, 38, 37, 37, 36, 36, 35, 35, 34, 34, 33, 33, 32, 32, 31, 31, 30, 30, 29, 29, 28, 28, 27, 27, 26, 26, 25, 25, 24, 24, 23, 23, 22, 22, 21, 21, 20, 20, 19, 19, 18, 18, 17, 17, 16, 16, 15, 15, 14, 14, 13, 13, 12, 12, 11, 11, 10, 10, 9, 9, 8, 8, 7, 7, 6, 6, 5, 5, 4, 4, 3, 3, 2, 2, 1, 1, 0, 0], "b_moves_left": [40, 39, 39, 38, 38, 37, 37, 36, 36, 35, 35, 34, 34, 33, 33, 32, 32, 31, 31, 30, 30, 29, 29, 28, 28, 27, 27, 26, 26, 25, 25, 24, 24, 23, 23, 22, 22, 21, 21, 20, 20, 19, 19, 18, 18, 17, 17, 16, 16, 15, 15, 14, 14, 13, 13, 12, 12, 11, 11, 10, 10, 9, 9, 8, 8, 7, 7, 6, 6, 5, 5, 4, 4, 3, 3, 2, 2, 1, 1, 0], "trapdoor_triggered": [0, 0, 0, 0, 0, 0, 0, 0, 0, 0, 0, 0, 0, 0, 0, 0, 0, 0, 0, 0, 0, 0, 0, 0, 0, 0, 0, 0, 0, 0, 0, 0, 0, 0, 0, 0, 0, 1, 0, 0, 0, 0, 0, 0, 0, 0, 0, 0, 0, 0, 0, 0, 0, 0, 0, 0, 0, 0, 0, 0, 0, 0, 0, 0, 0, 0, 0, 0, 0, 0, 0, 0, 0, 0, 0, 0, 0, 0, 0, 0], "left_behind": ["egg", "egg", "plain", "plain", "egg", "egg", "plain", "turd", "egg", "egg", "plain", "turd", "egg", "egg", "plain", "turd", "egg", "egg", "plain", "turd", "egg", "egg", "plain", "plain", "plain", "egg", "plain", "plain", "plain", "egg", "plain", "plain", "plain", "egg", "plain", "plain", "plain", "egg", "plain", "plain", "plain", "plain", "plain", "egg", "plain", "plain", "plain", "egg", "plain", "plain", "plain", "egg", "plain", "plain", "plain", "egg", "plain", "plain", "plain", "egg", "plain", "plain", "plain", "egg", "plain", "plain", "plain", "egg", "plain", "plain", "plain", "egg", "plain", "plain", "plain", "egg", "plain", "turd", "plain", "plain"], "errlog_a": "", "errlog_b": "", "start_time": 360, "start_moves": 40, "turn_count": 80, "result": 1, "reason": "EGGS_LAID", "trapdoors": [[5, 5], [4, 3]], "spawn_a": [7, 1], "spawn_b": [0, 1]}