{"pos": [[0, 3], [7, 3], [0, 2], [6, 3], [0, 1], [6, 2], [0, 0], [6, 1], [1, 0], [5, 1], [2, 0], [4, 1], [2, 1], [3, 1], [2, 2], [3, 2], [1, 2], [3, 3], [1, 1], [3, 4], [1, 2], [3, 5], [1, 3], [2, 5], [1, 2], [3, 5], [1, 1], [3, 6], [1, 0], [4, 6], [1, 1], [4, 7], [1, 0], [4, 6], [1, 1], [5, 6], [1, 0], [5, 5], [1, 1], [4, 5], [1, 0], [5, 5], [1, 1], [5, 4], [1, 0], [5, 3], [1, 1], [5, 2], [1, 0], [5, 1], [1, 1], [5, 0], [1, 0], [6, 0], [1, 1], [7, 0], [1, 0], [7, 1], [1, 1], [7, 2], [1, 0], [7, 3], [1, 1], [7, 4], [1, 0], [7, 5], [1, 1], [7, 6], [1, 0], [7, 5], [1, 1], [6, 5], [1, 0], [6, 6], [1, 1], [6, 7], [1, 0], [6, 6], [2, 0], [6, 5]], "a_eggs_laid": [1, 1, 1, 1, 2, 2, 2, 2, 5, 5, 5, 5, 6, 6, 6, 6, 7, 7, 7, 7, 8, 8, 8, 8, 9, 9, 9, 9, 9, 9, 9, 9, 9, 9, 9, 9, 9, 9, 9, 9, 9, 9, 9, 9, 9, 9, 9, 9, 9, 9, 9, 9, 9, 9, 9, 9, 9, 9, 9, 9, 9, 9, 9, 9, 9, 9, 9, 9, 9, 9, 9, 9, 9, 9, 9, 9, 9, 9, 9, 9], "b_eggs_laid": [0, 1, 1, 1, 1, 2, 2, 2, 2, 3, 3, 3, 3, 4, 4, 4, 4, 5, 5, 5, 5, 6, 6, 6, 6, 7, 7, 7, 7, 8, 8, 8, 8, 9, 9, 9, 9, 10, 10, 10, 10, 11, 11, 11, 11, 12, 12, 12, 12, 13, 13, 13, 13, 14, 14, 14, 14, 17, 17, 17, 17, 18, 18, 18, 18, 18, 18, 18, 18, 19, 19, 19, 19, 20, 20, 20, 20, 21, 21, 21], "a_turds_left": [5, 5, 5, 5, 5, 5, 5, 5, 5, 5, 5, 5, 5, 5, 5, 5, 5, 5, 5, 5, 5, 5, 5, 5, 5, 5, 5, 5, 5, 5, 5, 5, 5, 5, 5, 5, 5, 5, 5, 5, 5, 5, 5, 5, 5, 5, 5, 5, 5, 5, 5, 5, 5, 5, 5, 5, 5, 5, 5, 5, 5, 5, 5, 5, 5, 5, 5, 5, 5, 5, 5, 5, 5, 5, 5, 5, 5, 5, 5, 5], "b_turds_left": [5, 5, 5, 5, 5, 5, 5, 5, 5, 5, 5, 4, 4, 4, 4, 3, 3, 3, 3, 2, 2, 2, 2, 1, 1, 1, 1, 1, 1, 1, 1, 1, 1, 1, 1, 1, 1, 1, 1, 1, 1, 1, 1, 1, 1, 1, 1, 1, 1, 1, 1, 1, 1, 1, 1, 1, 1, 1, 1, 1, 1, 1, 1, 1, 1, 1, 1, 1, 1, 1, 1, 1, 1, 1, 1, 1, 1, 1, 1, 0], "a_time_left": [359.95562558298116, 359.95562558298116, 359.9244902499777, 359.9244902499777, 359.87878716699197, 359.87878716699197, 359.8516872499895, 359.8516872499895, 359.8186113330012, 359.8186113330012, 359.78596945799654, 359.78596945799654, 359.7385615830135, 359.7385615830135, 359.7235394580057, 359.7235394580057, 359.7022877910058, 359.7022877910058, 359.6648765830032, 359.6648765830032, 359.6188429169997, 359.6188429169997, 359.58656608400634, 359.58656608400634, 359.5418190420023, 359.5418190420023, 359.5251254590112, 359.5251254590112, 359.50968800100964, 359.50968800100964, 359.48965104302624, 359.48965104302624, 359.4784979180258, 359.4784979180258, 359.4590723760193, 359.4590723760193, 359.4445157099981, 359.4445157099981, 359.424274377001, 359.424274377001, 359.4094482100045, 359.4094482100045, 359.3898853760038, 359.3898853760038, 359.3748813759885, 359.3748813759885, 359.3552591679618, 359.3552591679618, 359.33851991794654, 359.33851991794654, 359.3274371259613, 359.3274371259613, 359.31634291796945, 359.31634291796945, 359.3013623349834, 359.3013623349834, 359.2930580849934, 359.2930580849934, 359.2784146259946, 359.2784146259946, 359.2651427090168, 359.2651427090168, 359.2486171260243, 359.2486171260243, 359.24062129302183, 359.24062129302183, 359.2249122100184, 359.2249122100184, 359.2121071270085, 359.2121071270085, 359.1966487940226, 359.1966487940226, 359.18137362704147, 359.18137362704147, 359.1615907930245, 359.1615907930245, 359.1506817100162, 359.1506817100162, 359.1442333770101, 359.1442333770101], "b_time_left": [360, 359.951195458998, 359.951195458998, 359.91743095900165, 359.91743095900165, 359.86437716698856, 359.86437716698856, 359.83290345899877, 359.83290345899877, 359.779705583991, 359.779705583991, 359.7362278759829, 359.7362278759829, 359.6964895009587, 359.6964895009587, 359.65964916796656, 359.65964916796656, 359.6373820009758, 359.6373820009758, 359.5972934589663, 359.5972934589663, 359.5482225009764, 359.5482225009764, 359.5063751259877, 359.5063751259877, 359.4427300429961, 359.4427300429961, 359.42170137600624, 359.42170137600624, 359.36200212602853, 359.36200212602853, 359.3260938760068, 359.3260938760068, 359.2854504180141, 359.2854504180141, 359.25141162701766, 359.25141162701766, 359.19013558502775, 359.19013558502775, 359.15383075203863, 359.15383075203863, 359.1007379600487, 359.1007379600487, 359.06566425206256, 359.06566425206256, 359.0061133770796, 359.0061133770796, 358.97680812710314, 358.97680812710314, 358.9409577931219, 358.9409577931219, 358.9224241261254, 358.9224241261254, 358.89055387611734, 358.89055387611734, 358.86681212609983, 358.86681212609983, 358.8426267101022, 358.8426267101022, 358.8182608351053, 358.8182608351053, 358.78074616909726, 358.78074616909726, 358.7552913360996, 358.7552913360996, 358.71291079508956, 358.71291079508956, 358.6873961290985, 358.6873961290985, 358.64843254510197, 358.64843254510197, 358.62256204511505, 358.62256204511505, 358.5661394610943, 358.5661394610943, 358.532680211094, 358.532680211094, 358.5228596700763, 358.5228596700763, 358.5214047530608], "a_moves_left": [39, 39, 38, 38, 37, 37, 36, 36, 35, 35, 34, 34, 33, 33, 32, 32, 31, 31, 30, 30, 29, 29, 28, 28, 27, 27, 26, 26, 25, 25, 24, 24, 23, 23, 22, 22, 21, 21, 20, 20, 19, 19, 18, 18, 17, 17, 16, 16, 15, 15, 14, 14, 13, 13, 12, 12, 11, 11, 10, 10, 9, 9, 8, 8, 7, 7, 6, 6, 5, 5, 4, 4, 3, 3, 2, 2, 1, 1, 0, 0], "b_moves_left": [40, 39, 39, 38, 38, 37, 37, 36, 36, 35, 35, 34, 34, 33, 33, 32, 32, 31, 31, 30, 30, 29, 29, 28, 28, 27, 27, 26, 26, 25, 25, 24, 24, 23, 23, 22, 22, 21, 21, 20, 20, 19, 19, 18, 18, 17, 17, 16, 16, 15, 15, 14, 14, 13, 13, 12, 12, 11, 11, 10, 10, 9, 9, 8, 8, 7, 7, 6, 6, 5, 5, 4, 4, 3, 3, 2, 2, 1, 1, 0], "trapdoor_triggered": [0, 0, 0, 0, 0, 0, 0, 0, 0, 0, 0, 0, 0, 0, 0, 0, 0, 0, 0, 0, 0, 0, 0, 0, 0, 0, 0, 0, 0, 0, 0, 0, 0, 0, 0, 0, 0, 0, 0, 0, 0, 0, 0, 0, 0, 0, 0, 0, 0, 0, 0, 0, 0, 0, 0, 0, 0, 0, 0, 0, 0, 0, 0, 0, 0, 0, 0, 0, 0, 0, 0, 0, 0, 0, 0, 0, 0, 0, 0, 0], "left_behind": ["egg", "egg", "plain", "plain", "egg", "egg", "plain", "plain", "egg", "egg", "plain", "turd", "egg", "egg", "plain", "turd", "egg", "egg", "plain", "turd", "egg", "egg", "plain", "turd", "egg", "egg", "plain", "plain", "plain", "egg", "plain", "plain", "plain", "egg", "plain", "plain", "plain", "egg", "plain", "plain", "plain", "egg", "plain", "plain", "plain", "egg", "plain", "plain", "plain", "egg", "plain", "plain", "plain", "egg", "plain", "plain", "plain", "egg", "plain", "plain", "plain", "egg", "plain", "plain", "plain", "plain", "plain", "plain", "plain", "egg", "plain", "plain", "plain", "egg", "plain", "plain", "plain", "egg", "plain", "turd"], "errlog_a": "", "errlog_b": "", "start_time": 360, "start_moves": 40, "turn_count": 80, "result": 1, "reason": "EGGS_LAID", "trapdoors": [[4, 2], [4, 3]], "spawn_a": [0, 4], "spawn_b": [7, 4]}