{"pos": [[0, 1], [7, 3], [0, 0], [6, 3], [1, 0], [6, 4], [2, 0], [7, 4], [3, 0], [6, 4], [4, 0], [6, 5], [5, 0], [5, 5], [6, 0], [5, 6], [6, 1], [4, 6], [7, 1], [3, 6], [6, 1], [3, 5], [6, 2], [2, 5], [6, 1], [1, 5], [5, 1], [1, 4], [4, 1], [1, 3], [3, 1], [2, 3], [2, 1], [2, 2], [1, 1], [3, 2], [1, 2], [4, 2], [1, 3], [4, 3], [1, 2], [4, 4], [2, 2], [5, 4], [2, 1], [5, 5], [2, 0], [4, 5], [2, 1], [4, 6], [2, 0], [4, 7], [2, 1], [3, 7], [2, 0], [2, 7], [2, 1], [2, 6], [2, 0], [1, 6], [2, 1], [1, 5], [2, 0], [0, 5], [2, 1], [0, 6], [2, 0], [0, 7], [2, 1], [0, 6], [2, 0], [1, 6], [2, 1], [2, 6], [2, 0], [2, 5], [2, 1], [2, 4], [2, 0], [2, 3]], "a_eggs_laid": [1, 1, 1, 1, 4, 4, 4, 4, 5, 5, 5, 5, 6, 6, 6, 6, 7, 7, 7, 7, 8, 8, 8, 8, 9, 9, 9, 9, 10, 10, 10, 10, 11, 11, 11, 11, 12, 12, 12, 12, 13, 13, 13, 13, 14, 14, 14, 14, 14, 14, 14, 14, 14, 14, 14, 14, 14, 14, 14, 14, 14, 14, 14, 14, 14, 14, 14, 14, 14, 14, 14, 14, 14, 14, 14, 14, 14, 14, 14, 14], "b_eggs_laid": [0, 1, 1, 1, 1, 2, 2, 2, 2, 3, 3, 3, 3, 4, 4, 4, 4, 5, 5, 5, 5, 6, 6, 6, 6, 7, 7, 7, 7, 8, 8, 8, 8, 9, 9, 9, 9, 10, 10, 10, 10, 11, 11, 11, 11, 12, 12, 12, 12, 13, 13, 13, 13, 14, 14, 14, 14, 15, 15, 15, 15, 16, 16, 16, 16, 17, 17, 17, 17, 20, 20, 20, 20, 20, 20, 20, 20, 20, 20, 20], "a_turds_left": [5, 5, 5, 5, 5, 5, 5, 5, 5, 5, 5, 5, 5, 5, 5, 5, 5, 5, 5, 5, 5, 5, 5, 5, 5, 5, 5, 5, 5, 5, 5, 5, 5, 5, 5, 5, 5, 5, 5, 5, 5, 5, 5, 5, 5, 5, 5, 5, 5, 5, 5, 5, 5, 5, 5, 5, 5, 5, 5, 5, 5, 5, 5, 5, 5, 5, 5, 5, 5, 5, 5, 5, 5, 5, 5, 5, 5, 5, 5, 5], "b_turds_left": [5, 5, 5, 5, 5, 5, 5, 5, 5, 5, 5, 4, 4, 4, 4, 3, 3, 3, 3, 3, 3, 3, 3, 2, 2, 2, 2, 1, 1, 1, 1, 1, 1, 1, 1, 1, 1, 1, 1, 1, 1, 1, 1, 1, 1, 1, 1, 1, 1, 1, 1, 1, 1, 1, 1, 1, 1, 1, 1, 1, 1, 1, 1, 1, 1, 1, 1, 1, 1, 1, 1, 1, 1, 1, 1, 1, 1, 1, 1, 0], "a_time_left": [359.95061695799814, 359.95061695799814, 359.9136659990181, 359.9136659990181, 359.8792202070181, 359.8792202070181, 359.83964491501683, 359.83964491501683, 359.798478998011, 359.798478998011, 359.7632396230183, 359.7632396230183, 359.7058978730347, 359.7058978730347, 359.66933829002664, 359.66933829002664, 359.62406604003627, 359.62406604003627, 359.5759462490387, 359.5759462490387, 359.54487974903896, 359.54487974903896, 359.50249533203896, 359.50249533203896, 359.4672825820162, 359.4672825820162, 359.4333169570309, 359.4333169570309, 359.36851637403015, 359.36851637403015, 359.3245819150179, 359.3245819150179, 359.25876774900826, 359.25876774900826, 359.24573433201294, 359.24573433201294, 359.19738116601366, 359.19738116601366, 359.163779583032, 359.163779583032, 359.1324558330234, 359.1324558330234, 359.1035391250334, 359.1035391250334, 359.0716716660536, 359.0716716660536, 359.0509255830548, 359.0509255830548, 359.0362954160664, 359.0362954160664, 359.00721874908777, 359.00721874908777, 358.9960361660924, 358.9960361660924, 358.97212070808746, 358.97212070808746, 358.96095204207813, 358.96095204207813, 358.93049291707575, 358.93049291707575, 358.91377083407133, 358.91377083407133, 358.89311795905815, 358.89311795905815, 358.88182941806735, 358.88182941806735, 358.8572945430642, 358.8572945430642, 358.8489214180736, 358.8489214180736, 358.824700959085, 358.824700959085, 358.8154820010823, 358.8154820010823, 358.7827802510874, 358.7827802510874, 358.7732038340764, 358.7732038340764, 358.7642060010985, 358.7642060010985], "b_time_left": [360, 359.95336649997625, 359.95336649997625, 359.91918141697533, 359.91918141697533, 359.8556387499848, 359.8556387499848, 359.8103464579908, 359.8103464579908, 359.77248262497596, 359.77248262497596, 359.7277668749739, 359.7277668749739, 359.6755457079853, 359.6755457079853, 359.6264200829901, 359.6264200829901, 359.55564270797186, 359.55564270797186, 359.52063837397145, 359.52063837397145, 359.4525395819801, 359.4525395819801, 359.4154103319743, 359.4154103319743, 359.3624609159888, 359.3624609159888, 359.31338166599744, 359.31338166599744, 359.24792345799506, 359.24792345799506, 359.21157241699984, 359.21157241699984, 359.1690449590096, 359.1690449590096, 359.1463152090146, 359.1463152090146, 359.119856668025, 359.119856668025, 359.1002852090169, 359.1002852090169, 359.04830725101056, 359.04830725101056, 359.02676437600167, 359.02676437600167, 358.97650429198984, 358.97650429198984, 358.9581690010091, 358.9581690010091, 358.91577475101803, 358.91577475101803, 358.88295812602155, 358.88295812602155, 358.84092658403097, 358.84092658403097, 358.8181765000336, 358.8181765000336, 358.775679833052, 358.775679833052, 358.74212724904646, 358.74212724904646, 358.69082645804156, 358.69082645804156, 358.6740170410194, 358.6740170410194, 358.6443109160173, 358.6443109160173, 358.62279599902104, 358.62279599902104, 358.60534562400426, 358.60534562400426, 358.5839471660147, 358.5839471660147, 358.5497289580235, 358.5497289580235, 358.5173952500336, 358.5173952500336, 358.5005235830322, 358.5005235830322, 358.4993518330157], "a_moves_left": [39, 39, 38, 38, 37, 37, 36, 36, 35, 35, 34, 34, 33, 33, 32, 32, 31, 31, 30, 30, 29, 29, 28, 28, 27, 27, 26, 26, 25, 25, 24, 24, 23, 23, 22, 22, 21, 21, 20, 20, 19, 19, 18, 18, 17, 17, 16, 16, 15, 15, 14, 14, 13, 13, 12, 12, 11, 11, 10, 10, 9, 9, 8, 8, 7, 7, 6, 6, 5, 5, 4, 4, 3, 3, 2, 2, 1, 1, 0, 0], "b_moves_left": [40, 39, 39, 38, 38, 37, 37, 36, 36, 35, 35, 34, 34, 33, 33, 32, 32, 31, 31, 30, 30, 29, 29, 28, 28, 27, 27, 26, 26, 25, 25, 24, 24, 23, 23, 22, 22, 21, 21, 20, 20, 19, 19, 18, 18, 17, 17, 16, 16, 15, 15, 14, 14, 13, 13, 12, 12, 11, 11, 10, 10, 9, 9, 8, 8, 7, 7, 6, 6, 5, 5, 4, 4, 3, 3, 2, 2, 1, 1, 0], "trapdoor_triggered": [0, 0, 0, 0, 0, 0, 0, 0, 0, 0, 0, 0, 0, 0, 0, 0, 0, 0, 0, 0, 0, 0, 0, 0, 0, 0, 0, 0, 0, 0, 0, 0, 0, 0, 0, 0, 0, 0, 0, 0, 0, 0, 0, 0, 0, 0, 0, 0, 0, 0, 0, 0, 0, 0, 0, 0, 0, 0, 0, 0, 0, 0, 0, 0, 0, 0, 0, 0, 0, 0, 0, 0, 0, 0, 0, 0, 0, 0, 0, 0], "left_behind": ["egg", "egg", "plain", "plain", "egg", "egg", "plain", "plain", "egg", "egg", "plain", "turd", "egg", "egg", "plain", "turd", "egg", "egg", "plain", "plain", "egg", "egg", "plain", "turd", "egg", "egg", "plain", "turd", "egg", "egg", "plain", "plain", "egg", "egg", "plain", "plain", "egg", "egg", "plain", "plain", "egg", "egg", "plain", "plain", "egg", "egg", "plain", "plain", "plain", "egg", "plain", "plain", "plain", "egg", "plain", "plain", "plain", "egg", "plain", "plain", "plain", "egg", "plain", "plain", "plain", "egg", "plain", "plain", "plain", "egg", "plain", "plain", "plain", "plain", "plain", "plain", "plain", "plain", "plain", "turd"], "errlog_a": "", "errlog_b": "", "start_time": 360, "start_moves": 40, "turn_count": 80, "result": 1, "reason": "EGGS_LAID", "trapdoors": [[3, 3], [3, 4]], "spawn_a": [0, 2], "spawn_b": [7, 2]}