{"pos": [[7, 2], [1, 3], [7, 1], [1, 2], [7, 2], [1, 3], [6, 2], [1, 4], [6, 1], [1, 3], [5, 1], [2, 3], [4, 1], [0, 3], [3, 1], [0, 4], [4, 1], [0, 5], [4, 2], [1, 5], [4, 3], [2, 5], [5, 3], [3, 5], [6, 3], [3, 4], [6, 4], [3, 5], [6, 5], [4, 5], [6, 6], [4, 6], [5, 6], [4, 7], [5, 5], [4, 6], [5, 6], [3, 6], [5, 7], [2, 6], [5, 6], [2, 7], [4, 6], [2, 6], [5, 6], [1, 6], [5, 5], [1, 5], [6, 5], [1, 4], [7, 5], [1, 3], [7, 4], [2, 3], [7, 3], [2, 2], [7, 2], [2, 1], [7, 1], [2, 0], [7, 0], [1, 0], [6, 0], [1, 1], [5, 0], [0, 1], [4, 0], [1, 1], [5, 0], [2, 1], [6, 0], [2, 2], [6, 1], [0, 3], [6, 0], [1, 3], [6, 1], [1, 2], [6, 0], [1, 1]], "a_eggs_laid": [1, 1, 1, 1, 2, 2, 2, 2, 3, 3, 3, 3, 4, 4, 8, 8, 9, 9, 9, 9, 10, 10, 10, 10, 11, 11, 11, 11, 12, 12, 12, 12, 13, 13, 13, 13, 14, 14, 14, 14, 15, 15, 15, 15, 16, 16, 16, 16, 16, 16, 16, 16, 17, 17, 17, 17, 17, 17, 17, 17, 17, 17, 17, 17, 18, 18, 18, 18, 19, 19, 19, 19, 19, 19, 23, 23, 23, 23, 23, 23], "b_eggs_laid": [0, 1, 1, 1, 1, 2, 2, 2, 2, 3, 3, 3, 3, 4, 4, 4, 4, 4, 4, 5, 5, 5, 5, 6, 6, 6, 6, 7, 7, 7, 7, 8, 8, 8, 8, 9, 9, 9, 9, 10, 10, 10, 10, 11, 11, 11, 11, 12, 12, 12, 12, 12, 12, 12, 12, 12, 12, 12, 12, 13, 13, 13, 13, 14, 14, 14, 14, 15, 15, 15, 15, 15, 15, 15, 15, 15, 15, 15, 15, 15], "a_turds_left": [5, 5, 4, 4, 4, 4, 4, 4, 4, 4, 3, 3, 3, 3, 2, 2, 2, 2, 2, 2, 2, 2, 1, 1, 1, 1, 1, 1, 1, 1, 0, 0, 0, 0, 0, 0, 0, 0, 0, 0, 0, 0, 0, 0, 0, 0, 0, 0, 0, 0, 0, 0, 0, 0, 0, 0, 0, 0, 0, 0, 0, 0, 0, 0, 0, 0, 0, 0, 0, 0, 0, 0, 0, 0, 0, 0, 0, 0, 0, 0], "b_turds_left": [5, 5, 5, 5, 5, 5, 5, 5, 5, 5, 5, 5, 5, 5, 5, 5, 5, 4, 4, 4, 4, 3, 3, 3, 3, 2, 2, 2, 2, 2, 2, 2, 2, 2, 2, 2, 2, 2, 2, 2, 2, 2, 2, 2, 2, 2, 2, 2, 2, 2, 2, 2, 2, 1, 1, 1, 1, 1, 1, 1, 1, 1, 1, 1, 1, 1, 1, 1, 1, 1, 1, 1, 1, 1, 1, 1, 1, 1, 1, 1], "a_time_left": [359.9689618749835, 359.9689618749835, 359.93182191599044, 359.93182191599044, 359.88810308199027, 359.88810308199027, 359.8644583320129, 359.8644583320129, 359.78718812399893, 359.78718812399893, 359.7414971239923, 359.7414971239923, 359.681185458001, 359.681185458001, 359.64923241597717, 359.64923241597717, 359.5888180829934, 359.5888180829934, 359.5589088329871, 359.5589088329871, 359.4974488329899, 359.4974488329899, 359.4578753740061, 359.4578753740061, 359.38568937400123, 359.38568937400123, 359.36560824900516, 359.36560824900516, 359.33371920799254, 359.33371920799254, 359.29932654098957, 359.29932654098957, 359.2795753319806, 359.2795753319806, 359.27005262396415, 359.27005262396415, 359.24348158194334, 359.24348158194334, 359.2208480819245, 359.2208480819245, 359.1997748319118, 359.1997748319118, 359.17435479091364, 359.17435479091364, 359.1603368319047, 359.1603368319047, 359.142109039909, 359.142109039909, 359.12771599792177, 359.12771599792177, 359.11701770691434, 359.11701770691434, 359.0893378739129, 359.0893378739129, 359.0854104569298, 359.0854104569298, 359.0704592069378, 359.0704592069378, 359.0531207489548, 359.0531207489548, 359.0364142069593, 359.0364142069593, 359.023944956949, 359.023944956949, 358.9933151239529, 358.9933151239529, 358.97401654094574, 358.97401654094574, 358.9456041659578, 358.9456041659578, 358.93561454096925, 358.93561454096925, 358.91832295796485, 358.91832295796485, 358.9054251239577, 358.9054251239577, 358.9006998319528, 358.9006998319528, 358.89362170695676, 358.89362170695676], "b_time_left": [360, 359.9655869170092, 359.9655869170092, 359.9056495419936, 359.9056495419936, 359.854351499991, 359.854351499991, 359.806296499999, 359.806296499999, 359.7375039579929, 359.7375039579929, 359.67782862499007, 359.67782862499007, 359.6140427920036, 359.6140427920036, 359.5843821669987, 359.5843821669987, 359.56232254198403, 359.56232254198403, 359.50608416699106, 359.50608416699106, 359.4326063329936, 359.4326063329936, 359.36563062499044, 359.36563062499044, 359.31931408299715, 359.31931408299715, 359.27842204101034, 359.27842204101034, 359.24518845800776, 359.24518845800776, 359.2201442079968, 359.2201442079968, 359.2104441249976, 359.2104441249976, 359.1908127499919, 359.1908127499919, 359.1798558330047, 359.1798558330047, 359.1473037910182, 359.1473037910182, 359.11931370801176, 359.11931370801176, 359.0961533750233, 359.0961533750233, 359.0675235000381, 359.0675235000381, 359.0476745000342, 359.0476745000342, 359.0369400420459, 359.0369400420459, 359.01919633403304, 359.01919633403304, 359.00332366803195, 359.00332366803195, 358.9956515010563, 358.9956515010563, 358.9671123350563, 358.9671123350563, 358.9350325020496, 358.9350325020496, 358.91882146004355, 358.91882146004355, 358.88302187703084, 358.88302187703084, 358.85764583502896, 358.85764583502896, 358.82491716800723, 358.82491716800723, 358.80489408402354, 358.80489408402354, 358.7917277930246, 358.7917277930246, 358.7575425010291, 358.7575425010291, 358.75018750102026, 358.75018750102026, 358.7371708760329, 358.7371708760329, 358.73440604202915], "a_moves_left": [39, 39, 38, 38, 37, 37, 36, 36, 35, 35, 34, 34, 33, 33, 32, 32, 31, 31, 30, 30, 29, 29, 28, 28, 27, 27, 26, 26, 25, 25, 24, 24, 23, 23, 22, 22, 21, 21, 20, 20, 19, 19, 18, 18, 17, 17, 16, 16, 15, 15, 14, 14, 13, 13, 12, 12, 11, 11, 10, 10, 9, 9, 8, 8, 7, 7, 6, 6, 5, 5, 4, 4, 3, 3, 2, 2, 1, 1, 0, 0], "b_moves_left": [40, 39, 39, 38, 38, 37, 37, 36, 36, 35, 35, 34, 34, 33, 33, 32, 32, 31, 31, 30, 30, 29, 29, 28, 28, 27, 27, 26, 26, 25, 25, 24, 24, 23, 23, 22, 22, 21, 21, 20, 20, 19, 19, 18, 18, 17, 17, 16, 16, 15, 15, 14, 14, 13, 13, 12, 12, 11, 11, 10, 10, 9, 9, 8, 8, 7, 7, 6, 6, 5, 5, 4, 4, 3, 3, 2, 2, 1, 1, 0], "trapdoor_triggered": [0, 0, 0, 0, 0, 0, 0, 0, 0, 0, 0, 0, 0, 1, 0, 0, 0, 0, 0, 0, 0, 0, 0, 0, 0, 0, 0, 0, 0, 0, 0, 0, 0, 0, 0, 0, 0, 0, 0, 0, 0, 0, 0, 0, 0, 0, 0, 0, 0, 0, 0, 0, 0, 0, 0, 0, 0, 0, 0, 0, 0, 0, 0, 0, 0, 0, 0, 0, 0, 0, 0, 0, 0, 1, 0, 0, 0, 0, 0, 0], "left_behind": ["egg", "egg", "turd", "plain", "egg", "egg", "plain", "plain", "egg", "egg", "turd", "plain", "egg", "egg", "turd", "plain", "egg", "turd", "plain", "egg", "egg", "turd", "turd", "egg", "egg", "turd", "plain", "egg", "egg", "plain", "turd", "egg", "egg", "plain", "plain", "egg", "egg", "plain", "plain", "egg", "egg", "plain", "plain", "egg", "egg", "plain", "plain", "egg", "plain", "plain", "plain", "plain", "egg", "turd", "plain", "plain", "plain", "plain", "plain", "egg", "plain", "plain", "plain", "egg", "egg", "plain", "plain", "egg", "egg", "plain", "plain", "plain", "plain", "plain", "plain", "plain", "plain", "plain", "plain", "plain"], "errlog_a": "", "errlog_b": "", "start_time": 360, "start_moves": 40, "turn_count": 80, "result": 0, "reason": "EGGS_LAID", "trapdoors": [[3, 3], [3, 2]], "spawn_a": [7, 3], "spawn_b": [0, 3]}