{"pos": [[0, 5], [7, 5], [0, 4], [7, 4], [0, 3], [7, 3], [0, 2], [6, 3], [0, 1], [6, 4], [0, 0], [6, 5], [1, 0], [6, 6], [2, 0], [5, 6], [3, 0], [4, 6], [4, 0], [3, 6], [5, 0], [3, 5], [6, 0], [3, 4], [6, 1], [3, 3], [7, 1], [3, 2], [6, 1], [4, 2], [6, 2], [5, 2], [6, 1], [5, 1], [6, 2], [4, 1], [6, 1], [4, 2], [5, 1], [4, 3], [5, 0], [3, 3], [6, 0], [2, 3], [7, 0], [2, 4], [7, 1], [2, 5], [7, 0], [2, 4], [7, 1], [1, 4], [7, 0], [1, 3], [7, 1], [1, 2], [7, 0], [1, 1], [7, 1], [2, 1], [7, 0], [3, 1], [7, 1], [3, 0], [7, 0], [3, 1], [7, 1], [3, 2], [7, 0], [4, 2], [7, 1], [4, 3], [7, 0], [7, 6], [7, 1], [7, 7], [7, 0], [7, 6], [7, 1], [7, 5]], "a_eggs_laid": [1, 1, 1, 1, 2, 2, 2, 2, 3, 3, 3, 3, 6, 6, 6, 6, 7, 7, 7, 7, 8, 8, 8, 8, 9, 9, 9, 9, 10, 10, 10, 10, 11, 11, 11, 11, 11, 11, 11, 11, 12, 12, 12, 12, 12, 12, 12, 12, 12, 12, 12, 12, 12, 12, 12, 12, 12, 12, 12, 12, 12, 12, 12, 12, 12, 12, 12, 12, 12, 12, 12, 12, 12, 12, 16, 16, 16, 16, 16, 16], "b_eggs_laid": [0, 1, 1, 1, 1, 2, 2, 2, 2, 3, 3, 3, 3, 4, 4, 4, 4, 5, 5, 5, 5, 6, 6, 6, 6, 7, 7, 7, 7, 8, 8, 8, 8, 9, 9, 9, 9, 10, 10, 10, 10, 11, 11, 11, 11, 12, 12, 12, 12, 13, 13, 13, 13, 14, 14, 14, 14, 15, 15, 15, 15, 16, 16, 16, 16, 17, 17, 17, 17, 17, 17, 17, 17, 17, 17, 17, 17, 17, 17, 17], "a_turds_left": [5, 5, 5, 5, 5, 5, 5, 5, 5, 5, 5, 5, 5, 5, 5, 5, 5, 5, 5, 5, 5, 5, 5, 5, 5, 5, 5, 5, 5, 5, 5, 5, 5, 5, 5, 5, 5, 5, 5, 5, 5, 5, 5, 5, 5, 5, 5, 5, 5, 5, 5, 5, 5, 5, 5, 5, 5, 5, 5, 5, 5, 5, 5, 5, 5, 5, 5, 5, 5, 5, 5, 5, 5, 5, 5, 5, 5, 5, 5, 5], "b_turds_left": [5, 5, 5, 4, 4, 4, 4, 3, 3, 3, 3, 3, 3, 3, 3, 2, 2, 2, 2, 1, 1, 1, 1, 1, 1, 1, 1, 1, 1, 1, 1, 1, 1, 1, 1, 1, 1, 1, 1, 1, 1, 1, 1, 1, 1, 1, 1, 1, 1, 1, 1, 1, 1, 1, 1, 1, 1, 1, 1, 1, 1, 1, 1, 1, 1, 1, 1, 1, 1, 1, 1, 1, 1, 1, 1, 1, 1, 0, 0, 0], "a_time_left": [359.9596317919786, 359.9596317919786, 359.8910598749935, 359.8910598749935, 359.84430058300495, 359.84430058300495, 359.80861033301335, 359.80861033301335, 359.7575057920185, 359.7575057920185, 359.71793283402803, 359.71793283402803, 359.6821127930307, 359.6821127930307, 359.62969662604155, 359.62969662604155, 359.56004433403723, 359.56004433403723, 359.51126029202715, 359.51126029202715, 359.45491716702236, 359.45491716702236, 359.41151433301275, 359.41151433301275, 359.3496445410128, 359.3496445410128, 359.31479479101836, 359.31479479101836, 359.27616829102044, 359.27616829102044, 359.2397797500307, 359.2397797500307, 359.2211377080239, 359.2211377080239, 359.2133169170411, 359.2133169170411, 359.20557345903944, 359.20557345903944, 359.175523626036, 359.175523626036, 359.1341748350533, 359.1341748350533, 359.10437000205275, 359.10437000205275, 359.08738754407386, 359.08738754407386, 359.06383004409145, 359.06383004409145, 359.0482736270933, 359.0482736270933, 359.0260699610808, 359.0260699610808, 359.0065672110941, 359.0065672110941, 358.9857590440952, 358.9857590440952, 358.97196791908937, 358.97196791908937, 358.95352229409036, 358.95352229409036, 358.9392287521041, 358.9392287521041, 358.9096368360915, 358.9096368360915, 358.90138421111624, 358.90138421111624, 358.87987808612525, 358.87987808612525, 358.8695650861191, 358.8695650861191, 358.8447204611148, 358.8447204611148, 358.8371736271074, 358.8371736271074, 358.82232741912594, 358.82232741912594, 358.8113974191365, 358.8113974191365, 358.80452987813624, 358.80452987813624], "b_time_left": [360, 359.95043904101476, 359.95043904101476, 359.9096262070234, 359.9096262070234, 359.863330666034, 359.863330666034, 359.82499958202243, 359.82499958202243, 359.75883204102865, 359.75883204102865, 359.7235390820424, 359.7235390820424, 359.65370174802956, 359.65370174802956, 359.6075433730439, 359.6075433730439, 359.5491820820316, 359.5491820820316, 359.49688591601443, 359.49688591601443, 359.4421098740131, 359.4421098740131, 359.39984449901385, 359.39984449901385, 359.30930937398807, 359.30930937398807, 359.2683061650023, 359.2683061650023, 359.18443291500444, 359.18443291500444, 359.15588674799073, 359.15588674799073, 359.10376620601164, 359.10376620601164, 359.09527170599904, 359.09527170599904, 359.04530449799495, 359.04530449799495, 359.01584033100517, 359.01584033100517, 358.94822695601033, 358.94822695601033, 358.9225271230098, 358.9225271230098, 358.8631946230016, 358.8631946230016, 358.84248466498684, 358.84248466498684, 358.77846441499423, 358.77846441499423, 358.75195145601174, 358.75195145601174, 358.7166385400051, 358.7166385400051, 358.6901122069976, 358.6901122069976, 358.6547919989971, 358.6547919989971, 358.6323444150039, 358.6323444150039, 358.5964014150086, 358.5964014150086, 358.58533845699276, 358.58533845699276, 358.56699895701604, 358.56699895701604, 358.5504310410179, 358.5504310410179, 358.5219956660294, 358.5219956660294, 358.5035111660254, 358.5035111660254, 358.47427216602955, 358.47427216602955, 358.46395179102547, 358.46395179102547, 358.4506917070248, 358.4506917070248, 358.44808212300995], "a_moves_left": [39, 39, 38, 38, 37, 37, 36, 36, 35, 35, 34, 34, 33, 33, 32, 32, 31, 31, 30, 30, 29, 29, 28, 28, 27, 27, 26, 26, 25, 25, 24, 24, 23, 23, 22, 22, 21, 21, 20, 20, 19, 19, 18, 18, 17, 17, 16, 16, 15, 15, 14, 14, 13, 13, 12, 12, 11, 11, 10, 10, 9, 9, 8, 8, 7, 7, 6, 6, 5, 5, 4, 4, 3, 3, 2, 2, 1, 1, 0, 0], "b_moves_left": [40, 39, 39, 38, 38, 37, 37, 36, 36, 35, 35, 34, 34, 33, 33, 32, 32, 31, 31, 30, 30, 29, 29, 28, 28, 27, 27, 26, 26, 25, 25, 24, 24, 23, 23, 22, 22, 21, 21, 20, 20, 19, 19, 18, 18, 17, 17, 16, 16, 15, 15, 14, 14, 13, 13, 12, 12, 11, 11, 10, 10, 9, 9, 8, 8, 7, 7, 6, 6, 5, 5, 4, 4, 3, 3, 2, 2, 1, 1, 0], "trapdoor_triggered": [0, 0, 0, 0, 0, 0, 0, 0, 0, 0, 0, 0, 0, 0, 0, 0, 0, 0, 0, 0, 0, 0, 0, 0, 0, 0, 0, 0, 0, 0, 0, 0, 0, 0, 0, 0, 0, 0, 0, 0, 0, 0, 0, 0, 0, 0, 0, 0, 0, 0, 0, 0, 0, 0, 0, 0, 0, 0, 0, 0, 0, 0, 0, 0, 0, 0, 0, 0, 0, 0, 0, 0, 0, 1, 0, 0, 0, 0, 0, 0], "left_behind": ["egg", "egg", "plain", "turd", "egg", "egg", "plain", "turd", "egg", "egg", "plain", "plain", "egg", "egg", "plain", "turd", "egg", "egg", "plain", "turd", "egg", "egg", "plain", "plain", "egg", "egg", "plain", "plain", "egg", "egg", "plain", "plain", "egg", "egg", "plain", "plain", "plain", "egg", "plain", "plain", "egg", "egg", "plain", "plain", "plain", "egg", "plain", "plain", "plain", "egg", "plain", "plain", "plain", "egg", "plain", "plain", "plain", "egg", "plain", "plain", "plain", "egg", "plain", "plain", "plain", "egg", "plain", "plain", "plain", "plain", "plain", "plain", "plain", "plain", "plain", "plain", "plain", "turd", "plain", "plain"], "errlog_a": "", "errlog_b": "", "start_time": 360, "start_moves": 40, "turn_count": 80, "result": 1, "reason": "EGGS_LAID", "trapdoors": [[4, 4], [5, 4]], "spawn_a": [0, 6], "spawn_b": [7, 6]}