{"pos": [[7, 2], [1, 1], [7, 3], [2, 1], [7, 2], [3, 1], [6, 2], [4, 1], [6, 3], [3, 1], [6, 4], [3, 2], [6, 5], [2, 2], [7, 5], [1, 2], [7, 6], [1, 3], [7, 7], [1, 4], [7, 6], [1, 5], [6, 6], [1, 6], [5, 6], [1, 5], [5, 7], [0, 5], [5, 6], [0, 4], [4, 6], [0, 3], [3, 6], [1, 3], [3, 5], [2, 3], [4, 5], [3, 3], [7, 1], [4, 3], [7, 0], [4, 2], [6, 0], [5, 2], [7, 0], [5, 3], [7, 1], [6, 3], [6, 1], [5, 3], [5, 1], [5, 4], [5, 0], [5, 3], [4, 0], [5, 2], [5, 0], [5, 3], [6, 0], [5, 2], [7, 0], [5, 3], [7, 1], [5, 2], [7, 0], [5, 3], [7, 1], [5, 2], [7, 0], [5, 3], [7, 1], [5, 2], [7, 0], [5, 3], [7, 1], [5, 2], [7, 0], [5, 3], [7, 1], [5, 2]], "a_eggs_laid": [1, 1, 1, 1, 2, 2, 2, 2, 3, 3, 3, 3, 4, 4, 4, 4, 5, 5, 5, 5, 8, 8, 8, 8, 9, 9, 9, 9, 10, 10, 10, 10, 11, 11, 11, 11, 12, 12, 12, 12, 12, 12, 12, 12, 13, 13, 13, 13, 13, 13, 13, 13, 14, 14, 14, 14, 15, 15, 15, 15, 15, 15, 15, 15, 15, 15, 15, 15, 15, 15, 15, 15, 15, 15, 15, 15, 15, 15, 15, 15], "b_eggs_laid": [0, 1, 1, 1, 1, 2, 2, 2, 2, 3, 3, 3, 3, 4, 4, 4, 4, 5, 5, 5, 5, 6, 6, 6, 6, 7, 7, 7, 7, 8, 8, 8, 8, 9, 9, 9, 9, 10, 10, 14, 14, 15, 15, 15, 15, 16, 16, 16, 16, 17, 17, 17, 17, 18, 18, 18, 18, 18, 18, 18, 18, 18, 18, 18, 18, 18, 18, 18, 18, 18, 18, 18, 18, 18, 18, 18, 18, 18, 18, 18], "a_turds_left": [5, 5, 5, 5, 5, 5, 5, 5, 5, 5, 5, 5, 5, 5, 5, 5, 5, 5, 5, 5, 5, 5, 5, 5, 5, 5, 5, 5, 5, 5, 5, 5, 5, 5, 5, 5, 5, 5, 5, 5, 5, 5, 5, 5, 5, 5, 5, 5, 5, 5, 5, 5, 5, 5, 5, 5, 5, 5, 5, 5, 5, 5, 5, 5, 5, 5, 5, 5, 5, 5, 5, 5, 5, 5, 5, 5, 5, 5, 5, 5], "b_turds_left": [5, 5, 5, 4, 4, 4, 4, 3, 3, 3, 3, 3, 3, 3, 3, 2, 2, 2, 2, 1, 1, 1, 1, 1, 1, 1, 1, 1, 1, 1, 1, 1, 1, 1, 1, 1, 1, 1, 1, 1, 1, 1, 1, 0, 0, 0, 0, 0, 0, 0, 0, 0, 0, 0, 0, 0, 0, 0, 0, 0, 0, 0, 0, 0, 0, 0, 0, 0, 0, 0, 0, 0, 0, 0, 0, 0, 0, 0, 0, 0], "a_time_left": [359.9670801250031, 359.9670801250031, 359.9387195830059, 359.9387195830059, 359.90707949901116, 359.90707949901116, 359.8888324990112, 359.8888324990112, 359.8512003320211, 359.8512003320211, 359.83426924902597, 359.83426924902597, 359.7910893330409, 359.7910893330409, 359.76251887503895, 359.76251887503895, 359.731937500037, 359.731937500037, 359.71378695903695, 359.71378695903695, 359.6956321670441, 359.6956321670441, 359.6790516260371, 359.6790516260371, 359.6429073760519, 359.6429073760519, 359.61234058404807, 359.61234058404807, 359.58942058403045, 359.58942058403045, 359.5738145840296, 359.5738145840296, 359.5454926250386, 359.5454926250386, 359.527281125047, 359.527281125047, 359.4851183750434, 359.4851183750434, 359.462289875024, 359.462289875024, 359.4538809580263, 359.4538809580263, 359.4424727920268, 359.4424727920268, 359.4311192080204, 359.4311192080204, 359.4262446240173, 359.4262446240173, 359.42411249902216, 359.42411249902216, 359.41500920802355, 359.41500920802355, 359.40519066600245, 359.40519066600245, 359.3987809160026, 359.3987809160026, 359.3966738739982, 359.3966738739982, 359.390994581976, 359.390994581976, 359.38888579097693, 359.38888579097693, 359.3836646239797, 359.3836646239797, 359.3814402069838, 359.3814402069838, 359.3759420819697, 359.3759420819697, 359.3737722069782, 359.3737722069782, 359.36883158198907, 359.36883158198907, 359.3667518319853, 359.3667518319853, 359.36153395698057, 359.36153395698057, 359.35920283198357, 359.35920283198357, 359.3576322069857, 359.3576322069857], "b_time_left": [360, 359.9535615829809, 359.9535615829809, 359.91874766597175, 359.91874766597175, 359.8842418739805, 359.8842418739805, 359.8566729569866, 359.8566729569866, 359.81495928997174, 359.81495928997174, 359.80132283095736, 359.80132283095736, 359.75085083095473, 359.75085083095473, 359.72521191395936, 359.72521191395936, 359.69299083095393, 359.69299083095393, 359.67697945595137, 359.67697945595137, 359.6473845389555, 359.6473845389555, 359.6227239559521, 359.6227239559521, 359.57815333094914, 359.57815333094914, 359.5598359979631, 359.5598359979631, 359.4849626229843, 359.4849626229843, 359.46797537297243, 359.46797537297243, 359.4413899559586, 359.4413899559586, 359.42739999794867, 359.42739999794867, 359.3918641229393, 359.3918641229393, 359.3779329559475, 359.3779329559475, 359.3590120389417, 359.3590120389417, 359.3393288309453, 359.3393288309453, 359.331975080946, 359.331975080946, 359.3274593729584, 359.3274593729584, 359.3227903729712, 359.3227903729712, 359.3174073319824, 359.3174073319824, 359.3101011229737, 359.3101011229737, 359.3071033729648, 359.3071033729648, 359.3035962889844, 359.3035962889844, 359.3003212889889, 359.3003212889889, 359.2970991219918, 359.2970991219918, 359.2933622470009, 359.2933622470009, 359.29003016400384, 359.29003016400384, 359.2863340390031, 359.2863340390031, 359.2829445810057, 359.2829445810057, 359.2791734150087, 359.2791734150087, 359.2759674990084, 359.2759674990084, 359.27214887400623, 359.27214887400623, 359.27063374899444, 359.27063374899444, 359.27014887399855], "a_moves_left": [39, 39, 38, 38, 37, 37, 36, 36, 35, 35, 34, 34, 33, 33, 32, 32, 31, 31, 30, 30, 29, 29, 28, 28, 27, 27, 26, 26, 25, 25, 24, 24, 23, 23, 22, 22, 21, 21, 20, 20, 19, 19, 18, 18, 17, 17, 16, 16, 15, 15, 14, 14, 13, 13, 12, 12, 11, 11, 10, 10, 9, 9, 8, 8, 7, 7, 6, 6, 5, 5, 4, 4, 3, 3, 2, 2, 1, 1, 0, 0], "b_moves_left": [40, 39, 39, 38, 38, 37, 37, 36, 36, 35, 35, 34, 34, 33, 33, 32, 32, 31, 31, 30, 30, 29, 29, 28, 28, 27, 27, 26, 26, 25, 25, 24, 24, 23, 23, 22, 22, 21, 21, 20, 20, 19, 19, 18, 18, 17, 17, 16, 16, 15, 15, 14, 14, 13, 13, 12, 12, 11, 11, 10, 10, 9, 9, 8, 8, 7, 7, 6, 6, 5, 5, 4, 4, 3, 3, 2, 2, 1, 1, 0], "trapdoor_triggered": [0, 0, 0, 0, 0, 0, 0, 0, 0, 0, 0, 0, 0, 0, 0, 0, 0, 0, 0, 0, 0, 0, 0, 0, 0, 0, 0, 0, 0, 0, 0, 0, 0, 0, 0, 0, 0, 0, 1, 0, 0, 0, 0, 0, 0, 0, 0, 0, 0, 0, 0, 0, 0, 0, 0, 0, 0, 0, 0, 0, 0, 0, 0, 0, 0, 0, 0, 0, 0, 0, 0, 0, 0, 0, 0, 0, 0, 0, 0, 0], "left_behind": ["egg", "egg", "plain", "turd", "egg", "egg", "plain", "turd", "egg", "egg", "plain", "plain", "egg", "egg", "plain", "turd", "egg", "egg", "plain", "turd", "egg", "egg", "plain", "plain", "egg", "egg", "plain", "plain", "egg", "egg", "plain", "plain", "egg", "egg", "plain", "plain", "egg", "egg", "plain", "plain", "plain", "egg", "plain", "turd", "egg", "egg", "plain", "plain", "plain", "egg", "plain", "plain", "egg", "egg", "plain", "plain", "egg", "plain", "plain", "plain", "plain", "plain", "plain", "plain", "plain", "plain", "plain", "plain", "plain", "plain", "plain", "plain", "plain", "plain", "plain", "plain", "plain", "plain", "plain", "plain"], "errlog_a": "", "errlog_b": "", "start_time": 360, "start_moves": 40, "turn_count": 80, "result": 1, "reason": "EGGS_LAID", "trapdoors": [[4, 4], [2, 5]], "spawn_a": [7, 1], "spawn_b": [0, 1]}