{"pos": [[0, 3], [6, 4], [0, 2], [6, 3], [0, 1], [5, 3], [0, 0], [7, 4], [1, 0], [6, 4], [2, 0], [5, 4], [3, 0], [4, 4], [4, 0], [4, 5], [5, 0], [3, 5], [6, 0], [2, 5], [6, 1], [1, 5], [7, 1], [0, 5], [6, 1], [1, 5], [6, 2], [1, 4], [6, 1], [1, 3], [5, 1], [2, 3], [4, 1], [2, 2], [3, 1], [3, 2], [2, 1], [2, 2], [1, 1], [1, 2], [1, 0], [2, 2], [2, 0], [2, 1], [3, 0], [2, 2], [4, 0], [3, 2], [5, 0], [7, 4], [6, 0], [7, 5], [6, 1], [7, 6], [6, 0], [6, 6], [6, 1], [5, 6], [6, 0], [4, 6], [6, 1], [3, 6], [6, 0], [2, 6], [6, 1], [2, 7], [6, 0], [2, 6], [6, 1], [1, 6], [6, 0], [1, 7], [6, 1], [0, 7], [6, 0], [0, 6], [6, 1], [0, 5], [6, 0], [1, 5]], "a_eggs_laid": [1, 1, 1, 1, 2, 2, 2, 2, 9, 9, 9, 9, 10, 10, 10, 10, 11, 11, 11, 11, 12, 12, 12, 12, 13, 13, 13, 13, 14, 14, 14, 14, 15, 15, 15, 15, 16, 16, 16, 16, 17, 17, 17, 17, 17, 17, 17, 17, 17, 17, 21, 21, 21, 21, 21, 21, 21, 21, 21, 21, 21, 21, 21, 21, 21, 21, 21, 21, 21, 21, 21, 21, 21, 21, 21, 21, 21, 21, 21, 21], "b_eggs_laid": [0, 1, 1, 1, 1, 2, 2, 2, 2, 2, 2, 2, 2, 3, 3, 3, 3, 4, 4, 4, 4, 5, 5, 5, 5, 6, 6, 6, 6, 7, 7, 7, 7, 8, 8, 8, 8, 9, 9, 9, 9, 10, 10, 10, 10, 11, 11, 11, 11, 11, 11, 11, 11, 11, 11, 12, 12, 12, 12, 13, 13, 13, 13, 14, 14, 14, 14, 15, 15, 15, 15, 16, 16, 16, 16, 19, 19, 19, 19, 19], "a_turds_left": [5, 5, 5, 5, 5, 5, 5, 5, 5, 5, 5, 5, 5, 5, 5, 5, 5, 5, 5, 5, 5, 5, 5, 5, 5, 5, 5, 5, 5, 5, 5, 5, 5, 5, 5, 5, 5, 5, 5, 5, 5, 5, 5, 5, 5, 5, 5, 5, 5, 5, 5, 5, 5, 5, 5, 5, 5, 5, 5, 5, 5, 5, 5, 5, 5, 5, 5, 5, 5, 5, 5, 5, 5, 5, 5, 5, 5, 5, 5, 5], "b_turds_left": [5, 5, 5, 5, 5, 5, 5, 5, 5, 5, 5, 4, 4, 4, 4, 3, 3, 3, 3, 2, 2, 2, 2, 2, 2, 2, 2, 1, 1, 1, 1, 1, 1, 1, 1, 1, 1, 1, 1, 1, 1, 1, 1, 1, 1, 1, 1, 1, 1, 1, 1, 1, 1, 1, 1, 1, 1, 1, 1, 1, 1, 1, 1, 1, 1, 1, 1, 1, 1, 1, 1, 1, 1, 1, 1, 1, 1, 0, 0, 0], "a_time_left": [359.95309341698885, 359.95309341698885, 359.91803491697647, 359.91803491697647, 359.8721084589779, 359.8721084589779, 359.8393762089836, 359.8393762089836, 359.82387254200876, 359.82387254200876, 359.79037504200824, 359.79037504200824, 359.7362847510085, 359.7362847510085, 359.7053617920319, 359.7053617920319, 359.65795416702167, 359.65795416702167, 359.6265041670413, 359.6265041670413, 359.58074570904137, 359.58074570904137, 359.53762845904566, 359.53762845904566, 359.5120482510538, 359.5120482510538, 359.472291460057, 359.472291460057, 359.4469784180401, 359.4469784180401, 359.41348141801427, 359.41348141801427, 359.36296745899017, 359.36296745899017, 359.3285665839794, 359.3285665839794, 359.3029317089822, 359.3029317089822, 359.2904908749915, 359.2904908749915, 359.2729947500047, 359.2729947500047, 359.2536213749845, 359.2536213749845, 359.2501702499867, 359.2501702499867, 359.2296232919907, 359.2296232919907, 359.222968416987, 359.222968416987, 359.21234058297705, 359.21234058297705, 359.19953258297755, 359.19953258297755, 359.17047924897633, 359.17047924897633, 359.15901862399187, 359.15901862399187, 359.1204702909745, 359.1204702909745, 359.10475224998663, 359.10475224998663, 359.0654700830055, 359.0654700830055, 359.04972279199865, 359.04972279199865, 359.0195299590123, 359.0195299590123, 359.00581066700397, 359.00581066700397, 358.96766591700725, 358.96766591700725, 358.95714479198796, 358.95714479198796, 358.93678162497235, 358.93678162497235, 358.92597683297936, 358.92597683297936, 358.9224312079896, 358.9224312079896], "b_time_left": [360, 359.9520167919982, 359.9520167919982, 359.8987761249882, 359.8987761249882, 359.84397720798734, 359.84397720798734, 359.80942349898396, 359.80942349898396, 359.7680360399827, 359.7680360399827, 359.7179985399707, 359.7179985399707, 359.66699916496873, 359.66699916496873, 359.6200082479627, 359.6200082479627, 359.56963324794197, 359.56963324794197, 359.52280387294013, 359.52280387294013, 359.4541594979528, 359.4541594979528, 359.411385831947, 359.411385831947, 359.3763838739542, 359.3763838739542, 359.3401049989334, 359.3401049989334, 359.296604248957, 359.296604248957, 359.25794695696095, 359.25794695696095, 359.1943261649576, 359.1943261649576, 359.16297016493627, 359.16297016493627, 359.1233688739594, 359.1233688739594, 359.0995334989566, 359.0995334989566, 359.07969649895676, 359.07969649895676, 359.0548021659488, 359.0548021659488, 359.0461434999597, 359.0461434999597, 359.020948957972, 359.020948957972, 358.98225279097096, 358.98225279097096, 358.96406058294815, 358.96406058294815, 358.912044623954, 358.912044623954, 358.8916497489554, 358.8916497489554, 358.8196678739623, 358.8196678739623, 358.78833791497163, 358.78833791497163, 358.7218432899681, 358.7218432899681, 358.69378474896075, 358.69378474896075, 358.6300465409586, 358.6300465409586, 358.60824933197, 358.60824933197, 358.5461094149796, 358.5461094149796, 358.5203008739627, 358.5203008739627, 358.4765756239649, 358.4765756239649, 358.46372399895336, 358.46372399895336, 358.43979462393327, 358.43979462393327, 358.43936362394015], "a_moves_left": [39, 39, 38, 38, 37, 37, 36, 36, 35, 35, 34, 34, 33, 33, 32, 32, 31, 31, 30, 30, 29, 29, 28, 28, 27, 27, 26, 26, 25, 25, 24, 24, 23, 23, 22, 22, 21, 21, 20, 20, 19, 19, 18, 18, 17, 17, 16, 16, 15, 15, 14, 14, 13, 13, 12, 12, 11, 11, 10, 10, 9, 9, 8, 8, 7, 7, 6, 6, 5, 5, 4, 4, 3, 3, 2, 2, 1, 1, 0, 0], "b_moves_left": [40, 39, 39, 38, 38, 37, 37, 36, 36, 35, 35, 34, 34, 33, 33, 32, 32, 31, 31, 30, 30, 29, 29, 28, 28, 27, 27, 26, 26, 25, 25, 24, 24, 23, 23, 22, 22, 21, 21, 20, 20, 19, 19, 18, 18, 17, 17, 16, 16, 15, 15, 14, 14, 13, 13, 12, 12, 11, 11, 10, 10, 9, 9, 8, 8, 7, 7, 6, 6, 5, 5, 4, 4, 3, 3, 2, 2, 1, 1, 0], "trapdoor_triggered": [0, 0, 0, 0, 0, 0, 0, 1, 0, 0, 0, 0, 0, 0, 0, 0, 0, 0, 0, 0, 0, 0, 0, 0, 0, 0, 0, 0, 0, 0, 0, 0, 0, 0, 0, 0, 0, 0, 0, 0, 0, 0, 0, 0, 0, 0, 0, 0, 0, 1, 0, 0, 0, 0, 0, 0, 0, 0, 0, 0, 0, 0, 0, 0, 0, 0, 0, 0, 0, 0, 0, 0, 0, 0, 0, 0, 0, 0, 0, 0], "left_behind": ["egg", "egg", "plain", "plain", "egg", "egg", "plain", "plain", "egg", "plain", "plain", "turd", "egg", "egg", "plain", "turd", "egg", "egg", "plain", "turd", "egg", "egg", "plain", "plain", "egg", "egg", "plain", "turd", "egg", "egg", "plain", "plain", "egg", "egg", "plain", "plain", "egg", "egg", "plain", "plain", "egg", "egg", "plain", "plain", "plain", "egg", "plain", "plain", "plain", "plain", "plain", "plain", "plain", "plain", "plain", "egg", "plain", "plain", "plain", "egg", "plain", "plain", "plain", "egg", "plain", "plain", "plain", "egg", "plain", "plain", "plain", "egg", "plain", "plain", "plain", "egg", "plain", "turd", "plain", "plain"], "errlog_a": "", "errlog_b": "", "start_time": 360, "start_moves": 40, "turn_count": 80, "result": 0, "reason": "EGGS_LAID", "trapdoors": [[3, 3], [5, 2]], "spawn_a": [0, 4], "spawn_b": [7, 4]}