{"pos": [[0, 3], [6, 4], [0, 2], [6, 3], [0, 1], [5, 3], [0, 0], [5, 2], [1, 0], [5, 1], [2, 0], [4, 1], [2, 1], [3, 1], [2, 2], [2, 1], [1, 2], [3, 1], [1, 1], [3, 2], [1, 2], [4, 2], [1, 3], [4, 3], [1, 4], [5, 3], [1, 5], [5, 4], [1, 6], [5, 5], [2, 6], [4, 5], [0, 4], [4, 6], [1, 4], [4, 7], [2, 4], [4, 6], [3, 4], [3, 6], [0, 4], [4, 6], [0, 5], [5, 6], [0, 6], [5, 5], [1, 6], [6, 5], [1, 7], [7, 5], [1, 6], [7, 6], [1, 5], [7, 7], [1, 4], [6, 7], [1, 3], [6, 6], [2, 3], [6, 5], [3, 3], [6, 4], [3, 4], [6, 3], [4, 4], [6, 2], [3, 4], [6, 1], [3, 3], [6, 0], [3, 4], [7, 0], [3, 3], [6, 0], [3, 4], [5, 0], [3, 3], [6, 0], [3, 4], [7, 0]], "a_eggs_laid": [1, 1, 1, 1, 2, 2, 2, 2, 5, 5, 5, 5, 6, 6, 6, 6, 7, 7, 7, 7, 8, 8, 8, 8, 9, 9, 9, 9, 10, 10, 10, 10, 11, 11, 11, 11, 11, 11, 12, 12, 12, 12, 12, 12, 12, 12, 13, 13, 13, 13, 14, 14, 14, 14, 14, 14, 14, 14, 14, 14, 14, 14, 15, 15, 15, 15, 16, 16, 16, 16, 16, 16, 16, 16, 16, 16, 16, 16, 16, 16], "b_eggs_laid": [0, 1, 1, 1, 1, 2, 2, 2, 2, 3, 3, 3, 3, 4, 4, 4, 4, 5, 5, 5, 5, 6, 6, 6, 6, 7, 7, 7, 7, 8, 8, 8, 8, 13, 13, 13, 13, 14, 14, 14, 14, 19, 19, 19, 19, 20, 20, 20, 20, 21, 21, 21, 21, 22, 22, 22, 22, 23, 23, 23, 23, 23, 23, 23, 23, 23, 23, 23, 23, 24, 24, 24, 24, 27, 27, 27, 27, 28, 28, 28], "a_turds_left": [5, 5, 5, 5, 5, 5, 5, 5, 5, 5, 5, 5, 5, 5, 5, 5, 5, 5, 5, 5, 5, 5, 5, 5, 5, 5, 5, 5, 5, 5, 5, 5, 5, 5, 5, 5, 5, 5, 5, 5, 5, 5, 5, 5, 5, 5, 5, 5, 5, 5, 5, 5, 5, 5, 5, 5, 5, 5, 5, 5, 5, 5, 5, 5, 5, 5, 5, 5, 5, 5, 5, 5, 5, 5, 5, 5, 5, 5, 5, 5], "b_turds_left": [5, 5, 5, 4, 4, 4, 4, 3, 3, 3, 3, 2, 2, 2, 2, 1, 1, 1, 1, 1, 1, 1, 1, 1, 1, 1, 1, 1, 1, 1, 1, 1, 1, 1, 1, 1, 1, 1, 1, 1, 1, 1, 1, 1, 1, 1, 1, 1, 1, 1, 1, 1, 1, 1, 1, 1, 1, 1, 1, 1, 1, 1, 1, 1, 1, 1, 1, 1, 1, 1, 1, 1, 1, 1, 1, 1, 1, 1, 1, 0], "a_time_left": [359.9564788749849, 359.9564788749849, 359.9215554999828, 359.9215554999828, 359.8763002079795, 359.8763002079795, 359.84836020797957, 359.84836020797957, 359.8185149159981, 359.8185149159981, 359.78577816599864, 359.78577816599864, 359.73869237399776, 359.73869237399776, 359.7237519570044, 359.7237519570044, 359.7072542489914, 359.7072542489914, 359.6829788739851, 359.6829788739851, 359.6429726239876, 359.6429726239876, 359.60865162397386, 359.60865162397386, 359.54606041597435, 359.54606041597435, 359.5152922909765, 359.5152922909765, 359.442642873968, 359.442642873968, 359.39911241599475, 359.39911241599475, 359.3353070410085, 359.3353070410085, 359.3187957070186, 359.3187957070186, 359.28701183202793, 359.28701183202793, 359.2370092490455, 359.2370092490455, 359.21456987404963, 359.21456987404963, 359.20045358204516, 359.20045358204516, 359.1704672900378, 359.1704672900378, 359.1302224150277, 359.1302224150277, 359.0858719990065, 359.0858719990065, 359.053947790002, 359.053947790002, 359.0246683729929, 359.0246683729929, 359.0148457479954, 359.0148457479954, 358.98554678898654, 358.98554678898654, 358.96792149799876, 358.96792149799876, 358.9457068729971, 358.9457068729971, 358.926236831001, 358.926236831001, 358.91500891398755, 358.91500891398755, 358.9030014969758, 358.9030014969758, 358.87743978897925, 358.87743978897925, 358.86939320497913, 358.86939320497913, 358.8563197889889, 358.8563197889889, 358.84651949696126, 358.84651949696126, 358.82739228897844, 358.82739228897844, 358.825632121996, 358.825632121996], "b_time_left": [360, 359.9593763750163, 359.9593763750163, 359.91028141701827, 359.91028141701827, 359.8634014590061, 359.8634014590061, 359.83269662599196, 359.83269662599196, 359.78681429300923, 359.78681429300923, 359.7438080010179, 359.7438080010179, 359.6861472510209, 359.6861472510209, 359.6505001260375, 359.6505001260375, 359.63467958403635, 359.63467958403635, 359.6182107090426, 359.6182107090426, 359.5805795840279, 359.5805795840279, 359.5303987090301, 359.5303987090301, 359.4770955420099, 359.4770955420099, 359.4480126260023, 359.4480126260023, 359.3967534179974, 359.3967534179974, 359.35109945898876, 359.35109945898876, 359.31487133397604, 359.31487133397604, 359.2467307919869, 359.2467307919869, 359.2189192499791, 359.2189192499791, 359.16199004196096, 359.16199004196096, 359.1462618339574, 359.1462618339574, 359.0889021259791, 359.0889021259791, 359.0604708759638, 359.0604708759638, 358.99273345895926, 358.99273345895926, 358.97304033394903, 358.97304033394903, 358.9220636669488, 358.9220636669488, 358.8980868329527, 358.8980868329527, 358.8633180829638, 358.8633180829638, 358.8448189169576, 358.8448189169576, 358.7846159169567, 358.7846159169567, 358.7710362919606, 358.7710362919606, 358.73703820895753, 358.73703820895753, 358.72758795894333, 358.72758795894333, 358.6628143339476, 358.6628143339476, 358.64684124995256, 358.64684124995256, 358.6026891669608, 358.6026891669608, 358.5937531669624, 358.5937531669624, 358.54727687497507, 358.54727687497507, 358.5428119159769, 358.5428119159769, 358.5418287489738], "a_moves_left": [39, 39, 38, 38, 37, 37, 36, 36, 35, 35, 34, 34, 33, 33, 32, 32, 31, 31, 30, 30, 29, 29, 28, 28, 27, 27, 26, 26, 25, 25, 24, 24, 23, 23, 22, 22, 21, 21, 20, 20, 19, 19, 18, 18, 17, 17, 16, 16, 15, 15, 14, 14, 13, 13, 12, 12, 11, 11, 10, 10, 9, 9, 8, 8, 7, 7, 6, 6, 5, 5, 4, 4, 3, 3, 2, 2, 1, 1, 0, 0], "b_moves_left": [40, 39, 39, 38, 38, 37, 37, 36, 36, 35, 35, 34, 34, 33, 33, 32, 32, 31, 31, 30, 30, 29, 29, 28, 28, 27, 27, 26, 26, 25, 25, 24, 24, 23, 23, 22, 22, 21, 21, 20, 20, 19, 19, 18, 18, 17, 17, 16, 16, 15, 15, 14, 14, 13, 13, 12, 12, 11, 11, 10, 10, 9, 9, 8, 8, 7, 7, 6, 6, 5, 5, 4, 4, 3, 3, 2, 2, 1, 1, 0], "trapdoor_triggered": [0, 0, 0, 0, 0, 0, 0, 0, 0, 0, 0, 0, 0, 0, 0, 0, 0, 0, 0, 0, 0, 0, 0, 0, 0, 0, 0, 0, 0, 0, 0, 0, 1, 0, 0, 0, 0, 0, 0, 0, 1, 0, 0, 0, 0, 0, 0, 0, 0, 0, 0, 0, 0, 0, 0, 0, 0, 0, 0, 0, 0, 0, 0, 0, 0, 0, 0, 0, 0, 0, 0, 0, 0, 0, 0, 0, 0, 0, 0, 0], "left_behind": ["egg", "egg", "plain", "turd", "egg", "egg", "plain", "turd", "egg", "egg", "plain", "turd", "egg", "egg", "plain", "turd", "egg", "egg", "plain", "plain", "egg", "egg", "plain", "plain", "egg", "egg", "plain", "plain", "egg", "egg", "plain", "plain", "egg", "egg", "plain", "plain", "plain", "egg", "egg", "plain", "plain", "egg", "plain", "plain", "plain", "egg", "egg", "plain", "plain", "egg", "egg", "plain", "plain", "egg", "plain", "plain", "plain", "egg", "plain", "plain", "plain", "plain", "egg", "plain", "plain", "plain", "egg", "plain", "plain", "egg", "plain", "plain", "plain", "egg", "plain", "plain", "plain", "egg", "plain", "turd"], "errlog_a": "", "errlog_b": "", "start_time": 360, "start_moves": 40, "turn_count": 80, "result": 1, "reason": "EGGS_LAID", "trapdoors": [[3, 5], [2, 5]], "spawn_a": [0, 4], "spawn_b": [7, 4]}