{"pos": [[7, 2], [0, 2], [7, 1], [0, 1], [7, 2], [1, 1], [6, 2], [2, 1], [6, 1], [3, 1], [6, 0], [4, 1], [6, 1], [4, 2], [5, 1], [5, 2], [5, 0], [4, 2], [4, 0], [4, 3], [5, 0], [4, 2], [6, 0], [3, 2], [7, 0], [0, 3], [7, 1], [0, 2], [7, 0], [1, 2], [7, 1], [1, 3], [7, 0], [1, 4], [7, 1], [1, 5], [7, 0], [1, 6], [7, 1], [2, 6], [7, 0], [3, 6], [7, 1], [3, 5], [7, 0], [3, 4], [7, 1], [3, 3], [7, 0], [2, 3], [7, 1], [2, 4], [7, 0], [2, 5], [7, 1], [2, 6], [7, 0], [2, 7], [7, 1], [3, 7], [7, 0], [4, 7], [7, 1], [4, 6], [7, 0], [5, 6], [7, 1], [5, 5], [7, 0], [5, 4], [7, 1], [6, 4], [7, 0], [6, 3], [7, 1], [6, 4], [7, 0], [6, 3], [7, 1], [6, 4]], "a_eggs_laid": [1, 1, 1, 1, 2, 2, 2, 2, 3, 3, 3, 3, 4, 4, 4, 4, 5, 5, 5, 5, 6, 6, 6, 6, 6, 6, 10, 10, 10, 10, 10, 10, 10, 10, 10, 10, 10, 10, 10, 10, 10, 10, 10, 10, 10, 10, 10, 10, 10, 10, 10, 10, 10, 10, 10, 10, 10, 10, 10, 10, 10, 10, 10, 10, 10, 10, 10, 10, 10, 10, 10, 10, 10, 10, 10, 10, 10, 10, 10, 10], "b_eggs_laid": [0, 1, 1, 1, 1, 2, 2, 2, 2, 3, 3, 3, 3, 4, 4, 4, 4, 5, 5, 5, 5, 6, 6, 6, 6, 7, 7, 7, 7, 7, 7, 8, 8, 8, 8, 9, 9, 9, 9, 10, 10, 10, 10, 11, 11, 11, 11, 12, 12, 12, 12, 13, 13, 13, 13, 14, 14, 14, 14, 15, 15, 15, 15, 16, 16, 16, 16, 17, 17, 17, 17, 18, 18, 18, 18, 19, 19, 19, 19, 19], "a_turds_left": [5, 5, 5, 5, 5, 5, 5, 5, 5, 5, 5, 5, 5, 5, 5, 5, 5, 5, 5, 5, 5, 5, 5, 5, 5, 5, 5, 5, 5, 5, 5, 5, 5, 5, 5, 5, 5, 5, 5, 5, 5, 5, 5, 5, 5, 5, 5, 5, 5, 5, 5, 5, 5, 5, 5, 5, 5, 5, 5, 5, 5, 5, 5, 5, 5, 5, 5, 5, 5, 5, 5, 5, 5, 5, 5, 5, 5, 5, 5, 5], "b_turds_left": [5, 5, 5, 4, 4, 4, 4, 3, 3, 3, 3, 2, 2, 2, 2, 1, 1, 1, 1, 1, 1, 1, 1, 1, 1, 1, 1, 1, 1, 1, 1, 1, 1, 1, 1, 1, 1, 1, 1, 1, 1, 1, 1, 1, 1, 1, 1, 1, 1, 1, 1, 1, 1, 1, 1, 1, 1, 1, 1, 1, 1, 1, 1, 1, 1, 1, 1, 1, 1, 1, 1, 1, 1, 1, 1, 1, 1, 0, 0, 0], "a_time_left": [359.95009170798585, 359.95009170798585, 359.92824533299427, 359.92824533299427, 359.90389895800035, 359.90389895800035, 359.885391541, 359.885391541, 359.84417550000944, 359.84417550000944, 359.8194829169952, 359.8194829169952, 359.79576358399936, 359.79576358399936, 359.7729515429819, 359.7729515429819, 359.7660572519817, 359.7660572519817, 359.7587933350005, 359.7587933350005, 359.75099108499126, 359.75099108499126, 359.7445056269935, 359.7445056269935, 359.7355618769943, 359.7355618769943, 359.73134183499496, 359.73134183499496, 359.72636387698003, 359.72636387698003, 359.71453150198795, 359.71453150198795, 359.7072047929978, 359.7072047929978, 359.69438650098164, 359.69438650098164, 359.68691179296, 359.68691179296, 359.6761590849783, 359.6761590849783, 359.66961254298803, 359.66961254298803, 359.6588224179868, 359.6588224179868, 359.6514749179769, 359.6514749179769, 359.64036025098176, 359.64036025098176, 359.6329901259742, 359.6329901259742, 359.62188170899753, 359.62188170899753, 359.6145191679825, 359.6145191679825, 359.6028937519877, 359.6028937519877, 359.5956514189893, 359.5956514189893, 359.58754537798814, 359.58754537798814, 359.5816562109976, 359.5816562109976, 359.57353037799476, 359.57353037799476, 359.56720642000437, 359.56720642000437, 359.55597496201517, 359.55597496201517, 359.54987787801656, 359.54987787801656, 359.53886583601707, 359.53886583601707, 359.5314795030281, 359.5314795030281, 359.52546792002977, 359.52546792002977, 359.5177687110263, 359.5177687110263, 359.51675983602763, 359.51675983602763], "b_time_left": [360, 359.96789041601005, 359.96789041601005, 359.93220691601164, 359.93220691601164, 359.91232916602166, 359.91232916602166, 359.88563591599814, 359.88563591599814, 359.85014424900874, 359.85014424900874, 359.8255330820102, 359.8255330820102, 359.78769541499787, 359.78769541499787, 359.7676907060086, 359.7676907060086, 359.75339653901756, 359.75339653901756, 359.74907503899885, 359.74907503899885, 359.7168599970173, 359.7168599970173, 359.71163266402436, 359.71163266402436, 359.68855549703585, 359.68855549703585, 359.68354645502404, 359.68354645502404, 359.6785584130266, 359.6785584130266, 359.66561582902796, 359.66561582902796, 359.65379228803795, 359.65379228803795, 359.6307297470339, 359.6307297470339, 359.6184730810346, 359.6184730810346, 359.59842637204565, 359.59842637204565, 359.58686387204216, 359.58686387204216, 359.56568903903826, 359.56568903903826, 359.5534571230528, 359.5534571230528, 359.53033054005937, 359.53033054005937, 359.5190360820561, 359.5190360820561, 359.5023247070494, 359.5023247070494, 359.49178408205626, 359.49178408205626, 359.4694835820701, 359.4694835820701, 359.45938966507674, 359.45938966507674, 359.4448599150637, 359.4448599150637, 359.43769245705334, 359.43769245705334, 359.4233167480561, 359.4233167480561, 359.41223241505213, 359.41223241505213, 359.3909482070594, 359.3909482070594, 359.3773658320715, 359.3773658320715, 359.3553921650455, 359.3553921650455, 359.34465429003467, 359.34465429003467, 359.3341673320392, 359.3341673320392, 359.32715520705096, 359.32715520705096, 359.3269207070407], "a_moves_left": [39, 39, 38, 38, 37, 37, 36, 36, 35, 35, 34, 34, 33, 33, 32, 32, 31, 31, 30, 30, 29, 29, 28, 28, 27, 27, 26, 26, 25, 25, 24, 24, 23, 23, 22, 22, 21, 21, 20, 20, 19, 19, 18, 18, 17, 17, 16, 16, 15, 15, 14, 14, 13, 13, 12, 12, 11, 11, 10, 10, 9, 9, 8, 8, 7, 7, 6, 6, 5, 5, 4, 4, 3, 3, 2, 2, 1, 1, 0, 0], "b_moves_left": [40, 39, 39, 38, 38, 37, 37, 36, 36, 35, 35, 34, 34, 33, 33, 32, 32, 31, 31, 30, 30, 29, 29, 28, 28, 27, 27, 26, 26, 25, 25, 24, 24, 23, 23, 22, 22, 21, 21, 20, 20, 19, 19, 18, 18, 17, 17, 16, 16, 15, 15, 14, 14, 13, 13, 12, 12, 11, 11, 10, 10, 9, 9, 8, 8, 7, 7, 6, 6, 5, 5, 4, 4, 3, 3, 2, 2, 1, 1, 0], "trapdoor_triggered": [0, 0, 0, 0, 0, 0, 0, 0, 0, 0, 0, 0, 0, 0, 0, 0, 0, 0, 0, 0, 0, 0, 0, 0, 0, 1, 0, 0, 0, 0, 0, 0, 0, 0, 0, 0, 0, 0, 0, 0, 0, 0, 0, 0, 0, 0, 0, 0, 0, 0, 0, 0, 0, 0, 0, 0, 0, 0, 0, 0, 0, 0, 0, 0, 0, 0, 0, 0, 0, 0, 0, 0, 0, 0, 0, 0, 0, 0, 0, 0], "left_behind": ["egg", "egg", "plain", "turd", "egg", "egg", "plain", "turd", "egg", "egg", "plain", "turd", "egg", "egg", "plain", "turd", "egg", "egg", "plain", "plain", "egg", "egg", "plain", "plain", "plain", "egg", "plain", "plain", "plain", "plain", "plain", "egg", "plain", "plain", "plain", "egg", "plain", "plain", "plain", "egg", "plain", "plain", "plain", "egg", "plain", "plain", "plain", "egg", "plain", "plain", "plain", "egg", "plain", "plain", "plain", "egg", "plain", "plain", "plain", "egg", "plain", "plain", "plain", "egg", "plain", "plain", "plain", "egg", "plain", "plain", "plain", "egg", "plain", "plain", "plain", "egg", "plain", "turd", "plain", "plain"], "errlog_a": "", "errlog_b": "", "start_time": 360, "start_moves": 40, "turn_count": 80, "result": 1, "reason": "EGGS_LAID", "trapdoors": [[2, 2], [4, 5]], "spawn_a": [7, 3], "spawn_b": [0, 3]}