{"pos": [[0, 5], [7, 5], [0, 4], [7, 4], [0, 3], [7, 3], [0, 2], [6, 3], [0, 1], [6, 4], [0, 0], [5, 4], [1, 0], [5, 5], [2, 0], [5, 6], [3, 0], [5, 5], [4, 0], [4, 5], [5, 0], [4, 6], [6, 0], [4, 7], [6, 1], [4, 6], [7, 1], [3, 6], [6, 1], [7, 6], [6, 2], [7, 5], [6, 1], [6, 5], [5, 1], [6, 6], [4, 1], [6, 7], [4, 2], [6, 6], [4, 1], [5, 6], [3, 1], [5, 5], [2, 1], [4, 5], [2, 2], [4, 4], [2, 3], [3, 4], [3, 3], [2, 4], [2, 3], [1, 4], [2, 4], [1, 5], [2, 5], [0, 5], [2, 6], [1, 5], [1, 6], [1, 4], [1, 5], [1, 3], [1, 6], [1, 2], [1, 7], [1, 3], [1, 6], [2, 3], [1, 5], [1, 3], [2, 5], [0, 3], [2, 4], [1, 3], [2, 5], [1, 2], [2, 4], [1, 1]], "a_eggs_laid": [1, 1, 1, 1, 2, 2, 2, 2, 3, 3, 3, 3, 6, 6, 6, 6, 7, 7, 7, 7, 8, 8, 8, 8, 9, 9, 9, 9, 10, 10, 14, 14, 15, 15, 15, 15, 16, 16, 16, 16, 17, 17, 17, 17, 18, 18, 18, 18, 19, 19, 19, 19, 20, 20, 20, 20, 21, 21, 21, 21, 22, 22, 22, 22, 23, 23, 23, 23, 24, 24, 24, 24, 24, 24, 24, 24, 24, 24, 24, 24], "b_eggs_laid": [0, 1, 1, 1, 1, 2, 2, 2, 2, 3, 3, 3, 3, 4, 4, 4, 4, 5, 5, 5, 5, 6, 6, 6, 6, 7, 7, 7, 7, 8, 8, 8, 8, 8, 8, 9, 9, 9, 9, 10, 10, 10, 10, 10, 10, 10, 10, 10, 10, 10, 10, 11, 11, 11, 11, 12, 12, 12, 12, 13, 13, 13, 13, 13, 13, 13, 13, 14, 14, 14, 14, 15, 15, 15, 15, 16, 16, 16, 16, 16], "a_turds_left": [5, 5, 5, 5, 5, 5, 5, 5, 5, 5, 5, 5, 5, 5, 5, 5, 5, 5, 5, 5, 5, 5, 5, 5, 5, 5, 5, 5, 5, 5, 5, 5, 5, 5, 5, 5, 5, 5, 5, 5, 5, 5, 5, 5, 5, 5, 5, 5, 5, 5, 5, 5, 5, 5, 5, 5, 5, 5, 5, 5, 5, 5, 5, 5, 5, 5, 5, 5, 5, 5, 5, 5, 5, 5, 5, 5, 5, 5, 5, 5], "b_turds_left": [5, 5, 5, 4, 4, 4, 4, 3, 3, 3, 3, 2, 2, 2, 2, 1, 1, 1, 1, 1, 1, 1, 1, 1, 1, 1, 1, 1, 1, 1, 1, 1, 1, 1, 1, 1, 1, 1, 1, 1, 1, 1, 1, 1, 1, 1, 1, 1, 1, 1, 1, 1, 1, 1, 1, 1, 1, 1, 1, 1, 1, 1, 1, 1, 1, 1, 1, 1, 1, 1, 1, 1, 1, 1, 1, 1, 1, 0, 0, 0], "a_time_left": [359.95926316600526, 359.95926316600526, 359.92449291600497, 359.92449291600497, 359.8722573739942, 359.8722573739942, 359.8103561239841, 359.8103561239841, 359.74723229100346, 359.74723229100346, 359.7025475410046, 359.7025475410046, 359.661245041003, 359.661245041003, 359.62025795702357, 359.62025795702357, 359.56067766502383, 359.56067766502383, 359.5363950400206, 359.5363950400206, 359.4853634570318, 359.4853634570318, 359.4481105400191, 359.4481105400191, 359.4062332480098, 359.4062332480098, 359.35118745602085, 359.35118745602085, 359.31224170603673, 359.31224170603673, 359.28344578904216, 359.28344578904216, 359.25614899705397, 359.25614899705397, 359.20888091405504, 359.20888091405504, 359.12898637205944, 359.12898637205944, 359.08857899706345, 359.08857899706345, 359.0203720390564, 359.0203720390564, 358.9881150390429, 358.9881150390429, 358.93646962204366, 358.93646962204366, 358.90584091303754, 358.90584091303754, 358.8199602460372, 358.8199602460372, 358.78194737105514, 358.78194737105514, 358.737915121048, 358.737915121048, 358.7118677040271, 358.7118677040271, 358.68369941200945, 358.68369941200945, 358.6751385780226, 358.6751385780226, 358.64223928700085, 358.64223928700085, 358.6241682450054, 358.6241682450054, 358.5955220790056, 358.5955220790056, 358.5680764960125, 358.5680764960125, 358.53302578802686, 358.53302578802686, 358.5212502050272, 358.5212502050272, 358.5070956630225, 358.5070956630225, 358.4921002460178, 358.4921002460178, 358.48445545401773, 358.48445545401773, 358.4779543289915, 358.4779543289915], "b_time_left": [360, 359.9514512080059, 359.9514512080059, 359.9095237920119, 359.9095237920119, 359.8658829590131, 359.8658829590131, 359.83124266701634, 359.83124266701634, 359.7648621260014, 359.7648621260014, 359.72367570901406, 359.72367570901406, 359.66194916699897, 359.66194916699897, 359.6087223330105, 359.6087223330105, 359.55019374901894, 359.55019374901894, 359.51247562401113, 359.51247562401113, 359.4468813740241, 359.4468813740241, 359.4057585410483, 359.4057585410483, 359.3372234580456, 359.3372234580456, 359.2993827080354, 359.2993827080354, 359.2146189160412, 359.2146189160412, 359.1992982910306, 359.1992982910306, 359.17809104104526, 359.17809104104526, 359.10173837404, 359.10173837404, 359.05641641502734, 359.05641641502734, 359.00656629001605, 359.00656629001605, 358.96246674802387, 358.96246674802387, 358.92945049802074, 358.92945049802074, 358.901581832004, 358.901581832004, 358.87716354001896, 358.87716354001896, 358.8284283320245, 358.8284283320245, 358.80081945701386, 358.80081945701386, 358.7771979570098, 358.7771979570098, 358.7562538740167, 358.7562538740167, 358.7402753320348, 358.7402753320348, 358.7181002480502, 358.7181002480502, 358.70800712305936, 358.70800712305936, 358.70114966505207, 358.70114966505207, 358.66919008106925, 358.66919008106925, 358.6351509980741, 358.6351509980741, 358.6066152060812, 358.6066152060812, 358.60092966409866, 358.60092966409866, 358.5722945800808, 358.5722945800808, 358.56452387108584, 358.56452387108584, 358.54032774607185, 358.54032774607185, 358.538786371093], "a_moves_left": [39, 39, 38, 38, 37, 37, 36, 36, 35, 35, 34, 34, 33, 33, 32, 32, 31, 31, 30, 30, 29, 29, 28, 28, 27, 27, 26, 26, 25, 25, 24, 24, 23, 23, 22, 22, 21, 21, 20, 20, 19, 19, 18, 18, 17, 17, 16, 16, 15, 15, 14, 14, 13, 13, 12, 12, 11, 11, 10, 10, 9, 9, 8, 8, 7, 7, 6, 6, 5, 5, 4, 4, 3, 3, 2, 2, 1, 1, 0, 0], "b_moves_left": [40, 39, 39, 38, 38, 37, 37, 36, 36, 35, 35, 34, 34, 33, 33, 32, 32, 31, 31, 30, 30, 29, 29, 28, 28, 27, 27, 26, 26, 25, 25, 24, 24, 23, 23, 22, 22, 21, 21, 20, 20, 19, 19, 18, 18, 17, 17, 16, 16, 15, 15, 14, 14, 13, 13, 12, 12, 11, 11, 10, 10, 9, 9, 8, 8, 7, 7, 6, 6, 5, 5, 4, 4, 3, 3, 2, 2, 1, 1, 0], "trapdoor_triggered": [0, 0, 0, 0, 0, 0, 0, 0, 0, 0, 0, 0, 0, 0, 0, 0, 0, 0, 0, 0, 0, 0, 0, 0, 0, 0, 0, 0, 0, 1, 0, 0, 0, 0, 0, 0, 0, 0, 0, 0, 0, 0, 0, 0, 0, 0, 0, 0, 0, 0, 0, 0, 0, 0, 0, 0, 0, 0, 0, 0, 0, 0, 0, 0, 0, 0, 0, 0, 0, 0, 0, 0, 0, 0, 0, 0, 0, 0, 0, 0], "left_behind": ["egg", "egg", "plain", "turd", "egg", "egg", "plain", "turd", "egg", "egg", "plain", "turd", "egg", "egg", "plain", "turd", "egg", "egg", "plain", "plain", "egg", "egg", "plain", "plain", "egg", "egg", "plain", "plain", "egg", "egg", "plain", "plain", "egg", "plain", "plain", "egg", "egg", "plain", "plain", "egg", "egg", "plain", "plain", "plain", "egg", "plain", "plain", "plain", "egg", "plain", "plain", "egg", "egg", "plain", "plain", "egg", "egg", "plain", "plain", "egg", "egg", "plain", "plain", "plain", "egg", "plain", "plain", "egg", "egg", "plain", "plain", "egg", "plain", "plain", "plain", "egg", "plain", "turd", "plain", "plain"], "errlog_a": "", "errlog_b": "", "start_time": 360, "start_moves": 40, "turn_count": 80, "result": 0, "reason": "EGGS_LAID", "trapdoors": [[3, 5], [4, 3]], "spawn_a": [0, 6], "spawn_b": [7, 6]}