{"pos": [[0, 3], [7, 3], [0, 2], [7, 2], [0, 1], [7, 1], [0, 0], [7, 0], [1, 0], [7, 1], [2, 0], [6, 1], [3, 0], [6, 0], [4, 0], [5, 0], [4, 1], [6, 0], [4, 0], [5, 0], [3, 0], [5, 1], [4, 0], [4, 1], [3, 0], [5, 1], [4, 0], [4, 1], [3, 0], [3, 1], [4, 0], [2, 1], [3, 0], [2, 0], [4, 0], [1, 0], [3, 0], [2, 0], [4, 0], [1, 0], [3, 0], [1, 1], [4, 0], [0, 1], [3, 0], [1, 1], [4, 0], [0, 1], [3, 0], [0, 2], [4, 0], [0, 3], [3, 0], [0, 2], [4, 0], [0, 3], [3, 0], [0, 4], [4, 0], [0, 5], [3, 0], [0, 4], [4, 0], [0, 5], [3, 0], [0, 6], [4, 0], [0, 7], [3, 0], [0, 6], [4, 0], [0, 7], [3, 0], [1, 7], [4, 0], [2, 7], [3, 0], [2, 6], [4, 0], [2, 7]], "a_eggs_laid": [0, 0, 0, 0, 0, 0, 0, 0, 3, 3, 3, 3, 3, 3, 3, 3, 4, 4, 4, 4, 4, 4, 4, 4, 4, 4, 4, 4, 4, 4, 4, 4, 4, 4, 4, 4, 4, 4, 4, 4, 4, 4, 4, 4, 4, 4, 4, 4, 4, 4, 4, 4, 4, 4, 4, 4, 4, 4, 4, 4, 4, 4, 4, 4, 4, 4, 4, 4, 4, 4, 4, 4, 4, 4, 4, 4, 4, 4, 4, 4], "b_eggs_laid": [0, 1, 1, 1, 1, 2, 2, 2, 2, 5, 5, 5, 5, 6, 6, 6, 6, 7, 7, 7, 7, 7, 7, 7, 7, 8, 8, 8, 8, 8, 8, 8, 8, 9, 9, 9, 9, 10, 10, 10, 10, 10, 10, 10, 10, 11, 11, 11, 11, 11, 11, 11, 11, 12, 12, 12, 12, 12, 12, 12, 12, 13, 13, 13, 13, 13, 13, 13, 13, 16, 16, 16, 16, 16, 16, 16, 16, 17, 17, 17], "a_turds_left": [5, 5, 5, 5, 5, 5, 5, 5, 5, 5, 5, 5, 5, 5, 5, 5, 5, 5, 5, 5, 5, 5, 5, 5, 5, 5, 5, 5, 5, 5, 5, 5, 5, 5, 5, 5, 5, 5, 5, 5, 5, 5, 5, 5, 5, 5, 5, 5, 5, 5, 5, 5, 5, 5, 5, 5, 5, 5, 5, 5, 5, 5, 5, 5, 5, 5, 5, 5, 5, 5, 5, 5, 5, 5, 5, 5, 5, 5, 5, 5], "b_turds_left": [5, 5, 5, 5, 5, 5, 5, 5, 5, 5, 5, 5, 5, 5, 5, 5, 5, 5, 5, 5, 5, 5, 5, 5, 5, 5, 5, 5, 5, 5, 5, 5, 5, 5, 5, 5, 5, 5, 5, 5, 5, 5, 5, 5, 5, 5, 5, 5, 5, 5, 5, 5, 5, 5, 5, 5, 5, 5, 5, 5, 5, 5, 5, 5, 5, 5, 5, 5, 5, 5, 5, 5, 5, 5, 5, 5, 5, 5, 5, 5], "a_time_left": [359.0497645410069, 359.0497645410069, 358.0996681250108, 358.0996681250108, 357.14950487500755, 357.14950487500755, 356.1993511250039, 356.1993511250039, 355.24910333400476, 355.24910333400476, 354.2989591680089, 354.2989591680089, 353.3487407930079, 353.3487407930079, 352.3985023760033, 352.3985023760033, 351.448290543005, 351.448290543005, 350.49807933400734, 350.49807933400734, 349.5479287920025, 349.5479287920025, 348.5977633760049, 348.5977633760049, 347.6476374180056, 347.6476374180056, 346.69754212599946, 346.69754212599946, 345.74742537600105, 345.74742537600105, 344.79733316799684, 344.79733316799684, 343.84723012600443, 343.84723012600443, 342.8971364600002, 342.8971364600002, 341.9468989599991, 341.9468989599991, 340.99680037700455, 340.99680037700455, 340.0466790859937, 340.0466790859937, 339.0965198779886, 339.0965198779886, 338.1463597529946, 338.1463597529946, 337.19623337799567, 337.19623337799567, 336.24614716900396, 336.24614716900396, 335.29594116899534, 335.29594116899534, 334.3457720029837, 334.3457720029837, 333.39569875298184, 333.39569875298184, 332.4454804199777, 332.4454804199777, 331.4953204199701, 331.4953204199701, 330.5451436279691, 330.5451436279691, 329.5949489189661, 329.5949489189661, 328.6447718349664, 328.6447718349664, 327.6946652929619, 327.6946652929619, 326.74459408396797, 326.74459408396797, 325.7944579169707, 325.7944579169707, 324.84437512497243, 324.84437512497243, 323.89430324996647, 323.89430324996647, 323.85219062496617, 323.85219062496617, 323.8419507499784, 323.8419507499784], "b_time_left": [360, 359.9997864580073, 359.9997864580073, 359.99896341600106, 359.99896341600106, 359.99882412399165, 359.99882412399165, 359.9980859569914, 359.9980859569914, 359.9979649989982, 359.9979649989982, 359.99725358199794, 359.99725358199794, 359.99700066499645, 359.99700066499645, 359.9962824569957, 359.9962824569957, 359.9961552070017, 359.9961552070017, 359.9954282490071, 359.9954282490071, 359.99471754100523, 359.99471754100523, 359.99390833301004, 359.99390833301004, 359.993747792003, 359.993747792003, 359.9929995840066, 359.9929995840066, 359.9922725420038, 359.9922725420038, 359.99150733400893, 359.99150733400893, 359.9913712510024, 359.9913712510024, 359.9906011669955, 359.9906011669955, 359.9904757510085, 359.9904757510085, 359.9896865010087, 359.9896865010087, 359.988996376007, 359.988996376007, 359.9882646680053, 359.9882646680053, 359.9881389590155, 359.9881389590155, 359.9873724590143, 359.9873724590143, 359.98667929200747, 359.98667929200747, 359.98595525100245, 359.98595525100245, 359.98581358400406, 359.98581358400406, 359.98512345900235, 359.98512345900235, 359.98439400100324, 359.98439400100324, 359.9836688350042, 359.9836688350042, 359.98353395999584, 359.98353395999584, 359.9827987099852, 359.9827987099852, 359.9821197099809, 359.9821197099809, 359.9813424599706, 359.9813424599706, 359.98116416895937, 359.98116416895937, 359.9804381269496, 359.9804381269496, 359.9797215019498, 359.9797215019498, 359.97897004394326, 359.97897004394326, 359.97884404394426, 359.97884404394426, 359.9781394609454], "a_moves_left": [39, 39, 38, 38, 37, 37, 36, 36, 35, 35, 34, 34, 33, 33, 32, 32, 31, 31, 30, 30, 29, 29, 28, 28, 27, 27, 26, 26, 25, 25, 24, 24, 23, 23, 22, 22, 21, 21, 20, 20, 19, 19, 18, 18, 17, 17, 16, 16, 15, 15, 14, 14, 13, 13, 12, 12, 11, 11, 10, 10, 9, 9, 8, 8, 7, 7, 6, 6, 5, 5, 4, 4, 3, 3, 2, 2, 1, 1, 0, 0], "b_moves_left": [40, 39, 39, 38, 38, 37, 37, 36, 36, 35, 35, 34, 34, 33, 33, 32, 32, 31, 31, 30, 30, 29, 29, 28, 28, 27, 27, 26, 26, 25, 25, 24, 24, 23, 23, 22, 22, 21, 21, 20, 20, 19, 19, 18, 18, 17, 17, 16, 16, 15, 15, 14, 14, 13, 13, 12, 12, 11, 11, 10, 10, 9, 9, 8, 8, 7, 7, 6, 6, 5, 5, 4, 4, 3, 3, 2, 2, 1, 1, 0], "trapdoor_triggered": [0, 0, 0, 0, 0, 0, 0, 0, 0, 0, 0, 0, 0, 0, 0, 0, 0, 0, 0, 0, 0, 0, 0, 0, 0, 0, 0, 0, 0, 0, 0, 0, 0, 0, 0, 0, 0, 0, 0, 0, 0, 0, 0, 0, 0, 0, 0, 0, 0, 0, 0, 0, 0, 0, 0, 0, 0, 0, 0, 0, 0, 0, 0, 0, 0, 0, 0, 0, 0, 0, 0, 0, 0, 0, 0, 0, 0, 0, 0, 0], "left_behind": ["plain", "egg", "plain", "plain", "plain", "egg", "plain", "plain", "egg", "egg", "plain", "plain", "plain", "egg", "plain", "plain", "egg", "egg", "plain", "plain", "plain", "plain", "plain", "plain", "plain", "egg", "plain", "plain", "plain", "plain", "plain", "plain", "plain", "egg", "plain", "plain", "plain", "egg", "plain", "plain", "plain", "plain", "plain", "plain", "plain", "egg", "plain", "plain", "plain", "plain", "plain", "plain", "plain", "egg", "plain", "plain", "plain", "plain", "plain", "plain", "plain", "egg", "plain", "plain", "plain", "plain", "plain", "plain", "plain", "egg", "plain", "plain", "plain", "plain", "plain", "plain", "plain", "egg", "plain", "plain"], "errlog_a": "", "errlog_b": "", "start_time": 360, "start_moves": 40, "turn_count": 80, "result": 1, "reason": "EGGS_LAID", "trapdoors": [[5, 3], [4, 3]], "spawn_a": [0, 4], "spawn_b": [7, 4]}