{"pos": [[7, 2], [1, 1], [7, 3], [2, 1], [7, 2], [3, 1], [6, 2], [4, 1], [6, 3], [3, 1], [6, 4], [3, 2], [6, 5], [2, 2], [7, 5], [1, 2], [7, 6], [1, 3], [7, 7], [1, 4], [7, 6], [1, 5], [6, 6], [2, 5], [5, 6], [2, 6], [5, 7], [3, 6], [4, 7], [4, 6], [3, 7], [4, 7], [2, 7], [4, 6], [2, 6], [4, 5], [2, 7], [4, 4], [1, 7], [4, 3], [1, 6], [3, 3], [1, 5], [2, 3], [1, 6], [1, 3], [0, 6], [0, 3], [0, 5], [0, 2], [0, 4], [0, 1], [0, 5], [0, 0], [1, 5], [1, 0], [1, 6], [2, 0], [1, 5], [3, 0], [1, 6], [4, 0], [1, 5], [5, 0], [1, 6], [5, 1], [1, 5], [6, 1], [1, 6], [5, 1], [1, 5], [5, 2], [1, 6], [5, 3], [1, 5], [6, 3], [1, 6], [5, 3], [1, 5], [5, 2]], "a_eggs_laid": [1, 1, 1, 1, 2, 2, 2, 2, 3, 3, 3, 3, 4, 4, 4, 4, 5, 5, 5, 5, 8, 8, 8, 8, 9, 9, 9, 9, 10, 10, 10, 10, 11, 11, 11, 11, 12, 12, 12, 12, 13, 13, 13, 13, 14, 14, 14, 14, 15, 15, 15, 15, 16, 16, 16, 16, 16, 16, 16, 16, 16, 16, 16, 16, 16, 16, 16, 16, 16, 16, 16, 16, 16, 16, 16, 16, 16, 16, 16, 16], "b_eggs_laid": [0, 1, 1, 1, 1, 2, 2, 2, 2, 3, 3, 3, 3, 4, 4, 4, 4, 5, 5, 5, 5, 6, 6, 6, 6, 7, 7, 7, 7, 8, 8, 8, 8, 9, 9, 9, 9, 10, 10, 10, 10, 11, 11, 11, 11, 12, 12, 12, 12, 13, 13, 13, 13, 13, 13, 13, 13, 14, 14, 14, 14, 15, 15, 15, 15, 16, 16, 16, 16, 17, 17, 17, 17, 18, 18, 18, 18, 19, 19, 19], "a_turds_left": [5, 5, 5, 5, 5, 5, 5, 5, 5, 5, 5, 5, 5, 5, 5, 5, 5, 5, 5, 5, 5, 5, 5, 5, 5, 5, 5, 5, 5, 5, 5, 5, 5, 5, 5, 5, 5, 5, 5, 5, 5, 5, 5, 5, 5, 5, 5, 5, 5, 5, 5, 5, 5, 5, 5, 5, 5, 5, 5, 5, 5, 5, 5, 5, 5, 5, 5, 5, 5, 5, 5, 5, 5, 5, 5, 5, 5, 5, 5, 5], "b_turds_left": [5, 5, 5, 4, 4, 4, 4, 3, 3, 3, 3, 3, 3, 3, 3, 2, 2, 2, 2, 1, 1, 1, 1, 1, 1, 1, 1, 1, 1, 1, 1, 1, 1, 1, 1, 1, 1, 1, 1, 1, 1, 1, 1, 1, 1, 1, 1, 1, 1, 1, 1, 1, 1, 1, 1, 1, 1, 1, 1, 1, 1, 1, 1, 1, 1, 1, 1, 1, 1, 1, 1, 1, 1, 1, 1, 1, 1, 1, 1, 0], "a_time_left": [359.96974479200435, 359.96974479200435, 359.94277608400444, 359.94277608400444, 359.90284345898544, 359.90284345898544, 359.885024083982, 359.885024083982, 359.84765683396836, 359.84765683396836, 359.8308822919789, 359.8308822919789, 359.7876433749916, 359.7876433749916, 359.7598185839888, 359.7598185839888, 359.72983954299707, 359.72983954299707, 359.7118793349946, 359.7118793349946, 359.69368604398915, 359.69368604398915, 359.67836208600784, 359.67836208600784, 359.64256933602155, 359.64256933602155, 359.6191348360153, 359.6191348360153, 359.59482471100637, 359.59482471100637, 359.59097775199916, 359.59097775199916, 359.5882099189912, 359.5882099189912, 359.57542304397793, 359.57542304397793, 359.5575880439719, 359.5575880439719, 359.54587658599485, 359.54587658599485, 359.52070629401715, 359.52070629401715, 359.4992026690161, 359.4992026690161, 359.47850591901806, 359.47850591901806, 359.46618008601945, 359.46618008601945, 359.44845104502747, 359.44845104502747, 359.4392790030397, 359.4392790030397, 359.43556492004427, 359.43556492004427, 359.43013429504936, 359.43013429504936, 359.4261422120617, 359.4261422120617, 359.4153100870899, 359.4153100870899, 359.41102504509035, 359.41102504509035, 359.4002342540771, 359.4002342540771, 359.3954487130977, 359.3954487130977, 359.3800872550928, 359.3800872550928, 359.3762158390891, 359.3762158390891, 359.36171425608336, 359.36171425608336, 359.35700234008254, 359.35700234008254, 359.3424447570869, 359.3424447570869, 359.34036475708126, 359.34036475708126, 359.33569663210073, 359.33569663210073], "b_time_left": [360, 359.96413754098467, 359.96413754098467, 359.92705570699763, 359.92705570699763, 359.89475158200366, 359.89475158200366, 359.86647399901995, 359.86647399901995, 359.8252144569997, 359.8252144569997, 359.8117032489972, 359.8117032489972, 359.7591318320192, 359.7591318320192, 359.7342101240356, 359.7342101240356, 359.7022704160481, 359.7022704160481, 359.68567229105975, 359.68567229105975, 359.65623712405795, 359.65623712405795, 359.6316812900477, 359.6316812900477, 359.58129845705116, 359.58129845705116, 359.56182474805973, 359.56182474805973, 359.54486845605425, 359.54486845605425, 359.53667862305883, 359.53667862305883, 359.52969233106705, 359.52969233106705, 359.51704224804416, 359.51704224804416, 359.4884538320475, 359.4884538320475, 359.4690616650623, 359.4690616650623, 359.42631304005045, 359.42631304005045, 359.41193062305683, 359.41193062305683, 359.37397504004184, 359.37397504004184, 359.3638542070403, 359.3638542070403, 359.35083958203904, 359.35083958203904, 359.3465124150389, 359.3465124150389, 359.3401162070513, 359.3401162070513, 359.3369102490542, 359.3369102490542, 359.31485420803074, 359.31485420803074, 359.30992162504117, 359.30992162504117, 359.28539775003446, 359.28539775003446, 359.2804262920399, 359.2804262920399, 359.24951129202964, 359.24951129202964, 359.2431840420177, 359.2431840420177, 359.2208523339941, 359.2208523339941, 359.2147982919996, 359.2147982919996, 359.18131283301045, 359.18131283301045, 359.17526408299454, 359.17526408299454, 359.17034591699485, 359.17034591699485, 359.1696926250006], "a_moves_left": [39, 39, 38, 38, 37, 37, 36, 36, 35, 35, 34, 34, 33, 33, 32, 32, 31, 31, 30, 30, 29, 29, 28, 28, 27, 27, 26, 26, 25, 25, 24, 24, 23, 23, 22, 22, 21, 21, 20, 20, 19, 19, 18, 18, 17, 17, 16, 16, 15, 15, 14, 14, 13, 13, 12, 12, 11, 11, 10, 10, 9, 9, 8, 8, 7, 7, 6, 6, 5, 5, 4, 4, 3, 3, 2, 2, 1, 1, 0, 0], "b_moves_left": [40, 39, 39, 38, 38, 37, 37, 36, 36, 35, 35, 34, 34, 33, 33, 32, 32, 31, 31, 30, 30, 29, 29, 28, 28, 27, 27, 26, 26, 25, 25, 24, 24, 23, 23, 22, 22, 21, 21, 20, 20, 19, 19, 18, 18, 17, 17, 16, 16, 15, 15, 14, 14, 13, 13, 12, 12, 11, 11, 10, 10, 9, 9, 8, 8, 7, 7, 6, 6, 5, 5, 4, 4, 3, 3, 2, 2, 1, 1, 0], "trapdoor_triggered": [0, 0, 0, 0, 0, 0, 0, 0, 0, 0, 0, 0, 0, 0, 0, 0, 0, 0, 0, 0, 0, 0, 0, 0, 0, 0, 0, 0, 0, 0, 0, 0, 0, 0, 0, 0, 0, 0, 0, 0, 0, 0, 0, 0, 0, 0, 0, 0, 0, 0, 0, 0, 0, 0, 0, 0, 0, 0, 0, 0, 0, 0, 0, 0, 0, 0, 0, 0, 0, 0, 0, 0, 0, 0, 0, 0, 0, 0, 0, 0], "left_behind": ["egg", "egg", "plain", "turd", "egg", "egg", "plain", "turd", "egg", "egg", "plain", "plain", "egg", "egg", "plain", "turd", "egg", "egg", "plain", "turd", "egg", "egg", "plain", "plain", "egg", "egg", "plain", "plain", "egg", "egg", "plain", "plain", "egg", "egg", "plain", "plain", "egg", "egg", "plain", "plain", "egg", "egg", "plain", "plain", "egg", "egg", "plain", "plain", "egg", "egg", "plain", "plain", "egg", "plain", "plain", "plain", "plain", "egg", "plain", "plain", "plain", "egg", "plain", "plain", "plain", "egg", "plain", "plain", "plain", "egg", "plain", "plain", "plain", "egg", "plain", "plain", "plain", "egg", "plain", "turd"], "errlog_a": "", "errlog_b": "", "start_time": 360, "start_moves": 40, "turn_count": 80, "result": 1, "reason": "EGGS_LAID", "trapdoors": [[5, 5], [3, 4]], "spawn_a": [7, 1], "spawn_b": [0, 1]}