{"pos": [[7, 2], [0, 2], [7, 1], [0, 1], [7, 2], [1, 1], [6, 2], [2, 1], [6, 1], [3, 1], [6, 0], [4, 1], [6, 1], [4, 2], [5, 1], [3, 2], [5, 0], [2, 2], [4, 0], [1, 2], [5, 0], [1, 3], [6, 0], [1, 4], [7, 0], [1, 5], [7, 1], [2, 5], [7, 0], [2, 6], [7, 1], [3, 6], [7, 0], [4, 6], [7, 1], [4, 5], [7, 0], [4, 6], [7, 1], [5, 6], [7, 0], [6, 6], [7, 1], [6, 5], [7, 0], [6, 4], [7, 1], [6, 3], [7, 0], [6, 4], [7, 1], [7, 4], [7, 0], [6, 4], [7, 1], [5, 4], [7, 0], [4, 4], [7, 1], [3, 4], [7, 0], [3, 3], [7, 1], [2, 3], [7, 0], [2, 2], [7, 1], [2, 1], [7, 0], [2, 0], [7, 1], [3, 0], [7, 0], [2, 0], [7, 1], [1, 0], [7, 0], [2, 0], [7, 1], [3, 0]], "a_eggs_laid": [1, 1, 1, 1, 2, 2, 2, 2, 3, 3, 3, 3, 4, 4, 4, 4, 5, 5, 5, 5, 6, 6, 6, 6, 6, 6, 6, 6, 6, 6, 6, 6, 6, 6, 6, 6, 6, 6, 6, 6, 6, 6, 6, 6, 6, 6, 6, 6, 6, 6, 6, 6, 6, 6, 6, 6, 6, 6, 6, 6, 6, 6, 6, 6, 6, 6, 6, 6, 6, 6, 6, 6, 6, 6, 6, 6, 6, 6, 6, 6], "b_eggs_laid": [0, 1, 1, 1, 1, 2, 2, 2, 2, 3, 3, 3, 3, 4, 4, 4, 4, 5, 5, 5, 5, 6, 6, 6, 6, 7, 7, 7, 7, 8, 8, 8, 8, 9, 9, 9, 9, 10, 10, 10, 10, 11, 11, 11, 11, 12, 12, 12, 12, 13, 13, 13, 13, 14, 14, 14, 14, 15, 15, 15, 15, 16, 16, 16, 16, 17, 17, 17, 17, 17, 17, 17, 17, 18, 18, 18, 18, 19, 19, 19], "a_turds_left": [5, 5, 5, 5, 5, 5, 5, 5, 5, 5, 5, 5, 5, 5, 5, 5, 5, 5, 5, 5, 5, 5, 5, 5, 5, 5, 5, 5, 5, 5, 5, 5, 5, 5, 5, 5, 5, 5, 5, 5, 5, 5, 5, 5, 5, 5, 5, 5, 5, 5, 5, 5, 5, 5, 5, 5, 5, 5, 5, 5, 5, 5, 5, 5, 5, 5, 5, 5, 5, 5, 5, 5, 5, 5, 5, 5, 5, 5, 5, 5], "b_turds_left": [5, 5, 5, 4, 4, 4, 4, 3, 3, 3, 3, 2, 2, 2, 2, 1, 1, 1, 1, 1, 1, 1, 1, 1, 1, 1, 1, 1, 1, 1, 1, 1, 1, 1, 1, 1, 1, 1, 1, 1, 1, 1, 1, 1, 1, 1, 1, 1, 1, 1, 1, 1, 1, 1, 1, 1, 1, 1, 1, 1, 1, 1, 1, 1, 1, 1, 1, 1, 1, 1, 1, 1, 1, 1, 1, 1, 1, 1, 1, 0], "a_time_left": [359.9639215419884, 359.9639215419884, 359.94136529197567, 359.94136529197567, 359.9127280419634, 359.9127280419634, 359.8946834169619, 359.8946834169619, 359.85245529195527, 359.85245529195527, 359.8275452919479, 359.8275452919479, 359.8009626669518, 359.8009626669518, 359.77732908393955, 359.77732908393955, 359.7579808749433, 359.7579808749433, 359.7454303749546, 359.7454303749546, 359.7368558339658, 359.7368558339658, 359.7252847929776, 359.7252847929776, 359.717277542979, 359.717277542979, 359.70783950100304, 359.70783950100304, 359.70013608402223, 359.70013608402223, 359.69153450001613, 359.69153450001613, 359.68383383299806, 359.68383383299806, 359.6753633749904, 359.6753633749904, 359.66758816697984, 359.66758816697984, 359.65946750098374, 359.65946750098374, 359.65141412598314, 359.65141412598314, 359.64333050098503, 359.64333050098503, 359.6357364599826, 359.6357364599826, 359.62719108496094, 359.62719108496094, 359.62230462697335, 359.62230462697335, 359.61307787697297, 359.61307787697297, 359.607600835996, 359.607600835996, 359.59879791899584, 359.59879791899584, 359.59112858597655, 359.59112858597655, 359.581681918964, 359.581681918964, 359.57375029395916, 359.57375029395916, 359.56461533595575, 359.56461533595575, 359.55635591896134, 359.55635591896134, 359.54569645994343, 359.54569645994343, 359.5410803759296, 359.5410803759296, 359.5341504589305, 359.5341504589305, 359.52852595894365, 359.52852595894365, 359.52146050095325, 359.52146050095325, 359.5152913759521, 359.5152913759521, 359.5132921259501, 359.5132921259501], "b_time_left": [360, 359.972055042017, 359.972055042017, 359.93983029201627, 359.93983029201627, 359.92001070902916, 359.92001070902916, 359.893340626033, 359.893340626033, 359.85780695904396, 359.85780695904396, 359.8304973760387, 359.8304973760387, 359.7901195010345, 359.7901195010345, 359.77049041804275, 359.77049041804275, 359.7411540840403, 359.7411540840403, 359.7321952090424, 359.7321952090424, 359.7037554170529, 359.7037554170529, 359.6920134170505, 359.6920134170505, 359.6652032090642, 359.6652032090642, 359.6492057510768, 359.6492057510768, 359.6230090010795, 359.6230090010795, 359.6067887090612, 359.6067887090612, 359.582176001044, 359.582176001044, 359.5661710430577, 359.5661710430577, 359.5403791680583, 359.5403791680583, 359.52648179305834, 359.52648179305834, 359.50258458405733, 359.50258458405733, 359.48738433406106, 359.48738433406106, 359.4620797500538, 359.4620797500538, 359.44871537506697, 359.44871537506697, 359.4337502500566, 359.4337502500566, 359.42170508307754, 359.42170508307754, 359.40845237506437, 359.40845237506437, 359.3976909170742, 359.3976909170742, 359.37331658406765, 359.37331658406765, 359.3583506260766, 359.3583506260766, 359.3341856680927, 359.3341856680927, 359.3193191260798, 359.3193191260798, 359.29840154206613, 359.29840154206613, 359.28804633405525, 359.28804633405525, 359.2815169170499, 359.2815169170499, 359.27217475004727, 359.27217475004727, 359.26169904205017, 359.26169904205017, 359.25329683406744, 359.25329683406744, 359.24660650105216, 359.24660650105216, 359.24603191704955], "a_moves_left": [39, 39, 38, 38, 37, 37, 36, 36, 35, 35, 34, 34, 33, 33, 32, 32, 31, 31, 30, 30, 29, 29, 28, 28, 27, 27, 26, 26, 25, 25, 24, 24, 23, 23, 22, 22, 21, 21, 20, 20, 19, 19, 18, 18, 17, 17, 16, 16, 15, 15, 14, 14, 13, 13, 12, 12, 11, 11, 10, 10, 9, 9, 8, 8, 7, 7, 6, 6, 5, 5, 4, 4, 3, 3, 2, 2, 1, 1, 0, 0], "b_moves_left": [40, 39, 39, 38, 38, 37, 37, 36, 36, 35, 35, 34, 34, 33, 33, 32, 32, 31, 31, 30, 30, 29, 29, 28, 28, 27, 27, 26, 26, 25, 25, 24, 24, 23, 23, 22, 22, 21, 21, 20, 20, 19, 19, 18, 18, 17, 17, 16, 16, 15, 15, 14, 14, 13, 13, 12, 12, 11, 11, 10, 10, 9, 9, 8, 8, 7, 7, 6, 6, 5, 5, 4, 4, 3, 3, 2, 2, 1, 1, 0], "trapdoor_triggered": [0, 0, 0, 0, 0, 0, 0, 0, 0, 0, 0, 0, 0, 0, 0, 0, 0, 0, 0, 0, 0, 0, 0, 0, 0, 0, 0, 0, 0, 0, 0, 0, 0, 0, 0, 0, 0, 0, 0, 0, 0, 0, 0, 0, 0, 0, 0, 0, 0, 0, 0, 0, 0, 0, 0, 0, 0, 0, 0, 0, 0, 0, 0, 0, 0, 0, 0, 0, 0, 0, 0, 0, 0, 0, 0, 0, 0, 0, 0, 0], "left_behind": ["egg", "egg", "plain", "turd", "egg", "egg", "plain", "turd", "egg", "egg", "plain", "turd", "egg", "egg", "plain", "turd", "egg", "egg", "plain", "plain", "egg", "egg", "plain", "plain", "plain", "egg", "plain", "plain", "plain", "egg", "plain", "plain", "plain", "egg", "plain", "plain", "plain", "egg", "plain", "plain", "plain", "egg", "plain", "plain", "plain", "egg", "plain", "plain", "plain", "egg", "plain", "plain", "plain", "egg", "plain", "plain", "plain", "egg", "plain", "plain", "plain", "egg", "plain", "plain", "plain", "egg", "plain", "plain", "plain", "plain", "plain", "plain", "plain", "egg", "plain", "plain", "plain", "egg", "plain", "turd"], "errlog_a": "", "errlog_b": "", "start_time": 360, "start_moves": 40, "turn_count": 80, "result": 1, "reason": "EGGS_LAID", "trapdoors": [[5, 5], [4, 3]], "spawn_a": [7, 3], "spawn_b": [0, 3]}