{"pos": [[0, 5], [7, 5], [0, 4], [6, 5], [0, 3], [6, 4], [0, 2], [6, 3], [0, 1], [6, 2], [0, 0], [6, 1], [1, 0], [5, 1], [2, 0], [4, 1], [2, 1], [3, 1], [0, 6], [3, 2], [0, 5], [3, 1], [1, 5], [2, 1], [1, 4], [1, 1], [1, 3], [1, 0], [1, 4], [1, 1], [2, 4], [1, 2], [2, 5], [1, 1], [3, 5], [0, 1], [3, 6], [1, 1], [4, 6], [2, 1], [3, 6], [3, 1], [3, 7], [3, 0], [3, 6], [4, 0], [2, 6], [5, 0], [2, 7], [6, 0], [1, 7], [7, 0], [1, 6], [7, 1], [1, 5], [7, 2], [1, 4], [7, 3], [1, 3], [7, 4], [2, 3], [6, 4], [3, 3], [5, 4], [3, 4], [4, 4], [3, 3], [7, 6], [2, 3], [7, 7], [3, 3], [6, 7], [2, 3], [6, 6], [3, 3], [6, 5], [2, 3], [6, 4], [3, 3], [6, 3]], "a_eggs_laid": [1, 1, 1, 1, 2, 2, 2, 2, 3, 3, 3, 3, 6, 6, 6, 6, 7, 7, 7, 7, 7, 7, 7, 7, 8, 8, 8, 8, 9, 9, 9, 9, 10, 10, 10, 10, 11, 11, 11, 11, 12, 12, 12, 12, 13, 13, 13, 13, 14, 14, 14, 14, 15, 15, 15, 15, 15, 15, 15, 15, 15, 15, 15, 15, 16, 16, 16, 16, 20, 20, 20, 20, 20, 20, 20, 20, 20, 20, 20, 20], "b_eggs_laid": [0, 1, 1, 1, 1, 2, 2, 2, 2, 3, 3, 3, 3, 4, 4, 4, 4, 5, 5, 9, 9, 10, 10, 10, 10, 11, 11, 11, 11, 12, 12, 12, 12, 13, 13, 13, 13, 14, 14, 14, 14, 14, 14, 14, 14, 15, 15, 15, 15, 16, 16, 16, 16, 19, 19, 19, 19, 20, 20, 20, 20, 21, 21, 21, 21, 22, 22, 22, 22, 22, 22, 22, 22, 23, 23, 23, 23, 23, 23, 23], "a_turds_left": [5, 5, 5, 5, 5, 5, 5, 5, 5, 5, 5, 5, 5, 5, 5, 5, 5, 5, 5, 5, 5, 5, 5, 5, 5, 5, 5, 5, 5, 5, 5, 5, 5, 5, 5, 5, 5, 5, 5, 5, 5, 5, 5, 5, 5, 5, 5, 5, 5, 5, 5, 5, 5, 5, 5, 5, 5, 5, 5, 5, 5, 5, 5, 5, 5, 5, 5, 5, 5, 5, 5, 5, 5, 5, 5, 5, 5, 5, 5, 5], "b_turds_left": [5, 5, 5, 5, 5, 5, 5, 5, 5, 5, 5, 5, 5, 5, 5, 4, 4, 4, 4, 4, 4, 4, 4, 4, 4, 4, 4, 4, 4, 4, 4, 4, 4, 4, 4, 4, 4, 4, 4, 4, 4, 4, 4, 4, 4, 4, 4, 4, 4, 4, 4, 4, 4, 4, 4, 4, 4, 4, 4, 3, 3, 3, 3, 2, 2, 2, 2, 1, 1, 1, 1, 1, 1, 1, 1, 0, 0, 0, 0, 0], "a_time_left": [359.9558716250176, 359.9558716250176, 359.92521104202024, 359.92521104202024, 359.8787830840156, 359.8787830840156, 359.8505031680106, 359.8505031680106, 359.80360066800495, 359.80360066800495, 359.77654883399373, 359.77654883399373, 359.74421083400375, 359.74421083400375, 359.71134362500743, 359.71134362500743, 359.6645662910305, 359.6645662910305, 359.64922754102736, 359.64922754102736, 359.6340432080033, 359.6340432080033, 359.6066044580075, 359.6066044580075, 359.5554059999995, 359.5554059999995, 359.51801116598654, 359.51801116598654, 359.49537224997766, 359.49537224997766, 359.4572283329908, 359.4572283329908, 359.418335416005, 359.418335416005, 359.37916133299586, 359.37916133299586, 359.35277641701396, 359.35277641701396, 359.3113621250086, 359.3113621250086, 359.2825227920257, 359.2825227920257, 359.2477546670125, 359.2477546670125, 359.21537495800294, 359.21537495800294, 359.1897440419998, 359.1897440419998, 359.1387690839765, 359.1387690839765, 359.1209363339585, 359.1209363339585, 359.09660141696804, 359.09660141696804, 359.0717555829615, 359.0717555829615, 359.051874207973, 359.051874207973, 359.02608370795497, 359.02608370795497, 359.009715165972, 359.009715165972, 358.9810523329652, 358.9810523329652, 358.93132133295876, 358.93132133295876, 358.92069283296587, 358.92069283296587, 358.91767091696966, 358.91767091696966, 358.9054006669612, 358.9054006669612, 358.90138879194274, 358.90138879194274, 358.8790325419395, 358.8790325419395, 358.87654749993817, 358.87654749993817, 358.87277229194297, 358.87277229194297], "b_time_left": [360, 359.941120375006, 359.941120375006, 359.90857816598145, 359.90857816598145, 359.8529702069645, 359.8529702069645, 359.8083565819543, 359.8083565819543, 359.7564959569427, 359.7564959569427, 359.7249982479552, 359.7249982479552, 359.66715383096016, 359.66715383096016, 359.6231287889532, 359.6231287889532, 359.56957883093855, 359.56957883093855, 359.5297139969189, 359.5297139969189, 359.4274421639275, 359.4274421639275, 359.17704108092585, 359.17704108092585, 359.09610399691155, 359.09610399691155, 358.9805528719153, 358.9805528719153, 358.9382264969172, 358.9382264969172, 358.78929403892835, 358.78929403892835, 358.7242974139226, 358.7242974139226, 358.59054103892413, 358.59054103892413, 358.54357683091075, 358.54357683091075, 358.41651462292066, 358.41651462292066, 358.1512593309162, 358.1512593309162, 357.69455758092226, 357.69455758092226, 357.4496637059201, 357.4496637059201, 356.9907253719284, 356.9907253719284, 356.7579776219209, 356.7579776219209, 356.50675432992284, 356.50675432992284, 356.250992370944, 356.250992370944, 355.65917166194413, 355.65917166194413, 355.15036982894526, 355.15036982894526, 354.5706277039426, 354.5706277039426, 353.7629641619569, 353.7629641619569, 351.681222995976, 351.681222995976, 350.63314957896364, 350.63314957896364, 349.765941620979, 349.765941620979, 348.74394378697616, 348.74394378697616, 348.4303758709575, 348.4303758709575, 347.6908050789498, 347.6908050789498, 347.5967245789361, 347.5967245789361, 347.57092357892543, 347.57092357892543, 347.5696296619135], "a_moves_left": [39, 39, 38, 38, 37, 37, 36, 36, 35, 35, 34, 34, 33, 33, 32, 32, 31, 31, 30, 30, 29, 29, 28, 28, 27, 27, 26, 26, 25, 25, 24, 24, 23, 23, 22, 22, 21, 21, 20, 20, 19, 19, 18, 18, 17, 17, 16, 16, 15, 15, 14, 14, 13, 13, 12, 12, 11, 11, 10, 10, 9, 9, 8, 8, 7, 7, 6, 6, 5, 5, 4, 4, 3, 3, 2, 2, 1, 1, 0, 0], "b_moves_left": [40, 39, 39, 38, 38, 37, 37, 36, 36, 35, 35, 34, 34, 33, 33, 32, 32, 31, 31, 30, 30, 29, 29, 28, 28, 27, 27, 26, 26, 25, 25, 24, 24, 23, 23, 22, 22, 21, 21, 20, 20, 19, 19, 18, 18, 17, 17, 16, 16, 15, 15, 14, 14, 13, 13, 12, 12, 11, 11, 10, 10, 9, 9, 8, 8, 7, 7, 6, 6, 5, 5, 4, 4, 3, 3, 2, 2, 1, 1, 0], "trapdoor_triggered": [0, 0, 0, 0, 0, 0, 0, 0, 0, 0, 0, 0, 0, 0, 0, 0, 0, 0, 1, 0, 0, 0, 0, 0, 0, 0, 0, 0, 0, 0, 0, 0, 0, 0, 0, 0, 0, 0, 0, 0, 0, 0, 0, 0, 0, 0, 0, 0, 0, 0, 0, 0, 0, 0, 0, 0, 0, 0, 0, 0, 0, 0, 0, 0, 0, 0, 0, 1, 0, 0, 0, 0, 0, 0, 0, 0, 0, 0, 0, 0], "left_behind": ["egg", "egg", "plain", "plain", "egg", "egg", "plain", "plain", "egg", "egg", "plain", "plain", "egg", "egg", "plain", "turd", "egg", "egg", "plain", "plain", "plain", "egg", "plain", "plain", "egg", "egg", "plain", "plain", "egg", "egg", "plain", "plain", "egg", "egg", "plain", "plain", "egg", "egg", "plain", "plain", "egg", "plain", "plain", "plain", "egg", "egg", "plain", "plain", "egg", "egg", "plain", "plain", "egg", "egg", "plain", "plain", "plain", "egg", "plain", "turd", "plain", "egg", "plain", "turd", "egg", "egg", "plain", "turd", "plain", "plain", "plain", "plain", "plain", "egg", "plain", "turd", "plain", "plain", "plain", "plain"], "errlog_a": "", "errlog_b": "", "start_time": 360, "start_moves": 40, "turn_count": 80, "result": 1, "reason": "EGGS_LAID", "trapdoors": [[2, 2], [4, 5]], "spawn_a": [0, 6], "spawn_b": [7, 6]}