{"pos": [[0, 1], [6, 2], [0, 0], [6, 3], [1, 0], [6, 4], [2, 0], [5, 4], [3, 0], [4, 4], [4, 0], [4, 5], [4, 1], [4, 6], [5, 1], [3, 6], [4, 1], [2, 6], [3, 1], [2, 5], [2, 1], [1, 5], [1, 1], [0, 5], [1, 2], [1, 5], [1, 3], [1, 4], [1, 2], [1, 5], [2, 2], [1, 6], [3, 2], [2, 6], [4, 2], [2, 7], [3, 2], [3, 7], [3, 3], [4, 7], [3, 2], [4, 6], [3, 1], [5, 6], [3, 0], [5, 5], [4, 0], [6, 5], [5, 0], [6, 4], [6, 0], [7, 4], [7, 0], [7, 5], [7, 1], [7, 6], [7, 0], [7, 7], [6, 0], [6, 7], [5, 0], [6, 6], [5, 1], [6, 5], [4, 1], [6, 4], [4, 0], [6, 3], [4, 1], [6, 4], [4, 0], [6, 3], [4, 1], [6, 4], [4, 0], [6, 3], [4, 1], [6, 2], [4, 0], [6, 1]], "a_eggs_laid": [1, 1, 1, 1, 4, 4, 4, 4, 5, 5, 5, 5, 6, 6, 6, 6, 7, 7, 7, 7, 8, 8, 8, 8, 9, 9, 9, 9, 10, 10, 10, 10, 11, 11, 11, 11, 12, 12, 12, 12, 13, 13, 13, 13, 13, 13, 13, 13, 13, 13, 13, 13, 14, 14, 14, 14, 15, 15, 15, 15, 15, 15, 15, 15, 15, 15, 15, 15, 15, 15, 15, 15, 15, 15, 15, 15, 15, 15, 15, 15], "b_eggs_laid": [0, 1, 1, 1, 1, 2, 2, 2, 2, 3, 3, 3, 3, 4, 4, 4, 4, 5, 5, 5, 5, 6, 6, 6, 6, 7, 7, 7, 7, 8, 8, 8, 8, 9, 9, 9, 9, 10, 10, 10, 10, 11, 11, 11, 11, 12, 12, 12, 12, 13, 13, 13, 13, 14, 14, 14, 14, 15, 15, 15, 15, 16, 16, 16, 16, 16, 16, 16, 16, 16, 16, 16, 16, 16, 16, 16, 16, 16, 16, 16], "a_turds_left": [5, 5, 5, 5, 5, 5, 5, 5, 5, 5, 5, 5, 5, 5, 5, 5, 5, 5, 5, 5, 5, 5, 5, 5, 5, 5, 5, 5, 5, 5, 5, 5, 5, 5, 5, 5, 5, 5, 5, 5, 5, 5, 5, 5, 5, 5, 5, 5, 5, 5, 5, 5, 5, 5, 5, 5, 5, 5, 5, 5, 5, 5, 5, 5, 5, 5, 5, 5, 5, 5, 5, 5, 5, 5, 5, 5, 5, 5, 5, 5], "b_turds_left": [5, 5, 5, 4, 4, 4, 4, 3, 3, 3, 3, 2, 2, 2, 2, 1, 1, 1, 1, 1, 1, 1, 1, 1, 1, 1, 1, 1, 1, 1, 1, 1, 1, 1, 1, 1, 1, 1, 1, 1, 1, 1, 1, 1, 1, 1, 1, 1, 1, 1, 1, 1, 1, 1, 1, 1, 1, 1, 1, 1, 1, 1, 1, 1, 1, 1, 1, 1, 1, 1, 1, 1, 1, 1, 1, 1, 1, 1, 1, 1], "a_time_left": [359.9492269170005, 359.9492269170005, 359.91404229201726, 359.91404229201726, 359.8729801250156, 359.8729801250156, 359.82438958401326, 359.82438958401326, 359.7662425430317, 359.7662425430317, 359.72936158502125, 359.72936158502125, 359.66578416799894, 359.66578416799894, 359.61293804302113, 359.61293804302113, 359.56918500200845, 359.56918500200845, 359.52638650199515, 359.52638650199515, 359.4471416680026, 359.4471416680026, 359.39452816802077, 359.39452816802077, 359.3329341680219, 359.3329341680219, 359.2922320010257, 359.2922320010257, 359.26550345902797, 359.26550345902797, 359.22225825002533, 359.22225825002533, 359.14975083302124, 359.14975083302124, 359.10843845803174, 359.10843845803174, 359.07333954103524, 359.07333954103524, 359.03942541603465, 359.03942541603465, 358.99768262403086, 358.99768262403086, 358.9660354570369, 358.9660354570369, 358.93965141504304, 358.93965141504304, 358.91539404005744, 358.91539404005744, 358.89072883105837, 358.89072883105837, 358.86827003906365, 358.86827003906365, 358.8469190390606, 358.8469190390606, 358.8312466640491, 358.8312466640491, 358.8149853310606, 358.8149853310606, 358.8013903310639, 358.8013903310639, 358.78902795608155, 358.78902795608155, 358.7584491640737, 358.7584491640737, 358.7441828730807, 358.7441828730807, 358.71729637307, 358.71729637307, 358.69391662307316, 358.69391662307316, 358.668780207081, 358.668780207081, 358.65117770707, 358.65117770707, 358.6264927480661, 358.6264927480661, 358.6092237060657, 358.6092237060657, 358.60335970608867, 358.60335970608867], "b_time_left": [360, 359.883866958, 359.883866958, 359.78784562498913, 359.78784562498913, 359.62811408398557, 359.62811408398557, 359.48884279298363, 359.48884279298363, 359.3296291679726, 359.3296291679726, 359.19273975197575, 359.19273975197575, 358.95969416896696, 358.95969416896696, 358.85345441897516, 358.85345441897516, 358.66688141896157, 358.66688141896157, 358.50071125198156, 358.50071125198156, 358.2900716269796, 358.2900716269796, 358.149110585975, 358.149110585975, 358.0351215029659, 358.0351215029659, 357.9338556279545, 357.9338556279545, 357.8277228359657, 357.8277228359657, 357.70997412796714, 357.70997412796714, 357.5273498779861, 357.5273498779861, 357.4700740450062, 357.4700740450062, 357.358494420012, 357.358494420012, 357.3115430859907, 357.3115430859907, 357.2040687519766, 357.2040687519766, 357.1689252939832, 357.1689252939832, 357.0403409599967, 357.0403409599967, 356.99006250198, 356.99006250198, 356.9019910019706, 356.9019910019706, 356.86486496098223, 356.86486496098223, 356.8090808779816, 356.8090808779816, 356.7807143779937, 356.7807143779937, 356.7065655029728, 356.7065655029728, 356.682509377948, 356.682509377948, 356.5962241279485, 356.5962241279485, 356.5627748359402, 356.5627748359402, 356.50901375192916, 356.50901375192916, 356.4900144599378, 356.4900144599378, 356.43736216792604, 356.43736216792604, 356.4159151679487, 356.4159151679487, 356.36619750093087, 356.36619750093087, 356.3388067089254, 356.3388067089254, 356.3158898749389, 356.3158898749389, 356.31321749993367], "a_moves_left": [39, 39, 38, 38, 37, 37, 36, 36, 35, 35, 34, 34, 33, 33, 32, 32, 31, 31, 30, 30, 29, 29, 28, 28, 27, 27, 26, 26, 25, 25, 24, 24, 23, 23, 22, 22, 21, 21, 20, 20, 19, 19, 18, 18, 17, 17, 16, 16, 15, 15, 14, 14, 13, 13, 12, 12, 11, 11, 10, 10, 9, 9, 8, 8, 7, 7, 6, 6, 5, 5, 4, 4, 3, 3, 2, 2, 1, 1, 0, 0], "b_moves_left": [40, 39, 39, 38, 38, 37, 37, 36, 36, 35, 35, 34, 34, 33, 33, 32, 32, 31, 31, 30, 30, 29, 29, 28, 28, 27, 27, 26, 26, 25, 25, 24, 24, 23, 23, 22, 22, 21, 21, 20, 20, 19, 19, 18, 18, 17, 17, 16, 16, 15, 15, 14, 14, 13, 13, 12, 12, 11, 11, 10, 10, 9, 9, 8, 8, 7, 7, 6, 6, 5, 5, 4, 4, 3, 3, 2, 2, 1, 1, 0], "trapdoor_triggered": [0, 0, 0, 0, 0, 0, 0, 0, 0, 0, 0, 0, 0, 0, 0, 0, 0, 0, 0, 0, 0, 0, 0, 0, 0, 0, 0, 0, 0, 0, 0, 0, 0, 0, 0, 0, 0, 0, 0, 0, 0, 0, 0, 0, 0, 0, 0, 0, 0, 0, 0, 0, 0, 0, 0, 0, 0, 0, 0, 0, 0, 0, 0, 0, 0, 0, 0, 0, 0, 0, 0, 0, 0, 0, 0, 0, 0, 0, 0, 0], "left_behind": ["egg", "egg", "plain", "turd", "egg", "egg", "plain", "turd", "egg", "egg", "plain", "turd", "egg", "egg", "plain", "turd", "egg", "egg", "plain", "plain", "egg", "egg", "plain", "plain", "egg", "egg", "plain", "plain", "egg", "egg", "plain", "plain", "egg", "egg", "plain", "plain", "egg", "egg", "plain", "plain", "egg", "egg", "plain", "plain", "plain", "egg", "plain", "plain", "plain", "egg", "plain", "plain", "egg", "egg", "plain", "plain", "egg", "egg", "plain", "plain", "plain", "egg", "plain", "plain", "plain", "plain", "plain", "plain", "plain", "plain", "plain", "plain", "plain", "plain", "plain", "plain", "plain", "plain", "plain", "plain"], "errlog_a": "", "errlog_b": "", "start_time": 360, "start_moves": 40, "turn_count": 80, "result": 1, "reason": "EGGS_LAID", "trapdoors": [[3, 5], [4, 3]], "spawn_a": [0, 2], "spawn_b": [7, 2]}