{"pos": [[7, 4], [0, 4], [7, 3], [0, 3], [7, 2], [0, 2], [7, 1], [0, 1], [7, 2], [1, 1], [6, 2], [2, 1], [6, 1], [3, 1], [6, 0], [4, 1], [6, 1], [5, 1], [7, 1], [6, 1], [7, 2], [5, 1], [7, 3], [5, 0], [7, 4], [4, 0], [6, 4], [3, 0], [6, 5], [3, 1], [6, 6], [3, 2], [5, 6], [4, 2], [5, 7], [0, 5], [5, 6], [0, 4], [4, 6], [1, 4], [3, 6], [1, 3], [3, 7], [1, 2], [3, 6], [1, 3], [2, 6], [2, 3], [2, 7], [2, 4], [1, 7], [2, 5], [1, 6], [2, 4], [1, 5], [3, 4], [1, 6], [4, 4], [0, 6], [4, 3], [1, 6], [5, 3], [1, 5], [6, 3], [1, 6], [5, 3], [1, 5], [5, 4], [1, 6], [5, 5], [1, 5], [6, 5], [1, 6], [5, 5], [1, 5], [5, 6], [1, 6], [5, 5], [1, 5], [5, 4]], "a_eggs_laid": [1, 1, 1, 1, 2, 2, 2, 2, 3, 3, 3, 3, 4, 4, 4, 4, 5, 5, 5, 5, 5, 5, 5, 5, 5, 5, 5, 5, 6, 6, 6, 6, 7, 7, 7, 7, 12, 12, 12, 12, 13, 13, 13, 13, 14, 14, 14, 14, 15, 15, 15, 15, 16, 16, 16, 16, 17, 17, 17, 17, 18, 18, 18, 18, 18, 18, 18, 18, 18, 18, 18, 18, 18, 18, 18, 18, 18, 18, 18, 18], "b_eggs_laid": [0, 1, 1, 1, 1, 2, 2, 2, 2, 3, 3, 3, 3, 4, 4, 4, 4, 5, 5, 5, 5, 6, 6, 6, 6, 7, 7, 7, 7, 8, 8, 8, 8, 9, 9, 9, 9, 9, 9, 9, 9, 10, 10, 10, 10, 11, 11, 11, 11, 12, 12, 12, 12, 13, 13, 13, 13, 14, 14, 14, 14, 15, 15, 15, 15, 16, 16, 16, 16, 17, 17, 17, 17, 18, 18, 18, 18, 18, 18, 18], "a_turds_left": [5, 5, 5, 5, 5, 5, 5, 5, 5, 5, 5, 5, 5, 5, 5, 5, 5, 5, 5, 5, 5, 5, 5, 5, 5, 5, 5, 5, 5, 5, 5, 5, 5, 5, 5, 5, 5, 5, 5, 5, 5, 5, 5, 5, 5, 5, 5, 5, 5, 5, 5, 5, 5, 5, 5, 5, 5, 5, 5, 5, 5, 5, 5, 5, 5, 5, 5, 5, 5, 5, 5, 5, 5, 5, 5, 5, 5, 5, 5, 5], "b_turds_left": [5, 5, 5, 4, 4, 4, 4, 3, 3, 3, 3, 2, 2, 2, 2, 1, 1, 1, 1, 1, 1, 1, 1, 1, 1, 1, 1, 1, 1, 1, 1, 1, 1, 1, 1, 1, 1, 1, 1, 1, 1, 1, 1, 1, 1, 1, 1, 1, 1, 1, 1, 1, 1, 1, 1, 1, 1, 1, 1, 1, 1, 1, 1, 1, 1, 1, 1, 1, 1, 1, 1, 1, 1, 1, 1, 1, 1, 0, 0, 0], "a_time_left": [359.89948016699054, 359.89948016699054, 359.8771845010051, 359.8771845010051, 359.84898712602444, 359.84898712602444, 359.8331757930282, 359.8331757930282, 359.8114855430322, 359.8114855430322, 359.7933367930236, 359.7933367930236, 359.7518464180175, 359.7518464180175, 359.7261192930164, 359.7261192930164, 359.7030873770127, 359.7030873770127, 359.697326627007, 359.697326627007, 359.6956311269896, 359.6956311269896, 359.6849394189776, 359.6849394189776, 359.68003287696047, 359.68003287696047, 359.6656055439671, 359.6656055439671, 359.63634554398595, 359.63634554398595, 359.6154201689933, 359.6154201689933, 359.57506037698477, 359.57506037698477, 359.5489042099798, 359.5489042099798, 359.5350555849727, 359.5350555849727, 359.52036204296746, 359.52036204296746, 359.48334504297236, 359.48334504297236, 359.4624114599719, 359.4624114599719, 359.4338741679676, 359.4338741679676, 359.41021183496923, 359.41021183496923, 359.37452075097826, 359.37452075097826, 359.35963570897, 359.35963570897, 359.34081745895674, 359.34081745895674, 359.3193550009746, 359.3193550009746, 359.2987334179925, 359.2987334179925, 359.2709867929807, 359.2709867929807, 359.2546443339961, 359.2546443339961, 359.2403637509851, 359.2403637509851, 359.23894833397935, 359.23894833397935, 359.2247851669963, 359.2247851669963, 359.22228849999374, 359.22228849999374, 359.2077834159718, 359.2077834159718, 359.20658354097395, 359.20658354097395, 359.1930396249809, 359.1930396249809, 359.1918628329877, 359.1918628329877, 359.1892877489736, 359.1892877489736], "b_time_left": [360, 359.96467650000704, 359.96467650000704, 359.9402132080286, 359.9402132080286, 359.91931983301765, 359.91931983301765, 359.8996498750057, 359.8996498750057, 359.87961158400867, 359.87961158400867, 359.8526284999971, 359.8526284999971, 359.8153786670009, 359.8153786670009, 359.7901243340166, 359.7901243340166, 359.7575879590295, 359.7575879590295, 359.74843095900724, 359.74843095900724, 359.7412434180151, 359.7412434180151, 359.7322857090039, 359.7322857090039, 359.71644095898955, 359.71644095898955, 359.70032454200555, 359.70032454200555, 359.67101604200434, 359.67101604200434, 359.6580872499908, 359.6580872499908, 359.6087718749768, 359.6087718749768, 359.5904181669757, 359.5904181669757, 359.5792539169779, 359.5792539169779, 359.5697028749855, 359.5697028749855, 359.526835208002, 359.526835208002, 359.50759674902656, 359.50759674902656, 359.46812016601325, 359.46812016601325, 359.4440419989987, 359.4440419989987, 359.41052616600064, 359.41052616600064, 359.3921353330079, 359.3921353330079, 359.3563559160102, 359.3563559160102, 359.3481580830121, 359.3481580830121, 359.2727751240309, 359.2727751240309, 359.2582684570225, 359.2582684570225, 359.2143732070108, 359.2143732070108, 359.2108739989926, 359.2108739989926, 359.19781133299693, 359.19781133299693, 359.1944369999983, 359.1944369999983, 359.1547661660006, 359.1547661660006, 359.15076245801174, 359.15076245801174, 359.1368134160002, 359.1368134160002, 359.13307337500737, 359.13307337500737, 359.1288366249937, 359.1288366249937, 359.12852308296715], "a_moves_left": [39, 39, 38, 38, 37, 37, 36, 36, 35, 35, 34, 34, 33, 33, 32, 32, 31, 31, 30, 30, 29, 29, 28, 28, 27, 27, 26, 26, 25, 25, 24, 24, 23, 23, 22, 22, 21, 21, 20, 20, 19, 19, 18, 18, 17, 17, 16, 16, 15, 15, 14, 14, 13, 13, 12, 12, 11, 11, 10, 10, 9, 9, 8, 8, 7, 7, 6, 6, 5, 5, 4, 4, 3, 3, 2, 2, 1, 1, 0, 0], "b_moves_left": [40, 39, 39, 38, 38, 37, 37, 36, 36, 35, 35, 34, 34, 33, 33, 32, 32, 31, 31, 30, 30, 29, 29, 28, 28, 27, 27, 26, 26, 25, 25, 24, 24, 23, 23, 22, 22, 21, 21, 20, 20, 19, 19, 18, 18, 17, 17, 16, 16, 15, 15, 14, 14, 13, 13, 12, 12, 11, 11, 10, 10, 9, 9, 8, 8, 7, 7, 6, 6, 5, 5, 4, 4, 3, 3, 2, 2, 1, 1, 0], "trapdoor_triggered": [0, 0, 0, 0, 0, 0, 0, 0, 0, 0, 0, 0, 0, 0, 0, 0, 0, 0, 0, 0, 0, 0, 0, 0, 0, 0, 0, 0, 0, 0, 0, 0, 0, 0, 0, 1, 0, 0, 0, 0, 0, 0, 0, 0, 0, 0, 0, 0, 0, 0, 0, 0, 0, 0, 0, 0, 0, 0, 0, 0, 0, 0, 0, 0, 0, 0, 0, 0, 0, 0, 0, 0, 0, 0, 0, 0, 0, 0, 0, 0], "left_behind": ["egg", "egg", "plain", "turd", "egg", "egg", "plain", "turd", "egg", "egg", "plain", "turd", "egg", "egg", "plain", "turd", "egg", "egg", "plain", "plain", "plain", "egg", "plain", "plain", "plain", "egg", "plain", "plain", "egg", "egg", "plain", "plain", "egg", "egg", "plain", "plain", "egg", "plain", "plain", "plain", "egg", "egg", "plain", "plain", "egg", "egg", "plain", "plain", "egg", "egg", "plain", "plain", "egg", "egg", "plain", "plain", "egg", "egg", "plain", "plain", "egg", "egg", "plain", "plain", "plain", "egg", "plain", "plain", "plain", "egg", "plain", "plain", "plain", "egg", "plain", "plain", "plain", "turd", "plain", "plain"], "errlog_a": "", "errlog_b": "", "start_time": 360, "start_moves": 40, "turn_count": 80, "result": 2, "reason": "EGGS_LAID", "trapdoors": [[3, 5], [5, 2]], "spawn_a": [7, 5], "spawn_b": [0, 5]}