{"pos": [[0, 5], [7, 5], [0, 4], [6, 5], [0, 3], [6, 4], [0, 2], [6, 3], [0, 1], [6, 2], [0, 0], [6, 1], [1, 0], [5, 1], [2, 0], [4, 1], [2, 1], [3, 1], [2, 2], [2, 1], [1, 2], [3, 1], [1, 1], [3, 2], [1, 2], [3, 3], [1, 3], [3, 4], [1, 4], [3, 5], [1, 5], [3, 6], [1, 6], [2, 6], [1, 7], [2, 7], [0, 7], [2, 6], [0, 6], [2, 5], [0, 5], [3, 5], [0, 4], [4, 5], [1, 4], [4, 4], [2, 4], [4, 3], [1, 4], [4, 4], [1, 3], [5, 4], [1, 2], [7, 6], [1, 1], [6, 6], [1, 2], [6, 7], [1, 1], [6, 6], [1, 2], [5, 6], [1, 1], [5, 7], [1, 2], [4, 7], [1, 1], [4, 6], [1, 2], [4, 5], [1, 1], [4, 4], [1, 2], [4, 3], [1, 1], [4, 2], [1, 2], [4, 1], [1, 1], [4, 0]], "a_eggs_laid": [1, 1, 1, 1, 2, 2, 2, 2, 3, 3, 3, 3, 6, 6, 6, 6, 7, 7, 7, 7, 8, 8, 8, 8, 9, 9, 9, 9, 10, 10, 10, 10, 11, 11, 11, 11, 12, 12, 12, 12, 12, 12, 12, 12, 12, 12, 12, 12, 13, 13, 13, 13, 13, 13, 17, 17, 17, 17, 17, 17, 17, 17, 17, 17, 17, 17, 17, 17, 17, 17, 17, 17, 17, 17, 17, 17, 17, 17, 17, 17], "b_eggs_laid": [0, 1, 1, 1, 1, 2, 2, 2, 2, 3, 3, 3, 3, 4, 4, 4, 4, 5, 5, 5, 5, 6, 6, 6, 6, 7, 7, 7, 7, 8, 8, 8, 8, 9, 9, 9, 9, 10, 10, 10, 10, 11, 11, 11, 11, 12, 12, 12, 12, 13, 13, 13, 13, 14, 14, 14, 14, 14, 14, 15, 15, 15, 15, 16, 16, 16, 16, 17, 17, 17, 17, 17, 17, 17, 17, 17, 17, 17, 17, 17], "a_turds_left": [5, 5, 5, 5, 5, 5, 5, 5, 5, 5, 5, 5, 5, 5, 5, 5, 5, 5, 5, 5, 5, 5, 5, 5, 5, 5, 5, 5, 5, 5, 5, 5, 5, 5, 5, 5, 5, 5, 5, 5, 5, 5, 5, 5, 5, 5, 5, 5, 5, 5, 5, 5, 5, 5, 5, 5, 5, 5, 5, 5, 5, 5, 5, 5, 5, 5, 5, 5, 5, 5, 5, 5, 5, 5, 5, 5, 5, 5, 5, 5], "b_turds_left": [5, 5, 5, 5, 5, 5, 5, 5, 5, 5, 5, 5, 5, 5, 5, 4, 4, 4, 4, 3, 3, 3, 3, 3, 3, 3, 3, 3, 3, 3, 3, 2, 2, 2, 2, 1, 1, 1, 1, 1, 1, 1, 1, 1, 1, 1, 1, 1, 1, 1, 1, 1, 1, 1, 1, 1, 1, 1, 1, 1, 1, 1, 1, 1, 1, 1, 1, 1, 1, 1, 1, 1, 1, 1, 1, 1, 1, 0, 0, 0], "a_time_left": [359.9540277500055, 359.9540277500055, 359.92342008298147, 359.92342008298147, 359.877851999976, 359.877851999976, 359.849627958989, 359.849627958989, 359.80426312497, 359.80426312497, 359.77705074998084, 359.77705074998084, 359.7427758749691, 359.7427758749691, 359.7097002079536, 359.7097002079536, 359.66235574995517, 359.66235574995517, 359.6472262079478, 359.6472262079478, 359.6303412489651, 359.6303412489651, 359.6057034159603, 359.6057034159603, 359.56407574896, 359.56407574896, 359.53060108298087, 359.53060108298087, 359.46480908297235, 359.46480908297235, 359.42928791599115, 359.42928791599115, 359.377392956987, 359.377392956987, 359.3640884149936, 359.3640884149936, 359.3582232070039, 359.3582232070039, 359.351655165985, 359.351655165985, 359.34331245796056, 359.34331245796056, 359.3302969169745, 359.3302969169745, 359.31493254197994, 359.31493254197994, 359.2863854999887, 359.2863854999887, 359.2540694589843, 359.2540694589843, 359.22381804298493, 359.22381804298493, 359.202714250976, 359.202714250976, 359.18826983496547, 359.18826983496547, 359.17217870996683, 359.17217870996683, 359.14476600199123, 359.14476600199123, 359.1298742929939, 359.1298742929939, 359.09309941797983, 359.09309941797983, 359.0810318349977, 359.0810318349977, 359.0261146260018, 359.0261146260018, 359.0090336680005, 359.0090336680005, 358.98554408500786, 358.98554408500786, 358.9666447940108, 358.9666447940108, 358.94644471100764, 358.94644471100764, 358.9300154609955, 358.9300154609955, 358.92337600298924, 358.92337600298924], "b_time_left": [360, 359.9566382500052, 359.9566382500052, 359.9242154159874, 359.9242154159874, 359.86851104098605, 359.86851104098605, 359.82363995799096, 359.82363995799096, 359.7718123329978, 359.7718123329978, 359.7401957080001, 359.7401957080001, 359.6878313740017, 359.6878313740017, 359.65460845801863, 359.65460845801863, 359.596401125018, 359.596401125018, 359.5615077910188, 359.5615077910188, 359.54242570803035, 359.54242570803035, 359.52457433301606, 359.52457433301606, 359.48246362502687, 359.48246362502687, 359.438578833011, 359.438578833011, 359.3873760830029, 359.3873760830029, 359.34073650001665, 359.34073650001665, 359.2928436670045, 359.2928436670045, 359.2726549170038, 359.2726549170038, 359.258408166992, 359.258408166992, 359.24713208299363, 359.24713208299363, 359.2197302909917, 359.2197302909917, 359.1999097489752, 359.1999097489752, 359.1373342909792, 359.1373342909792, 359.1147898329946, 359.1147898329946, 359.0559642500011, 359.0559642500011, 359.01898483300465, 359.01898483300465, 358.96036929200636, 358.96036929200636, 358.9415280839894, 358.9415280839894, 358.88208579298225, 358.88208579298225, 358.8636347929714, 358.8636347929714, 358.79798004296026, 358.79798004296026, 358.77635704295244, 358.77635704295244, 358.65608920896193, 358.65608920896193, 358.6361203759734, 358.6361203759734, 358.5623068759742, 358.5623068759742, 358.54622475098586, 358.54622475098586, 358.4828163339989, 358.4828163339989, 358.4604053759831, 358.4604053759831, 358.43170604197076, 358.43170604197076, 358.4307204169745], "a_moves_left": [39, 39, 38, 38, 37, 37, 36, 36, 35, 35, 34, 34, 33, 33, 32, 32, 31, 31, 30, 30, 29, 29, 28, 28, 27, 27, 26, 26, 25, 25, 24, 24, 23, 23, 22, 22, 21, 21, 20, 20, 19, 19, 18, 18, 17, 17, 16, 16, 15, 15, 14, 14, 13, 13, 12, 12, 11, 11, 10, 10, 9, 9, 8, 8, 7, 7, 6, 6, 5, 5, 4, 4, 3, 3, 2, 2, 1, 1, 0, 0], "b_moves_left": [40, 39, 39, 38, 38, 37, 37, 36, 36, 35, 35, 34, 34, 33, 33, 32, 32, 31, 31, 30, 30, 29, 29, 28, 28, 27, 27, 26, 26, 25, 25, 24, 24, 23, 23, 22, 22, 21, 21, 20, 20, 19, 19, 18, 18, 17, 17, 16, 16, 15, 15, 14, 14, 13, 13, 12, 12, 11, 11, 10, 10, 9, 9, 8, 8, 7, 7, 6, 6, 5, 5, 4, 4, 3, 3, 2, 2, 1, 1, 0], "trapdoor_triggered": [0, 0, 0, 0, 0, 0, 0, 0, 0, 0, 0, 0, 0, 0, 0, 0, 0, 0, 0, 0, 0, 0, 0, 0, 0, 0, 0, 0, 0, 0, 0, 0, 0, 0, 0, 0, 0, 0, 0, 0, 0, 0, 0, 0, 0, 0, 0, 0, 0, 0, 0, 0, 0, 1, 0, 0, 0, 0, 0, 0, 0, 0, 0, 0, 0, 0, 0, 0, 0, 0, 0, 0, 0, 0, 0, 0, 0, 0, 0, 0], "left_behind": ["egg", "egg", "plain", "plain", "egg", "egg", "plain", "plain", "egg", "egg", "plain", "plain", "egg", "egg", "plain", "turd", "egg", "egg", "plain", "turd", "egg", "egg", "plain", "plain", "egg", "egg", "plain", "plain", "egg", "egg", "plain", "turd", "egg", "egg", "plain", "turd", "egg", "egg", "plain", "plain", "plain", "egg", "plain", "plain", "plain", "egg", "plain", "plain", "egg", "egg", "plain", "plain", "plain", "egg", "plain", "plain", "plain", "plain", "plain", "egg", "plain", "plain", "plain", "egg", "plain", "plain", "plain", "egg", "plain", "plain", "plain", "plain", "plain", "plain", "plain", "plain", "plain", "turd", "plain", "plain"], "errlog_a": "", "errlog_b": "", "start_time": 360, "start_moves": 40, "turn_count": 80, "result": 2, "reason": "EGGS_LAID", "trapdoors": [[5, 5], [5, 2]], "spawn_a": [0, 6], "spawn_b": [7, 6]}