{"pos": [[0, 3], [6, 4], [0, 2], [6, 3], [0, 1], [5, 3], [0, 0], [5, 2], [1, 0], [5, 1], [2, 0], [4, 1], [2, 1], [3, 1], [2, 2], [2, 1], [1, 2], [3, 1], [1, 1], [3, 2], [1, 2], [4, 2], [1, 3], [4, 3], [1, 4], [4, 4], [1, 5], [7, 4], [2, 5], [6, 4], [3, 5], [6, 5], [4, 5], [5, 5], [4, 6], [5, 6], [3, 6], [5, 5], [3, 7], [4, 5], [3, 6], [4, 4], [2, 6], [5, 4], [2, 5], [4, 4], [2, 4], [4, 3], [2, 3], [7, 4], [2, 2], [7, 3], [2, 3], [7, 2], [2, 2], [7, 1], [2, 3], [7, 0], [2, 2], [7, 1], [2, 3], [6, 1], [2, 2], [6, 0], [2, 3], [5, 0], [2, 2], [4, 0], [2, 3], [3, 0], [2, 2], [4, 0], [2, 3], [4, 1], [2, 2], [4, 2], [2, 3], [4, 1], [2, 2], [4, 0]], "a_eggs_laid": [1, 1, 1, 1, 2, 2, 2, 2, 5, 5, 5, 5, 6, 6, 6, 6, 7, 7, 7, 7, 8, 8, 8, 8, 9, 9, 9, 9, 14, 14, 14, 14, 15, 15, 15, 15, 16, 16, 16, 16, 17, 17, 17, 17, 18, 18, 18, 18, 19, 19, 23, 23, 23, 23, 23, 23, 23, 23, 23, 23, 23, 23, 23, 23, 23, 23, 23, 23, 23, 23, 23, 23, 23, 23, 23, 23, 23, 23, 23, 23], "b_eggs_laid": [0, 1, 1, 1, 1, 2, 2, 2, 2, 3, 3, 3, 3, 4, 4, 4, 4, 5, 5, 5, 5, 6, 6, 6, 6, 7, 7, 7, 7, 7, 7, 7, 7, 8, 8, 8, 8, 9, 9, 9, 9, 10, 10, 10, 10, 11, 11, 11, 11, 11, 11, 11, 11, 11, 11, 12, 12, 12, 12, 15, 15, 15, 15, 16, 16, 16, 16, 17, 17, 17, 17, 18, 18, 18, 18, 18, 18, 18, 18, 18], "a_turds_left": [5, 5, 5, 5, 5, 5, 5, 5, 5, 5, 5, 5, 5, 5, 5, 5, 5, 5, 5, 5, 5, 5, 5, 5, 5, 5, 5, 5, 5, 5, 5, 5, 5, 5, 5, 5, 5, 5, 5, 5, 5, 5, 5, 5, 5, 5, 5, 5, 5, 5, 5, 5, 5, 5, 5, 5, 5, 5, 5, 5, 5, 5, 5, 5, 5, 5, 5, 5, 5, 5, 5, 5, 5, 5, 5, 5, 5, 5, 5, 5], "b_turds_left": [5, 5, 5, 4, 4, 4, 4, 3, 3, 3, 3, 2, 2, 2, 2, 1, 1, 1, 1, 1, 1, 1, 1, 1, 1, 1, 1, 1, 1, 1, 1, 1, 1, 1, 1, 1, 1, 1, 1, 1, 1, 1, 1, 1, 1, 1, 1, 1, 1, 1, 1, 1, 1, 1, 1, 1, 1, 1, 1, 1, 1, 1, 1, 1, 1, 1, 1, 1, 1, 1, 1, 1, 1, 1, 1, 1, 1, 0, 0, 0], "a_time_left": [359.9476066250063, 359.9476066250063, 359.90941529202973, 359.90941529202973, 359.8567010840343, 359.8567010840343, 359.8237780840427, 359.8237780840427, 359.79381958403974, 359.79381958403974, 359.7610338340455, 359.7610338340455, 359.71413420903264, 359.71413420903264, 359.69899462602916, 359.69899462602916, 359.68293112603715, 359.68293112603715, 359.6584975840233, 359.6584975840233, 359.6178220010188, 359.6178220010188, 359.58270212600473, 359.58270212600473, 359.5195979590062, 359.5195979590062, 359.4837740420189, 359.4837740420189, 359.45578491702327, 359.45578491702327, 359.41943779203575, 359.41943779203575, 359.35814241704065, 359.35814241704065, 359.3454061670345, 359.3454061670345, 359.2542113750533, 359.2542113750533, 359.2218830830534, 359.2218830830534, 359.1952890830289, 359.1952890830289, 359.162199916027, 359.162199916027, 359.08724670801894, 359.08724670801894, 359.05308595800307, 359.05308595800307, 359.0285902080068, 359.0285902080068, 359.018608207989, 359.018608207989, 359.01214387398795, 359.01214387398795, 358.9891076659842, 358.9891076659842, 358.98083408299135, 358.98083408299135, 358.96566154199536, 358.96566154199536, 358.95554929200443, 358.95554929200443, 358.92629554198356, 358.92629554198356, 358.916112041974, 358.916112041974, 358.89437966697733, 358.89437966697733, 358.8841504169686, 358.8841504169686, 358.86857429199154, 358.86857429199154, 358.8594971259881, 358.8594971259881, 358.84538004297065, 358.84538004297065, 358.83501150095253, 358.83501150095253, 358.83064650095184, 358.83064650095184], "b_time_left": [360, 359.9519426670158, 359.9519426670158, 359.8927340419905, 359.8927340419905, 359.8441534169833, 359.8441534169833, 359.8137416669924, 359.8137416669924, 359.7678023339831, 359.7678023339831, 359.724763834005, 359.724763834005, 359.6671154180076, 359.6671154180076, 359.6313787520339, 359.6313787520339, 359.6152852520172, 359.6152852520172, 359.5989168350061, 359.5989168350061, 359.5613462520123, 359.5613462520123, 359.51365658603027, 359.51365658603027, 359.45745075304876, 359.45745075304876, 359.4046627530479, 359.4046627530479, 359.3601297120331, 359.3601297120331, 359.33533058702596, 359.33533058702596, 359.2911854200356, 359.2911854200356, 359.25732208703994, 359.25732208703994, 359.2088515040232, 359.2088515040232, 359.17906292103, 359.17906292103, 359.146915713005, 359.146915713005, 359.11987154599046, 359.11987154599046, 359.08807446298306, 359.08807446298306, 359.06325867198757, 359.06325867198757, 359.0171075469989, 359.0171075469989, 359.00555033801356, 359.00555033801356, 358.9556809210335, 358.9556809210335, 358.94216012902325, 358.94216012902325, 358.89308962904033, 358.89308962904033, 358.88366892104386, 358.88366892104386, 358.83180954604177, 358.83180954604177, 358.8162740460539, 358.8162740460539, 358.7653124210483, 358.7653124210483, 358.7539617540606, 358.7539617540606, 358.7040544200572, 358.7040544200572, 358.69761375305825, 358.69761375305825, 358.6483245860727, 358.6483245860727, 358.63491062808316, 358.63491062808316, 358.60181462808396, 358.60181462808396, 358.6011608360859], "a_moves_left": [39, 39, 38, 38, 37, 37, 36, 36, 35, 35, 34, 34, 33, 33, 32, 32, 31, 31, 30, 30, 29, 29, 28, 28, 27, 27, 26, 26, 25, 25, 24, 24, 23, 23, 22, 22, 21, 21, 20, 20, 19, 19, 18, 18, 17, 17, 16, 16, 15, 15, 14, 14, 13, 13, 12, 12, 11, 11, 10, 10, 9, 9, 8, 8, 7, 7, 6, 6, 5, 5, 4, 4, 3, 3, 2, 2, 1, 1, 0, 0], "b_moves_left": [40, 39, 39, 38, 38, 37, 37, 36, 36, 35, 35, 34, 34, 33, 33, 32, 32, 31, 31, 30, 30, 29, 29, 28, 28, 27, 27, 26, 26, 25, 25, 24, 24, 23, 23, 22, 22, 21, 21, 20, 20, 19, 19, 18, 18, 17, 17, 16, 16, 15, 15, 14, 14, 13, 13, 12, 12, 11, 11, 10, 10, 9, 9, 8, 8, 7, 7, 6, 6, 5, 5, 4, 4, 3, 3, 2, 2, 1, 1, 0], "trapdoor_triggered": [0, 0, 0, 0, 0, 0, 0, 0, 0, 0, 0, 0, 0, 0, 0, 0, 0, 0, 0, 0, 0, 0, 0, 0, 0, 0, 0, 1, 0, 0, 0, 0, 0, 0, 0, 0, 0, 0, 0, 0, 0, 0, 0, 0, 0, 0, 0, 0, 0, 1, 0, 0, 0, 0, 0, 0, 0, 0, 0, 0, 0, 0, 0, 0, 0, 0, 0, 0, 0, 0, 0, 0, 0, 0, 0, 0, 0, 0, 0, 0], "left_behind": ["egg", "egg", "plain", "turd", "egg", "egg", "plain", "turd", "egg", "egg", "plain", "turd", "egg", "egg", "plain", "turd", "egg", "egg", "plain", "plain", "egg", "egg", "plain", "plain", "egg", "egg", "plain", "plain", "egg", "plain", "plain", "plain", "egg", "egg", "plain", "plain", "egg", "egg", "plain", "plain", "egg", "egg", "plain", "plain", "egg", "egg", "plain", "plain", "egg", "plain", "plain", "plain", "plain", "plain", "plain", "egg", "plain", "plain", "plain", "egg", "plain", "plain", "plain", "egg", "plain", "plain", "plain", "egg", "plain", "plain", "plain", "egg", "plain", "plain", "plain", "plain", "plain", "turd", "plain", "plain"], "errlog_a": "", "errlog_b": "", "start_time": 360, "start_moves": 40, "turn_count": 80, "result": 0, "reason": "EGGS_LAID", "trapdoors": [[3, 3], [3, 4]], "spawn_a": [0, 4], "spawn_b": [7, 4]}