{"pos": [[7, 2], [1, 1], [7, 3], [2, 1], [7, 2], [3, 1], [6, 2], [4, 1], [6, 3], [3, 1], [6, 4], [3, 2], [6, 5], [2, 2], [7, 5], [1, 2], [7, 6], [1, 3], [7, 7], [1, 4], [7, 6], [2, 4], [6, 6], [3, 4], [5, 6], [3, 5], [5, 7], [4, 5], [4, 7], [4, 6], [3, 7], [3, 6], [2, 7], [2, 6], [1, 7], [1, 6], [0, 7], [0, 6], [1, 7], [0, 7], [2, 7], [0, 6], [2, 6], [0, 5], [2, 5], [0, 4], [1, 5], [0, 3], [2, 5], [1, 3], [2, 4], [0, 1], [2, 5], [0, 0], [3, 5], [1, 0], [2, 5], [2, 0], [2, 6], [3, 0], [2, 5], [4, 0], [2, 6], [5, 0], [2, 5], [5, 1], [2, 6], [6, 1], [2, 5], [5, 1], [2, 6], [5, 2], [2, 5], [5, 3], [2, 6], [6, 3], [2, 5], [5, 3], [2, 6], [5, 2]], "a_eggs_laid": [1, 1, 1, 1, 2, 2, 2, 2, 3, 3, 3, 3, 4, 4, 4, 4, 5, 5, 5, 5, 8, 8, 8, 8, 9, 9, 9, 9, 10, 10, 10, 10, 11, 11, 11, 11, 12, 12, 12, 12, 12, 12, 12, 12, 13, 13, 13, 13, 14, 14, 14, 14, 19, 19, 19, 19, 20, 20, 20, 20, 20, 20, 20, 20, 20, 20, 20, 20, 20, 20, 20, 20, 20, 20, 20, 20, 20, 20, 20, 20], "b_eggs_laid": [0, 1, 1, 1, 1, 2, 2, 2, 2, 3, 3, 3, 3, 4, 4, 4, 4, 5, 5, 5, 5, 6, 6, 6, 6, 7, 7, 7, 7, 8, 8, 8, 8, 9, 9, 9, 9, 10, 10, 10, 10, 13, 13, 13, 13, 14, 14, 14, 14, 15, 15, 15, 15, 15, 15, 15, 15, 16, 16, 16, 16, 17, 17, 17, 17, 18, 18, 18, 18, 19, 19, 19, 19, 20, 20, 20, 20, 20, 20, 20], "a_turds_left": [5, 5, 5, 5, 5, 5, 5, 5, 5, 5, 5, 5, 5, 5, 5, 5, 5, 5, 5, 5, 5, 5, 5, 5, 5, 5, 5, 5, 5, 5, 5, 5, 5, 5, 5, 5, 5, 5, 5, 5, 5, 5, 5, 5, 5, 5, 5, 5, 5, 5, 5, 5, 5, 5, 5, 5, 5, 5, 5, 5, 5, 5, 5, 5, 5, 5, 5, 5, 5, 5, 5, 5, 5, 5, 5, 5, 5, 5, 5, 5], "b_turds_left": [5, 5, 5, 4, 4, 4, 4, 3, 3, 3, 3, 3, 3, 3, 3, 2, 2, 2, 2, 1, 1, 1, 1, 1, 1, 1, 1, 1, 1, 1, 1, 1, 1, 1, 1, 1, 1, 1, 1, 1, 1, 1, 1, 1, 1, 1, 1, 1, 1, 1, 1, 1, 1, 1, 1, 1, 1, 1, 1, 1, 1, 1, 1, 1, 1, 1, 1, 1, 1, 1, 1, 1, 1, 1, 1, 1, 1, 0, 0, 0], "a_time_left": [359.9501940830087, 359.9501940830087, 359.9136242500099, 359.9136242500099, 359.88407387502957, 359.88407387502957, 359.8661883750174, 359.8661883750174, 359.82836262503406, 359.82836262503406, 359.8114820420451, 359.8114820420451, 359.7642583750421, 359.7642583750421, 359.73250908302725, 359.73250908302725, 359.7010698330414, 359.7010698330414, 359.6827594990318, 359.6827594990318, 359.6645709570439, 359.6645709570439, 359.64816495703417, 359.64816495703417, 359.610791832034, 359.610791832034, 359.58814520703163, 359.58814520703163, 359.5634149570251, 359.5634149570251, 359.55905945703853, 359.55905945703853, 359.55072729001404, 359.55072729001404, 359.5461728730006, 359.5461728730006, 359.53878608098603, 359.53878608098603, 359.5376246639935, 359.5376246639935, 359.5366892890015, 359.5366892890015, 359.52935791402706, 359.52935791402706, 359.51654695603065, 359.51654695603065, 359.5065477890312, 359.5065477890312, 359.4999409550219, 359.4999409550219, 359.49133637102204, 359.49133637102204, 359.4866140380036, 359.4866140380036, 359.47998278800515, 359.47998278800515, 359.47369703801814, 359.47369703801814, 359.46443828803604, 359.46443828803604, 359.46047499604174, 359.46047499604174, 359.4512172040413, 359.4512172040413, 359.4462539960514, 359.4462539960514, 359.4182524960488, 359.4182524960488, 359.41450378805166, 359.41450378805166, 359.40156487206696, 359.40156487206696, 359.3968795380788, 359.3968795380788, 359.3845716630749, 359.3845716630749, 359.382437204069, 359.382437204069, 359.3801403710677, 359.3801403710677], "b_time_left": [360, 359.96176416700473, 359.96176416700473, 359.91941412500455, 359.91941412500455, 359.88609154199366, 359.88609154199366, 359.8578419589903, 359.8578419589903, 359.81615024997154, 359.81615024997154, 359.80239979198086, 359.80239979198086, 359.74035637499765, 359.74035637499765, 359.71326079100254, 359.71326079100254, 359.68075391600723, 359.68075391600723, 359.6647617490089, 359.6647617490089, 359.6352647909953, 359.6352647909953, 359.60994154098444, 359.60994154098444, 359.5685384159733, 359.5685384159733, 359.54811029095436, 359.54811029095436, 359.52283787494525, 359.52283787494525, 359.51263883395586, 359.51263883395586, 359.4953501679702, 359.4953501679702, 359.48525245997007, 359.48525245997007, 359.47573954297695, 359.47573954297695, 359.47202825098066, 359.47202825098066, 359.46774108399404, 359.46774108399404, 359.4599149590067, 359.4599149590067, 359.44455779201235, 359.44455779201235, 359.4395346250094, 359.4395346250094, 359.4181705000228, 359.4181705000228, 359.41456341702724, 359.41456341702724, 359.4075477090373, 359.4075477090373, 359.40344100104994, 359.40344100104994, 359.38361854304094, 359.38361854304094, 359.37888375204057, 359.37888375204057, 359.35730866802623, 359.35730866802623, 359.352598668047, 359.352598668047, 359.2742518350424, 359.2742518350424, 359.26795808505267, 359.26795808505267, 359.248501335067, 359.248501335067, 359.2420059600554, 359.2420059600554, 359.2018445850408, 359.2018445850408, 359.19510116806487, 359.19510116806487, 359.1910237930715, 359.1910237930715, 359.19066979305353], "a_moves_left": [39, 39, 38, 38, 37, 37, 36, 36, 35, 35, 34, 34, 33, 33, 32, 32, 31, 31, 30, 30, 29, 29, 28, 28, 27, 27, 26, 26, 25, 25, 24, 24, 23, 23, 22, 22, 21, 21, 20, 20, 19, 19, 18, 18, 17, 17, 16, 16, 15, 15, 14, 14, 13, 13, 12, 12, 11, 11, 10, 10, 9, 9, 8, 8, 7, 7, 6, 6, 5, 5, 4, 4, 3, 3, 2, 2, 1, 1, 0, 0], "b_moves_left": [40, 39, 39, 38, 38, 37, 37, 36, 36, 35, 35, 34, 34, 33, 33, 32, 32, 31, 31, 30, 30, 29, 29, 28, 28, 27, 27, 26, 26, 25, 25, 24, 24, 23, 23, 22, 22, 21, 21, 20, 20, 19, 19, 18, 18, 17, 17, 16, 16, 15, 15, 14, 14, 13, 13, 12, 12, 11, 11, 10, 10, 9, 9, 8, 8, 7, 7, 6, 6, 5, 5, 4, 4, 3, 3, 2, 2, 1, 1, 0], "trapdoor_triggered": [0, 0, 0, 0, 0, 0, 0, 0, 0, 0, 0, 0, 0, 0, 0, 0, 0, 0, 0, 0, 0, 0, 0, 0, 0, 0, 0, 0, 0, 0, 0, 0, 0, 0, 0, 0, 0, 0, 0, 0, 0, 0, 0, 0, 0, 0, 0, 0, 0, 0, 0, 1, 0, 0, 0, 0, 0, 0, 0, 0, 0, 0, 0, 0, 0, 0, 0, 0, 0, 0, 0, 0, 0, 0, 0, 0, 0, 0, 0, 0], "left_behind": ["egg", "egg", "plain", "turd", "egg", "egg", "plain", "turd", "egg", "egg", "plain", "plain", "egg", "egg", "plain", "turd", "egg", "egg", "plain", "turd", "egg", "egg", "plain", "plain", "egg", "egg", "plain", "plain", "egg", "egg", "plain", "plain", "egg", "egg", "plain", "plain", "egg", "egg", "plain", "plain", "plain", "egg", "plain", "plain", "egg", "egg", "plain", "plain", "egg", "egg", "plain", "plain", "egg", "plain", "plain", "plain", "egg", "egg", "plain", "plain", "plain", "egg", "plain", "plain", "plain", "egg", "plain", "plain", "plain", "egg", "plain", "plain", "plain", "egg", "plain", "plain", "plain", "turd", "plain", "plain"], "errlog_a": "", "errlog_b": "", "start_time": 360, "start_moves": 40, "turn_count": 80, "result": 2, "reason": "EGGS_LAID", "trapdoors": [[3, 3], [2, 3]], "spawn_a": [7, 1], "spawn_b": [0, 1]}