{"pos": [[7, 2], [1, 1], [7, 3], [2, 1], [7, 2], [3, 1], [6, 2], [4, 1], [6, 3], [3, 1], [6, 4], [3, 2], [6, 5], [2, 2], [7, 5], [1, 2], [7, 6], [1, 3], [7, 7], [1, 4], [7, 6], [1, 5], [6, 6], [1, 6], [5, 6], [1, 5], [5, 7], [0, 5], [5, 6], [1, 5], [4, 6], [2, 5], [4, 5], [2, 4], [3, 5], [2, 3], [4, 5], [1, 3], [4, 4], [0, 3], [5, 4], [0, 2], [5, 3], [0, 1], [5, 2], [0, 0], [5, 1], [1, 0], [5, 0], [2, 0], [6, 0], [3, 0], [6, 1], [3, 1], [6, 0], [4, 1], [6, 1], [4, 2], [6, 0], [5, 2], [7, 0], [4, 2], [7, 1], [0, 1], [7, 0], [1, 1], [7, 1], [1, 0], [7, 0], [2, 0], [7, 1], [3, 0], [7, 0], [3, 1], [7, 1], [4, 1], [7, 0], [3, 1], [7, 1], [3, 0]], "a_eggs_laid": [1, 1, 1, 1, 2, 2, 2, 2, 3, 3, 3, 3, 4, 4, 4, 4, 5, 5, 5, 5, 8, 8, 8, 8, 9, 9, 9, 9, 10, 10, 10, 10, 11, 11, 11, 11, 12, 12, 12, 12, 13, 13, 13, 13, 14, 14, 14, 14, 15, 15, 15, 15, 16, 16, 16, 16, 16, 16, 16, 16, 16, 16, 16, 16, 20, 20, 20, 20, 20, 20, 20, 20, 20, 20, 20, 20, 20, 20, 20, 20], "b_eggs_laid": [0, 1, 1, 1, 1, 2, 2, 2, 2, 3, 3, 3, 3, 4, 4, 4, 4, 5, 5, 5, 5, 6, 6, 6, 6, 7, 7, 7, 7, 8, 8, 8, 8, 9, 9, 9, 9, 10, 10, 10, 10, 11, 11, 11, 11, 11, 11, 11, 11, 12, 12, 12, 12, 13, 13, 13, 13, 13, 13, 13, 13, 14, 14, 14, 14, 14, 14, 14, 14, 14, 14, 14, 14, 14, 14, 14, 14, 14, 14, 14], "a_turds_left": [5, 5, 5, 5, 5, 5, 5, 5, 5, 5, 5, 5, 5, 5, 5, 5, 5, 5, 5, 5, 5, 5, 5, 5, 5, 5, 5, 5, 5, 5, 5, 5, 5, 5, 5, 5, 5, 5, 5, 5, 5, 5, 5, 5, 5, 5, 5, 5, 5, 5, 4, 4, 4, 4, 4, 4, 4, 4, 4, 4, 4, 4, 4, 4, 4, 4, 4, 4, 4, 4, 4, 4, 4, 4, 4, 4, 4, 4, 4, 4], "b_turds_left": [5, 5, 5, 4, 4, 4, 4, 3, 3, 3, 3, 3, 3, 3, 3, 2, 2, 2, 2, 1, 1, 1, 1, 1, 1, 1, 1, 1, 1, 1, 1, 1, 1, 1, 1, 1, 1, 1, 1, 1, 1, 1, 1, 1, 1, 1, 1, 1, 1, 1, 1, 1, 1, 1, 1, 1, 1, 1, 1, 1, 1, 1, 1, 1, 1, 1, 1, 1, 1, 1, 1, 1, 1, 1, 1, 1, 1, 1, 1, 1], "a_time_left": [359.9331797499908, 359.9331797499908, 359.8996000000043, 359.8996000000043, 359.8652532910055, 359.8652532910055, 359.8469634990033, 359.8469634990033, 359.80859253997914, 359.80859253997914, 359.7916579149896, 359.7916579149896, 359.7484649149701, 359.7484649149701, 359.71527208096813, 359.71527208096813, 359.68527287297184, 359.68527287297184, 359.6671988729795, 359.6671988729795, 359.6490169149765, 359.6490169149765, 359.63353762298357, 359.63353762298357, 359.5984101649956, 359.5984101649956, 359.56777445599437, 359.56777445599437, 359.5445341230079, 359.5445341230079, 359.5201379980135, 359.5201379980135, 359.4850858730206, 359.4850858730206, 359.45888841402484, 359.45888841402484, 359.42874291402404, 359.42874291402404, 359.41119687302853, 359.41119687302853, 359.3838523730228, 359.3838523730228, 359.3632849980495, 359.3632849980495, 359.34346516404185, 359.34346516404185, 359.3330032050435, 359.3330032050435, 359.31356278806925, 359.31356278806925, 359.30385237108567, 359.30385237108567, 359.2886259960942, 359.2886259960942, 359.27596012110007, 359.27596012110007, 359.2735551210935, 359.2735551210935, 359.25467912110616, 359.25467912110616, 359.25180933010415, 359.25180933010415, 359.24248291310505, 359.24248291310505, 359.2386195801082, 359.2386195801082, 359.2324366630928, 359.2324366630928, 359.2294459971017, 359.2294459971017, 359.2214899561077, 359.2214899561077, 359.217725623108, 359.217725623108, 359.2116122060979, 359.2116122060979, 359.2090007480874, 359.2090007480874, 359.2073039150855, 359.2073039150855], "b_time_left": [360, 359.9677560830023, 359.9677560830023, 359.92815020799753, 359.92815020799753, 359.8963577079994, 359.8963577079994, 359.8685012080241, 359.8685012080241, 359.8275721660175, 359.8275721660175, 359.81402812400484, 359.81402812400484, 359.7634042490099, 359.7634042490099, 359.7351162490377, 359.7351162490377, 359.70275349906296, 359.70275349906296, 359.6867230410571, 359.6867230410571, 359.6564161660499, 359.6564161660499, 359.63202570806607, 359.63202570806607, 359.5854053750809, 359.5854053750809, 359.56711950007593, 359.56711950007593, 359.53357587507344, 359.53357587507344, 359.51036425007624, 359.51036425007624, 359.4709911250684, 359.4709911250684, 359.45655629207613, 359.45655629207613, 359.4195710840868, 359.4195710840868, 359.4059311680903, 359.4059311680903, 359.3808749181044, 359.3808749181044, 359.363661043084, 359.363661043084, 359.35726570908446, 359.35726570908446, 359.34731004209607, 359.34731004209607, 359.33362875008606, 359.33362875008606, 359.3202882920741, 359.3202882920741, 359.30265408408013, 359.30265408408013, 359.2984778340615, 359.2984778340615, 359.2922635010618, 359.2922635010618, 359.2843762510747, 359.2843762510747, 359.27901612606365, 359.27901612606365, 359.2702273350733, 359.2702273350733, 359.26623729307903, 359.26623729307903, 359.2611428350792, 359.2611428350792, 359.2571453350829, 359.2571453350829, 359.2505766270624, 359.2505766270624, 359.247322669049, 359.247322669049, 359.2425735440338, 359.2425735440338, 359.24067862704396, 359.24067862704396, 359.2402141690254], "a_moves_left": [39, 39, 38, 38, 37, 37, 36, 36, 35, 35, 34, 34, 33, 33, 32, 32, 31, 31, 30, 30, 29, 29, 28, 28, 27, 27, 26, 26, 25, 25, 24, 24, 23, 23, 22, 22, 21, 21, 20, 20, 19, 19, 18, 18, 17, 17, 16, 16, 15, 15, 14, 14, 13, 13, 12, 12, 11, 11, 10, 10, 9, 9, 8, 8, 7, 7, 6, 6, 5, 5, 4, 4, 3, 3, 2, 2, 1, 1, 0, 0], "b_moves_left": [40, 39, 39, 38, 38, 37, 37, 36, 36, 35, 35, 34, 34, 33, 33, 32, 32, 31, 31, 30, 30, 29, 29, 28, 28, 27, 27, 26, 26, 25, 25, 24, 24, 23, 23, 22, 22, 21, 21, 20, 20, 19, 19, 18, 18, 17, 17, 16, 16, 15, 15, 14, 14, 13, 13, 12, 12, 11, 11, 10, 10, 9, 9, 8, 8, 7, 7, 6, 6, 5, 5, 4, 4, 3, 3, 2, 2, 1, 1, 0], "trapdoor_triggered": [0, 0, 0, 0, 0, 0, 0, 0, 0, 0, 0, 0, 0, 0, 0, 0, 0, 0, 0, 0, 0, 0, 0, 0, 0, 0, 0, 0, 0, 0, 0, 0, 0, 0, 0, 0, 0, 0, 0, 0, 0, 0, 0, 0, 0, 0, 0, 0, 0, 0, 0, 0, 0, 0, 0, 0, 0, 0, 0, 0, 0, 0, 0, 1, 0, 0, 0, 0, 0, 0, 0, 0, 0, 0, 0, 0, 0, 0, 0, 0], "left_behind": ["egg", "egg", "plain", "turd", "egg", "egg", "plain", "turd", "egg", "egg", "plain", "plain", "egg", "egg", "plain", "turd", "egg", "egg", "plain", "turd", "egg", "egg", "plain", "plain", "egg", "egg", "plain", "plain", "egg", "egg", "plain", "plain", "egg", "egg", "plain", "plain", "egg", "egg", "plain", "plain", "egg", "egg", "plain", "plain", "egg", "plain", "plain", "plain", "egg", "egg", "turd", "plain", "egg", "egg", "plain", "plain", "plain", "plain", "plain", "plain", "plain", "egg", "plain", "plain", "plain", "plain", "plain", "plain", "plain", "plain", "plain", "plain", "plain", "plain", "plain", "plain", "plain", "plain", "plain", "plain"], "errlog_a": "", "errlog_b": "", "start_time": 360, "start_moves": 40, "turn_count": 80, "result": 0, "reason": "EGGS_LAID", "trapdoors": [[5, 5], [4, 3]], "spawn_a": [7, 1], "spawn_b": [0, 1]}