{"pos": [[0, 1], [7, 3], [0, 0], [6, 3], [1, 0], [6, 4], [2, 0], [7, 4], [3, 0], [6, 4], [4, 0], [6, 5], [5, 0], [5, 5], [6, 0], [5, 6], [6, 1], [4, 6], [7, 1], [3, 6], [6, 1], [2, 6], [6, 2], [1, 6], [6, 1], [1, 5], [5, 1], [1, 4], [4, 1], [2, 4], [3, 1], [3, 4], [2, 1], [4, 4], [2, 2], [4, 3], [2, 1], [4, 4], [1, 1], [5, 4], [1, 2], [5, 5], [1, 3], [4, 5], [0, 2], [3, 5], [0, 1], [2, 5], [1, 1], [2, 4], [2, 1], [2, 5], [2, 0], [2, 4], [2, 1], [2, 5], [2, 0], [2, 4], [2, 1], [2, 5], [2, 0], [2, 6], [3, 0], [2, 7], [4, 0], [1, 7], [5, 0], [0, 7], [6, 0], [0, 6], [6, 1], [0, 5], [6, 0], [0, 4], [6, 1], [0, 3], [6, 0], [0, 4], [7, 0], [0, 3]], "a_eggs_laid": [1, 1, 1, 1, 4, 4, 4, 4, 5, 5, 5, 5, 6, 6, 6, 6, 7, 7, 7, 7, 8, 8, 8, 8, 9, 9, 9, 9, 10, 10, 10, 10, 11, 11, 11, 11, 12, 12, 12, 12, 13, 13, 13, 13, 14, 14, 14, 14, 14, 14, 14, 14, 14, 14, 14, 14, 14, 14, 14, 14, 14, 14, 14, 14, 14, 14, 14, 14, 14, 14, 14, 14, 14, 14, 14, 14, 14, 14, 14, 14], "b_eggs_laid": [0, 1, 1, 1, 1, 2, 2, 2, 2, 3, 3, 3, 3, 4, 4, 4, 4, 5, 5, 5, 5, 6, 6, 6, 6, 7, 7, 7, 7, 8, 8, 8, 8, 9, 9, 9, 9, 10, 10, 10, 10, 11, 11, 11, 11, 16, 16, 16, 16, 17, 17, 17, 17, 17, 17, 17, 17, 17, 17, 17, 17, 17, 17, 17, 17, 18, 18, 18, 18, 21, 21, 21, 21, 22, 22, 22, 22, 23, 23, 23], "a_turds_left": [5, 5, 5, 5, 5, 5, 5, 5, 5, 5, 5, 5, 5, 5, 5, 5, 5, 5, 5, 5, 5, 5, 5, 5, 5, 5, 5, 5, 5, 5, 5, 5, 5, 5, 5, 5, 5, 5, 5, 5, 5, 5, 5, 5, 5, 5, 5, 5, 5, 5, 5, 5, 5, 5, 5, 5, 5, 5, 5, 5, 5, 5, 5, 5, 5, 5, 5, 5, 5, 5, 5, 5, 5, 5, 5, 5, 5, 5, 5, 5], "b_turds_left": [5, 5, 5, 5, 5, 5, 5, 5, 5, 5, 5, 4, 4, 4, 4, 3, 3, 3, 3, 3, 3, 3, 3, 2, 2, 2, 2, 1, 1, 1, 1, 1, 1, 1, 1, 1, 1, 1, 1, 1, 1, 1, 1, 1, 1, 1, 1, 1, 1, 1, 1, 1, 1, 1, 1, 1, 1, 1, 1, 1, 1, 1, 1, 1, 1, 1, 1, 1, 1, 1, 1, 1, 1, 1, 1, 0, 0, 0, 0, 0], "a_time_left": [359.931361541996, 359.931361541996, 359.8976435420045, 359.8976435420045, 359.86429145903094, 359.86429145903094, 359.8263696670183, 359.8263696670183, 359.7850573340256, 359.7850573340256, 359.7499892510241, 359.7499892510241, 359.6930690430163, 359.6930690430163, 359.6566711680207, 359.6566711680207, 359.6114383350068, 359.6114383350068, 359.56382212700555, 359.56382212700555, 359.53226566899684, 359.53226566899684, 359.48752691899426, 359.48752691899426, 359.4528356269875, 359.4528356269875, 359.4190519609838, 359.4190519609838, 359.3501782109961, 359.3501782109961, 359.3060477109975, 359.3060477109975, 359.24023567000404, 359.24023567000404, 359.20342133700615, 359.20342133700615, 359.13705866999226, 359.13705866999226, 359.1037212119845, 359.1037212119845, 359.04255408697645, 359.04255408697645, 359.01745679497253, 359.01745679497253, 358.9707378789608, 358.9707378789608, 358.9557373379648, 358.9557373379648, 358.9283565469668, 358.9283565469668, 358.9094082969532, 358.9094082969532, 358.8912163809582, 358.8912163809582, 358.8773393809388, 358.8773393809388, 358.8010787969397, 358.8010787969397, 358.7859773389355, 358.7859773389355, 358.76764192193514, 358.76764192193514, 358.75662262993865, 358.75662262993865, 358.7329518799379, 358.7329518799379, 358.72148575494066, 358.72148575494066, 358.70545537993894, 358.70545537993894, 358.6970326299488, 358.6970326299488, 358.6694729209412, 358.6694729209412, 358.6593328799354, 358.6593328799354, 358.65211325493874, 358.65211325493874, 358.6506546299497, 358.6506546299497], "b_time_left": [360, 359.9327891250141, 359.9327891250141, 359.9038340000261, 359.9038340000261, 359.84954587501124, 359.84954587501124, 359.8041080000112, 359.8041080000112, 359.7660992090241, 359.7660992090241, 359.7214934180374, 359.7214934180374, 359.6720792930282, 359.6720792930282, 359.6237309180433, 359.6237309180433, 359.55366641803994, 359.55366641803994, 359.51951295902836, 359.51951295902836, 359.33182970903, 359.33182970903, 359.1843910840398, 359.1843910840398, 359.0456511670491, 359.0456511670491, 358.84417445905274, 358.84417445905274, 358.65505895906244, 358.65505895906244, 358.505747834075, 358.505747834075, 358.3217080430768, 358.3217080430768, 358.14037112609367, 358.14037112609367, 358.0030795430939, 358.0030795430939, 357.8364355430822, 357.8364355430822, 357.3471545430657, 357.3471545430657, 356.87785279308446, 356.87785279308446, 356.50093762608594, 356.50093762608594, 355.904774209077, 355.904774209077, 355.5098272090836, 355.5098272090836, 354.8685516670812, 354.8685516670812, 354.5398392500647, 354.5398392500647, 353.86974033305887, 353.86974033305887, 353.536000791064, 353.536000791064, 352.8821711240744, 352.8821711240744, 351.82801637408556, 351.82801637408556, 350.0643246661057, 350.0643246661057, 349.44349491610774, 349.44349491610774, 347.9929679160996, 347.9929679160996, 347.63824079110054, 347.63824079110054, 346.6236241661245, 346.6236241661245, 346.34014066611417, 346.34014066611417, 346.19349474910996, 346.19349474910996, 346.1903894151037, 346.1903894151037, 346.18957091509947], "a_moves_left": [39, 39, 38, 38, 37, 37, 36, 36, 35, 35, 34, 34, 33, 33, 32, 32, 31, 31, 30, 30, 29, 29, 28, 28, 27, 27, 26, 26, 25, 25, 24, 24, 23, 23, 22, 22, 21, 21, 20, 20, 19, 19, 18, 18, 17, 17, 16, 16, 15, 15, 14, 14, 13, 13, 12, 12, 11, 11, 10, 10, 9, 9, 8, 8, 7, 7, 6, 6, 5, 5, 4, 4, 3, 3, 2, 2, 1, 1, 0, 0], "b_moves_left": [40, 39, 39, 38, 38, 37, 37, 36, 36, 35, 35, 34, 34, 33, 33, 32, 32, 31, 31, 30, 30, 29, 29, 28, 28, 27, 27, 26, 26, 25, 25, 24, 24, 23, 23, 22, 22, 21, 21, 20, 20, 19, 19, 18, 18, 17, 17, 16, 16, 15, 15, 14, 14, 13, 13, 12, 12, 11, 11, 10, 10, 9, 9, 8, 8, 7, 7, 6, 6, 5, 5, 4, 4, 3, 3, 2, 2, 1, 1, 0], "trapdoor_triggered": [0, 0, 0, 0, 0, 0, 0, 0, 0, 0, 0, 0, 0, 0, 0, 0, 0, 0, 0, 0, 0, 0, 0, 0, 0, 0, 0, 0, 0, 0, 0, 0, 0, 0, 0, 0, 0, 0, 0, 0, 0, 0, 0, 0, 1, 0, 0, 0, 0, 0, 0, 0, 0, 0, 0, 0, 0, 0, 0, 0, 0, 0, 0, 0, 0, 0, 0, 0, 0, 0, 0, 0, 0, 0, 0, 0, 0, 0, 0, 0], "left_behind": ["egg", "egg", "plain", "plain", "egg", "egg", "plain", "plain", "egg", "egg", "plain", "turd", "egg", "egg", "plain", "turd", "egg", "egg", "plain", "plain", "egg", "egg", "plain", "turd", "egg", "egg", "plain", "turd", "egg", "egg", "plain", "plain", "egg", "egg", "plain", "plain", "egg", "egg", "plain", "plain", "egg", "egg", "plain", "plain", "egg", "egg", "plain", "plain", "plain", "egg", "plain", "plain", "plain", "plain", "plain", "plain", "plain", "plain", "plain", "plain", "plain", "plain", "plain", "plain", "plain", "egg", "plain", "plain", "plain", "egg", "plain", "plain", "plain", "egg", "plain", "turd", "plain", "egg", "plain", "plain"], "errlog_a": "", "errlog_b": "", "start_time": 360, "start_moves": 40, "turn_count": 80, "result": 1, "reason": "EGGS_LAID", "trapdoors": [[4, 2], [2, 3]], "spawn_a": [0, 2], "spawn_b": [7, 2]}