{"pos": [[7, 4], [1, 5], [7, 3], [1, 4], [7, 2], [1, 3], [7, 1], [2, 3], [7, 2], [3, 3], [6, 2], [3, 2], [6, 1], [3, 1], [6, 0], [4, 1], [6, 1], [5, 1], [7, 1], [6, 1], [7, 2], [5, 1], [7, 3], [5, 2], [7, 4], [5, 3], [6, 4], [5, 4], [6, 5], [5, 5], [6, 6], [5, 6], [7, 6], [4, 6], [7, 7], [3, 6], [6, 7], [4, 6], [5, 7], [4, 7], [6, 7], [4, 6], [6, 6], [4, 5], [6, 5], [0, 5], [5, 5], [1, 5], [6, 5], [2, 5], [6, 4], [2, 6], [6, 3], [2, 7], [5, 3], [2, 6], [6, 3], [1, 6], [6, 2], [1, 7], [7, 2], [0, 7], [7, 3], [0, 6], [7, 2], [1, 6], [7, 3], [1, 5], [7, 2], [1, 4], [7, 3], [1, 3], [7, 2], [1, 2], [7, 3], [1, 1], [7, 2], [1, 0], [7, 1], [2, 0]], "a_eggs_laid": [1, 1, 1, 1, 2, 2, 2, 2, 3, 3, 3, 3, 4, 4, 4, 4, 5, 5, 5, 5, 5, 5, 5, 5, 5, 5, 5, 5, 6, 6, 6, 6, 7, 7, 7, 7, 10, 10, 10, 10, 11, 11, 11, 11, 11, 11, 15, 15, 16, 16, 16, 16, 16, 16, 16, 16, 17, 17, 17, 17, 17, 17, 17, 17, 17, 17, 17, 17, 17, 17, 17, 17, 17, 17, 17, 17, 17, 17, 17, 17], "b_eggs_laid": [0, 1, 1, 1, 1, 2, 2, 2, 2, 3, 3, 3, 3, 4, 4, 4, 4, 5, 5, 5, 5, 6, 6, 6, 6, 7, 7, 7, 7, 8, 8, 8, 8, 9, 9, 9, 9, 10, 10, 10, 10, 11, 11, 11, 11, 12, 12, 12, 12, 12, 12, 13, 13, 13, 13, 14, 14, 14, 14, 15, 15, 15, 15, 18, 18, 18, 18, 18, 18, 18, 18, 18, 18, 18, 18, 19, 19, 19, 19, 20], "a_turds_left": [5, 5, 5, 5, 5, 5, 5, 5, 5, 5, 5, 5, 5, 5, 5, 5, 5, 5, 5, 5, 5, 5, 5, 5, 5, 5, 5, 5, 5, 5, 5, 5, 5, 5, 5, 5, 5, 5, 5, 5, 5, 5, 5, 5, 5, 5, 5, 5, 5, 5, 5, 5, 5, 5, 5, 5, 5, 5, 5, 5, 5, 5, 5, 5, 5, 5, 5, 5, 5, 5, 5, 5, 5, 5, 5, 5, 5, 5, 5, 5], "b_turds_left": [5, 5, 5, 4, 4, 4, 4, 3, 3, 3, 3, 2, 2, 2, 2, 1, 1, 1, 1, 1, 1, 1, 1, 1, 1, 1, 1, 1, 1, 1, 1, 1, 1, 1, 1, 1, 1, 1, 1, 1, 1, 1, 1, 1, 1, 1, 1, 1, 1, 1, 1, 1, 1, 1, 1, 1, 1, 1, 1, 1, 1, 1, 1, 1, 1, 1, 1, 1, 1, 1, 1, 1, 1, 1, 1, 1, 1, 0, 0, 0], "a_time_left": [359.9557991249894, 359.9557991249894, 359.91491633298574, 359.91491633298574, 359.8681534169882, 359.8681534169882, 359.8374487499823, 359.8374487499823, 359.7864712079754, 359.7864712079754, 359.75527670796146, 359.75527670796146, 359.68882279095124, 359.68882279095124, 359.64457670695265, 359.64457670695265, 359.60406458194484, 359.60406458194484, 359.59336883193464, 359.59336883193464, 359.59036537393695, 359.59036537393695, 359.57146658192505, 359.57146658192505, 359.558950914914, 359.558950914914, 359.5323620818963, 359.5323620818963, 359.5073892068758, 359.5073892068758, 359.49385678986437, 359.49385678986437, 359.46846778987674, 359.46846778987674, 359.44321016487083, 359.44321016487083, 359.41466012384626, 359.41466012384626, 359.3932725408522, 359.3932725408522, 359.3873384578619, 359.3873384578619, 359.3690994158678, 359.3690994158678, 359.3541901248682, 359.3541901248682, 359.34171195788076, 359.34171195788076, 359.33032104186714, 359.33032104186714, 359.29608858388383, 359.29608858388383, 359.2792574588966, 359.2792574588966, 359.2533944998868, 359.2533944998868, 359.2383639588952, 359.2383639588952, 359.20443229188095, 359.20443229188095, 359.19690345888375, 359.19690345888375, 359.18342991688405, 359.18342991688405, 359.1723216668761, 359.1723216668761, 359.1605342498515, 359.1605342498515, 359.1524234158569, 359.1524234158569, 359.1405786248506, 359.1405786248506, 359.1329824998684, 359.1329824998684, 359.1074944168504, 359.1074944168504, 359.0941546668473, 359.0941546668473, 359.08934033385594, 359.08934033385594], "b_time_left": [360, 359.95605987499584, 359.95605987499584, 359.9052859999938, 359.9052859999938, 359.8581213330035, 359.8581213330035, 359.80582820801646, 359.80582820801646, 359.75095516600413, 359.75095516600413, 359.6877848750155, 359.6877848750155, 359.637027083023, 359.637027083023, 359.5946414580103, 359.5946414580103, 359.54030208301265, 359.54030208301265, 359.5121724999917, 359.5121724999917, 359.49525666600675, 359.49525666600675, 359.46166129101766, 359.46166129101766, 359.4193083740247, 359.4193083740247, 359.387652999023, 359.387652999023, 359.34704937401693, 359.34704937401693, 359.3179212899995, 359.3179212899995, 359.28263554000296, 359.28263554000296, 359.25678508201963, 359.25678508201963, 359.2126838740369, 359.2126838740369, 359.1943609150476, 359.1943609150476, 359.16845583205577, 359.16845583205577, 359.1404139980441, 359.1404139980441, 359.07939729004283, 359.07939729004283, 359.0722209570522, 359.0722209570522, 359.0371628320718, 359.0371628320718, 359.0151728730707, 359.0151728730707, 358.9441749150865, 358.9441749150865, 358.9358708310756, 358.9358708310756, 358.87054695608094, 358.87054695608094, 358.85226095610415, 358.85226095610415, 358.81839879011386, 358.81839879011386, 358.8076547491073, 358.8076547491073, 358.7741150830989, 358.7741150830989, 358.7528082921053, 358.7528082921053, 358.725896667107, 358.725896667107, 358.70294391710195, 358.70294391710195, 358.6767855841026, 358.6767855841026, 358.6504807921301, 358.6504807921301, 358.62525904213544, 358.62525904213544, 358.6247304591525], "a_moves_left": [39, 39, 38, 38, 37, 37, 36, 36, 35, 35, 34, 34, 33, 33, 32, 32, 31, 31, 30, 30, 29, 29, 28, 28, 27, 27, 26, 26, 25, 25, 24, 24, 23, 23, 22, 22, 21, 21, 20, 20, 19, 19, 18, 18, 17, 17, 16, 16, 15, 15, 14, 14, 13, 13, 12, 12, 11, 11, 10, 10, 9, 9, 8, 8, 7, 7, 6, 6, 5, 5, 4, 4, 3, 3, 2, 2, 1, 1, 0, 0], "b_moves_left": [40, 39, 39, 38, 38, 37, 37, 36, 36, 35, 35, 34, 34, 33, 33, 32, 32, 31, 31, 30, 30, 29, 29, 28, 28, 27, 27, 26, 26, 25, 25, 24, 24, 23, 23, 22, 22, 21, 21, 20, 20, 19, 19, 18, 18, 17, 17, 16, 16, 15, 15, 14, 14, 13, 13, 12, 12, 11, 11, 10, 10, 9, 9, 8, 8, 7, 7, 6, 6, 5, 5, 4, 4, 3, 3, 2, 2, 1, 1, 0], "trapdoor_triggered": [0, 0, 0, 0, 0, 0, 0, 0, 0, 0, 0, 0, 0, 0, 0, 0, 0, 0, 0, 0, 0, 0, 0, 0, 0, 0, 0, 0, 0, 0, 0, 0, 0, 0, 0, 0, 0, 0, 0, 0, 0, 0, 0, 0, 0, 1, 0, 0, 0, 0, 0, 0, 0, 0, 0, 0, 0, 0, 0, 0, 0, 0, 0, 0, 0, 0, 0, 0, 0, 0, 0, 0, 0, 0, 0, 0, 0, 0, 0, 0], "left_behind": ["egg", "egg", "plain", "turd", "egg", "egg", "plain", "turd", "egg", "egg", "plain", "turd", "egg", "egg", "plain", "turd", "egg", "egg", "plain", "plain", "plain", "egg", "plain", "plain", "plain", "egg", "plain", "plain", "egg", "egg", "plain", "plain", "egg", "egg", "plain", "plain", "egg", "egg", "plain", "plain", "egg", "egg", "plain", "plain", "plain", "egg", "plain", "plain", "egg", "plain", "plain", "egg", "plain", "plain", "plain", "egg", "egg", "plain", "plain", "egg", "plain", "plain", "plain", "egg", "plain", "plain", "plain", "plain", "plain", "plain", "plain", "plain", "plain", "plain", "plain", "egg", "plain", "turd", "plain", "egg"], "errlog_a": "", "errlog_b": "", "start_time": 360, "start_moves": 40, "turn_count": 80, "result": 1, "reason": "EGGS_LAID", "trapdoors": [[3, 5], [4, 3]], "spawn_a": [7, 5], "spawn_b": [0, 5]}