{"pos": [[7, 4], [0, 4], [7, 3], [0, 3], [7, 2], [0, 2], [7, 1], [0, 1], [7, 2], [1, 1], [6, 2], [1, 0], [6, 1], [2, 0], [6, 0], [3, 0], [6, 1], [3, 1], [5, 1], [4, 1], [5, 2], [4, 2], [5, 3], [3, 2], [6, 3], [3, 1], [6, 4], [2, 1], [6, 5], [1, 1], [6, 6], [1, 2], [5, 6], [1, 3], [5, 7], [1, 4], [5, 6], [1, 5], [4, 6], [1, 6], [5, 6], [1, 5], [5, 5], [2, 5], [5, 4], [3, 5], [4, 4], [3, 6], [4, 3], [3, 7], [4, 2], [2, 7], [4, 3], [1, 7], [3, 3], [0, 7], [4, 3], [0, 6], [5, 3], [0, 5], [6, 3], [0, 4], [6, 2], [0, 3], [6, 1], [1, 3], [6, 0], [2, 3], [6, 1], [2, 2], [6, 0], [2, 1], [6, 1], [2, 0], [6, 0], [3, 0], [6, 1], [4, 0], [6, 0], [5, 0]], "a_eggs_laid": [1, 1, 1, 1, 2, 2, 2, 2, 3, 3, 3, 3, 4, 4, 4, 4, 5, 5, 5, 5, 6, 6, 6, 6, 7, 7, 7, 7, 8, 8, 8, 8, 9, 9, 9, 9, 10, 10, 10, 10, 11, 11, 11, 11, 12, 12, 12, 12, 13, 13, 13, 13, 14, 14, 14, 14, 15, 15, 15, 15, 15, 15, 15, 15, 15, 15, 15, 15, 15, 15, 15, 15, 15, 15, 15, 15, 15, 15, 15, 15], "b_eggs_laid": [0, 1, 1, 1, 1, 2, 2, 2, 2, 3, 3, 3, 3, 4, 4, 4, 4, 5, 5, 5, 5, 6, 6, 6, 6, 7, 7, 7, 7, 8, 8, 8, 8, 9, 9, 9, 9, 10, 10, 10, 10, 11, 11, 11, 11, 12, 12, 12, 12, 13, 13, 13, 13, 14, 14, 14, 14, 17, 17, 17, 17, 17, 17, 17, 17, 17, 17, 17, 17, 18, 18, 18, 18, 18, 18, 18, 18, 18, 18, 18], "a_turds_left": [5, 5, 5, 5, 5, 5, 5, 5, 5, 5, 5, 5, 5, 5, 5, 5, 5, 5, 5, 5, 5, 5, 5, 5, 5, 5, 5, 5, 5, 5, 5, 5, 5, 5, 5, 5, 5, 5, 5, 5, 5, 5, 5, 5, 5, 5, 5, 5, 5, 5, 5, 5, 5, 5, 5, 5, 5, 5, 5, 5, 5, 5, 5, 5, 5, 5, 5, 5, 5, 5, 5, 5, 5, 5, 5, 5, 5, 5, 5, 5], "b_turds_left": [5, 5, 5, 5, 5, 5, 5, 5, 5, 5, 5, 5, 5, 5, 5, 5, 5, 5, 5, 5, 5, 5, 5, 5, 5, 5, 5, 5, 5, 5, 5, 5, 5, 5, 5, 5, 5, 5, 5, 5, 5, 5, 5, 5, 5, 5, 5, 5, 5, 5, 5, 5, 5, 5, 5, 5, 5, 5, 5, 5, 5, 5, 5, 5, 5, 5, 5, 5, 5, 5, 5, 5, 5, 5, 5, 5, 5, 5, 5, 5], "a_time_left": [359.963756290992, 359.963756290992, 359.9412148319825, 359.9412148319825, 359.9048435409786, 359.9048435409786, 359.88890691596316, 359.88890691596316, 359.86655116596376, 359.86655116596376, 359.8485187069746, 359.8485187069746, 359.81620112396195, 359.81620112396195, 359.7957957909384, 359.7957957909384, 359.77386062496225, 359.77386062496225, 359.7488569999696, 359.7488569999696, 359.7315117919934, 359.7315117919934, 359.72302083397517, 359.72302083397517, 359.64739158397424, 359.64739158397424, 359.6255114589876, 359.6255114589876, 359.58350054200855, 359.58350054200855, 359.55513987501035, 359.55513987501035, 359.5168586660002, 359.5168586660002, 359.4898825409764, 359.4898825409764, 359.4631438329816, 359.4631438329816, 359.43818437398295, 359.43818437398295, 359.4007617489842, 359.4007617489842, 359.3785810819827, 359.3785810819827, 359.3390592490032, 359.3390592490032, 359.3199099570047, 359.3199099570047, 359.2852861660067, 359.2852861660067, 359.2690775830124, 359.2690775830124, 359.25383529101964, 359.25383529101964, 359.237436291005, 359.237436291005, 359.2221588740067, 359.2221588740067, 359.20782737401896, 359.20782737401896, 359.20062499903725, 359.20062499903725, 359.18349016606226, 359.18349016606226, 359.1768291250628, 359.1768291250628, 359.1572669170564, 359.1572669170564, 359.15053916705074, 359.15053916705074, 359.1285200420534, 359.1285200420534, 359.12287041707896, 359.12287041707896, 359.1060608330881, 359.1060608330881, 359.1022292081034, 359.1022292081034, 359.098321333091, 359.098321333091], "b_time_left": [360, 359.96252679199097, 359.96252679199097, 359.9323850419896, 359.9323850419896, 359.9109371250088, 359.9109371250088, 359.8920947499864, 359.8920947499864, 359.8722838330141, 359.8722838330141, 359.8457770830137, 359.8457770830137, 359.82185395801207, 359.82185395801207, 359.80519983300474, 359.80519983300474, 359.77182208301383, 359.77182208301383, 359.7462846249982, 359.7462846249982, 359.7182237500092, 359.7182237500092, 359.7021741250064, 359.7021741250064, 359.6593399590056, 359.6593399590056, 359.6351315009815, 359.6351315009815, 359.5945553339843, 359.5945553339843, 359.571057292982, 359.571057292982, 359.5362318759726, 359.5362318759726, 359.5156905009935, 359.5156905009935, 359.4835093339789, 359.4835093339789, 359.4582256679714, 359.4582256679714, 359.42848191794474, 359.42848191794474, 359.4042390009563, 359.4042390009563, 359.36266966795665, 359.36266966795665, 359.34742191794794, 359.34742191794794, 359.320158708957, 359.320158708957, 359.3112052929646, 359.3112052929646, 359.2804871679691, 359.2804871679691, 359.2673356679734, 359.2673356679734, 359.25099566797144, 359.25099566797144, 359.24390291798045, 359.24390291798045, 359.23557450200315, 359.23557450200315, 359.22795529302675, 359.22795529302675, 359.2194409590156, 359.2194409590156, 359.2092411670019, 359.2092411670019, 359.1807858340035, 359.1807858340035, 359.17138804201386, 359.17138804201386, 359.1562746670097, 359.1562746670097, 359.1498896260164, 359.1498896260164, 359.1453851260012, 359.1453851260012, 359.14464137601317], "a_moves_left": [39, 39, 38, 38, 37, 37, 36, 36, 35, 35, 34, 34, 33, 33, 32, 32, 31, 31, 30, 30, 29, 29, 28, 28, 27, 27, 26, 26, 25, 25, 24, 24, 23, 23, 22, 22, 21, 21, 20, 20, 19, 19, 18, 18, 17, 17, 16, 16, 15, 15, 14, 14, 13, 13, 12, 12, 11, 11, 10, 10, 9, 9, 8, 8, 7, 7, 6, 6, 5, 5, 4, 4, 3, 3, 2, 2, 1, 1, 0, 0], "b_moves_left": [40, 39, 39, 38, 38, 37, 37, 36, 36, 35, 35, 34, 34, 33, 33, 32, 32, 31, 31, 30, 30, 29, 29, 28, 28, 27, 27, 26, 26, 25, 25, 24, 24, 23, 23, 22, 22, 21, 21, 20, 20, 19, 19, 18, 18, 17, 17, 16, 16, 15, 15, 14, 14, 13, 13, 12, 12, 11, 11, 10, 10, 9, 9, 8, 8, 7, 7, 6, 6, 5, 5, 4, 4, 3, 3, 2, 2, 1, 1, 0], "trapdoor_triggered": [0, 0, 0, 0, 0, 0, 0, 0, 0, 0, 0, 0, 0, 0, 0, 0, 0, 0, 0, 0, 0, 0, 0, 0, 0, 0, 0, 0, 0, 0, 0, 0, 0, 0, 0, 0, 0, 0, 0, 0, 0, 0, 0, 0, 0, 0, 0, 0, 0, 0, 0, 0, 0, 0, 0, 0, 0, 0, 0, 0, 0, 0, 0, 0, 0, 0, 0, 0, 0, 0, 0, 0, 0, 0, 0, 0, 0, 0, 0, 0], "left_behind": ["egg", "egg", "plain", "plain", "egg", "egg", "plain", "plain", "egg", "egg", "plain", "plain", "egg", "egg", "plain", "plain", "egg", "egg", "plain", "plain", "egg", "egg", "plain", "plain", "egg", "egg", "plain", "plain", "egg", "egg", "plain", "plain", "egg", "egg", "plain", "plain", "egg", "egg", "plain", "plain", "egg", "egg", "plain", "plain", "egg", "egg", "plain", "plain", "egg", "egg", "plain", "plain", "egg", "egg", "plain", "plain", "egg", "egg", "plain", "plain", "plain", "plain", "plain", "plain", "plain", "plain", "plain", "plain", "plain", "egg", "plain", "plain", "plain", "plain", "plain", "plain", "plain", "plain", "plain", "plain"], "errlog_a": "", "errlog_b": "", "start_time": 360, "start_moves": 40, "turn_count": 80, "result": 1, "reason": "EGGS_LAID", "trapdoors": [[2, 4], [3, 4]], "spawn_a": [7, 5], "spawn_b": [0, 5]}