{"pos": [[0, 1], [7, 3], [0, 0], [6, 3], [1, 0], [5, 3], [2, 0], [5, 2], [3, 0], [5, 1], [3, 1], [4, 1], [2, 1], [5, 1], [1, 1], [6, 1], [1, 2], [6, 0], [1, 3], [7, 0], [1, 4], [6, 0], [2, 4], [5, 0], [1, 4], [5, 1], [1, 5], [5, 2], [1, 6], [5, 3], [2, 6], [5, 4], [3, 6], [5, 5], [3, 5], [5, 6], [3, 6], [4, 6], [3, 7], [4, 5], [2, 7], [5, 5], [1, 7], [6, 5], [1, 6], [7, 5], [0, 6], [7, 6], [0, 5], [7, 7], [0, 4], [6, 7], [0, 3], [5, 7], [0, 2], [4, 7], [0, 1], [4, 6], [1, 1], [3, 6], [1, 0], [4, 6], [2, 0], [4, 5], [2, 1], [4, 4], [0, 2], [3, 4], [0, 1], [3, 3], [1, 1], [3, 2], [1, 0], [4, 2], [2, 0], [7, 2], [2, 1], [7, 1], [2, 0], [7, 0]], "a_eggs_laid": [1, 1, 1, 1, 4, 4, 4, 4, 5, 5, 5, 5, 6, 6, 6, 6, 7, 7, 7, 7, 8, 8, 8, 8, 9, 9, 9, 9, 10, 10, 10, 10, 11, 11, 11, 11, 12, 12, 12, 12, 13, 13, 13, 13, 14, 14, 14, 14, 15, 15, 15, 15, 16, 16, 16, 16, 16, 16, 16, 16, 16, 16, 16, 16, 16, 16, 16, 16, 16, 16, 16, 16, 16, 16, 16, 16, 20, 20, 20, 20], "b_eggs_laid": [0, 1, 1, 1, 1, 2, 2, 2, 2, 3, 3, 3, 3, 4, 4, 4, 4, 5, 5, 5, 5, 8, 8, 8, 8, 9, 9, 9, 9, 9, 9, 9, 9, 10, 10, 10, 10, 11, 11, 11, 11, 12, 12, 12, 12, 13, 13, 13, 13, 14, 14, 14, 14, 15, 15, 15, 15, 16, 16, 16, 16, 17, 17, 17, 17, 17, 17, 21, 21, 22, 22, 22, 22, 23, 23, 23, 23, 23, 23, 23], "a_turds_left": [5, 5, 5, 5, 5, 5, 5, 5, 5, 5, 5, 5, 5, 5, 5, 5, 5, 5, 5, 5, 5, 5, 5, 5, 5, 5, 5, 5, 5, 5, 5, 5, 5, 5, 5, 5, 5, 5, 5, 5, 5, 5, 5, 5, 5, 5, 5, 5, 5, 5, 5, 5, 5, 5, 5, 5, 5, 5, 5, 5, 5, 5, 5, 5, 5, 5, 5, 5, 5, 5, 5, 5, 5, 5, 5, 5, 5, 5, 5, 5], "b_turds_left": [5, 5, 5, 5, 5, 5, 5, 4, 4, 4, 4, 3, 3, 3, 3, 3, 3, 3, 3, 3, 3, 3, 3, 3, 3, 3, 3, 3, 3, 3, 3, 3, 3, 3, 3, 2, 2, 2, 2, 1, 1, 1, 1, 1, 1, 1, 1, 1, 1, 1, 1, 1, 1, 1, 1, 1, 1, 1, 1, 1, 1, 1, 1, 1, 1, 1, 1, 1, 1, 1, 1, 1, 1, 1, 1, 1, 1, 1, 1, 0], "a_time_left": [359.9496054589981, 359.9496054589981, 359.9108462089789, 359.9108462089789, 359.8795071679633, 359.8795071679633, 359.8447653759795, 359.8447653759795, 359.7976000419585, 359.7976000419585, 359.76662270893576, 359.76662270893576, 359.73668200091925, 359.73668200091925, 359.707760792895, 359.707760792895, 359.63817541790195, 359.63817541790195, 359.60361704291427, 359.60361704291427, 359.5667476679082, 359.5667476679082, 359.5208589589165, 359.5208589589165, 359.46724387590075, 359.46724387590075, 359.43801929292385, 359.43801929292385, 359.39405975092086, 359.39405975092086, 359.3616824179189, 359.3616824179189, 359.286789001897, 359.286789001897, 359.2479001689062, 359.2479001689062, 359.1921751269256, 359.1921751269256, 359.1785582099401, 359.1785582099401, 359.16649179393426, 359.16649179393426, 359.15282045994536, 359.15282045994536, 359.108489125967, 359.108489125967, 359.0847282509494, 359.0847282509494, 359.0475918339507, 359.0475918339507, 359.0312170839461, 359.0312170839461, 358.9969277509372, 358.9969277509372, 358.9785697099287, 358.9785697099287, 358.9681423759321, 358.9681423759321, 358.9556304179423, 358.9556304179423, 358.9478224599443, 358.9478224599443, 358.9353767509456, 358.9353767509456, 358.9293819179584, 358.9293819179584, 358.8894410849607, 358.8894410849607, 358.8803289179341, 358.8803289179341, 358.8578757929208, 358.8578757929208, 358.84148008492775, 358.84148008492775, 358.8175807099324, 358.8175807099324, 358.8093987099419, 358.8093987099419, 358.80410150194075, 358.80410150194075], "b_time_left": [360, 359.9479419589916, 359.9479419589916, 359.91822320898063, 359.91822320898063, 359.8609614999732, 359.8609614999732, 359.81423445796827, 359.81423445796827, 359.7674874169752, 359.7674874169752, 359.71214783296455, 359.71214783296455, 359.667950248986, 359.667950248986, 359.63832070698845, 359.63832070698845, 359.5812869979709, 359.5812869979709, 359.54162366496166, 359.54162366496166, 359.50267191496096, 359.50267191496096, 359.4628371229337, 359.4628371229337, 359.4243252899323, 359.4243252899323, 359.3943316649238, 359.3943316649238, 359.3428113309201, 359.3428113309201, 359.3153338719276, 359.3153338719276, 359.26735607991577, 359.26735607991577, 359.2210691629152, 359.2210691629152, 359.18369716292364, 359.18369716292364, 359.1659424959216, 359.1659424959216, 359.1389799959434, 359.1389799959434, 359.1236984129355, 359.1236984129355, 359.0689120799361, 359.0689120799361, 359.0483952049399, 359.0483952049399, 359.0253969959449, 359.0253969959449, 359.0112455369381, 359.0112455369381, 358.9803547869378, 358.9803547869378, 358.96108603692846, 358.96108603692846, 358.9437933709414, 358.9437933709414, 358.92459082894493, 358.92459082894493, 358.91753749595955, 358.91753749595955, 358.90313699594117, 358.90313699594117, 358.8704188289412, 358.8704188289412, 358.84462545393035, 358.84462545393035, 358.81537436993676, 358.81537436993676, 358.7790338699415, 358.7790338699415, 358.7478857859387, 358.7478857859387, 358.7163658279169, 358.7163658279169, 358.70402591192396, 358.70402591192396, 358.702983578929], "a_moves_left": [39, 39, 38, 38, 37, 37, 36, 36, 35, 35, 34, 34, 33, 33, 32, 32, 31, 31, 30, 30, 29, 29, 28, 28, 27, 27, 26, 26, 25, 25, 24, 24, 23, 23, 22, 22, 21, 21, 20, 20, 19, 19, 18, 18, 17, 17, 16, 16, 15, 15, 14, 14, 13, 13, 12, 12, 11, 11, 10, 10, 9, 9, 8, 8, 7, 7, 6, 6, 5, 5, 4, 4, 3, 3, 2, 2, 1, 1, 0, 0], "b_moves_left": [40, 39, 39, 38, 38, 37, 37, 36, 36, 35, 35, 34, 34, 33, 33, 32, 32, 31, 31, 30, 30, 29, 29, 28, 28, 27, 27, 26, 26, 25, 25, 24, 24, 23, 23, 22, 22, 21, 21, 20, 20, 19, 19, 18, 18, 17, 17, 16, 16, 15, 15, 14, 14, 13, 13, 12, 12, 11, 11, 10, 10, 9, 9, 8, 8, 7, 7, 6, 6, 5, 5, 4, 4, 3, 3, 2, 2, 1, 1, 0], "trapdoor_triggered": [0, 0, 0, 0, 0, 0, 0, 0, 0, 0, 0, 0, 0, 0, 0, 0, 0, 0, 0, 0, 0, 0, 0, 0, 0, 0, 0, 0, 0, 0, 0, 0, 0, 0, 0, 0, 0, 0, 0, 0, 0, 0, 0, 0, 0, 0, 0, 0, 0, 0, 0, 0, 0, 0, 0, 0, 0, 0, 0, 0, 0, 0, 0, 0, 0, 0, 1, 0, 0, 0, 0, 0, 0, 0, 0, 1, 0, 0, 0, 0], "left_behind": ["egg", "egg", "plain", "plain", "egg", "egg", "plain", "turd", "egg", "egg", "plain", "turd", "egg", "egg", "plain", "plain", "egg", "egg", "plain", "plain", "egg", "egg", "plain", "plain", "egg", "egg", "plain", "plain", "egg", "plain", "plain", "plain", "egg", "egg", "plain", "turd", "egg", "egg", "plain", "turd", "egg", "egg", "plain", "plain", "egg", "egg", "plain", "plain", "egg", "egg", "plain", "plain", "egg", "egg", "plain", "plain", "plain", "egg", "plain", "plain", "plain", "egg", "plain", "plain", "plain", "plain", "plain", "plain", "plain", "egg", "plain", "plain", "plain", "egg", "plain", "plain", "plain", "plain", "plain", "turd"], "errlog_a": "", "errlog_b": "", "start_time": 360, "start_moves": 40, "turn_count": 80, "result": 1, "reason": "EGGS_LAID", "trapdoors": [[2, 2], [4, 3]], "spawn_a": [0, 2], "spawn_b": [7, 2]}