{"pos": [[7, 4], [1, 5], [7, 3], [1, 4], [7, 2], [1, 3], [7, 1], [2, 3], [7, 2], [3, 3], [6, 2], [3, 4], [6, 1], [4, 4], [6, 0], [4, 5], [6, 1], [4, 6], [5, 1], [4, 7], [5, 0], [4, 6], [4, 0], [5, 6], [4, 1], [4, 6], [3, 1], [3, 6], [3, 0], [2, 6], [2, 0], [2, 7], [2, 1], [2, 6], [1, 1], [1, 6], [1, 0], [1, 5], [0, 0], [2, 5], [1, 0], [3, 5], [2, 0], [4, 5], [3, 0], [4, 4], [4, 0], [5, 4], [4, 1], [5, 3], [4, 2], [5, 2], [4, 1], [5, 3], [4, 0], [6, 3], [5, 0], [6, 4], [6, 0], [7, 4], [7, 0], [6, 4], [7, 1], [6, 5], [7, 0], [6, 6], [7, 1], [7, 6], [7, 0], [7, 7], [7, 1], [6, 7], [7, 0], [6, 6], [7, 1], [5, 6], [7, 0], [5, 5], [7, 1], [6, 5]], "a_eggs_laid": [1, 1, 1, 1, 2, 2, 2, 2, 3, 3, 3, 3, 4, 4, 4, 4, 5, 5, 5, 5, 6, 6, 6, 6, 7, 7, 7, 7, 8, 8, 8, 8, 9, 9, 9, 9, 10, 10, 10, 10, 13, 13, 13, 13, 13, 13, 13, 13, 13, 13, 13, 13, 14, 14, 14, 14, 14, 14, 14, 14, 14, 14, 14, 14, 14, 14, 14, 14, 14, 14, 14, 14, 14, 14, 14, 14, 14, 14, 14, 14], "b_eggs_laid": [0, 1, 1, 1, 1, 2, 2, 2, 2, 3, 3, 3, 3, 4, 4, 4, 4, 5, 5, 5, 5, 6, 6, 6, 6, 7, 7, 7, 7, 8, 8, 8, 8, 9, 9, 9, 9, 10, 10, 10, 10, 11, 11, 11, 11, 11, 11, 11, 11, 12, 12, 12, 12, 13, 13, 13, 13, 14, 14, 14, 14, 15, 15, 15, 15, 16, 16, 16, 16, 17, 17, 17, 17, 18, 18, 18, 18, 18, 18, 18], "a_turds_left": [5, 5, 5, 5, 5, 5, 5, 5, 5, 5, 5, 5, 5, 5, 5, 5, 5, 5, 5, 5, 5, 5, 5, 5, 5, 5, 5, 5, 5, 5, 5, 5, 5, 5, 5, 5, 5, 5, 5, 5, 5, 5, 5, 5, 5, 5, 5, 5, 5, 5, 5, 5, 5, 5, 5, 5, 5, 5, 5, 5, 5, 5, 5, 5, 5, 5, 5, 5, 5, 5, 5, 5, 5, 5, 5, 5, 5, 5, 5, 5], "b_turds_left": [5, 5, 5, 4, 4, 4, 4, 3, 3, 3, 3, 2, 2, 2, 2, 1, 1, 1, 1, 1, 1, 1, 1, 1, 1, 1, 1, 1, 1, 1, 1, 1, 1, 1, 1, 1, 1, 1, 1, 1, 1, 1, 1, 1, 1, 1, 1, 1, 1, 1, 1, 1, 1, 1, 1, 1, 1, 1, 1, 1, 1, 1, 1, 1, 1, 1, 1, 1, 1, 1, 1, 1, 1, 1, 1, 1, 1, 1, 1, 0], "a_time_left": [359.9521329169802, 359.9521329169802, 359.9132103329757, 359.9132103329757, 359.866341832967, 359.866341832967, 359.83553449995816, 359.83553449995816, 359.784254624974, 359.784254624974, 359.753573999973, 359.753573999973, 359.6866457499855, 359.6866457499855, 359.6444758749858, 359.6444758749858, 359.59929916699184, 359.59929916699184, 359.5651199169806, 359.5651199169806, 359.5160597509821, 359.5160597509821, 359.49113262598985, 359.49113262598985, 359.4454614169954, 359.4454614169954, 359.40738487499766, 359.40738487499766, 359.35912529198686, 359.35912529198686, 359.335093917005, 359.335093917005, 359.2999842920108, 359.2999842920108, 359.26732408298994, 359.26732408298994, 359.2177422500099, 359.2177422500099, 359.2020335830166, 359.2020335830166, 359.1691116250295, 359.1691116250295, 359.1448612920358, 359.1448612920358, 359.13750125002116, 359.13750125002116, 359.12387004101765, 359.12387004101765, 359.1086231660156, 359.1086231660156, 359.0780683750054, 359.0780683750054, 359.0735732500034, 359.0735732500034, 359.0464732499968, 359.0464732499968, 359.0378591250046, 359.0378591250046, 359.0163654590142, 359.0163654590142, 359.01111683403724, 359.01111683403724, 358.9961180840328, 358.9961180840328, 358.985339417035, 358.985339417035, 358.9696646670345, 358.9696646670345, 358.9603321670147, 358.9603321670147, 358.9520238340192, 358.9520238340192, 358.9411623760243, 358.9411623760243, 358.92369316803524, 358.92369316803524, 358.9170587930421, 358.9170587930421, 358.91250308504095, 358.91250308504095], "b_time_left": [360, 359.9619167089986, 359.9619167089986, 359.9082468760025, 359.9082468760025, 359.86150137599907, 359.86150137599907, 359.80942016799236, 359.80942016799236, 359.75475054298295, 359.75475054298295, 359.6928102929669, 359.6928102929669, 359.639799667988, 359.639799667988, 359.5954532089818, 359.5954532089818, 359.5266501249862, 359.5266501249862, 359.47370254195994, 359.47370254195994, 359.4347645829548, 359.4347645829548, 359.3971081659547, 359.3971081659547, 359.32207545795245, 359.32207545795245, 359.2784244159702, 359.2784244159702, 359.22218583198264, 359.22218583198264, 359.18565453999327, 359.18565453999327, 359.1458129149978, 359.1458129149978, 359.1071024569974, 359.1071024569974, 359.0574218319962, 359.0574218319962, 359.04262887401273, 359.04262887401273, 359.00250549899647, 359.00250549899647, 358.9658123329864, 358.9658123329864, 358.913948625006, 358.913948625006, 358.89445608400274, 358.89445608400274, 358.8364134590083, 358.8364134590083, 358.8190220000106, 358.8190220000106, 358.79813333399943, 358.79813333399943, 358.7707717930025, 358.7707717930025, 358.73827137600165, 358.73827137600165, 358.71262808400206, 358.71262808400206, 358.7022378339898, 358.7022378339898, 358.67410295899026, 358.67410295899026, 358.6492990839761, 358.6492990839761, 358.6172096669907, 358.6172096669907, 358.6005484579946, 358.6005484579946, 358.58661199899507, 358.58661199899507, 358.5697860819928, 358.5697860819928, 358.53857083199546, 358.53857083199546, 358.52884291499504, 358.52884291499504, 358.527500539989], "a_moves_left": [39, 39, 38, 38, 37, 37, 36, 36, 35, 35, 34, 34, 33, 33, 32, 32, 31, 31, 30, 30, 29, 29, 28, 28, 27, 27, 26, 26, 25, 25, 24, 24, 23, 23, 22, 22, 21, 21, 20, 20, 19, 19, 18, 18, 17, 17, 16, 16, 15, 15, 14, 14, 13, 13, 12, 12, 11, 11, 10, 10, 9, 9, 8, 8, 7, 7, 6, 6, 5, 5, 4, 4, 3, 3, 2, 2, 1, 1, 0, 0], "b_moves_left": [40, 39, 39, 38, 38, 37, 37, 36, 36, 35, 35, 34, 34, 33, 33, 32, 32, 31, 31, 30, 30, 29, 29, 28, 28, 27, 27, 26, 26, 25, 25, 24, 24, 23, 23, 22, 22, 21, 21, 20, 20, 19, 19, 18, 18, 17, 17, 16, 16, 15, 15, 14, 14, 13, 13, 12, 12, 11, 11, 10, 10, 9, 9, 8, 8, 7, 7, 6, 6, 5, 5, 4, 4, 3, 3, 2, 2, 1, 1, 0], "trapdoor_triggered": [0, 0, 0, 0, 0, 0, 0, 0, 0, 0, 0, 0, 0, 0, 0, 0, 0, 0, 0, 0, 0, 0, 0, 0, 0, 0, 0, 0, 0, 0, 0, 0, 0, 0, 0, 0, 0, 0, 0, 0, 0, 0, 0, 0, 0, 0, 0, 0, 0, 0, 0, 0, 0, 0, 0, 0, 0, 0, 0, 0, 0, 0, 0, 0, 0, 0, 0, 0, 0, 0, 0, 0, 0, 0, 0, 0, 0, 0, 0, 0], "left_behind": ["egg", "egg", "plain", "turd", "egg", "egg", "plain", "turd", "egg", "egg", "plain", "turd", "egg", "egg", "plain", "turd", "egg", "egg", "plain", "plain", "egg", "egg", "plain", "plain", "egg", "egg", "plain", "plain", "egg", "egg", "plain", "plain", "egg", "egg", "plain", "plain", "egg", "egg", "plain", "plain", "egg", "egg", "plain", "plain", "plain", "plain", "plain", "plain", "plain", "egg", "plain", "plain", "egg", "egg", "plain", "plain", "plain", "egg", "plain", "plain", "plain", "egg", "plain", "plain", "plain", "egg", "plain", "plain", "plain", "egg", "plain", "plain", "plain", "egg", "plain", "plain", "plain", "plain", "plain", "turd"], "errlog_a": "", "errlog_b": "", "start_time": 360, "start_moves": 40, "turn_count": 80, "result": 1, "reason": "EGGS_LAID", "trapdoors": [[2, 2], [3, 2]], "spawn_a": [7, 5], "spawn_b": [0, 5]}