{"pos": [[7, 2], [0, 2], [7, 1], [0, 3], [7, 2], [0, 4], [6, 2], [0, 5], [6, 1], [0, 4], [6, 0], [0, 5], [6, 1], [0, 6], [5, 1], [0, 7], [4, 1], [0, 6], [4, 0], [0, 7], [4, 1], [1, 7], [3, 1], [2, 7], [2, 1], [2, 6], [2, 0], [2, 7], [2, 1], [3, 7], [1, 1], [4, 7], [2, 1], [4, 6], [2, 2], [4, 7], [3, 2], [5, 7], [4, 2], [6, 7], [3, 2], [6, 6], [3, 3], [7, 6], [4, 3], [7, 5], [5, 3], [7, 4], [5, 4], [7, 5], [6, 4], [6, 5], [5, 4], [7, 5], [5, 5], [6, 5], [5, 4], [6, 6], [4, 4], [5, 6], [4, 5], [6, 6], [4, 6], [5, 6], [3, 6], [5, 7], [3, 7], [4, 7], [3, 6], [5, 7], [2, 6], [5, 6], [2, 5], [6, 6], [2, 4], [6, 5], [2, 3], [7, 5], [2, 2], [7, 4]], "a_eggs_laid": [1, 1, 1, 1, 2, 2, 2, 2, 3, 3, 3, 3, 4, 4, 4, 4, 5, 5, 5, 5, 6, 6, 6, 6, 7, 7, 7, 7, 8, 8, 8, 8, 9, 9, 9, 9, 10, 10, 10, 10, 11, 11, 11, 11, 12, 12, 12, 12, 13, 13, 13, 13, 14, 14, 14, 14, 15, 15, 15, 15, 16, 16, 16, 16, 17, 17, 17, 17, 18, 18, 18, 18, 19, 19, 19, 19, 20, 20, 20, 20], "b_eggs_laid": [0, 1, 1, 1, 1, 1, 1, 1, 1, 2, 2, 2, 2, 2, 2, 2, 2, 5, 5, 5, 5, 5, 5, 5, 5, 6, 6, 6, 6, 6, 6, 6, 6, 7, 7, 7, 7, 7, 7, 7, 7, 8, 8, 8, 8, 9, 9, 9, 9, 10, 10, 10, 10, 11, 11, 11, 11, 11, 11, 11, 11, 12, 12, 12, 12, 12, 12, 12, 12, 12, 12, 12, 12, 12, 12, 12, 12, 12, 12, 12], "a_turds_left": [5, 5, 5, 5, 5, 5, 5, 5, 5, 5, 5, 5, 5, 5, 5, 5, 5, 5, 5, 5, 5, 5, 5, 5, 5, 5, 5, 5, 5, 5, 5, 5, 5, 5, 5, 5, 5, 5, 5, 5, 5, 5, 5, 5, 5, 5, 5, 5, 5, 5, 4, 4, 4, 4, 4, 4, 4, 4, 4, 4, 4, 4, 4, 4, 4, 4, 4, 4, 4, 4, 4, 4, 4, 4, 4, 4, 4, 4, 3, 3], "b_turds_left": [5, 5, 5, 5, 5, 5, 5, 5, 5, 5, 5, 5, 5, 5, 5, 5, 5, 5, 5, 5, 5, 5, 5, 5, 5, 5, 5, 5, 5, 5, 5, 5, 5, 5, 5, 5, 5, 5, 5, 5, 5, 5, 5, 5, 5, 5, 5, 5, 5, 5, 5, 5, 5, 5, 5, 5, 5, 5, 5, 5, 5, 5, 5, 5, 5, 5, 5, 5, 5, 5, 5, 5, 5, 5, 5, 5, 5, 5, 5, 5], "a_time_left": [359.9434768749925, 359.9434768749925, 359.9231215829932, 359.9231215829932, 359.8964629159891, 359.8964629159891, 359.8668874569994, 359.8668874569994, 359.82938991500123, 359.82938991500123, 359.8060614980059, 359.8060614980059, 359.79161154001486, 359.79161154001486, 359.77140987402527, 359.77140987402527, 359.7463273740286, 359.7463273740286, 359.7184658330225, 359.7184658330225, 359.7072722080193, 359.7072722080193, 359.68603866602643, 359.68603866602643, 359.649285291016, 359.649285291016, 359.61904116600635, 359.61904116600635, 359.6058294990071, 359.6058294990071, 359.5844320410106, 359.5844320410106, 359.550010166, 359.550010166, 359.5248317490041, 359.5248317490041, 359.5053177910013, 359.5053177910013, 359.48258574900683, 359.48258574900683, 359.442550332009, 359.442550332009, 359.419135248012, 359.419135248012, 359.37824387301225, 359.37824387301225, 359.352972623019, 359.352972623019, 359.32783979001397, 359.32783979001397, 359.30171354001504, 359.30171354001504, 359.2931549150089, 359.2931549150089, 359.2825576650066, 359.2825576650066, 359.27526654000394, 359.27526654000394, 359.263212499005, 359.263212499005, 359.22931120800786, 359.22931120800786, 359.2055483330041, 359.2055483330041, 359.2005073330074, 359.2005073330074, 359.18062020800426, 359.18062020800426, 359.17883012400125, 359.17883012400125, 359.16008449900255, 359.16008449900255, 359.149235289995, 359.149235289995, 359.12012149799557, 359.12012149799557, 359.10162666399265, 359.10162666399265, 359.09731207998993, 359.09731207998993], "b_time_left": [360, 359.9996392500034, 359.9996392500034, 359.9977903750114, 359.9977903750114, 359.99591908301227, 359.99591908301227, 359.99522779200925, 359.99522779200925, 359.9951171260036, 359.9951171260036, 359.99440604301344, 359.99440604301344, 359.99377762601944, 359.99377762601944, 359.99314608502027, 359.99314608502027, 359.99303821001376, 359.99303821001376, 359.9924314180098, 359.9924314180098, 359.991869710022, 359.991869710022, 359.99129075201927, 359.99129075201927, 359.9911952940165, 359.9911952940165, 359.99058175201935, 359.99058175201935, 359.99004429402703, 359.99004429402703, 359.98951100303384, 359.98951100303384, 359.9894148780295, 359.9894148780295, 359.9888477940258, 359.9888477940258, 359.9883533360262, 359.9883533360262, 359.98778025202046, 359.98778025202046, 359.9876597930124, 359.9876597930124, 359.9871408760082, 359.9871408760082, 359.9870373340091, 359.9870373340091, 359.98655875101394, 359.98655875101394, 359.9864619600121, 359.9864619600121, 359.9860192930064, 359.9860192930064, 359.9859156270104, 359.9859156270104, 359.98550500201236, 359.98550500201236, 359.985140461009, 359.985140461009, 359.9847097110178, 359.9847097110178, 359.98460591901676, 359.98460591901676, 359.98419087700313, 359.98419087700313, 359.98384279401216, 359.98384279401216, 359.983472086009, 359.983472086009, 359.98328954500903, 359.98328954500903, 359.9830908779986, 359.9830908779986, 359.9829142529925, 359.9829142529925, 359.98270946199773, 359.98270946199773, 359.98253025399754, 359.98253025399754, 359.982345921002], "a_moves_left": [39, 39, 38, 38, 37, 37, 36, 36, 35, 35, 34, 34, 33, 33, 32, 32, 31, 31, 30, 30, 29, 29, 28, 28, 27, 27, 26, 26, 25, 25, 24, 24, 23, 23, 22, 22, 21, 21, 20, 20, 19, 19, 18, 18, 17, 17, 16, 16, 15, 15, 14, 14, 13, 13, 12, 12, 11, 11, 10, 10, 9, 9, 8, 8, 7, 7, 6, 6, 5, 5, 4, 4, 3, 3, 2, 2, 1, 1, 0, 0], "b_moves_left": [40, 39, 39, 38, 38, 37, 37, 36, 36, 35, 35, 34, 34, 33, 33, 32, 32, 31, 31, 30, 30, 29, 29, 28, 28, 27, 27, 26, 26, 25, 25, 24, 24, 23, 23, 22, 22, 21, 21, 20, 20, 19, 19, 18, 18, 17, 17, 16, 16, 15, 15, 14, 14, 13, 13, 12, 12, 11, 11, 10, 10, 9, 9, 8, 8, 7, 7, 6, 6, 5, 5, 4, 4, 3, 3, 2, 2, 1, 1, 0], "trapdoor_triggered": [0, 0, 0, 0, 0, 0, 0, 0, 0, 0, 0, 0, 0, 0, 0, 0, 0, 0, 0, 0, 0, 0, 0, 0, 0, 0, 0, 0, 0, 0, 0, 0, 0, 0, 0, 0, 0, 0, 0, 0, 0, 0, 0, 0, 0, 0, 0, 0, 0, 0, 0, 0, 0, 0, 0, 0, 0, 0, 0, 0, 0, 0, 0, 0, 0, 0, 0, 0, 0, 0, 0, 0, 0, 0, 0, 0, 0, 0, 0, 0], "left_behind": ["egg", "egg", "plain", "plain", "egg", "plain", "plain", "plain", "egg", "egg", "plain", "plain", "egg", "plain", "plain", "plain", "egg", "egg", "plain", "plain", "egg", "plain", "plain", "plain", "egg", "egg", "plain", "plain", "egg", "plain", "plain", "plain", "egg", "egg", "plain", "plain", "egg", "plain", "plain", "plain", "egg", "egg", "plain", "plain", "egg", "egg", "plain", "plain", "egg", "egg", "turd", "plain", "egg", "egg", "plain", "plain", "egg", "plain", "plain", "plain", "egg", "egg", "plain", "plain", "egg", "plain", "plain", "plain", "egg", "plain", "plain", "plain", "egg", "plain", "plain", "plain", "egg", "plain", "turd", "plain"], "errlog_a": "", "errlog_b": "", "start_time": 360, "start_moves": 40, "turn_count": 80, "result": 0, "reason": "EGGS_LAID", "trapdoors": [[3, 5], [3, 4]], "spawn_a": [7, 3], "spawn_b": [0, 3]}