{"pos": [[0, 5], [7, 5], [0, 4], [6, 5], [0, 3], [5, 5], [0, 2], [5, 6], [0, 1], [5, 5], [0, 0], [5, 4], [1, 0], [4, 4], [2, 0], [4, 3], [3, 0], [7, 6], [4, 0], [7, 5], [5, 0], [7, 4], [6, 0], [7, 3], [6, 1], [6, 3], [7, 1], [6, 2], [6, 1], [5, 2], [6, 2], [5, 1], [6, 1], [5, 0], [6, 0], [5, 1], [6, 1], [4, 1], [5, 1], [3, 1], [6, 1], [2, 1], [6, 0], [2, 2], [7, 0], [2, 3], [7, 1], [2, 4], [7, 0], [2, 5], [7, 1], [3, 5], [7, 0], [3, 6], [7, 1], [3, 5], [7, 0], [3, 4], [7, 1], [4, 4], [7, 0], [4, 5], [7, 1], [4, 6], [7, 0], [4, 7], [7, 1], [3, 7], [7, 0], [2, 7], [7, 1], [2, 6], [7, 0], [1, 6], [7, 1], [1, 5], [7, 0], [1, 4], [7, 1], [1, 3]], "a_eggs_laid": [1, 1, 1, 1, 2, 2, 2, 2, 3, 3, 3, 3, 6, 6, 6, 6, 7, 7, 11, 11, 12, 12, 12, 12, 13, 13, 13, 13, 14, 14, 14, 14, 15, 15, 15, 15, 15, 15, 15, 15, 16, 16, 16, 16, 16, 16, 16, 16, 16, 16, 16, 16, 16, 16, 16, 16, 16, 16, 16, 16, 16, 16, 16, 16, 16, 16, 16, 16, 16, 16, 16, 16, 16, 16, 16, 16, 16, 16, 16, 16], "b_eggs_laid": [0, 1, 1, 1, 1, 2, 2, 2, 2, 3, 3, 3, 3, 4, 4, 4, 4, 5, 5, 5, 5, 5, 5, 6, 6, 6, 6, 7, 7, 7, 7, 8, 8, 8, 8, 9, 9, 9, 9, 10, 10, 10, 10, 11, 11, 11, 11, 12, 12, 12, 12, 13, 13, 13, 13, 14, 14, 14, 14, 15, 15, 15, 15, 16, 16, 16, 16, 17, 17, 17, 17, 18, 18, 18, 18, 19, 19, 19, 19, 20], "a_turds_left": [5, 5, 5, 5, 5, 5, 5, 5, 5, 5, 5, 5, 5, 5, 5, 5, 5, 5, 5, 5, 5, 5, 5, 5, 5, 5, 5, 5, 5, 5, 5, 5, 5, 5, 5, 5, 5, 5, 5, 5, 5, 5, 5, 5, 5, 5, 5, 5, 5, 5, 5, 5, 5, 5, 5, 5, 5, 5, 5, 5, 5, 5, 5, 5, 5, 5, 5, 5, 5, 5, 5, 5, 5, 5, 5, 5, 5, 5, 5, 5], "b_turds_left": [5, 5, 5, 5, 5, 5, 5, 4, 4, 4, 4, 4, 4, 4, 4, 3, 3, 3, 3, 3, 3, 2, 2, 2, 2, 1, 1, 1, 1, 1, 1, 1, 1, 1, 1, 1, 1, 1, 1, 1, 1, 1, 1, 1, 1, 1, 1, 1, 1, 1, 1, 1, 1, 1, 1, 1, 1, 1, 1, 1, 1, 1, 1, 1, 1, 1, 1, 1, 1, 1, 1, 1, 1, 1, 1, 1, 1, 0, 0, 0], "a_time_left": [359.9528215829923, 359.9528215829923, 359.9152133750031, 359.9152133750031, 359.8620358330081, 359.8620358330081, 359.8239067500108, 359.8239067500108, 359.7780867079855, 359.7780867079855, 359.7560651669919, 359.7560651669919, 359.7261412499938, 359.7261412499938, 359.69050312499166, 359.69050312499166, 359.6431464169873, 359.6431464169873, 359.62518466700567, 359.62518466700567, 359.5941359169956, 359.5941359169956, 359.5638982919918, 359.5638982919918, 359.5238710419799, 359.5238710419799, 359.48662329197396, 359.48662329197396, 359.46675895899534, 359.46675895899534, 359.4417643759807, 359.4417643759807, 359.43570095900213, 359.43570095900213, 359.4319186669891, 359.4319186669891, 359.42585033297655, 359.42585033297655, 359.4064550419862, 359.4064550419862, 359.3905720420007, 359.3905720420007, 359.3650732919923, 359.3650732919923, 359.3530029169924, 359.3530029169924, 359.33136262500193, 359.33136262500193, 359.3170708749967, 359.3170708749967, 359.2896255829837, 359.2896255829837, 359.27627495798515, 359.27627495798515, 359.25522324998747, 359.25522324998747, 359.24603587499587, 359.24603587499587, 359.2256607079762, 359.2256607079762, 359.2185698749672, 359.2185698749672, 359.198171624972, 359.198171624972, 359.18849024994415, 359.18849024994415, 359.17545104096644, 359.17545104096644, 359.16855808297987, 359.16855808297987, 359.1551759580034, 359.1551759580034, 359.14691687500454, 359.14691687500454, 359.1335433750064, 359.1335433750064, 359.1267600840074, 359.1267600840074, 359.1235061670013, 359.1235061670013], "b_time_left": [360, 359.9359845830186, 359.9359845830186, 359.8948478330276, 359.8948478330276, 359.8270185830188, 359.8270185830188, 359.7802920000104, 359.7802920000104, 359.72504183402634, 359.72504183402634, 359.7094690010126, 359.7094690010126, 359.6613474590122, 359.6613474590122, 359.6150086260168, 359.6150086260168, 359.5682516260131, 359.5682516260131, 359.5455465010018, 359.5455465010018, 359.4925516679941, 359.4925516679941, 359.4704946260026, 359.4704946260026, 359.41041212601704, 359.41041212601704, 359.38616954302415, 359.38616954302415, 359.35934446004103, 359.35934446004103, 359.3532627520617, 359.3532627520617, 359.33391808505985, 359.33391808505985, 359.32959537705756, 359.32959537705756, 359.313135877077, 359.313135877077, 359.31016983505106, 359.31016983505106, 359.25618700205814, 359.25618700205814, 359.22796391908196, 359.22796391908196, 359.1642303360859, 359.1642303360859, 359.10478904409683, 359.10478904409683, 359.0271777100861, 359.0271777100861, 358.9804250850866, 358.9804250850866, 358.9162020010699, 358.9162020010699, 358.8908238760778, 358.8908238760778, 358.8413292930927, 358.8413292930927, 358.81903729308397, 358.81903729308397, 358.79439729309524, 358.79439729309524, 358.77328346009017, 358.77328346009017, 358.7313733350893, 358.7313733350893, 358.71745558507973, 358.71745558507973, 358.69154508507927, 358.69154508507927, 358.67797016806435, 358.67797016806435, 358.642056168057, 358.642056168057, 358.6272332520457, 358.6272332520457, 358.6110682930448, 358.6110682930448, 358.61048529305845], "a_moves_left": [39, 39, 38, 38, 37, 37, 36, 36, 35, 35, 34, 34, 33, 33, 32, 32, 31, 31, 30, 30, 29, 29, 28, 28, 27, 27, 26, 26, 25, 25, 24, 24, 23, 23, 22, 22, 21, 21, 20, 20, 19, 19, 18, 18, 17, 17, 16, 16, 15, 15, 14, 14, 13, 13, 12, 12, 11, 11, 10, 10, 9, 9, 8, 8, 7, 7, 6, 6, 5, 5, 4, 4, 3, 3, 2, 2, 1, 1, 0, 0], "b_moves_left": [40, 39, 39, 38, 38, 37, 37, 36, 36, 35, 35, 34, 34, 33, 33, 32, 32, 31, 31, 30, 30, 29, 29, 28, 28, 27, 27, 26, 26, 25, 25, 24, 24, 23, 23, 22, 22, 21, 21, 20, 20, 19, 19, 18, 18, 17, 17, 16, 16, 15, 15, 14, 14, 13, 13, 12, 12, 11, 11, 10, 10, 9, 9, 8, 8, 7, 7, 6, 6, 5, 5, 4, 4, 3, 3, 2, 2, 1, 1, 0], "trapdoor_triggered": [0, 0, 0, 0, 0, 0, 0, 0, 0, 0, 0, 0, 0, 0, 0, 0, 0, 1, 0, 0, 0, 0, 0, 0, 0, 0, 0, 0, 0, 0, 0, 0, 0, 0, 0, 0, 0, 0, 0, 0, 0, 0, 0, 0, 0, 0, 0, 0, 0, 0, 0, 0, 0, 0, 0, 0, 0, 0, 0, 0, 0, 0, 0, 0, 0, 0, 0, 0, 0, 0, 0, 0, 0, 0, 0, 0, 0, 0, 0, 0], "left_behind": ["egg", "egg", "plain", "plain", "egg", "egg", "plain", "turd", "egg", "egg", "plain", "plain", "egg", "egg", "plain", "turd", "egg", "egg", "plain", "plain", "egg", "turd", "plain", "egg", "egg", "turd", "plain", "egg", "egg", "plain", "plain", "egg", "egg", "plain", "plain", "egg", "plain", "plain", "plain", "egg", "egg", "plain", "plain", "egg", "plain", "plain", "plain", "egg", "plain", "plain", "plain", "egg", "plain", "plain", "plain", "egg", "plain", "plain", "plain", "egg", "plain", "plain", "plain", "egg", "plain", "plain", "plain", "egg", "plain", "plain", "plain", "egg", "plain", "plain", "plain", "egg", "plain", "turd", "plain", "egg"], "errlog_a": "", "errlog_b": "", "start_time": 360, "start_moves": 40, "turn_count": 80, "result": 1, "reason": "EGGS_LAID", "trapdoors": [[4, 2], [3, 2]], "spawn_a": [0, 6], "spawn_b": [7, 6]}