{"pos": [[7, 2], [1, 1], [7, 3], [2, 1], [7, 2], [3, 1], [6, 2], [4, 1], [6, 3], [5, 1], [6, 4], [0, 1], [6, 5], [0, 2], [7, 5], [0, 3], [7, 6], [1, 3], [7, 7], [2, 3], [7, 6], [2, 4], [6, 6], [2, 5], [5, 6], [2, 6], [5, 7], [3, 6], [5, 6], [4, 6], [5, 5], [4, 5], [5, 4], [4, 4], [5, 3], [4, 3], [6, 3], [4, 2], [6, 2], [3, 2], [6, 1], [0, 1], [6, 0], [1, 1], [6, 1], [1, 2], [5, 1], [1, 3], [6, 1], [1, 4], [6, 0], [1, 5], [6, 1], [0, 5], [6, 0], [0, 6], [6, 1], [0, 7], [6, 0], [0, 6], [6, 1], [1, 6], [6, 0], [2, 6], [6, 1], [2, 7], [6, 0], [3, 7], [6, 1], [4, 7], [6, 0], [4, 6], [6, 1], [4, 5], [6, 0], [4, 4], [6, 1], [4, 3], [6, 0], [4, 2]], "a_eggs_laid": [1, 1, 1, 1, 2, 2, 2, 2, 3, 3, 3, 3, 8, 8, 8, 8, 9, 9, 9, 9, 12, 12, 12, 12, 13, 13, 13, 13, 14, 14, 14, 14, 15, 15, 15, 15, 16, 16, 16, 16, 16, 16, 20, 20, 21, 21, 21, 21, 22, 22, 22, 22, 22, 22, 22, 22, 22, 22, 22, 22, 22, 22, 22, 22, 22, 22, 22, 22, 22, 22, 22, 22, 22, 22, 22, 22, 22, 22, 22, 22], "b_eggs_laid": [0, 1, 1, 1, 1, 2, 2, 2, 2, 3, 3, 3, 3, 3, 3, 3, 3, 4, 4, 4, 4, 5, 5, 5, 5, 6, 6, 6, 6, 7, 7, 7, 7, 8, 8, 8, 8, 9, 9, 9, 9, 10, 10, 10, 10, 10, 10, 11, 11, 11, 11, 12, 12, 12, 12, 13, 13, 13, 13, 16, 16, 16, 16, 17, 17, 17, 17, 18, 18, 18, 18, 19, 19, 19, 19, 19, 19, 19, 19, 19], "a_turds_left": [5, 5, 5, 5, 5, 5, 5, 5, 5, 5, 5, 5, 5, 5, 5, 5, 5, 5, 5, 5, 5, 5, 5, 5, 5, 5, 5, 5, 5, 5, 5, 5, 5, 5, 5, 5, 5, 5, 5, 5, 5, 5, 5, 5, 5, 5, 5, 5, 5, 5, 5, 5, 5, 5, 5, 5, 5, 5, 5, 5, 5, 5, 5, 5, 5, 5, 5, 5, 5, 5, 5, 5, 5, 5, 5, 5, 5, 5, 5, 5], "b_turds_left": [5, 5, 5, 4, 4, 4, 4, 3, 3, 3, 3, 3, 3, 3, 3, 3, 3, 3, 3, 3, 3, 3, 3, 2, 2, 2, 2, 1, 1, 1, 1, 1, 1, 1, 1, 1, 1, 1, 1, 1, 1, 1, 1, 1, 1, 1, 1, 1, 1, 1, 1, 1, 1, 1, 1, 1, 1, 1, 1, 1, 1, 1, 1, 1, 1, 1, 1, 1, 1, 1, 1, 1, 1, 1, 1, 1, 1, 0, 0, 0], "a_time_left": [359.9456534170022, 359.9456534170022, 359.9096919170115, 359.9096919170115, 359.8579587090062, 359.8579587090062, 359.8159634170006, 359.8159634170006, 359.74968175101094, 359.74968175101094, 359.71416537600453, 359.71416537600453, 359.67897800102946, 359.67897800102946, 359.6391078760207, 359.6391078760207, 359.59745050102356, 359.59745050102356, 359.5690921260393, 359.5690921260393, 359.5383762930578, 359.5383762930578, 359.50694446006673, 359.50694446006673, 359.43854646006366, 359.43854646006366, 359.3874357100576, 359.3874357100576, 359.3449881680717, 359.3449881680717, 359.33440491807414, 359.33440491807414, 359.3065245850594, 359.3065245850594, 359.29411946007167, 359.29411946007167, 359.2775917930703, 359.2775917930703, 359.2446540010569, 359.2446540010569, 359.226845376048, 359.226845376048, 359.20657275104895, 359.20657275104895, 359.177876751055, 359.177876751055, 359.135046126059, 359.135046126059, 359.1049518760701, 359.1049518760701, 359.06730837604846, 359.06730837604846, 359.0538825430558, 359.0538825430558, 359.024000752077, 359.024000752077, 359.0131323770911, 359.0131323770911, 358.9927312110958, 358.9927312110958, 358.9821374610765, 358.9821374610765, 358.9456600450503, 358.9456600450503, 358.929262795049, 358.929262795049, 358.89868808703613, 358.89868808703613, 358.88824317004764, 358.88824317004764, 358.86802292003995, 358.86802292003995, 358.85534454506706, 358.85534454506706, 358.8402623780712, 358.8402623780712, 358.8273332120734, 358.8273332120734, 358.8227296290861, 358.8227296290861], "b_time_left": [360, 359.4865910419903, 359.4865910419903, 358.5748165839759, 358.5748165839759, 358.10978191698086, 358.10978191698086, 357.1518365419761, 357.1518365419761, 356.6926403339894, 356.6926403339894, 355.6312143339892, 355.6312143339892, 355.2282979589654, 355.2282979589654, 354.624162958964, 354.624162958964, 354.3370119589672, 354.3370119589672, 353.76714045897825, 353.76714045897825, 353.29378412495134, 353.29378412495134, 352.14499629093916, 352.14499629093916, 351.666694623942, 351.666694623942, 351.3197123319551, 351.3197123319551, 351.0171441649727, 351.0171441649727, 350.75824195696623, 350.75824195696623, 350.57886287296424, 350.57886287296424, 350.14690187294036, 350.14690187294036, 349.7046848729369, 349.7046848729369, 349.4104303729546, 349.4104303729546, 348.95614903996466, 348.95614903996466, 348.77897962296265, 348.77897962296265, 348.3874148319883, 348.3874148319883, 348.00801078998484, 348.00801078998484, 347.0765931229689, 347.0765931229689, 346.7286456649599, 346.7286456649599, 345.74647895694943, 345.74647895694943, 345.490506831964, 345.490506831964, 344.9383255409484, 344.9383255409484, 344.82289416593267, 344.82289416593267, 344.28256895794766, 344.28256895794766, 343.8787084999203, 343.8787084999203, 343.48717041692, 343.48717041692, 343.3388991249085, 343.3388991249085, 342.96102083291044, 342.96102083291044, 342.85289837390883, 342.85289837390883, 342.39365287392866, 342.39365287392866, 342.29415629094, 342.29415629094, 342.2432801659452, 342.2432801659452, 342.2425769989495], "a_moves_left": [39, 39, 38, 38, 37, 37, 36, 36, 35, 35, 34, 34, 33, 33, 32, 32, 31, 31, 30, 30, 29, 29, 28, 28, 27, 27, 26, 26, 25, 25, 24, 24, 23, 23, 22, 22, 21, 21, 20, 20, 19, 19, 18, 18, 17, 17, 16, 16, 15, 15, 14, 14, 13, 13, 12, 12, 11, 11, 10, 10, 9, 9, 8, 8, 7, 7, 6, 6, 5, 5, 4, 4, 3, 3, 2, 2, 1, 1, 0, 0], "b_moves_left": [40, 39, 39, 38, 38, 37, 37, 36, 36, 35, 35, 34, 34, 33, 33, 32, 32, 31, 31, 30, 30, 29, 29, 28, 28, 27, 27, 26, 26, 25, 25, 24, 24, 23, 23, 22, 22, 21, 21, 20, 20, 19, 19, 18, 18, 17, 17, 16, 16, 15, 15, 14, 14, 13, 13, 12, 12, 11, 11, 10, 10, 9, 9, 8, 8, 7, 7, 6, 6, 5, 5, 4, 4, 3, 3, 2, 2, 1, 1, 0], "trapdoor_triggered": [0, 0, 0, 0, 0, 0, 0, 0, 0, 0, 0, 1, 0, 0, 0, 0, 0, 0, 0, 0, 0, 0, 0, 0, 0, 0, 0, 0, 0, 0, 0, 0, 0, 0, 0, 0, 0, 0, 0, 0, 0, 1, 0, 0, 0, 0, 0, 0, 0, 0, 0, 0, 0, 0, 0, 0, 0, 0, 0, 0, 0, 0, 0, 0, 0, 0, 0, 0, 0, 0, 0, 0, 0, 0, 0, 0, 0, 0, 0, 0], "left_behind": ["egg", "egg", "plain", "turd", "egg", "egg", "plain", "turd", "egg", "egg", "plain", "plain", "egg", "plain", "plain", "plain", "egg", "egg", "plain", "plain", "egg", "egg", "plain", "turd", "egg", "egg", "plain", "turd", "egg", "egg", "plain", "plain", "egg", "egg", "plain", "plain", "egg", "egg", "plain", "plain", "plain", "egg", "plain", "plain", "egg", "plain", "plain", "egg", "egg", "plain", "plain", "egg", "plain", "plain", "plain", "egg", "plain", "plain", "plain", "egg", "plain", "plain", "plain", "egg", "plain", "plain", "plain", "egg", "plain", "plain", "plain", "egg", "plain", "plain", "plain", "plain", "plain", "turd", "plain", "plain"], "errlog_a": "", "errlog_b": "", "start_time": 360, "start_moves": 40, "turn_count": 80, "result": 0, "reason": "EGGS_LAID", "trapdoors": [[3, 3], [5, 2]], "spawn_a": [7, 1], "spawn_b": [0, 1]}