{"pos": [[0, 5], [7, 5], [0, 4], [6, 5], [0, 3], [5, 5], [0, 2], [5, 6], [0, 1], [5, 5], [0, 0], [5, 4], [1, 0], [4, 4], [2, 0], [4, 3], [3, 0], [4, 2], [3, 1], [5, 2], [2, 1], [5, 1], [1, 1], [6, 1], [1, 2], [6, 2], [1, 3], [7, 2], [1, 4], [7, 3], [2, 4], [6, 3], [1, 4], [7, 3], [1, 5], [7, 4], [1, 6], [6, 4], [2, 6], [6, 3], [3, 6], [5, 3], [3, 5], [4, 3], [3, 6], [4, 2], [4, 6], [3, 2], [4, 7], [4, 2], [3, 7], [4, 1], [2, 7], [4, 0], [1, 7], [5, 0], [1, 6], [6, 0], [1, 5], [7, 0], [1, 4], [7, 1], [1, 3], [7, 2], [1, 2], [7, 3], [0, 6], [6, 3], [0, 5], [5, 3], [0, 4], [4, 3], [0, 3], [3, 3], [0, 2], [2, 3], [0, 1], [3, 3], [0, 0], [3, 2]], "a_eggs_laid": [1, 1, 1, 1, 2, 2, 2, 2, 3, 3, 3, 3, 6, 6, 6, 6, 7, 7, 7, 7, 8, 8, 8, 8, 9, 9, 9, 9, 10, 10, 10, 10, 11, 11, 11, 11, 12, 12, 12, 12, 13, 13, 13, 13, 14, 14, 14, 14, 15, 15, 15, 15, 16, 16, 16, 16, 17, 17, 17, 17, 17, 17, 17, 17, 17, 17, 17, 17, 17, 17, 17, 17, 17, 17, 17, 17, 17, 17, 17, 17], "b_eggs_laid": [0, 1, 1, 1, 1, 2, 2, 2, 2, 3, 3, 3, 3, 4, 4, 4, 4, 5, 5, 5, 5, 6, 6, 6, 6, 7, 7, 7, 7, 8, 8, 8, 8, 9, 9, 9, 9, 10, 10, 10, 10, 10, 10, 10, 10, 10, 10, 10, 10, 11, 11, 11, 11, 12, 12, 12, 12, 13, 13, 13, 13, 16, 16, 16, 16, 16, 16, 20, 20, 20, 20, 20, 20, 20, 20, 20, 20, 21, 21, 21], "a_turds_left": [5, 5, 5, 5, 5, 5, 5, 5, 5, 5, 5, 5, 5, 5, 5, 5, 5, 5, 5, 5, 5, 5, 5, 5, 5, 5, 5, 5, 5, 5, 5, 5, 5, 5, 5, 5, 5, 5, 5, 5, 5, 5, 5, 5, 5, 5, 5, 5, 5, 5, 5, 5, 5, 5, 5, 5, 5, 5, 5, 5, 5, 5, 5, 5, 5, 5, 5, 5, 5, 5, 5, 5, 5, 5, 5, 5, 5, 5, 5, 5], "b_turds_left": [5, 5, 5, 5, 5, 5, 5, 4, 4, 4, 4, 4, 4, 4, 4, 3, 3, 3, 3, 2, 2, 2, 2, 1, 1, 1, 1, 1, 1, 1, 1, 1, 1, 1, 1, 1, 1, 1, 1, 1, 1, 1, 1, 1, 1, 1, 1, 1, 1, 1, 1, 1, 1, 1, 1, 1, 1, 1, 1, 1, 1, 1, 1, 1, 1, 1, 1, 1, 1, 1, 1, 1, 1, 1, 1, 1, 1, 1, 1, 0], "a_time_left": [359.9589693750022, 359.9589693750022, 359.9291907910083, 359.9291907910083, 359.88314229101525, 359.88314229101525, 359.8479479570233, 359.8479479570233, 359.79670837303274, 359.79670837303274, 359.7746784980409, 359.7746784980409, 359.7445040390303, 359.7445040390303, 359.70941103901714, 359.70941103901714, 359.662274205999, 359.662274205999, 359.62925474799704, 359.62925474799704, 359.59574041501037, 359.59574041501037, 359.5558373729873, 359.5558373729873, 359.48873191399616, 359.48873191399616, 359.44274903900805, 359.44274903900805, 359.3855450810224, 359.3855450810224, 359.3471002060396, 359.3471002060396, 359.2957412900578, 359.2957412900578, 359.2670684980403, 359.2670684980403, 359.20998853904894, 359.20998853904894, 359.175947039068, 359.175947039068, 359.13977591408184, 359.13977591408184, 359.1053209970996, 359.1053209970996, 359.08331695510424, 359.08331695510424, 359.0643709960859, 359.0643709960859, 359.0359987881093, 359.0359987881093, 359.0222783710924, 359.0222783710924, 358.98712708009407, 358.98712708009407, 358.9695001220971, 358.9695001220971, 358.93699774710694, 358.93699774710694, 358.9159514970961, 358.9159514970961, 358.90392933107796, 358.90392933107796, 358.87687816508696, 358.87687816508696, 358.86428679007804, 358.86428679007804, 358.8349491650588, 358.8349491650588, 358.827988707053, 358.827988707053, 358.80348349906853, 358.80348349906853, 358.79372787405737, 358.79372787405737, 358.76999049904407, 358.76999049904407, 358.7613802070555, 358.7613802070555, 358.7547473740415, 358.7547473740415], "b_time_left": [360, 359.95321287499974, 359.95321287499974, 359.91816841700347, 359.91816841700347, 359.8588644170086, 359.8588644170086, 359.8113731670019, 359.8113731670019, 359.7556327500206, 359.7556327500206, 359.7397818750178, 359.7397818750178, 359.6878932499967, 359.6878932499967, 359.64075470899115, 359.64075470899115, 359.59752979298355, 359.59752979298355, 359.5537850429828, 359.5537850429828, 359.4963475839759, 359.4963475839759, 359.441523417976, 359.441523417976, 359.38646125097875, 359.38646125097875, 359.3342822929844, 359.3342822929844, 359.28266654297477, 359.28266654297477, 359.2544174179784, 359.2544174179784, 359.20099100196967, 359.20099100196967, 359.1649175019702, 359.1649175019702, 359.1270060019742, 359.1270060019742, 359.0758348769741, 359.0758348769741, 359.0308101269766, 359.0308101269766, 359.00611400196794, 359.00611400196794, 358.96539483597735, 358.96539483597735, 358.95349104498746, 358.95349104498746, 358.91769800396287, 358.91769800396287, 358.8997578789713, 358.8997578789713, 358.872531003959, 358.872531003959, 358.8545731699851, 358.8545731699851, 358.8105163789587, 358.8105163789587, 358.77885333794984, 358.77885333794984, 358.7472978379519, 358.7472978379519, 358.7156797129428, 358.7156797129428, 358.6700018789561, 358.6700018789561, 358.6439031699556, 358.6439031699556, 358.5862495449546, 358.5862495449546, 358.5507050039305, 358.5507050039305, 358.5046982119093, 358.5046982119093, 358.47383825390716, 358.47383825390716, 358.4701490869047, 358.4701490869047, 358.4689447119017], "a_moves_left": [39, 39, 38, 38, 37, 37, 36, 36, 35, 35, 34, 34, 33, 33, 32, 32, 31, 31, 30, 30, 29, 29, 28, 28, 27, 27, 26, 26, 25, 25, 24, 24, 23, 23, 22, 22, 21, 21, 20, 20, 19, 19, 18, 18, 17, 17, 16, 16, 15, 15, 14, 14, 13, 13, 12, 12, 11, 11, 10, 10, 9, 9, 8, 8, 7, 7, 6, 6, 5, 5, 4, 4, 3, 3, 2, 2, 1, 1, 0, 0], "b_moves_left": [40, 39, 39, 38, 38, 37, 37, 36, 36, 35, 35, 34, 34, 33, 33, 32, 32, 31, 31, 30, 30, 29, 29, 28, 28, 27, 27, 26, 26, 25, 25, 24, 24, 23, 23, 22, 22, 21, 21, 20, 20, 19, 19, 18, 18, 17, 17, 16, 16, 15, 15, 14, 14, 13, 13, 12, 12, 11, 11, 10, 10, 9, 9, 8, 8, 7, 7, 6, 6, 5, 5, 4, 4, 3, 3, 2, 2, 1, 1, 0], "trapdoor_triggered": [0, 0, 0, 0, 0, 0, 0, 0, 0, 0, 0, 0, 0, 0, 0, 0, 0, 0, 0, 0, 0, 0, 0, 0, 0, 0, 0, 0, 0, 0, 0, 0, 0, 0, 0, 0, 0, 0, 0, 0, 0, 0, 0, 0, 0, 0, 0, 0, 0, 0, 0, 0, 0, 0, 0, 0, 0, 0, 0, 0, 0, 0, 0, 0, 0, 0, 1, 0, 0, 0, 0, 0, 0, 0, 0, 0, 0, 0, 0, 0], "left_behind": ["egg", "egg", "plain", "plain", "egg", "egg", "plain", "turd", "egg", "egg", "plain", "plain", "egg", "egg", "plain", "turd", "egg", "egg", "plain", "turd", "egg", "egg", "plain", "turd", "egg", "egg", "plain", "plain", "egg", "egg", "plain", "plain", "egg", "egg", "plain", "plain", "egg", "egg", "plain", "plain", "egg", "plain", "plain", "plain", "egg", "plain", "plain", "plain", "egg", "egg", "plain", "plain", "egg", "egg", "plain", "plain", "egg", "egg", "plain", "plain", "plain", "egg", "plain", "plain", "plain", "plain", "plain", "plain", "plain", "plain", "plain", "plain", "plain", "plain", "plain", "plain", "plain", "egg", "plain", "turd"], "errlog_a": "", "errlog_b": "", "start_time": 360, "start_moves": 40, "turn_count": 80, "result": 1, "reason": "EGGS_LAID", "trapdoors": [[2, 2], [3, 4]], "spawn_a": [0, 6], "spawn_b": [7, 6]}