{"pos": [[7, 0], [0, 0], [7, 1], [0, 1], [7, 0], [0, 2], [7, 1], [0, 3], [7, 0], [0, 2], [7, 1], [0, 3]], "a_eggs_laid": [0, 0, 0, 0, 0, 0, 0, 0, 0, 0, 0, 0], "b_eggs_laid": [0, 1, 1, 1, 1, 1, 1, 1, 1, 2, 2, 2], "a_turds_left": [5, 5, 5, 5, 5, 5, 5, 5, 5, 5, 5, 5], "b_turds_left": [5, 5, 5, 5, 5, 5, 5, 5, 5, 5, 5, 5], "a_time_left": [352.0498618749989, 352.0498618749989, 344.0997127080045, 344.0997127080045, 336.1495564170036, 336.1495564170036, 328.1994523760077, 328.1994523760077, 320.2493860840186, 320.2493860840186, 312.29929987601645, 312.29929987601645], "b_time_left": [360, 359.9995909159916, 359.9995909159916, 359.99880316598865, 359.99880316598865, 359.9980403749796, 359.9980403749796, 359.997178790989, 359.997178790989, 359.9969873329974, 359.9969873329974, 359.99586995798745], "a_moves_left": [39, 39, 38, 38, 37, 37, 36, 36, 35, 35, 34, 34], "b_moves_left": [40, 39, 39, 38, 38, 37, 37, 36, 36, 35, 35, 34], "trapdoor_triggered": [0, 0, 0, 0, 0, 0, 0, 0, 0, 0, 0, 0], "left_behind": ["plain", "egg", "plain", "plain", "plain", "plain", "plain", "plain", "plain", "egg", "plain", "plain"], "errlog_a": "Timeout", "errlog_b": "", "start_time": 360, "start_moves": 40, "turn_count": 12, "result": 1, "reason": "CODE_CRASH", "trapdoors": [[4, 4], [5, 2]], "spawn_a": [7, 1], "spawn_b": [0, 1]}