{"pos": [[0, 5], [7, 5], [0, 4], [7, 4], [0, 3], [7, 3], [0, 2], [7, 2], [0, 1], [7, 1], [0, 0], [7, 0], [1, 0], [7, 1], [2, 0], [6, 1], [3, 0], [5, 1], [3, 1], [4, 1], [2, 1], [5, 1], [1, 1], [5, 2], [1, 2], [6, 2], [1, 3], [6, 3], [1, 4], [6, 4], [1, 5], [6, 5], [1, 6], [6, 6], [2, 6], [6, 7], [3, 6], [6, 6], [4, 6], [5, 6], [3, 6], [5, 5], [3, 7], [5, 4], [3, 6], [4, 4], [3, 5], [4, 5], [2, 5], [4, 4], [2, 4], [4, 3], [2, 3], [3, 3], [2, 2], [3, 2], [2, 1], [4, 2], [2, 0], [4, 1], [2, 1], [4, 0], [2, 0], [5, 0], [2, 1], [6, 0], [2, 0], [6, 1], [2, 1], [6, 0], [2, 0], [6, 1], [2, 1], [6, 0], [2, 0], [6, 1], [2, 1], [6, 0], [2, 0], [7, 0]], "a_eggs_laid": [1, 1, 1, 1, 2, 2, 2, 2, 3, 3, 3, 3, 6, 6, 6, 6, 7, 7, 7, 7, 8, 8, 8, 8, 9, 9, 9, 9, 10, 10, 10, 10, 11, 11, 11, 11, 12, 12, 12, 12, 13, 13, 13, 13, 14, 14, 14, 14, 15, 15, 15, 15, 16, 16, 16, 16, 17, 17, 17, 17, 17, 17, 17, 17, 17, 17, 17, 17, 17, 17, 17, 17, 17, 17, 17, 17, 17, 17, 17, 17], "b_eggs_laid": [0, 1, 1, 1, 1, 2, 2, 2, 2, 3, 3, 3, 3, 6, 6, 6, 6, 7, 7, 7, 7, 8, 8, 8, 8, 9, 9, 9, 9, 10, 10, 10, 10, 11, 11, 11, 11, 12, 12, 12, 12, 13, 13, 13, 13, 14, 14, 14, 14, 15, 15, 15, 15, 16, 16, 16, 16, 17, 17, 17, 17, 17, 17, 17, 17, 18, 18, 18, 18, 18, 18, 18, 18, 18, 18, 18, 18, 18, 18, 18], "a_turds_left": [5, 5, 5, 5, 5, 5, 5, 5, 5, 5, 5, 5, 5, 5, 5, 5, 5, 5, 5, 5, 5, 5, 5, 5, 5, 5, 5, 5, 5, 5, 5, 5, 5, 5, 5, 5, 5, 5, 5, 5, 5, 5, 5, 5, 5, 5, 5, 5, 5, 5, 5, 5, 5, 5, 5, 5, 5, 5, 5, 5, 5, 5, 5, 5, 5, 5, 5, 5, 5, 5, 5, 5, 5, 5, 5, 5, 5, 5, 5, 5], "b_turds_left": [5, 5, 5, 4, 4, 4, 4, 3, 3, 3, 3, 2, 2, 2, 2, 2, 2, 2, 2, 1, 1, 1, 1, 1, 1, 1, 1, 1, 1, 1, 1, 1, 1, 1, 1, 1, 1, 1, 1, 1, 1, 1, 1, 1, 1, 1, 1, 1, 1, 1, 1, 1, 1, 1, 1, 1, 1, 1, 1, 1, 1, 1, 1, 1, 1, 1, 1, 1, 1, 1, 1, 1, 1, 1, 1, 1, 1, 1, 1, 0], "a_time_left": [359.963147500006, 359.963147500006, 359.9409141659853, 359.9409141659853, 359.8638506659772, 359.8638506659772, 359.84848929097643, 359.84848929097643, 359.8256577489665, 359.8256577489665, 359.8115349159634, 359.8115349159634, 359.80096670796047, 359.80096670796047, 359.78673033294035, 359.78673033294035, 359.7578720409656, 359.7578720409656, 359.7397294569528, 359.7397294569528, 359.7233284159738, 359.7233284159738, 359.7069096239575, 359.7069096239575, 359.6670669159503, 359.6670669159503, 359.64320108195534, 359.64320108195534, 359.6066233739548, 359.6066233739548, 359.5825087489793, 359.5825087489793, 359.54671387400595, 359.54671387400595, 359.5210622489976, 359.5210622489976, 359.4932371659961, 359.4932371659961, 359.4684622490022, 359.4684622490022, 359.4526125820121, 359.4526125820121, 359.4279777070042, 359.4279777070042, 359.40067766502034, 359.40067766502034, 359.38077641502605, 359.38077641502605, 359.36869174803724, 359.36869174803724, 359.34650483203586, 359.34650483203586, 359.3093788740225, 359.3093788740225, 359.3035184160399, 359.3035184160399, 359.29221187502844, 359.29221187502844, 359.2745545830403, 359.2745545830403, 359.27041895803995, 359.27041895803995, 359.2592584580416, 359.2592584580416, 359.25271433306625, 359.25271433306625, 359.2388329580717, 359.2388329580717, 359.23388879108825, 359.23388879108825, 359.2201394160802, 359.2201394160802, 359.2151467910735, 359.2151467910735, 359.20131379106897, 359.20131379106897, 359.19634504106943, 359.19634504106943, 359.19220545806456, 359.19220545806456], "b_time_left": [360, 359.95897649999824, 359.95897649999824, 359.93639108299976, 359.93639108299976, 359.91485758300405, 359.91485758300405, 359.89729083300335, 359.89729083300335, 359.8764868330036, 359.8764868330036, 359.86528745800024, 359.86528745800024, 359.85056483300286, 359.85056483300286, 359.8426443329954, 359.8426443329954, 359.8117312079994, 359.8117312079994, 359.78585575000034, 359.78585575000034, 359.7560304159997, 359.7560304159997, 359.741637833009, 359.741637833009, 359.69976250000764, 359.69976250000764, 359.6757012080052, 359.6757012080052, 359.63540612501674, 359.63540612501674, 359.6113855000294, 359.6113855000294, 359.5702798330458, 359.5702798330458, 359.5462423750432, 359.5462423750432, 359.5233842090529, 359.5233842090529, 359.50442362605827, 359.50442362605827, 359.4805612510536, 359.4805612510536, 359.4627775430563, 359.4627775430563, 359.43298208506894, 359.43298208506894, 359.4171242930461, 359.4171242930461, 359.40245020904695, 359.40245020904695, 359.38359033403685, 359.38359033403685, 359.35914120904636, 359.35914120904636, 359.3456102090422, 359.3456102090422, 359.3280664170452, 359.3280664170452, 359.31979191704886, 359.31979191704886, 359.31030050004483, 359.31030050004483, 359.304822834034, 359.304822834034, 359.27928191702813, 359.27928191702813, 359.27344270801404, 359.27344270801404, 359.26250145802624, 359.26250145802624, 359.2564182500355, 359.2564182500355, 359.2454238330247, 359.2454238330247, 359.23956600003294, 359.23956600003294, 359.2337324170221, 359.2337324170221, 359.23314841702813], "a_moves_left": [39, 39, 38, 38, 37, 37, 36, 36, 35, 35, 34, 34, 33, 33, 32, 32, 31, 31, 30, 30, 29, 29, 28, 28, 27, 27, 26, 26, 25, 25, 24, 24, 23, 23, 22, 22, 21, 21, 20, 20, 19, 19, 18, 18, 17, 17, 16, 16, 15, 15, 14, 14, 13, 13, 12, 12, 11, 11, 10, 10, 9, 9, 8, 8, 7, 7, 6, 6, 5, 5, 4, 4, 3, 3, 2, 2, 1, 1, 0, 0], "b_moves_left": [40, 39, 39, 38, 38, 37, 37, 36, 36, 35, 35, 34, 34, 33, 33, 32, 32, 31, 31, 30, 30, 29, 29, 28, 28, 27, 27, 26, 26, 25, 25, 24, 24, 23, 23, 22, 22, 21, 21, 20, 20, 19, 19, 18, 18, 17, 17, 16, 16, 15, 15, 14, 14, 13, 13, 12, 12, 11, 11, 10, 10, 9, 9, 8, 8, 7, 7, 6, 6, 5, 5, 4, 4, 3, 3, 2, 2, 1, 1, 0], "trapdoor_triggered": [0, 0, 0, 0, 0, 0, 0, 0, 0, 0, 0, 0, 0, 0, 0, 0, 0, 0, 0, 0, 0, 0, 0, 0, 0, 0, 0, 0, 0, 0, 0, 0, 0, 0, 0, 0, 0, 0, 0, 0, 0, 0, 0, 0, 0, 0, 0, 0, 0, 0, 0, 0, 0, 0, 0, 0, 0, 0, 0, 0, 0, 0, 0, 0, 0, 0, 0, 0, 0, 0, 0, 0, 0, 0, 0, 0, 0, 0, 0, 0], "left_behind": ["egg", "egg", "plain", "turd", "egg", "egg", "plain", "turd", "egg", "egg", "plain", "turd", "egg", "egg", "plain", "plain", "egg", "egg", "plain", "turd", "egg", "egg", "plain", "plain", "egg", "egg", "plain", "plain", "egg", "egg", "plain", "plain", "egg", "egg", "plain", "plain", "egg", "egg", "plain", "plain", "egg", "egg", "plain", "plain", "egg", "egg", "plain", "plain", "egg", "egg", "plain", "plain", "egg", "egg", "plain", "plain", "egg", "egg", "plain", "plain", "plain", "plain", "plain", "plain", "plain", "egg", "plain", "plain", "plain", "plain", "plain", "plain", "plain", "plain", "plain", "plain", "plain", "plain", "plain", "turd"], "errlog_a": "", "errlog_b": "", "start_time": 360, "start_moves": 40, "turn_count": 80, "result": 1, "reason": "EGGS_LAID", "trapdoors": [[5, 3], [3, 4]], "spawn_a": [0, 6], "spawn_b": [7, 6]}