{"pos": [[7, 4], [0, 6], [7, 3], [0, 7], [7, 2], [0, 6], [7, 1], [1, 6], [7, 2], [2, 6], [6, 2], [2, 5], [6, 1], [2, 4], [6, 0], [2, 3], [6, 1], [2, 2], [5, 1], [3, 2], [7, 5], [4, 2], [7, 4], [4, 1], [6, 4], [3, 1], [6, 5], [3, 0], [6, 6], [3, 1], [5, 6], [2, 1], [5, 7], [2, 2], [5, 6], [1, 2], [4, 6], [1, 3], [4, 5], [0, 3], [5, 5], [1, 3], [5, 4], [1, 4], [5, 3], [2, 4], [5, 4], [3, 4], [4, 4], [0, 5], [5, 4], [1, 5], [5, 3], [2, 5], [6, 3], [2, 6], [6, 2], [2, 7], [6, 3], [2, 6], [6, 2], [3, 6], [6, 3], [3, 7], [6, 2], [4, 7], [6, 3], [3, 7], [6, 2], [3, 6], [6, 3], [2, 6], [6, 2], [2, 5], [6, 3], [2, 4], [6, 2], [2, 3], [6, 1], [2, 2]], "a_eggs_laid": [1, 1, 1, 1, 2, 2, 2, 2, 3, 3, 3, 3, 4, 4, 4, 4, 5, 5, 5, 5, 6, 6, 6, 6, 6, 6, 7, 7, 7, 7, 8, 8, 8, 8, 9, 9, 9, 9, 10, 10, 10, 10, 11, 11, 11, 11, 12, 12, 12, 12, 17, 17, 17, 17, 17, 17, 17, 17, 17, 17, 17, 17, 17, 17, 17, 17, 17, 17, 17, 17, 17, 17, 17, 17, 17, 17, 17, 17, 17, 17], "b_eggs_laid": [0, 1, 1, 1, 1, 4, 4, 4, 4, 5, 5, 5, 5, 6, 6, 6, 6, 7, 7, 7, 7, 12, 12, 12, 12, 13, 13, 13, 13, 14, 14, 14, 14, 15, 15, 15, 15, 16, 16, 16, 16, 17, 17, 17, 17, 18, 18, 18, 18, 19, 19, 19, 19, 19, 19, 19, 19, 19, 19, 20, 20, 20, 20, 21, 21, 21, 21, 22, 22, 22, 22, 22, 22, 22, 22, 22, 22, 22, 22, 22], "a_turds_left": [5, 5, 5, 5, 5, 5, 5, 5, 5, 5, 5, 5, 5, 5, 5, 5, 5, 5, 5, 5, 5, 5, 5, 5, 5, 5, 5, 5, 5, 5, 5, 5, 5, 5, 5, 5, 5, 5, 5, 5, 5, 5, 5, 5, 5, 5, 5, 5, 5, 5, 5, 5, 5, 5, 5, 5, 5, 5, 5, 5, 5, 5, 5, 5, 5, 5, 5, 5, 5, 5, 5, 5, 5, 5, 5, 5, 5, 5, 5, 5], "b_turds_left": [5, 5, 5, 5, 5, 5, 5, 5, 5, 5, 5, 5, 5, 5, 5, 4, 4, 4, 4, 3, 3, 3, 3, 2, 2, 2, 2, 2, 2, 2, 2, 2, 2, 2, 2, 2, 2, 2, 2, 2, 2, 2, 2, 1, 1, 1, 1, 1, 1, 1, 1, 1, 1, 1, 1, 1, 1, 1, 1, 1, 1, 1, 1, 1, 1, 1, 1, 1, 1, 1, 1, 1, 1, 1, 1, 1, 1, 1, 1, 1], "a_time_left": [359.94797095799004, 359.94797095799004, 359.9206912909867, 359.9206912909867, 359.8944000409683, 359.8944000409683, 359.8674139159557, 359.8674139159557, 359.8128884159669, 359.8128884159669, 359.7842203329783, 359.7842203329783, 359.71555212396197, 359.71555212396197, 359.6734605819802, 359.6734605819802, 359.62563653997495, 359.62563653997495, 359.58528070597094, 359.58528070597094, 359.5188730809605, 359.5188730809605, 359.5007545389526, 359.5007545389526, 359.4726843299577, 359.4726843299577, 359.4035500799655, 359.4035500799655, 359.3629287049407, 359.3629287049407, 359.289009829954, 359.289009829954, 359.23615991396946, 359.23615991396946, 359.20227133095614, 359.20227133095614, 359.1577247889654, 359.1577247889654, 359.08705645496957, 359.08705645496957, 359.04769620497245, 359.04769620497245, 358.98072087197215, 358.98072087197215, 358.9364276639826, 358.9364276639826, 358.9130489969684, 358.9130489969684, 358.87738878896926, 358.87738878896926, 358.8593875389779, 358.8593875389779, 358.8299057469703, 358.8299057469703, 358.8219836639764, 358.8219836639764, 358.7908721639833, 358.7908721639833, 358.77870778899523, 358.77870778899523, 358.74838478901074, 358.74838478901074, 358.7338799549907, 358.7338799549907, 358.7110004549904, 358.7110004549904, 358.70532416400965, 358.70532416400965, 358.6820754139917, 358.6820754139917, 358.6730859139934, 358.6730859139934, 358.641451331001, 358.641451331001, 358.6306796230201, 358.6306796230201, 358.61173762302496, 358.61173762302496, 358.60943062300794, 358.60943062300794], "b_time_left": [360, 359.64621941698715, 359.64621941698715, 359.10809770799824, 359.10809770799824, 358.91270295801223, 358.91270295801223, 358.3326575420215, 358.3326575420215, 357.86882412503473, 357.86882412503473, 357.1861650420469, 357.1861650420469, 356.69100191706093, 356.69100191706093, 355.80655754206236, 355.80655754206236, 355.1200614590489, 355.1200614590489, 354.157466667064, 354.157466667064, 353.6936955420533, 353.6936955420533, 353.02368395906524, 353.02368395906524, 352.64375233408646, 352.64375233408646, 351.5588894170942, 351.5588894170942, 351.09074562508613, 351.09074562508613, 350.0721614160866, 350.0721614160866, 349.64137854106957, 349.64137854106957, 349.1876478330523, 349.1876478330523, 348.7171214580594, 348.7171214580594, 348.05605941606336, 348.05605941606336, 347.6215646240453, 347.6215646240453, 347.0862021660432, 347.0862021660432, 346.80548208305845, 346.80548208305845, 346.4719822910556, 346.4719822910556, 346.29369687405415, 346.29369687405415, 345.87834866505, 345.87834866505, 345.5518016650458, 345.5518016650458, 345.15166420603055, 345.15166420603055, 344.6655995810288, 344.6655995810288, 344.3523698730278, 344.3523698730278, 343.8647363310156, 343.8647363310156, 343.6447488310223, 343.6447488310223, 343.405365706014, 343.405365706014, 343.323181706015, 343.323181706015, 343.09297858100035, 343.09297858100035, 342.88680891500553, 342.88680891500553, 342.46644383098464, 342.46644383098464, 342.33733516398934, 342.33733516398934, 342.3236334139947, 342.3236334139947, 342.3224677059916], "a_moves_left": [39, 39, 38, 38, 37, 37, 36, 36, 35, 35, 34, 34, 33, 33, 32, 32, 31, 31, 30, 30, 29, 29, 28, 28, 27, 27, 26, 26, 25, 25, 24, 24, 23, 23, 22, 22, 21, 21, 20, 20, 19, 19, 18, 18, 17, 17, 16, 16, 15, 15, 14, 14, 13, 13, 12, 12, 11, 11, 10, 10, 9, 9, 8, 8, 7, 7, 6, 6, 5, 5, 4, 4, 3, 3, 2, 2, 1, 1, 0, 0], "b_moves_left": [40, 39, 39, 38, 38, 37, 37, 36, 36, 35, 35, 34, 34, 33, 33, 32, 32, 31, 31, 30, 30, 29, 29, 28, 28, 27, 27, 26, 26, 25, 25, 24, 24, 23, 23, 22, 22, 21, 21, 20, 20, 19, 19, 18, 18, 17, 17, 16, 16, 15, 15, 14, 14, 13, 13, 12, 12, 11, 11, 10, 10, 9, 9, 8, 8, 7, 7, 6, 6, 5, 5, 4, 4, 3, 3, 2, 2, 1, 1, 0], "trapdoor_triggered": [0, 0, 0, 0, 0, 0, 0, 0, 0, 0, 0, 0, 0, 0, 0, 0, 0, 0, 0, 0, 1, 0, 0, 0, 0, 0, 0, 0, 0, 0, 0, 0, 0, 0, 0, 0, 0, 0, 0, 0, 0, 0, 0, 0, 0, 0, 0, 0, 0, 1, 0, 0, 0, 0, 0, 0, 0, 0, 0, 0, 0, 0, 0, 0, 0, 0, 0, 0, 0, 0, 0, 0, 0, 0, 0, 0, 0, 0, 0, 0], "left_behind": ["egg", "egg", "plain", "plain", "egg", "egg", "plain", "plain", "egg", "egg", "plain", "plain", "egg", "egg", "plain", "turd", "egg", "egg", "plain", "turd", "egg", "egg", "plain", "turd", "plain", "egg", "egg", "plain", "plain", "egg", "egg", "plain", "plain", "egg", "egg", "plain", "plain", "egg", "egg", "plain", "plain", "egg", "egg", "turd", "plain", "egg", "egg", "plain", "plain", "egg", "egg", "plain", "plain", "plain", "plain", "plain", "plain", "plain", "plain", "egg", "plain", "plain", "plain", "egg", "plain", "plain", "plain", "egg", "plain", "plain", "plain", "plain", "plain", "plain", "plain", "plain", "plain", "plain", "plain", "plain"], "errlog_a": "", "errlog_b": "", "start_time": 360, "start_moves": 40, "turn_count": 80, "result": 1, "reason": "EGGS_LAID", "trapdoors": [[3, 5], [5, 2]], "spawn_a": [7, 5], "spawn_b": [0, 5]}